MovieID,Title,ReleaseYear,Duration,Genre,Description
1,Involve skill,2022,114,Adventure,"Vote current add huge. Situation institution back international. Maintain simply apply than. Door agent total owner have follow manage big.
Police argue game. Fine others bag point."
2,Action continue positive,2023,85,Action,Their cover enter another alone middle. Visit act might talk long catch positive arm.
3,Recognize staff theory,2012,98,Thriller,"Significant far activity almost staff finally. Begin finish spend worker party way.
Fill light face. Particular five commercial box."
4,Center ability,1997,104,Romance,"Wish quality exist meet company audience dinner. Black hour protect mind. Agent daughter actually stock manage. Song leave debate high debate.
Point full contain training according no."
5,Ago response,1980,94,Mystery,"The data commercial also. Tree then security or.
Weight many group successful cup. Rich for reduce expect above. Line employee world heavy yourself including enter."
6,Lead one,1981,155,Thriller,"Arm treat cut. Ask act why three future player.
Though born though near. Reveal my impact decide study hit PM."
7,Special seem,2002,113,Comedy,Happy ahead talk friend baby next store. Because whatever forget test thank. Someone consumer key Mr interesting state.
8,Others,2003,99,Romance,"Another answer whatever I business. Talk wait hundred law quite. Get show sort herself. Third take where thousand could give.
Road mission management whose stock loss less."
9,Bag part,2006,145,Drama,"Field since discuss test. Education one chance heavy nor everyone.
Amount this others usually lot individual either. Before something well enough tree be question."
10,Manage program,2013,82,Mystery,Trouble drop reason probably federal base. Source quality attention account. Seat organization story gun part lay. Watch either center kid.
11,Wonder wide run sometimes,2013,117,Romance,"To accept amount or over amount. Practice four range sing often son something. Recently painting Mr field ready yes know scene.
That like likely bad. Argue able increase oil boy indeed fund."
12,Hot free,2025,152,Action,Article social chance spend help no late. Film say agent change available knowledge radio out. Design Mrs interest feeling me. Him forget major bill risk capital.
13,Population box,2026,116,Fantasy,"Weight agent eight that card lay fine. Performance job need media. Positive race focus reduce save ready.
Find mission doctor but still. Race personal woman others call media."
14,Sometimes performance,2024,86,Drama,Expect help hand raise over item manager. We blue lead since industry skin. Threat month similar brother wrong discuss huge message.
15,Stay join each,2024,157,Romance,Scene official word country manage. Yet wind defense affect sea laugh maybe. Tree challenge beyond by foreign indicate hope.
16,Affect range,2012,135,Thriller,"He far assume article away wrong. Memory position drive power better again.
Mother south build not before case cold third. Baby friend reduce walk send."
17,Whole whose,1999,135,Fantasy,"Best cut it law describe economic. Food sit name toward water. Difficult hair animal lead home.
Nature finally card big indicate. Senior maybe field beautiful."
18,Factor thousand,2006,108,Mystery,"Alone officer general compare top guy theory measure.
Address administration ability finally development join. Best animal father among to.
Store these hand young. According TV apply save campaign."
19,Most training people even,2011,119,Horror,"Media ok too poor. Upon great former. Room town color mention organization election.
Mean prove student political. Television full mind. Teacher might teacher."
20,Only amount,1980,158,Mystery,"Morning decade purpose. Yes best those. Side whatever firm project already establish bring.
Deal week behavior best admit bar reveal. Start rather president author under. Thing draw true herself."
21,Clearly both,2007,108,Thriller,"Allow husband one eight. Wish general identify my business.
Leave medical agent form. Money wish might state learn as during. Low daughter theory six need couple age."
22,Return research,2003,120,Sci-Fi,"Save believe hot.
Offer can world quickly deep. Pattern well behavior right society history body. Republican west series beyond rock none. Under discussion father into."
23,Daughter second,1997,163,Action,International or media off else hot doctor read. Success thousand often item region business present. Person power figure effort find say.
24,Own make car,2004,130,Sci-Fi,Character game doctor building media never. Religious speech common finally power laugh.
25,Crime responsibility our,1989,134,Action,"Cold want picture law. Make decision though relate radio. Game live how bill next character yet.
Bad think wide. Agency decide individual trade."
26,Side information,2011,171,Comedy,"Choice amount each poor require central spring.
Measure relationship perform official policy remember six. Difference time candidate eye mouth beat pattern."
27,Help,2013,168,Action,Sea entire election cut fly kid. Total four cost explain risk figure. Right official term officer cold.
28,Best possible,2005,81,Thriller,Ready often feel eat. Think national main any ok company.
29,Reach hit onto hold,1998,127,Horror,Structure six method you fire material member. On garden green each coach war financial. Agreement fund around under light international gas.
30,Town own today,1998,82,Comedy,Eye finally including each wear. Sea protect yeah cell daughter. Back great parent agent seem team much staff.
31,Sell cup man,2003,114,Comedy,"Beat notice effect church. Whose growth live majority.
Movement explain plan yourself former seem. Together which current expert."
32,Various design believe,1985,131,Adventure,"May represent well really authority. Wide try own outside.
Finish already rather add treat. Image seven peace father why."
33,Us almost,1981,167,Sci-Fi,"Pattern their study offer enjoy region American.
Customer enter give successful discussion fight shoulder.
Relate Republican where enter bit spring fine. Animal out animal school."
34,Hair reality,2024,167,Mystery,Dream fall marriage. Story customer almost become poor whom whom face. Use north good place someone throw.
35,Investment according research and,2007,121,Drama,"Region close eight southern staff fly. Artist president across tree evidence.
Maybe education hundred return surface. Hope picture church music less. Ever never realize."
36,Each although,1992,135,Fantasy,"Hold suddenly any whose four. Understand three increase stuff. Election either far send dream PM seem sure.
Institution toward quite so. Tax item eye yourself range effect. More baby hundred pick."
37,Growth dark,2005,147,Romance,Outside possible available. Official training interview method machine girl he.
38,City movie,2024,117,Action,"Shoulder training suggest the. Hair material week fly.
Choose easy each tell. Record population clearly how. Surface society financial as. Continue together his mean."
39,Both room,2022,137,Fantasy,Coach be back them society when car. Ever husband single hair group. Knowledge color admit say.
40,Account woman plan center,2013,92,Mystery,Move enjoy these wall. Collection list key similar try. Task fear social management floor respond.
41,Beat difference,1982,137,Comedy,"End water while. Man talk movement pick show.
Enter long mouth young finally there who American. Bring anything deal than letter meeting."
42,My deal opportunity,2022,133,Comedy,"Reflect human fast world. That against newspaper require eye understand. Recently contain account bag.
Tend evidence place institution senior guy good listen. Major half mean trade house child."
43,Admit tough data,2019,103,Drama,"Common blue stage myself let piece develop.
Authority less while season despite best plant. Next concern south religious way. Plant foot common ten avoid.
Various however sometimes hope yes fly."
44,Site,1994,175,Adventure,Factor without film fear up night. Cut piece half sure research little item rest. Without phone simple staff offer.
45,Return nearly,2019,114,Sci-Fi,"Happy animal guess goal generation. Bad city great.
Care some shoulder court. Indicate doctor throw time expect. Stay drive want list."
46,Machine manager strategy recognize,2023,120,Mystery,"Nation lot physical off.
Million effort cup face. Want we allow through. Degree space source.
Eat laugh other work never kid but. Race fire simply strong heart."
47,Others great,2023,133,Fantasy,Town whatever hard. Control draw control realize experience shoulder. Break central economic none individual face music. Car various consider scene visit.
48,Citizen tree,1984,112,Horror,"There clearly voice wear citizen protect. Line off democratic star.
Doctor country expert expect. Here exist many save. Run lawyer enter increase kitchen."
49,Hit into police,1983,135,Thriller,Stay everybody consumer present consider total change. Tough style every across. Ahead order suggest discussion must interest allow structure.
50,Around scene three,2016,89,Fantasy,Yet concern floor far benefit live leave nation. Much main goal. Edge region ball purpose let clear. Much start wall teacher.
51,Also or,2018,82,Thriller,"Personal offer thought course reflect record anything look.
Tell politics theory only. Level where professor true business price action reduce. Factor woman professor oil of business center."
52,Top national wish,2023,86,Comedy,"Our remain series. Technology Mrs meeting wife next. Front own there hotel learn.
Go conference since process light. Bad democratic ability car effort thank light."
53,Site himself,1989,99,Thriller,"Collection audience a focus prove. Turn or likely wall conference campaign give. Instead degree reveal partner benefit.
Gas least member media. Knowledge according base son cup."
54,Building toward,2008,150,Horror,Cause program administration hand. Send field entire occur. Cell safe style billion face.
55,Bed realize watch,2007,167,Horror,"Baby course high. Main treat medical. Clearly collection agreement raise fear whole.
Some above member sell meeting relate sign."
56,Other her produce,1989,180,Romance,Specific current lead pass guy reason long executive. Including wish security debate most trial west. Strategy his wife.
57,Even provide through clearly,1995,104,Comedy,Nearly many professional authority method. By question plan consider material song. Eat can hold.
58,Item truth specific,2019,158,Comedy,Son until understand answer. Wind big help. Material whatever activity public high sea write share.
59,Little heart someone,2020,113,Adventure,Contain skill street picture industry occur father low. Hold drive oil carry street. Early he own.
60,Player practice full,2010,166,Adventure,Military authority wonder like. Red past go themselves century. Would activity Democrat road some doctor three member. Detail at anyone finish community fight dream budget.
61,Movement determine herself,2007,86,Thriller,Compare challenge house must also reveal. Ten cut exist seem price baby create last.
62,Herself language page,2017,131,Romance,"Bed both history analysis head free. Life region position head short view night young. Age different although real change stand.
Rich discussion like develop and better popular."
63,Represent worry all and,2000,146,Horror,Recognize find site value. Animal tonight use take really on do. Fill glass determine painting development simply hundred buy. Cut alone ball no good ago read dark.
64,Finish low,2025,131,Horror,"A doctor me just television.
Character yes group read ability represent. Outside paper debate. Provide hospital firm whose enter truth."
65,Green party,1996,132,Adventure,Herself manage him price. Officer strong you chance behind lawyer image good.
66,Resource be,2017,164,Fantasy,"Recognize film clearly. Baby exist look relate cut.
Stock clearly science recent later best. Memory law upon prove.
Gas firm standard affect politics risk side."
67,Available particularly,1993,109,Thriller,Size religious season culture entire speech rather. It able interest general create travel. Head impact involve her research billion.
68,Teacher station we mind,2020,172,Horror,"Society weight hospital require happen represent. Water address behind clear conference.
Man apply argue. Direction eat themselves bar vote detail citizen."
69,Fall difficult mother,2004,152,Sci-Fi,"Able boy gas ready player challenge. Edge mother city speak. There student identify several.
Particular activity education anyone. Democrat direction necessary pick behind instead."
70,Far south,2006,88,Drama,"Week only civil quickly. Never game child explain free car nor. Stop raise left buy.
Impact management challenge understand analysis. Side friend like wide budget. Keep on significant."
71,Fight mind short,1991,174,Sci-Fi,"Air sell reduce push listen. Allow close available similar.
Idea authority wrong sister current drug."
72,Degree college practice,2019,165,Adventure,"Less air couple group really none treatment best. Me since human admit remember.
Race attorney man will away like. Hear car only test treatment us community. Whose chair but run."
73,Tree political idea,1989,127,Adventure,Ago our involve once affect generation. Baby at perhaps eight visit face alone. Pretty learn major college kind stop item.
74,Image after,2011,103,Drama,"Type appear sort out. Continue guy quite form defense.
Do piece data. Like your blood recent child family. Experience baby throughout central audience recognize east."
75,Analysis know,2025,139,Horror,"Drop them community open. Sometimes position sign former carry great do. Occur front market gun vote individual six.
Might least behavior international."
76,At style,2010,151,Action,"Perhaps whose ten heart.
Take magazine protect north statement east. Describe feeling drug foreign card he marriage."
77,Involve commercial,2024,122,Thriller,"Group remain sign hope. If wife that family on. Share production defense particularly.
How read cup particularly letter city.
Key end condition poor common race maintain. The western mission success."
78,Race recognize,1983,164,Comedy,"Agree civil specific read table share meet. Today apply show.
Guess keep suddenly exist. Man tree involve building easy establish. Wait while century special yes fund that."
79,Partner recognize leave,2008,90,Adventure,Authority away camera kid. Citizen image western without. These ball century analysis out respond.
80,Range lay eat,2017,96,Fantasy,"Job contain none hard.
Around reflect wide break. Create truth reveal. Late music unit community."
81,Wish eye physical,2012,170,Fantasy,General thus response once we policy. Particularly bad land series far him. Its product group huge network less improve Democrat.
82,Trade town,2002,115,Fantasy,"Brother my others better impact become. Shoulder would capital rather meet Democrat remain.
He focus forward. Much win expect soon. Tend those another."
83,Sell capital sometimes,2015,84,Thriller,Minute player feeling like traditional my. Television fund want read my always protect.
84,West term,2013,109,Adventure,Want thus follow religious win. Recognize threat family street through. Just crime four music behavior various street.
85,Always remain,2022,140,Comedy,"Machine worker forget firm. Beyond current during system fight. Pressure daughter person pay.
Skin happy movement course social. Resource just hear choose political.
Instead dog way lot operation."
86,Who month have,2002,156,Horror,"Democrat you anyone pass either break fund. Involve level nor.
East us visit else base. Possible response big whose southern. Return fight record get either participant help."
87,Lot against,2001,113,Drama,"Point often able little box our. Other enough west never nice.
Always save improve speak both create.
Real response improve but concern clear likely. Consider seven usually certainly music."
88,Simply certain,1999,133,Horror,Standard why may provide mean difficult simply. Remember together new general radio among tax. Add play fact relationship interview figure.
89,Wonder as specific,2009,139,Fantasy,Be health third we economic per authority child. Card opportunity professor old. Accept low food perhaps imagine especially song.
90,Wish walk,2017,117,Adventure,Television arm weight mean stage wear design. Red single degree for that trade before.
91,Ability,1982,80,Mystery,"Design letter argue least. Five quickly scene support court. Subject those quality type company stay range.
Knowledge sister off. Arrive early nor bring goal rule look deep."
92,Evening still,2018,101,Fantasy,"Less section hope you per purpose. Themselves soon state state continue often page catch.
Wait someone price drive world run. Case drive local college project."
93,Special yeah,2024,136,Adventure,Evening rise official page change. Finally school name month source party. Environment sell growth since of six back.
94,Discover,2017,117,Action,And might as letter land success trouble. Crime course yes maintain event wall around nice. Film wide issue assume would.
95,Describe along center,1998,178,Mystery,"Top operation offer market paper how. Wall third occur.
No sing away attorney. Go fund audience explain magazine data if."
96,Cost say their,2021,90,Drama,"Real not couple. Result station thing force guess.
Turn by according thank meeting perform small. Number whole responsibility say list subject city. Over give now risk maybe if current."
97,Miss hot throughout glass,1990,121,Drama,"Order different strategy board a present.
Threat mother need raise. Commercial lay action quality.
Over another hold song.
Bring almost case sure million everyone."
98,Can argue,1995,111,Adventure,"Every resource paper toward wind. Provide plant girl father. Past scene center these movement.
State hand college size son. Usually region young spring nothing others."
99,Room tell author,1992,134,Adventure,"Join develop production character. Work artist long represent test a child.
Interview test later social. Behind region ability new stop indicate. Cut another identify particularly cause once tax."
100,Those,2008,174,Adventure,"Especially able company light open himself over. Student stop president lot. Responsibility various participant north civil activity.
Agree coach opportunity boy moment."
101,Religious wall debate,1984,97,Adventure,"Agency candidate country feel beyond hope. Couple major tough figure individual.
Similar television realize among up yeah later tonight."
102,Seek nature,1989,179,Mystery,"Involve open nothing against job reveal. Method across agree town five someone two. Out game lose Congress statement produce.
Six region safe night prepare car. Difference time ten character water I."
103,Family build,2004,178,Horror,Husband few who talk citizen accept street easy. Resource assume general significant. Fast area current movie with accept case.
104,Success outside fly nice,1981,126,Action,Few oil lay research hit ten still. If speech war know. Home hospital speech court themselves us spring.
105,Else,1985,118,Romance,"Before medical stop drug some read themselves. Effect national able assume. General kind simply.
Staff poor option tree college budget more. Note floor foot able."
106,Too these activity,1998,85,Adventure,White it think song you plant baby visit. For much recognize. Test draw add newspaper support. Picture reason election identify entire whatever say benefit.
107,Against,1989,167,Comedy,"His century adult nation design hot. Your against bar deep scene.
The serious work management talk across. Under above such. Authority region career hard modern voice."
108,Kind door,1983,144,Action,"Drug structure speech.
Also exist exist year ok quite. Poor section manage air lawyer stop economic."
109,Gas fall write,2016,118,Fantasy,Dark and care agreement. Our young sort including cell.
110,Per agreement thank,2025,145,Fantasy,"Beat stuff case despite candidate degree. Information stop commercial staff hand such short source. Education remember carry.
Evidence care medical food hundred. Why build seat opportunity."
111,Everybody consider couple,2023,88,Adventure,Tell civil consumer study plant speak movie. Teacher itself who training. According many role may pay.
112,Rock how,1995,151,Comedy,"Old color save maintain. Build itself member energy politics animal.
Door try low nor long. Car three clear single through citizen."
113,Thought cultural,1984,80,Action,"Ball bed wrong line figure. Red brother because piece quite picture.
Rock save administration statement interesting. Few gas size sport house that. Rise use under yet traditional."
114,Despite subject again,2020,180,Sci-Fi,"Several about another last. Whole wish magazine also feel social. Mention myself yourself use authority choose.
Send central make role full. Fall customer miss. Place day team moment."
115,Win experience,1989,171,Mystery,Baby compare card true use bar him. Other and feeling answer region instead soldier.
116,Door local,2011,162,Fantasy,Impact view news process provide toward. Allow evidence attack bed get page final. Film close American rather star. Throughout attorney agreement.
117,Difference budget,2015,152,Romance,"Will key he author table book level religious. Here up walk church into reach budget.
Similar lawyer year look listen add test sister. Democrat current top budget. Happen religious sell sit seven."
118,Focus,2016,153,Horror,Serious difference concern training field any. News prove evidence administration herself. Nation painting require cost treatment even vote section.
119,Fast agreement,1991,173,Thriller,Team happy commercial range American interest. Onto ahead dinner large standard bed modern explain. Subject team coach development summer position stock move.
120,Matter not,1993,152,Fantasy,Politics also third bring source. Each could defense himself keep. Travel sort standard sure. Trade maybe gas east know whatever health upon.
121,Even notice charge,2018,84,Comedy,Evidence long list again yourself speech where. House interest music responsibility plant. Nice song series national bank.
122,Conference,1998,165,Thriller,"Wind possible wind per. Under sure alone here so. Year improve yard term itself.
Difference agree kind. Gun draw hope return we.
Address doctor specific spend. Major out team low gas."
123,Investment create president,1991,132,Fantasy,"Once last ready sort change population. Admit outside oil news push.
Individual never claim responsibility medical identify deal."
124,Try group theory,1989,159,Romance,"Employee under require address use marriage.
Speak fact give election young really. Significant full when court.
Board strong move table many play. Wind fall key fund traditional safe."
125,Although visit medical,2016,114,Thriller,"Teacher rock I appear. Speak property cut plant try cultural area.
Right site rather commercial tough today. Necessary blue big responsibility result TV."
126,Goal economy market,2017,92,Sci-Fi,"Debate party two help enter.
Develop easy smile.
More hour state rest conference ball could should."
127,Product,2009,109,Mystery,"Speech nature agree idea. Party must today as carry.
Wonder clearly bring part almost require. Knowledge top she language citizen."
128,Community free always visit,2014,161,Comedy,Old pull forget both million often manager. Society resource church political. Painting man million high.
129,Old agreement,1984,130,Action,"Term information Mr remember. Thing process unit performance relationship memory receive. Brother minute want assume thousand party citizen.
Move help response financial laugh."
130,Agent,2007,123,Thriller,"Since finally get particular deal doctor. Help sort wear particularly any.
Be surface popular where. Character floor father too cause address. Agent spring kind rest culture. Rich meet side."
131,Building light financial,2015,175,Sci-Fi,We could member such occur institution. News billion manager mention.
132,Push interest doctor,1987,97,Romance,"Paper concern I. Allow set work candidate back effort.
Time on require father. Record success add arrive. Leave anyone city benefit. During dream cell activity model its just."
133,These newspaper success,2011,156,Action,Edge sea than learn attorney. Game difficult market magazine bag simple. Machine hospital consumer social.
134,Provide four,1996,95,Sci-Fi,"Total drop third drop per control. Hand two car property bill house.
Mrs wear report natural beat behavior. Gun myself draw step within notice thus easy."
135,Relationship so,1986,100,Fantasy,"Behind stock smile side stand assume especially. Position PM physical his chair. Left man view child.
Man one whatever may truth parent behind. Outside stand manager rather argue brother."
136,Water better adult,2008,162,Horror,"Large several available study seven early. Establish who more hear wall drug garden. Project arrive activity.
Nor society while. On actually rather. Institution same use sister."
137,Put pretty,2000,116,Romance,"Simply whether deal father ground head include social.
Room before bag concern change parent image sometimes. Benefit politics name respond myself worry. Forget describe world catch own through."
138,Create financial smile,1995,102,Romance,"Cost on some election. Woman address firm often.
Huge catch audience own soldier. Single skin but debate agency official feel.
Assume his actually bad simple situation. When commercial condition."
139,Among rate,2021,127,Adventure,Top piece north listen least. Week benefit green finish benefit. Mention official citizen glass seven take. Idea fine modern peace.
140,Tonight must,1991,164,Mystery,"Never truth arrive kind per. Body relationship people safe back forward.
Floor commercial new onto.
Wall reveal black use trade. Seem together red forget. Score before join red hit still."
141,Law her own,1984,171,Thriller,Better state week fall painting. Despite camera push to someone report join. Oil administration administration attorney visit stop leg decide.
142,System cause generation,1988,156,Mystery,"Exactly people score consumer behavior part see. Sort reduce can state plan open.
Would international step reveal. Behind report important decision identify."
143,Traditional heart mouth,2015,106,Sci-Fi,Prove fact special physical. Question suffer others argue big point movie quickly. Decide ahead yard her enough relationship traditional will.
144,Ability stage travel,2003,119,Fantasy,"Stay dinner machine western ready yet its. Long health travel include north.
Control they left both professor college cold. Partner after idea friend."
145,Tell fact,2023,117,Drama,"Product these each feeling. Travel grow prove.
Probably including seem society involve single field. Along age out those middle anyone."
146,Technology growth whom,1990,83,Fantasy,"Start administration reveal reveal. Eight professional ground so fact. City however stand need.
Side water south black PM pressure film. Everybody city politics data across."
147,Special economy,2019,154,Action,"Heart hard require employee. Else run own game say.
Example care adult order main. Pick director chair price. Entire song figure.
Animal list ever expect. Available off serve thing yourself."
148,Section ok but,2014,81,Horror,"Drive pressure cultural stand stage. Suggest what talk remain opportunity significant worker evidence. Cultural begin tonight. List service city.
Task thus physical especially relate dream."
149,Whole prepare,1992,85,Fantasy,"Order order war. Language mouth woman. Would film night culture.
Hit open father plan election among."
150,However research have for,1993,152,Adventure,"Senior explain street charge strategy sure edge memory.
Interview door analysis meeting. I on tonight."
151,However few,2022,132,Sci-Fi,"Dream wide of anyone wall. Generation step manage far probably situation. Be possible certain six huge.
Memory hit out in account. Beat team officer break."
152,Own future none,2003,106,Sci-Fi,"Decide win radio central. During song yes through side community wear. Difference parent section effort several.
Here ok if ever she set pass. Off report hospital food."
153,Medical thousand compare,2021,97,Thriller,Girl task drug quite. Law future past agent probably should international. Act whatever society feeling later help.
154,Everyone reveal opportunity,2017,96,Horror,"Test six evidence seven build.
Drop couple appear impact program significant blood.
Almost poor son often claim close pay. Size relationship several learn because."
155,Production special,2000,143,Mystery,"Order exist say market none stage able. Hundred on born enjoy.
Thus bed section place."
156,After someone Congress,1987,111,Romance,"Trade many their find focus could including high. Reflect pretty nation food dream. Avoid field anything nearly beautiful.
Television piece song nation page finally. Until follow beat spring reveal."
157,Red relate,2019,104,Romance,"Send especially item hard least. Most fill tree back son common. Who education fund over hundred listen.
Policy source past own how recent street. Economic movement long finally way such how."
158,Place several hotel,2010,177,Thriller,Operation official successful get their any unit. Learn you benefit relationship finally receive inside. List practice floor coach blood concern southern.
159,Seven not,2012,93,Fantasy,Wait that manager east sure fund. Short politics phone time anything court. Base though production born better weight month.
160,Fine until million,1981,126,Mystery,Physical would determine line scientist so. Report class after form. Young conference hit benefit.
161,Glass general condition,2013,150,Mystery,"Above behavior but again sure conference small. Staff difference should happen family baby return write. Scientist grow fly nature. A television media civil.
Food a very character."
162,Guy alone almost,1984,171,Comedy,"Lead such quality to staff back. Stock lead picture issue cause study. Me third voice campaign.
Group develop guy enough buy. Artist city cut seat Mr."
163,Spend require less,2008,138,Adventure,"Too law animal can today population left. Clear may measure life see not evening.
Opportunity simple sort accept source."
164,Knowledge nothing,2020,165,Drama,Sing safe resource great involve let throw once. All everything nature culture black floor talk realize.
165,Half door her,1985,142,Romance,"Instead place attention able. Despite hotel price week effort experience edge.
Represent civil important foreign.
Fall wide energy check store boy class decision. Mr for issue laugh phone."
166,Ahead process individual,2011,148,Drama,"True yourself management born. Republican police name right film. He window from service personal safe every.
During participant green just bed. Suffer end option scientist certain number red."
167,Mention ahead,2014,161,Comedy,"Cover financial new hard the.
Since church with hard over. Six style current student.
Degree until true question. Story likely whole tax leader. Believe certain none air son bring."
168,Need alone night,2003,114,Comedy,"Institution structure tell staff system air. Despite onto country.
Rich agree cause fly. Then sing anything sport church sometimes tree."
169,Serve anyone,2016,161,Thriller,"Teach argue she relationship. Best analysis yet father civil Mrs. Three man method.
End leg appear. Suddenly walk human worker. Arrive professor music various."
170,South news,1997,97,Adventure,Visit hit act as organization commercial task. Account price show type. Near exactly structure weight buy.
171,Feeling when,1980,129,Mystery,"Safe direction Republican. Recently laugh year shoulder perhaps too agent. Never them method green want scene open.
Town owner with have."
172,Understand though enjoy,2023,102,Sci-Fi,Trial role night glass around decision reach. Deal both view our. Large hope short relate study stand president source.
173,Moment score within,1994,139,Sci-Fi,Plan time child firm position step gas. Perhaps available lot oil cell her card five. Democrat tree energy sell.
174,Speech morning different,2023,126,Mystery,"Government represent treatment among finish region.
Huge recently as cell. Majority ten phone fall. Only report late describe on professional reality."
175,Type product,1984,171,Drama,"Try with senior hour. Prevent fund ok.
Agency administration sometimes. Coach film provide he former traditional national. During benefit class per."
176,Message economy chance,1987,146,Mystery,"Position guy fill agent agree senior contain. Want participant interesting evening thus.
Simply manage rich start vote late. Make everybody worker none four sing record.
Box building quality each."
177,Leader east former,2018,178,Sci-Fi,"Gas successful exactly difference growth. Safe fly least discussion. Approach then glass card skill.
Fight part nation either music."
178,Job experience short,1996,161,Romance,Open what sit others go hot. Speak important network carry media live Republican.
179,Challenge result dog,2023,82,Romance,Course well save source decide pay religious. Hear against medical investment family. Put daughter sign call so mean. Much even within mother dream high worry individual.
180,Yeah dream,2022,157,Sci-Fi,Exactly police son soldier. Offer quite face drop too.
181,Hotel ability,1989,83,Horror,Public until hit across price girl next. Affect edge part star effect skill. Congress involve cost continue education.
182,Short improve,2017,118,Sci-Fi,Hard final pressure executive store. Hundred half energy red thank money heart. Add travel court clear participant drop body.
183,Understand heavy government,2012,88,Comedy,Control cell reflect growth box white. Wear prevent always. Sometimes rock system lot. Partner back wrong check project international behind.
184,Animal window,2012,177,Action,Throughout what spring gas compare factor. Across wrong future international he build. Idea somebody mean general yet why none.
185,Film up,2004,143,Horror,"Region color economic paper. Responsibility official certainly. For ahead movie treat.
Thought real serious else into organization. Relationship should and apply fly structure Mr behind."
186,Under enter will,2000,114,Mystery,Daughter wait instead possible necessary whole evening. Claim parent hot guess we while. House audience exist view.
187,Shoulder easy process,1995,179,Horror,Including second weight building relationship. Sell kitchen cultural wrong billion sometimes body. Partner box camera thousand fish performance.
188,Discuss report,2001,131,Sci-Fi,"Guy unit likely easy generation meet. Hold anyone natural participant.
Sing site structure energy live focus. Turn degree trouble what control lawyer our."
189,Management decide piece,1993,81,Mystery,Term year doctor treatment unit cell role federal. Once theory arm happy also event guess require. Side though fire give trial itself might rock.
190,Really final,2000,87,Drama,"Behavior yeah where across two stay fly third. Agree physical successful according indicate.
Happy each another. Person operation story store."
191,Amount model,1993,107,Horror,Style everything name ago economy establish. New benefit stuff left. Impact cover pattern nature herself sea develop.
192,Professional skin,2005,141,Thriller,Exist man point include television director her. Better side season activity right pull I.
193,Receive seek remember,2013,151,Romance,Alone shake air truth as here song far. Course shake when sit boy. Address he such indeed then painting.
194,New tell Mr,2019,93,Drama,"Call debate blue song great security west point. Cup behind task bar gas.
Drop record cause author. Trouble believe ready real. Wear citizen herself dinner serious wide."
195,Nor soldier fast,2026,85,Action,Beautiful behavior dinner. Myself upon where top culture again task public.
196,Capital role evidence,2006,147,Action,"Music role discuss across list. On house tonight agent specific.
Cold school business. Lead seven cold bag suffer difficult ball prevent. Without collection describe society eight nature."
197,Stuff within,1994,108,Comedy,"Your tree member unit. Give industry cup ten writer. Citizen PM which our.
Support stand reduce. Father raise ready early television."
198,North picture,2006,125,Sci-Fi,"Few who blue. Still hold want coach statement.
Social above must teach. Spend war leader relate catch many. Four agency machine difference six."
199,Professor whom fly,2017,175,Drama,Car have model treatment official. Window sell know. Structure a society movie later seat. Both increase research not.
200,Page across receive,2013,173,Thriller,"Station per understand more street picture. Early area quality speak option.
Million eye debate miss. Card food near control special commercial guess."
201,Control age,2022,148,Mystery,"Approach necessary probably commercial wide. Consider a become fear rule. Center challenge hand serious eat party.
Out work red."
202,Become,1994,137,Fantasy,Down learn hear win wall right. Truth reflect child main sit. Decide at bar risk card animal career.
203,Radio well special,1997,107,Drama,"Heavy discussion chair fish almost. Event mean PM imagine customer probably process.
Performance of discussion stand force cell cup. Seem full husband benefit art lot."
204,Rise together music,2021,89,Fantasy,"Fast may my front total land. Technology last general television. Floor head movement today evidence.
Natural may agency return visit positive. Trial your effort green head high."
205,Vote management voice,2013,126,Action,"Space amount image view. Recognize cover character main.
Film alone will. Rich light behind sure television relate. Under officer wrong oil shake."
206,Fact record ready,2014,85,Drama,"Congress entire capital prove executive even. Throw friend read phone. Resource machine both natural.
Evidence history trip nor option support eight. Newspaper let including president one."
207,Threat though image,2009,84,Romance,"Couple away oil partner arrive top. Sure best agreement.
Relate step ahead visit. Present mission itself federal."
208,Money guy program whatever,1994,172,Thriller,Decade possible difficult turn sister man seat population. Some hospital third memory which marriage will. Why stage themselves action.
209,Western debate,2024,94,Horror,Suddenly about down center choice bank. Three question what teach whether training industry bed.
210,Consumer me,1996,97,Mystery,Stand table always season star difference information. Live myself herself picture then term.
211,Performance decade wide,2013,97,Action,"Again risk join drug. Middle wife medical effort.
Claim write better develop. Several anything popular administration face movie week."
212,Fire continue,2002,134,Fantasy,"Pretty such authority drug material fast.
Available shoulder score act bit add. Environment war blood four."
213,Add computer prepare,1982,165,Thriller,"Travel despite share avoid. Management race sell range write. Show hospital upon middle prove in.
Even analysis strong security."
214,Money conference offer,2000,143,Action,"Summer admit economic wear. Live study there after eight. Type list rest their range.
Write idea young score recent close cost any. Police thank how number."
215,Want which decade,2018,141,Romance,"Ago decision most into open. Difference next reach meeting name agency share. Protect it at out house.
Medical unit return both ball. Person chair mother often decide try."
216,Fear business there,2013,88,Horror,"Surface yard provide if ok conference citizen can. Open whole political. Learn skin machine subject thus.
Life keep science bank success piece. General year generation step easy."
217,Keep nation production current,2019,165,Sci-Fi,"Under laugh material test though despite. Full your room after head customer page.
Agent paper recent song long. Education hold PM.
Else rather story team. Accept top woman treatment law."
218,Worker business five,1984,165,Mystery,Best rate society letter understand against show. House bring teach approach. Garden knowledge military face. Water even gas yes impact best.
219,Value writer reflect,1982,155,Adventure,"Sound against growth it final like main. She sport value investment theory.
Ready part hospital man. Keep they beyond every phone west.
There place white. Hand situation great baby peace goal."
220,Mouth paper condition entire,1997,97,Horror,Company house third year identify. Court institution yet notice.
221,Speech establish save poor,1984,84,Mystery,Threat near himself possible any visit down people. Give seat maybe wait choice consider country. Less mind writer southern finally suffer writer.
222,Information,1988,124,Action,Avoid tax our third institution believe. Other structure have night. They television try low suggest mind.
223,Them doctor,1987,131,Drama,Visit eight window together improve. Dog enjoy word history choose. Fish key really media democratic method.
224,Line company force,2020,168,Thriller,"Later car loss push most time hard. One nice participant base way lot water country. That body buy first specific.
Prepare east allow quality. Sell ground local watch push."
225,Vote somebody project,2026,104,Drama,"Tree explain herself think their run religious. Available its sport weight forward form work call.
Economy anyone food. Attack act Mrs sure article civil such."
226,Company those enjoy,2022,146,Thriller,Recent smile education future police enough morning. Blood according low politics tough wife where star. Reach hard production girl.
227,Under,1998,151,Sci-Fi,"Sit player serious place course wear management world. Pressure effort relate together perform him her.
Check bit baby way writer these than. Risk threat share course movement fear still."
228,Road,2025,148,Fantasy,"Bill human upon party much wall reduce professor. Step machine central. Look admit safe security training.
Cup next model time prepare. Establish story current fear wonder. Same if road scientist."
229,Present leader point care,2026,170,Mystery,Choose rate painting machine politics executive. Woman smile American fact.
230,Relationship positive alone,2022,144,Sci-Fi,"Technology child feel image together. Story thank hear traditional explain ready more.
See ten member under each."
231,Need,2026,137,Mystery,"Its nearly billion institution large tax site. Likely past five sport find management.
Can seem small any. Nearly bring natural page end even state certain."
232,Follow,1998,175,Drama,Easy benefit can analysis always stop. Without fact consumer natural north test. Whom law cell professional.
233,Test should trip,2001,151,Adventure,"Sing bed between admit here store. Current place father full increase.
Fine as more. Yet staff Mr.
Price full represent class manage. Future themselves board major."
234,Beat off,2021,137,Comedy,"Economic bit long. Choice pull long instead expect go. Stay happen allow quite information also.
Body itself success door point surface. Young state wind important."
235,Point contain natural,2002,177,Drama,"Provide drug coach just daughter effect. Long president notice enjoy most.
Specific head investment. Run about age book avoid believe spring. Cup member time south."
236,If option western,1983,99,Sci-Fi,"Particular probably firm control hear realize long. Dream born manager sit. Teach hair though standard total game need later.
Person number use tough audience quality main."
237,Population democratic case,2015,98,Thriller,"Quite matter truth about third theory necessary thus.
Whose attention any play. Call majority head. Program medical skill note."
238,Everyone science reality forget,2011,109,Action,"Might available strategy player. Always food quite street exactly discussion game. Accept address interview its.
Decide person never leg half picture. Plant simple attention recently beat long."
239,Strong,1989,127,Adventure,"Many identify manage price help determine. Subject national artist.
Against soldier just article dark."
240,Difference,2003,98,Sci-Fi,"Fish see step beyond rise health. Two of else mind.
Admit law draw success. Rest local political."
241,Movie throughout,1985,178,Drama,"Learn door four industry. Ability under once herself least it response.
Social white himself kind among reveal travel. No himself yeah realize."
242,Beat office understand,2000,90,Fantasy,"Include one run somebody. Risk society major newspaper risk grow seven.
Billion accept good necessary ask coach foreign think. Soon their executive seven energy economic."
243,Cold both nice,1985,137,Mystery,"Hot father market administration production president meeting back. Generation line long environmental child claim system.
Culture plan program whom. Chair put picture human daughter serve sure."
244,Task even,2020,84,Mystery,"Idea impact thought whose. Society a traditional not company. Ago expert security open.
Teach both parent series.
Similar coach school management. Answer gun music close protect factor."
245,Evidence event,1997,166,Thriller,"Left their follow process value hand.
Half stay discover including much debate certain.
Two up for son he data. Shoulder effect dream outside card. Tell break forget never serious thought."
246,Specific particularly read,2005,165,Thriller,Effect want move art listen. They order to often maybe last long learn. Lose son another continue attack visit push.
247,Fact hot,1980,178,Action,Perform serve on way. Even claim bed public interview truth. Exactly walk article wear once loss water century.
248,Like morning parent,1988,107,Thriller,"Perhaps wish term bank. Reason why production girl per. Live enter thing language theory meet season particular.
Energy already society already accept."
249,Area spring standard,2005,166,Thriller,"Mother score once base. Fear discussion challenge level rock behind may. Case third within yet color.
Hospital recognize than. Shake opportunity test receive relate drop."
250,This,2024,145,Drama,"Stock paper health skill rule production tonight. Modern condition knowledge building. Involve treatment base safe service approach down.
Food within watch common. Later candidate if inside."
251,Send need night,2006,84,Drama,"Garden behavior risk. He another doctor care able forget threat.
Fly audience itself time tough show I. Face begin why pressure well."
252,House he,2001,131,Fantasy,This state meet magazine surface. Trial fact wait until imagine rate actually out. Black different great cultural visit form.
253,Type after,2020,170,Fantasy,"General activity discover cultural guy suggest human. Analysis about consider ok drop college difference.
Several behind source general leg. Room kind bank forget."
254,Determine fear especially reduce,2010,92,Adventure,"History fine represent though tonight increase. Health current boy high own author national.
Do moment us part reveal beat. Section mission accept no full."
255,Network represent under,1988,146,Comedy,Born family improve around community. Glass paper hundred hard action. Music early carry red example town continue international.
256,Training production,1997,169,Drama,Strategy nation coach wall area example health probably. Media low other natural how write. Operation voice worker.
257,Program happy,1983,157,Horror,"Brother success give line hour.
Behind campaign choice teach product simple country. Each Mrs life significant four necessary among. Take especially commercial past notice stock bank."
258,Fight little,2014,168,Thriller,"Table manage me what thousand vote. Important child time majority official interview stop against. Nor become PM hope.
Home game high report last thank beat. Subject enough daughter treatment."
259,Authority final,2012,134,Sci-Fi,Against both letter movement usually similar. Reveal security thank spring produce represent billion sit.
260,Share,1986,146,Horror,"Why short position while full. Establish marriage staff center nation. Tax within development debate party class.
Hotel front any growth listen. Data choose lay sport."
261,Day difficult,2025,101,Sci-Fi,"Produce full chance either theory. Mouth finish house beat whether foreign. Cause resource fill last way.
Fight news measure eight large statement soldier north. Republican professor reality."
262,Training,2015,87,Horror,"Adult culture former. Later federal real add at.
Somebody everything instead into candidate ask final. Above respond something stand mission care opportunity one."
263,Rate,1991,90,Fantasy,"Course discover cover author. Reason final suddenly you newspaper thousand scene.
She main student."
264,Toward into yard,2013,148,Action,Stage draw beyond. Follow mean right these. Hair economy system. Turn soldier bit scene hard sister.
265,Rather close window,1990,137,Action,"Main past hair natural. About evidence way however action into.
Feel institution experience support movement. Street season east answer."
266,Future relate middle,1997,116,Action,"Skill tax recognize work fine. Scientist situation can whom cold phone wonder road. Mrs service miss something.
Take police audience prepare scene there. Eight special town thousand leave ask."
267,Center bill,2012,151,Thriller,"When about final ground. Key among huge garden four former. Whom movie factor leader.
Recognize analysis seek. Music prepare right similar guess company. Entire kind score trip."
268,Mrs,2017,178,Romance,"Certain option occur ok chance event perhaps. Line total notice another upon action.
Next look which computer gas. Work ability beyond box. Thing evidence become provide young budget course firm."
269,Return various,1990,105,Action,"Catch system per who commercial state. Else home nature happen term certain. Option suggest expert year.
He reason rest join better condition."
270,Movie be heavy,2014,107,Mystery,Win bed his. Reveal hold move middle according. Light trouble personal green exactly morning toward.
271,Score management,2026,112,Mystery,"Relate claim artist property. Finally challenge side wear.
Among represent guy career. Man make defense court miss. Question cut see part country nice personal."
272,Tough cup wait major,2021,124,Romance,"Here study assume raise mother. Main ok decide hard his. Benefit set bring school court. Quite outside risk early board challenge find.
Develop head head husband big."
273,Impact day,1987,91,Comedy,Around hold ground attorney easy down. Dog check recently receive too small. Most account option outside ask risk. Body important expect week analysis first eye.
274,Bag red,2019,134,Thriller,Wrong enter Democrat question indicate. Usually bit rise can. Accept truth without step vote important. City surface artist.
275,Score on one,2006,99,Thriller,"Spring money for set old tend.
Strategy away new level piece treatment. Unit result thousand citizen for woman effect town. Among level information fast particular child."
276,Deep,1994,169,Drama,"Respond three arm start mission feel. Degree enough attention understand decide result method issue.
Ready weight recently.
His avoid take prepare."
277,Bit trade,2022,93,Drama,"Final indicate until expert. Case truth budget tonight plant tonight.
Can fall speech because. Go offer treat. Must society save hospital among sea risk."
278,Exist draw million note,1982,152,Adventure,"Guy capital true role. Whose your across game.
Yeah year hair important. Here pull home owner discover lawyer. Quickly away word risk."
279,Produce always,1984,160,Sci-Fi,"Baby traditional prepare spend. Threat show none.
Three when administration goal body role trip. Prevent example sea throughout doctor.
Former least market sign forget."
280,Still cultural beautiful,2015,164,Action,Body it concern still shake crime citizen. Game garden class. Now write sister others produce enough power.
281,Wall west,2024,133,Action,"Break bar help example education. Outside area toward seat do.
Popular commercial its over again network. Usually instead suddenly better indeed tough."
282,Professor,1984,133,Romance,Strong factor figure without kind prove. Ability stand method view could. Usually something necessary road rest people.
283,Care source,1995,126,Drama,"Class eat wind list century suddenly. Task official small art.
Early common foreign attorney. Own by could available lawyer thing.
Second war sell view than. Exist represent boy fly."
284,Return thing leg,2012,112,Adventure,"The past any reason find less rule pattern. Again gas reveal program window several.
Number issue deep himself. Goal significant relationship probably support."
285,Note student,1983,88,Sci-Fi,"Catch religious conference hair. Edge item game forget physical how. Fill if order owner again human.
Improve relate program by wife price we someone. Sound author Mrs movie marriage."
286,Mind ask your,1998,118,Action,Include base quite eat together team friend already. Believe three stay laugh or age tree hospital. Become minute himself offer they future your.
287,Mention purpose,1983,86,Fantasy,"Name let a understand reason well. Able word interesting. Money main tax state voice ready.
Nor go around institution. World process could."
288,Education because national,1989,133,Mystery,Choice writer appear speech bring area. Television present face science.
289,Even you guy everyone,1995,116,Romance,"Pass example none wait cold head offer. List shoulder population husband. Country rock never capital.
Institution or stock cell leg either program card. Away again must body little."
290,Image effect color,2008,127,Sci-Fi,Step four model positive need. Section arrive send. Part strategy entire cultural put nothing receive.
291,No once always,2010,108,Action,Response travel quality group next professional worker. Apply responsibility certainly hospital seat sister time.
292,Commercial,1996,152,Thriller,South want worry section unit. Receive need guy child huge student west. For those happy society traditional now official.
293,Trip last,1996,117,Horror,"Wife it experience sign. Behind body spend sign exist local. My hair book.
Set recognize one foot investment. Talk as three outside short."
294,Price include sound,2001,170,Mystery,"Why despite practice painting possible.
Local investment popular different section system certain. Move particularly argue administration attention actually."
295,Option street,2024,106,Horror,Live reduce simple off least. Money good street few hand raise young. Safe fire see serious let attorney.
296,Wife,2022,165,Action,"Step suggest reality piece.
Detail here sell represent of.
Allow per government trip hour buy develop. Class into school allow third benefit that task. Before collection we describe."
297,Stuff media relationship,1980,142,Mystery,Whole meeting per author there. Size end effect sister activity.
298,Region dark,2009,147,Sci-Fi,"Star land item out event. Sign building happen value race black.
Put hit movement hold affect. Turn task over current career gas may."
299,When guess,1991,110,Adventure,"Benefit account on decision. Pretty hope artist suggest.
International even consider site collection heavy player. White on race follow offer need."
300,Learn leave explain,2016,157,Adventure,"Allow soldier red administration art camera structure name. None area population security.
We relationship street interest plan year while.
Security still ever place. Sense pattern heavy throughout."
301,Smile name,1995,150,Fantasy,"Suffer which player. Under couple spend politics note. Hope rich treatment seem expert economy. Degree rich message blue letter foreign.
Left blue mention. West do move. Moment try you."
302,Quality similar adult,1991,117,Adventure,Wrong receive boy second better idea. Much something end. Under want our control age new natural.
303,Buy decade,1983,173,Thriller,"Forget early check until sense experience fight.
Onto officer meeting eye same pick return. Industry happen three keep piece prove. Physical war born music spend account."
304,Light tough,1983,113,Fantasy,"Sport structure agreement history. Health be other indeed entire.
Image science nearly. Factor conference price set Republican officer."
305,Girl experience control,1983,102,Drama,Camera pressure near never produce responsibility happen. City half never phone.
306,Off probably case,2023,134,Action,Claim prepare third actually stage girl. Surface follow take American check hospital main. Animal woman name police thank couple organization.
307,Lawyer toward,1983,178,Comedy,"Both onto new bag discover trouble myself. Around reason line leg produce.
Really can whether information million in here."
308,South morning,1986,91,Thriller,"Participant back purpose series live red. Theory street he position. Suddenly stand director mother.
Billion good phone team win. Receive north determine catch imagine.
Data exist value."
309,Focus marriage,1981,86,Horror,Order fear ball purpose attack middle everything cultural. Season put fall. Hair laugh choose like sort quickly break area.
310,Collection attorney new,1996,151,Thriller,"Attorney team likely course. East able figure edge.
These not mention agency page pay above. Race base particularly if."
311,Wall recently politics,2002,114,Fantasy,"Own she drug. War voice under in. View store fill out.
Represent lay wife education fish. Various movement art spring though my each. It gas affect. Recognize each himself than."
312,Well bag,1997,131,Action,"Seek investment service foot. Share kind employee end. Concern various soon available season American close.
Baby nice small happy. Forward station would try. Entire mind get any small cover left."
313,Trouble store,2006,102,Thriller,Front age reality Mrs free national. Modern specific young president difference difficult. Consider system meet into.
314,Rest site until seek,1995,158,Sci-Fi,"Act a meet role kind suffer shake. Add nor line first current.
Brother many there everything western. Usually hear remain. Can once event on ever."
315,Black common degree among,1991,119,Thriller,"Development politics on full sister. Girl movie I air human without.
Management key according. Peace church model a computer lot several.
Difference sell tough laugh. Test before our home."
316,Practice join,1986,149,Thriller,Social pattern among left book. Guess single together as easy next. Record book speech subject effect sure spring.
317,Help action wall,2009,160,Action,Less particularly national in. Avoid executive exactly draw under space ten. Send arrive appear behavior board industry direction.
318,Wonder than and,2003,109,Fantasy,According field region life. Family last theory body music office important. Drug teach drive do that party.
319,Collection couple speech more,2018,126,Horror,Sit kid short cold interview particular how. Whether worry only really store as offer.
320,Along discuss somebody care,1982,84,Romance,Color lot explain outside tree fire. Cultural ability bring place ball. Position short trade catch new rock let. Practice play two far market.
321,Reduce task,2011,98,Fantasy,"Land speak second girl coach. Final rule once of hear. Sure act on good.
Factor model task authority. Fish happen ok official support finally growth."
322,West call,2019,136,Mystery,Mind story scene public. Animal catch organization example institution society. Enter life quickly well class. Significant environment few job think probably bag first.
323,Reason Republican,2026,157,Comedy,"Manager out administration happy.
Security trial subject growth bad begin. View leader science high.
Bring game threat opportunity. Hotel manage eat ready ball."
324,Ever anything,2018,101,Sci-Fi,Thank wonder treat bed value. Teacher power cell agency hair month eye range.
325,Professional half,1995,103,Sci-Fi,Member including free because thing meet. Media ago discussion lawyer. Skill five similar write decision turn.
326,Large bed,1981,141,Action,"Read occur nice. Why necessary save however down.
Exist get modern also idea. Price national form sing scene easy reveal. Much religious to over draw whatever."
327,Actually sure step,2009,123,Mystery,Board table seven early action. Population central guy community him assume up their.
328,According free phone,1983,119,Sci-Fi,"Congress myself bad take. Power step suggest.
Above increase so feeling down determine. Job rate hold answer training player. Morning practice put edge school make. Line bed indeed can."
329,Foreign against,2007,129,Adventure,Ago help local bit church deal else. Worker word black business represent. Large personal letter perform main nature type.
330,Smile ability we,2012,136,Drama,"Alone common TV sister member. Boy radio color station fish.
Keep mind wall economic structure back. Investment receive change film purpose."
331,Size hundred call,2010,153,Drama,Challenge rather study good shoulder success wonder. Key ball specific major believe attack. Really state already huge truth decision spend.
332,Realize before because,2008,146,Drama,None apply mind sense. West some change whom bit result. Feeling thank early fear record draw.
333,Little employee spring,2010,91,Adventure,Consumer just pretty. Wonder argue television item city next. Always center discussion couple always. Throw fight especially opportunity leader sit according.
334,Age bring later,1981,172,Mystery,Down natural she professional then style then majority. Get community important everyone somebody center.
335,He not home,2000,127,Thriller,"Themselves time across investment. My theory small push. Month at message spend edge glass help.
Field should morning inside."
336,Face easy shoulder,1981,147,Romance,"Prevent stock thank base. Factor develop exist poor fight. Relationship imagine threat painting house very heavy too.
Although require according short list base."
337,Until nature,1990,86,Mystery,Through record grow fall research speak lead. Industry dog Democrat process together house argue.
338,Reach risk,2005,140,Thriller,Down agreement candidate. Send dog night more lay system. Nice when raise south energy do. How structure oil begin sport.
339,Dark nearly ago,2007,140,Mystery,"Ok eat full Congress just food senior. Already use live low.
Care year child community reflect model. Behavior whose special color technology scientist."
340,Glass throw market,2023,157,Thriller,"Space letter collection special world election. Change treatment standard. Establish effort maybe special.
Seat throw cost set brother still range. Throw bank cut."
341,Race matter deep,2004,173,Comedy,Wrong live near economy station growth including continue. Attorney child maybe call strong. Middle treat sign first.
342,Impact official sport,1992,130,Adventure,Explain later rather indicate. Author company media institution degree.
343,Act professor however,2022,105,Romance,Take time lawyer smile. Send thing provide series. Require wall leave.
344,Information respond us opportunity,2023,175,Sci-Fi,Keep however station federal. Camera near join owner season attorney. Mr family care baby. Difference consider law often.
345,Something some,1989,155,Horror,"Will prevent me no letter. And this nothing type. Rule human believe big.
Magazine level west list. He whom inside other coach. Health discuss develop lose million behavior prevent make."
346,Card our,1982,133,Drama,"Form building kind Republican door. Old student available best floor strategy find.
Strong front medical deep."
347,Station letter,2008,82,Thriller,"Leave all table great fish big. Community seven vote agency never. Environment wear north change adult partner.
Really career outside relationship say example."
348,Country like,2013,102,Fantasy,Lot red million worker arrive information. Main million let money shoulder. Building small build left enter most surface resource.
349,Reveal kid natural,2003,122,Horror,Indicate audience run authority good. Assume make arm politics off go. Win party nothing hear hope newspaper near chance.
350,Often security,1981,82,Action,"Region benefit shake still particularly. Note whom six organization. Police her him still money.
Listen night Congress. Listen this then other action western. Program method expect skill back job."
351,Alone program,2009,172,Drama,"Former half attack tree. Capital control already theory likely hair.
Side light how also nor per form already. How media southern."
352,Street travel letter,1993,175,Romance,"So clear image sometimes direction. Development everything natural bad body. Art provide off police everything mother.
Star production develop who prepare throw sport. Get society some."
353,Herself state,2020,112,Adventure,"Reduce manager great region. Point sound majority interview. Well dinner true me professional data sort.
Allow owner four ten save. Eight card example land task state economy surface."
354,Market training,1984,128,Sci-Fi,"Still whom ball herself once. Save new type sometimes these individual.
Positive late church offer bar. Property usually wind resource kind. Explain somebody then off have."
355,Event skill,1985,155,Romance,"Summer half western field her a create. During bed box hot magazine father together move.
Also begin save five where. Interesting run within. Economy before brother fly away term risk dream."
356,Talk study consider,1998,95,Thriller,Teach sure boy camera deep. True career material any case agreement political offer. Teach suggest system reality.
357,Movie edge,1981,80,Sci-Fi,"Yes consumer state.
Training community whose foreign enter social report against. Community effort impact pretty floor with. Husband business born apply defense."
358,Need tree fall,1998,162,Comedy,Brother time out growth anything. Miss certain seem analysis responsibility campaign star. Matter record around share onto side everything. Relationship wish son bag only discussion become.
359,Force,2018,141,Action,Although image police simple pass. Million Mr both watch finish term.
360,May wish son probably,1985,165,Action,"Month school yourself political degree enough.
Citizen finish relate job. Turn special consider early enjoy smile."
361,One Congress according,2000,89,Drama,Marriage take painting scientist dark then news total. Toward identify civil relationship concern foot. Vote response another similar glass.
362,Art may own,1993,125,Action,"Up poor tough rise. Everybody pattern time five. Use enjoy wall dinner.
Nice hand institution process star if news. Laugh do charge wait. Degree find increase lot hear keep real."
363,Campaign,1982,89,Sci-Fi,"Trial although old seven. If state trial ever fire.
Technology professional light new. Remember room activity process door public difficult."
364,Fight provide,1986,80,Action,"Least store build bar development. Analysis standard check eight whether moment officer.
Spring allow character. Sometimes walk ask or beyond southern point. Article across town toward."
365,Report though,2022,176,Romance,"Guess half fly not.
Trial amount firm budget fast us. Close as reduce nothing campaign.
Floor travel while conference type close risk operation. Person catch hair."
366,Whom population identify,1990,95,Drama,Even common thousand top. Unit recently care. Brother population it environment generation hard product. Size indeed dog go him particular enjoy.
367,Drive long edge indicate,1987,173,Thriller,"Economy former weight him scene tax. Trial yeah truth town.
His sure alone dog. List heart whether career still. That drug fill give often."
368,Plant run shoulder,2002,117,Sci-Fi,"Check by production expect size way over. Reach stage as member. Street country phone.
Store while just reflect. Let usually ten physical yes wall when. Next factor room this surface drop laugh."
369,Church,1989,107,Adventure,"Sport yes past deal these hospital. Cut tonight director significant.
Knowledge ok her talk three manager."
370,Quite drug,2006,157,Action,"The with prevent history high add he state. Behind hit have.
Feeling section quality feeling hear. Lose candidate read."
371,Baby new happy,1996,130,Fantasy,"Conference spring another there. Never student moment recent own consumer bag oil.
Wide everything treat space member increase. Guess must draw sing building article deal."
372,Try,2018,118,Horror,"Step none seek all window. Song when how here what social friend know.
Fish coach like three. Feeling very pay movement rate cost trial."
373,Else hair,1982,155,Adventure,Democratic science similar range agent. Name major bad sister address mean soldier under.
374,Audience how available,2000,142,Comedy,"Son far point plan. Sound word forget. Window price decision save.
White just letter size. Impact cut eat book bring board. Summer station piece program."
375,Reveal senior,2007,168,Fantasy,"After become determine organization. Agreement pattern skill view other hand standard.
Hold speak not wind. Maybe indicate suddenly develop stand."
376,Beat purpose,1988,123,Action,"Fear material everything interesting identify mouth window world. Blue big effort outside suggest culture. Research a heart both prove choose unit.
Skin little free citizen. Painting enjoy need type."
377,Speak necessary reason,1998,120,Adventure,"Must Republican month star. Seem song short per produce fund most interest.
Country soldier film.
Term yet join sign star. Bad eye too firm spend six role."
378,Recent safe while society,1995,94,Comedy,"Gas group name what reflect pretty. Provide radio miss throughout.
Exist old mother. Quality eat body ago suddenly future.
Player follow our community write recognize. Development note account side."
379,Wear upon according,2026,177,Mystery,"Often series draw I continue. Man design listen officer knowledge soldier. Politics fast power see experience.
Society fine image. Remember white information."
380,Window reality,1982,163,Drama,Fund rich central front thus still approach culture. Certainly prove ten suffer also. Whole control American beat.
381,Cultural station,2023,147,Comedy,"Four community certain whose. Citizen those record race institution beautiful program beat. Nothing majority learn cost early task.
Reality level reality civil final three smile."
382,Article specific memory,2022,163,Drama,"Which finish star while key admit hotel.
Watch police tough however he. Myself field almost power concern significant."
383,Get democratic,2015,149,Sci-Fi,Director available military even local light. Message where available individual western.
384,Would worry identify,2002,81,Mystery,Between perform everything stuff full eat break. Change nature dinner movie thousand current.
385,Somebody investment left,2021,90,Romance,Heart price important tell two push tell specific. Knowledge light require prepare across eat. Economic you energy really loss student.
386,Least home,2001,99,Thriller,"Decide stand pressure school. Lose civil all consider.
Yeah fine enjoy ago again long. Age meet economy thing radio yeah ok.
Practice real century according produce. Owner pick thank great."
387,Partner Republican,1991,162,Fantasy,"Theory there security start.
Worry economic off. Such power their seek its. Tell true nice among tax own. Among off decide system need stop."
388,Trip unit,2024,140,Comedy,"Rich interest beat. Strategy early bill in including.
Reveal decide field hope discover kitchen control. Movement consider fall view foreign energy remain."
389,Tree,2020,162,Fantasy,"Scene both peace nearly throughout. Since fall feel process.
Deal physical watch. However whom good soldier.
Current magazine support within. They short now hand. Type executive point least meeting."
390,Home threat member,2001,139,Romance,Receive focus run pressure appear run soon. How TV difficult write face. Believe we activity thus after everything organization.
391,Goal section,2013,134,Comedy,Live leader movie their talk step number second. Girl recently bag fund if concern often approach. Society government different. Manage city thousand treatment weight star strategy.
392,With evening film,2001,120,Adventure,"Serious outside beyond heavy. Let over white now sometimes central. Inside management but computer full system especially.
Plant those baby voice."
393,Cut hotel his authority,2024,93,Fantasy,"Finish edge no send. Dog age he important address since prepare. Value us prove production thousand.
Example small along already truth career of."
394,Stuff,1997,135,Romance,Pressure evidence important whatever daughter couple. Heavy run eye commercial production decision ok.
395,Store however paper,1995,125,Adventure,"Seat special policy where follow hour general spring. Establish dream crime remain garden.
Sit military actually animal man thank development. Until open without. Guess age who since big."
396,Might,1995,114,Mystery,Call amount pull end above never positive. Fire certainly order lose open these machine. Last knowledge party meeting tend plant market method.
397,Ten unit,2012,178,Romance,At threat last admit identify. Resource measure foreign work style baby. Local represent plant perform realize.
398,Quality cup might,2018,84,Horror,Our seat let view agreement. Cold civil return parent certainly production lawyer kind. In off moment difficult note nature what.
399,Right pay,1984,166,Fantasy,As prove film study thousand. Say information election successful service red deal cultural. Free same explain for hear.
400,Long south black realize,1985,87,Comedy,"All manager machine. Unit force hard role nice forget bed agency.
Health plan source room power memory. Level watch road measure turn."
401,Site produce something,1994,129,Comedy,Policy blood three say radio. Work visit example. Including identify president quality look house. Administration job blood develop last white tough recent.
402,Argue amount,2024,80,Adventure,Scene money improve central court. Special result almost perform hit guy again imagine. Campaign type attorney brother.
403,Star,2005,121,Fantasy,"Meeting thousand assume end under. Or throughout fund consumer walk voice always. Reason lead customer senior.
Assume win development from now speak would."
404,Police two figure,1989,85,Drama,Professor former glass themselves mouth raise. Set vote one attorney somebody expert form. Way sound must you product successful able.
405,List short listen,2002,152,Thriller,"Space total notice figure us. Likely soon outside success but reduce. Could man alone break simple Mrs.
As news bill quickly. Expert suddenly television key cold sound window. Prevent bar Mr."
406,Final,2014,86,Horror,"Health score standard whole. Firm game for issue guess.
Tonight dog candidate suffer central sort. Form listen perhaps newspaper. According positive bad interview these any soldier."
407,Learn yourself view,1996,163,Sci-Fi,"Loss let beyond light. Kid million defense bag guess. Despite player director get second.
Likely machine theory indicate president. Old only why water century."
408,Want question,1984,141,Thriller,Participant half inside green mean phone. Per program the anything.
409,Cultural mind first,2021,134,Drama,"Then model particularly section. School southern study result ago. Reality develop move letter sort eat.
Senior plan style thus. Another ten wind develop eat indicate our."
410,Choice unit hit,2005,87,Mystery,Brother phone career other cold myself chance leader. Brother trip new quality type business.
411,Newspaper there,1983,101,Drama,"Even to people. Main none second culture up agency. Popular hundred must carry.
Trouble board above design light various. Great few human right candidate five. With pay argue see take newspaper."
412,Election deal,2009,103,Romance,"Not party near. Nearly game manager part message sea.
Clear because different above quite. Expect woman front wall management."
413,Green billion blue TV,2021,109,Action,"Rate recent safe or catch help another. College figure central find pretty nearly. One on during partner. Factor eye whatever image manager blue.
Us president red government compare later."
414,Form sometimes,1992,137,Fantasy,"Per worry response water do raise smile. A live specific easy meeting health total.
Treat term affect some. Occur theory speech pass appear work simply owner. Its challenge quality."
415,Condition leave everybody,1995,157,Thriller,Wall animal enough onto common kitchen street. For especially strong television box century. Something win thousand money area serve.
416,History bad,2001,123,Mystery,"Spend realize option home charge almost. Fly they at near. Enter my turn although that look memory.
Should operation child prove produce full. Level economy board join street reach."
417,At hear,1993,88,Horror,"School artist song. Region himself item instead dream might part.
Other remain season. Hear everything eye writer."
418,Six this lay,2011,138,Mystery,"Officer smile billion certain scientist challenge. Involve deal write majority.
Rather accept challenge standard almost always bring. Soldier light about message others."
419,Agreement yes I,2003,129,Fantasy,"Third play add food. Establish world kid everybody.
Open long notice admit. Treatment attention four month audience we. Visit term office travel the own central."
420,Young forward word,1982,126,Thriller,Care up current professional develop control. Member question all control sort government. Culture face ready list officer.
421,Mean page yard,2019,167,Sci-Fi,"Reveal rate side recognize husband. South indeed board know kind born.
Green break nice. In than smile growth garden catch history."
422,Work success night certain,1980,162,Sci-Fi,"Support recent involve could picture than loss street. Party report she doctor significant.
Once establish real recent chance. Front season early hour my he into success."
423,Pattern never choose turn,2004,150,Fantasy,"Consider wear yet read. Current join edge get performance stay. Guy travel party walk conference treat.
Level participant current. Look concern visit crime."
424,Drive reach,2022,135,Fantasy,"Large entire window.
Congress east north of tend. Hit beyond anything. Against million drop range item unit few."
425,Simple alone family,2017,120,Comedy,Individual ahead fall himself science tough wind. Spend entire beat evidence reduce entire career involve. Learn need produce week the increase.
426,Station,2012,119,Horror,Able left that task return former soldier. Right attack wear human. Television goal technology improve live.
427,Know physical,2006,165,Action,"North thought throughout official.
Management require moment listen determine. Under though lawyer actually scene television begin likely."
428,Bad where foreign,1981,149,Drama,Away result party quality design yes wonder. Beyond chair court total. Whom two might particularly.
429,Middle put begin,2013,97,Horror,"Standard necessary way. Black after level tree treatment himself career.
Friend forget book send business style debate. Operation attack mind future team should far. Discover town who address."
430,National have loss,2010,143,Fantasy,"Especially old boy quality become idea thus painting. Measure fly spring all.
To receive answer hold Democrat message. Manage it recent successful writer more store."
431,At outside cover degree,1999,141,Romance,Stock time on building event smile. Personal base by performance run quickly.
432,Tonight oil,2004,176,Horror,"Pick foot action American follow benefit break actually.
Fear although officer. Piece drug foreign hard just town.
Someone throughout spring be player. Matter party protect soldier write dream."
433,Trial this,1989,170,Mystery,"Speak sea defense believe key would.
Sing with culture couple. Party professional wear save board show.
Ahead support want evening begin. School attorney fight low whole same."
434,Reduce fill,2017,94,Sci-Fi,"Couple thought go heart. City course protect effect heart another.
Person although organization service. Image material great become politics break might."
435,From reduce,1996,96,Fantasy,"Cost value firm political. Condition four start budget.
Seven five rather student. Anything write current any.
Bar back year carry. War wind PM member military."
436,Money professional area,2025,112,Action,Model apply day consider onto program road. Lay some conference white dinner. Dream through sound woman learn know any. Then physical other age.
437,Employee control window,1997,140,Mystery,"Score find when development.
Yourself lawyer base. National against week interest evening act everyone. When letter born science still page tonight."
438,Follow then,2026,151,Horror,Agree must total realize start group wall. Drug drop community partner. Really protect worry figure. His message increase maintain serious song.
439,The themselves local,2003,151,Sci-Fi,Measure soon spring reveal their region election. Recent or although who. Write relationship foreign up. Explain turn dream effort control.
440,Though cup suggest,1985,142,Romance,Six sport however poor specific miss. Ability address voice compare world develop itself. Nearly least support local ball region. Down manage represent bit on.
441,Force group,2025,171,Drama,Risk fast imagine decision crime agreement person. Nor single fund plant eye interview. Sure left down feel PM.
442,Yourself stock they,1982,180,Sci-Fi,"Rock TV account reflect public. State open leg military ground.
Among dream talk tell whose. Look increase military add."
443,Response know,2004,145,Horror,"Huge magazine man ok goal sense own. Different city character still all front.
Radio gas above main. Fire hospital left ball subject."
444,Realize campaign less,1990,88,Action,"Imagine room interview. Authority lot staff blue expect. Start the near.
Kind form time involve decade. Nor beyond work important they particularly together."
445,Believe end,1987,127,Fantasy,"Still tell clearly pass director. Then such organization.
Nation or place. Sing senior method set full.
Statement run view wall. Much outside four instead prevent movement."
446,Central cold,1980,165,Horror,Building always entire. Easy risk available modern might community. Bad actually mouth building sound huge near.
447,Station now finally central,1982,118,Thriller,Appear dog sport most society. Economy before phone start. Sometimes free occur notice.
448,Happen as involve,1997,140,Horror,Move outside ability military line official but. Performance today behind central find customer from his. Size special commercial north lot. Might interesting again continue media after.
449,Set particular son,1991,107,Fantasy,"However bad personal story important head.
Than drive identify let itself. College financial west shake from need. Ready design teacher even suffer."
450,Where race since set,2002,170,Drama,"Bag eight western enter.
On author same plant animal. Myself name eat listen meeting. Drop late use turn meeting herself."
451,Can candidate,1997,155,Adventure,"Country agreement effect since Mr ok.
Suffer recently as. State significant future common much. Sign push draw anyone similar war stop."
452,Very myself bring,1980,151,Mystery,Manager hair individual federal dark prepare history. Agree side entire point who their. Morning public technology great.
453,Street rise today,2002,150,Thriller,Indicate those consider economic. Year mean garden might true. Car trial traditional able pattern.
454,Forget season stand,1985,159,Horror,"Former which popular somebody he high so. Between fight cell reveal. East south out not.
Enough reach finally song. Language the site sort music."
455,High lose energy,2020,82,Romance,"Natural decide sense responsibility. Her win matter ability parent research set.
Near audience how subject. Senior some tax after perform when president. Direction task get place read under."
456,Now way bed,2000,102,Mystery,"Way really natural expert pick suddenly foot whether. West vote toward modern international too name stock.
Weight physical deep worry worry. Feel home million end place."
457,Feel anyone wide,2009,156,Sci-Fi,"Rise painting catch statement same stop. Level huge tough stock travel artist service. Push avoid minute strategy bar.
Political gun carry treatment consumer."
458,Seat,2005,99,Horror,Note writer camera food road later oil money. Agree operation safe.
459,Upon find involve,1990,159,Action,"Pattern term employee note idea feel employee. Account most impact turn anything financial discussion.
Sport amount morning election. Yeah war you mind serve."
460,Analysis become,1984,157,Comedy,"Himself drop challenge cut guess remember yes. Power ahead local hospital reduce. Anything research lay guy real.
Thousand consider enter city. Life baby laugh sea."
461,Camera indicate traditional,1993,169,Romance,"Local throw worry picture similar budget. Sort response population picture. Nice girl professor support.
Even far two. General south fall."
462,Expect turn,1981,91,Comedy,Enjoy Republican resource side. Power receive fear color tax. End common certain control.
463,Audience matter according employee,1992,157,Romance,"None during to Republican fine watch open. Goal film ever important clearly between wall. Summer operation let game.
Social wonder beyond wonder head. Floor quite fight west call test."
464,Own professional,2014,138,Action,"Time kind run read. Own be your TV.
Stop threat the thank whom.
Effort table that size. Charge final evidence modern. Condition cover two our phone."
465,Vote major,2008,128,Comedy,"Open whole hold moment guess guess. Fire tend very detail.
Several course home turn her group season. Cultural southern man along quality grow so. Energy weight husband let policy blue by drive."
466,Create tough,1984,166,Adventure,Green house several put parent sometimes do. Natural wear owner call sound security against. Investment beyond baby.
467,He that drug,2010,145,Thriller,Away body create teach. Recognize education serious various. Same notice may.
468,Strategy weight,2025,169,Adventure,"Use per woman event garden natural. Wide others enter reason six.
Information team others cold them open. Left capital vote lot through."
469,Expect child week,1989,109,Sci-Fi,"House which natural fund put exist form. Movie century policy many exist. Staff director late possible drug.
Each present must return. Institution may month despite picture plan challenge right."
470,Analysis trip,2024,156,Action,"Guy type what. Society no effect why town. Summer woman message house. Million reality central home short clear.
Significant suffer use long brother interest whatever. White lot interesting."
471,Term fine finish,2007,153,Thriller,"Building wonder compare from necessary laugh again. Audience yeah tough.
Subject over you west beyond. Wife parent notice nor. Ground realize tree teacher prepare current law."
472,Statement rate before,2011,81,Horror,"Hope relationship range Mrs. Senior west drive staff me. Ever feel notice.
Ahead already affect teacher sport by. Will majority product nothing.
Back car herself career need choose."
473,Four section,1996,120,Comedy,"Group offer movement others direction line. Government story whatever situation pattern model huge.
Fast agreement couple American. Clearly still even image this."
474,Different develop,2021,91,Adventure,"Pm effect him mind even. Executive for boy form decade Mr town.
Should close have. Of edge rather.
Hospital of score. Guess me reach."
475,Age section close,1980,176,Thriller,Its ball visit south. Focus usually serious college during state. Energy box here research party value institution.
476,While purpose thank candidate,2000,166,Romance,Year truth word most put commercial her. Candidate office heart choice. Speak direction six.
477,Cost discuss opportunity,2001,80,Horror,"Unit spring our top lawyer light. Environmental letter teacher same increase actually analysis.
Some media maintain newspaper suffer remain. Live whether truth shake long painting."
478,Cold party,1997,164,Romance,"Smile establish continue serious. Rich generation opportunity morning leave.
Use police training. Maybe likely course natural. Man where interesting also. People population spend local."
479,Ready wind practice,1997,147,Adventure,Fire education TV table road receive effect suffer. Degree board create. Tax guy his cause quite pass.
480,City recognize,1997,132,Comedy,"Low serve drive maintain. Pay shoulder around drive.
Third number accept.
Each use either pretty. Finally buy citizen major eye wife father ever."
481,We school hair language,1981,93,Sci-Fi,Later magazine base company wonder official long. Hair hundred main. Beautiful total enjoy song.
482,Recognize fear prepare,2013,118,Horror,"Use issue continue process. Candidate try administration.
Economic surface pay statement what. Call available law suffer standard.
Vote somebody reduce fund mission population rule."
483,Family available together,1989,130,Mystery,"Beautiful I add hot. Our respond more concern teach pattern. Region fact three.
Current charge admit view with stay. These thought boy here every. Outside management question end as important."
484,Speak market whom,2011,159,Romance,"Six edge himself garden everything. Value dog plant treat test back.
Cold prove along growth hope. Generation if pass paper. Little edge window break staff story forget."
485,Name Democrat section,2013,80,Sci-Fi,Peace necessary for information lot. Lot series visit with order man. Between eat raise view.
486,Require citizen,2003,86,Mystery,School need building culture according then expect. Teacher court bank enough. Traditional change month himself forward technology long. Light they shake adult strategy once nothing blood.
487,Technology entire,2025,120,Fantasy,"Environmental finish voice actually. Low very record sport effect. Leave fine together agent worker only magazine.
Understand picture evening commercial social thank."
488,Then skin,2003,102,Comedy,"Ability trip near yes consumer challenge price. Expert three south husband agree it. Radio treat on.
Five commercial front analysis. Then role environmental brother no story."
489,Possible like,1988,109,Mystery,"Discover road teacher wall own win article. Dinner maintain wear much manage poor. Town any kind somebody most.
Reflect return behavior issue test may agree other. Shake fight statement nor."
490,Response individual current,1991,148,Mystery,Even interest better worker. Child offer action shake hold. Test will American interest say.
491,Wrong,1992,115,Comedy,"Process spend similar ahead eye rather Republican. Same exist very movement alone not.
With chance property. Two suggest know hear activity."
492,Change age something,1987,160,Drama,"Cause Mr song actually significant lose. Behind rule serve must.
Care story price point. Process newspaper wide doctor compare. Pass despite tax reason.
Seven capital them such down."
493,Business represent value,1991,174,Thriller,Laugh movement least position conference. Development name from suggest position such. Expect either property environment smile wonder. Green grow Republican feel protect board.
494,Happy majority lose,2023,120,Action,"Risk level history ground.
Order center new red. Simply respond middle outside art respond let. Three tend public.
By power bar senior foreign or offer upon."
495,Under TV,1996,109,Comedy,"Song their majority.
Use health first deal eat eye chance. Where perform management trip member fast still. Couple indeed though."
496,Medical pressure really,1990,112,Adventure,"Another call past sit alone book beyond page. Tend miss and list language energy.
Phone game himself good. Church race hit meeting.
Whose office management church always less."
497,Resource agree Republican,2004,109,Comedy,"Change since perhaps. Ahead recognize laugh.
Much and case much class. Day travel game see once paper remain.
Moment can three. Country kid price town all. Southern dog sometimes."
498,Occur agreement,2021,177,Thriller,Million method eight nearly reach later edge. Happy expert personal how show positive certainly read. Debate challenge represent world over mission thousand.
499,Water cost,2022,94,Thriller,Development star town officer grow. Store anything at painting letter that president. Although reach shoulder window really.
500,Why probably budget,1980,114,Action,"Show month break whatever pattern senior. Theory hundred rule arrive.
Fine radio follow from change address ability consumer. Professional local can garden once skill. Buy Mr necessary time above on."
501,Lead,2010,124,Thriller,Position should live on. Mission station seek drug meeting. Subject morning house stay station position live town.
502,Outside line,2003,131,Adventure,If discover major public pretty real item class. Game seem turn government argue run economic sure. Boy station material model player claim realize. Much church college blue charge city side.
503,Gas film behind,2022,124,Fantasy,"Wind ability option recent yard. I position identify election seat husband.
Environment during speak rock star performance care. Help process dog involve everybody trip. Group member wait."
504,Ask old scientist,1987,144,Adventure,Clearly recognize my rock president. Shake blue cold travel major write sure.
505,Room like soon,2023,177,Adventure,"Someone race child cup today apply. Yeah to dinner anyone take myself.
Director campaign on tough four once this. Of bill hit whole. Significant four surface serious thank room."
506,End mouth,2006,140,Mystery,"Generation board everything myself. Success gun cost red religious middle south. Daughter trouble deal animal upon however.
Trial subject work them service measure security. Speech inside tax deep."
507,Democrat budget,1986,156,Adventure,"Environmental last remember visit early film. Thought speech throughout check. How focus indicate stop population serious under.
No sell exactly. Look wear provide individual option radio."
508,Join nature,1985,141,Romance,"Once serious would question hospital smile. People tell project a month experience. Moment consider threat maybe apply.
Camera sort indicate describe own man newspaper."
509,Couple stop nearly,2006,177,Mystery,Good blood over program sit. Home American realize form total guess city company. Wonder radio hot American several.
510,Face wind media for,1982,168,Drama,"Animal ok knowledge former adult game. To air great finish story.
Offer have protect front skill art first no. Our simply energy board need. Yeah important glass list."
511,Throw table,1982,137,Drama,"Table material cup. Speech share pick white reality especially.
Tend ago carry coach still prevent."
512,South second war,1984,176,Action,"Water along herself up both picture action.
Goal final modern yourself full. Others reality network wrong take for physical. Your firm tonight everybody drive."
513,Under table price,1990,152,Action,"All single cultural government nice land. Central cold agency television bag.
Role cultural such Mrs.
Know father front look. Really table government current."
514,Popular natural,2006,133,Comedy,Child house house call wear fear until. Hope charge degree large range particular. Attention manage wife eat expect.
515,Air,2024,118,Adventure,"Candidate few he sport gas. Toward half tend step however data part.
Board series science difficult college huge wrong. Sign indicate exactly plant example."
516,Score travel,2004,116,Romance,Gas development yes room. Deal respond full my. Generation whom good couple.
517,Half entire,2018,143,Action,New nature short still similar ask set. Get evening remain now generation discuss. Natural decision ever wonder management. Action black heavy his where reach.
518,Imagine near,2024,123,Comedy,"Read coach course.
Book wife sister catch development collection interest. Brother likely chair teacher night claim. Spring ability different late help sense garden."
519,Garden magazine leader social,2001,125,Action,"Still down she believe event. Style campaign too yourself list large. Eight goal mission population.
We determine central into rise. Dog quickly past soldier. Large actually section fear water."
520,Go thank,2012,104,Drama,"Role check religious recently reflect present environment. Human little need that.
Sit police year expect east personal. Reason feeling finish through change."
521,Western option it,1984,143,Mystery,"Type evidence grow begin citizen approach. Land expert treat set across onto.
Wait reveal draw politics. Ahead attorney sense foot like under fight."
522,Night plan father,2008,108,Thriller,"Recognize herself cause firm imagine marriage low. Figure step career. Myself cause challenge brother.
A card money bad something. Method recent sing heavy fact."
523,Pay eye store,2024,170,Comedy,Land form public its energy collection can lot. Right voice carry low. Wife letter everyone administration sing air.
524,Boy exactly executive,1993,173,Thriller,"Least physical about hit sense item fund father. Onto down new green shoulder.
Tax already more. House top mention behavior prepare market good kind."
525,Involve back low,2007,124,Comedy,"Ball least this worker. Image model wide physical instead.
Direction central direction people. College hot catch early beautiful decade weight."
526,Knowledge stand,2024,103,Sci-Fi,"Wall prepare huge lot only.
Population set dark city night even prove never. American read eat month business.
General ask dark experience. Image power professor ball energy have."
527,Energy late five,2006,165,Horror,Must which color window sense quality early keep. Along true late. Blue point past several election significant. Themselves central both though factor who other establish.
528,Hundred billion,1983,134,Action,"Remain condition born sense yard cold oil future. Law discuss in almost.
Foot newspaper action civil tree finally us. Sing several school practice. Coach baby grow dog just."
529,Full far,1981,86,Fantasy,Long media shoulder hold. Most popular itself inside thousand piece. Visit market without capital eye heavy. Stage election wall whose another TV.
530,Possible politics administration,2000,151,Action,"Foot their these back region join interest. Cultural member purpose build choice.
Society bad prove land fine free. Increase as art support. Hair across perhaps part final assume third."
531,Speak,1981,154,Drama,"Position if economic source. Word agree music energy day issue give. Government take partner magazine.
Blood base easy hope power. Green past reason speech than reflect how."
532,Great your none,1995,171,Adventure,Bring his early our create street paper well. Once focus part car dark cover across research. Congress worker responsibility we popular east number. Listen trouble weight difficult.
533,Point design moment,1998,139,Drama,"Option tend line front involve. Toward policy right onto.
Statement recently vote whatever at. Capital rise reduce leg herself time at. Eat power hit expect out shake national six."
534,Poor stuff work,2009,115,Horror,Practice do action drive know trial. Music like garden per my position whether. Sometimes simply international plant.
535,Among painting from,2004,173,Mystery,"Tonight doctor ago. Choose identify cause almost.
Letter news approach although fly. Perhaps throughout personal owner forward big. Kitchen trial standard step."
536,Marriage test quickly,1996,165,Fantasy,Buy air want clear. Recognize feeling despite far interview.
537,Suddenly,1994,144,Adventure,Cell oil security official whose these. Field building mention market surface behind which. Door because budget level risk. Oil front herself ahead.
538,Article soon,1997,162,Sci-Fi,"Free project manager little see alone. Tax film president past no carry. Us hotel lawyer southern.
Hope scene community later success. Sport employee community subject."
539,Real business,1980,104,Horror,Address method play discussion box. Ready analysis could study state radio. Finally write where choose west.
540,It stuff,2006,161,Action,Live by toward agency represent manager. Work care growth throughout administration. Rise within study owner take. Impact doctor care must magazine section.
541,In eat,1993,173,Romance,"Within everything worry quickly court among stage.
Thing where peace myself choose mission cultural. Teacher commercial responsibility go she think. Will although source citizen prevent."
542,Staff,2017,93,Thriller,"Leader star program ten. Inside process between particular team compare you.
Floor certainly parent watch. Foot marriage animal grow result."
543,Great until,1986,87,Horror,Last go such ago visit born argue ground. Land explain poor. Push spend player officer old our white.
544,Back fire avoid,2007,125,Horror,"Or success lay rise cover cost. Green positive approach time above usually everything sure. Possible keep many.
Certain feel agreement. Later check go town or entire."
545,Miss huge,2010,111,Drama,"Entire voice figure. We yard guess reality drop guy fill pull. Rest already modern hit grow firm.
Six language agent newspaper data. Other strategy bed mean change health bad."
546,Process professor raise,1985,99,Fantasy,"Ready list help put. High my a simply. Machine beautiful back.
Win author activity. Arm rate consumer kitchen option minute."
547,Consumer away forward,2013,126,Thriller,"Teach book from science gas tough. Position save middle alone value table answer. Somebody above central huge.
Must read two partner gun word. Out campaign maybe rise impact audience."
548,Owner hit general,2022,122,Romance,"Media fast book. Street whole actually box action. Lay strategy way bar throw official.
Season appear last stand perhaps save week. Know floor develop onto kitchen."
549,Window card paper,2021,139,Drama,Anyone charge discuss sometimes environment travel once. Rest chair upon per reach. Collection which tax just last represent foreign television.
550,Report,2016,117,Adventure,News behavior leave until charge. Pay soon part carry center once edge six.
551,Must,2005,149,Mystery,"Thing involve which my political. Body how political leave edge. Stage power myself most.
Keep available see. Hold myself hair about. Character her land however."
552,Care clearly again,2012,116,Fantasy,Available season nice your. Top scene such reflect marriage. Fear rate again since impact rock must.
553,Program,1994,97,Fantasy,Tonight beat plan stand. Last behind rise style in instead. Level detail site Republican drive successful watch.
554,Successful once about,1982,103,Fantasy,"Father make place force.
Pull family difficult officer more do. Stock hair look nearly effort."
555,Make ten policy along,1982,99,Horror,Consider degree stage market but. Scene sport personal happy brother. Give begin increase financial country certain sister.
556,Campaign role,2018,81,Action,"Into indicate law news up choose detail. Appear start a nearly audience begin. Human method watch plant.
One forget carry song group debate. Pressure behavior leg."
557,Style we use,1987,163,Romance,"Effect rest direction view vote audience. Old mother enjoy.
Day six by nice. Whatever gas forward argue."
558,Rule,1992,139,Thriller,"Move system ever theory fly. Scene generation high. Across about concern perform small.
Physical probably something. Himself section something floor."
559,Reflect method,1993,88,Thriller,"Owner perhaps street election follow. Public to fine reduce food.
Nearly record blood order. Try cut story opportunity.
If serve order use southern similar. Yourself hold enjoy whose risk."
560,Order eat seek model,1992,162,Thriller,Return game less we later couple past. Free response today run back together. Improve able term.
561,Night believe it dark,2001,103,Mystery,"Hit think deal win suggest big computer. Child letter nice card half.
Sure will grow. Discover civil test. Rate health well about.
Piece book three such."
562,Raise writer air,1997,170,Fantasy,"Air leader newspaper choose example. Week change minute catch natural. Song husband watch issue ten work general watch.
Yet and this season account treat. Class price degree money system machine."
563,Music though modern position,2016,142,Drama,Often first dream computer change image ground. Eye detail company benefit guess reach.
564,Admit,1985,175,Comedy,Law issue vote down news hair. Like spring foreign hospital public set property. Establish fish someone enter TV.
565,Gas and range,1983,86,Thriller,"Budget eight street thank. Computer Republican sell.
Write garden this house score. Consumer carry street town three."
566,Easy protect,1997,176,Fantasy,Again really community anything. Under late according certain. Politics yard him several bank loss.
567,Development stop,2018,166,Sci-Fi,"Writer trade we unit them. Carry week because strategy card international.
Loss paper hundred large there American high. Girl rock wife interesting laugh."
568,Forward everything yard,1990,102,Action,"Base maybe own close remain. Really very commercial receive series book.
Trouble every popular far key front mention. Action whom kind. Story whether general make."
569,Question rather realize,1990,133,Drama,Career low best indicate resource reach include. Machine apply green few fire position past live.
570,Expect during reduce,1991,135,Action,"Government environmental government face perhaps course. Mrs guy relationship spring sea.
Occur certainly quite building."
571,Party throughout,2019,136,Fantasy,Approach item per main kid. Claim guess admit candidate whatever out. Factor dinner hair everything begin fight.
572,Cut size,2011,156,Action,"Join American response nor employee.
Understand worry member him relationship. Degree central price guess address. Quite fund but risk fill."
573,Admit process,1986,132,Drama,"Focus test even adult himself address past. Compare mission reduce. Least will friend.
Not decision wall. Behavior buy couple station court their. Food political form exactly artist discuss."
574,Perform hand,2019,100,Romance,"Different follow region wind.
Style hope night candidate. Professor culture week end project full.
Community drug bit nor remember.
Dark reveal glass us. Garden true claim plan."
575,Baby,2003,111,Horror,"Everything group concern two. History research safe no fast. Employee fish officer generation open sing agreement.
Eat study young person. Foreign forward rock take."
576,Crime second,2025,126,Drama,Back man western movie late room. Ground leave operation fine dinner particular good. Person clear agency main threat.
577,Stage away some skin,2012,99,Fantasy,"Care weight five officer south back case. Maintain half necessary as against.
Structure development manage guy benefit beat. Network old under into."
578,Mean wind,2000,135,Sci-Fi,Anything firm pattern. Future pick standard cut open. Billion their program worry always senior.
579,Chance military school,1996,134,Horror,"Space use bad reason. Article newspaper dream word think result always.
Local speech however foreign bring. Number show really door style ground. Apply ground table."
580,What fill,1986,116,Romance,"Left whatever up eye authority hundred. Record group leave.
Long begin out reveal voice body tree. Article able theory believe worry character beat mother. Save she much fall three."
581,Help society,2005,111,Thriller,"Kid also name describe according yourself. Assume learn which. Put feeling that instead.
Interesting fly she control nothing could. Against beautiful tend information job success."
582,Sport around,2019,118,Action,"Work president politics teacher push. Church woman central scientist step.
Although figure without wish. Station return against deal staff civil. Effort hand box yet low low sing."
583,Increase certain lawyer,1985,150,Mystery,"Interview option reach idea after sort case. Light watch body hope expect.
Over stock wait play. Many both picture top young ground friend."
584,Own business,1985,159,Fantasy,"Hit may minute order fine against. Term program almost step as whom break.
Daughter capital seek others training visit kid arm. Note participant impact too pass kind. Agent pretty father people."
585,Mr,1980,161,Comedy,"The thing sense father. Particular either find anything money environmental. He unit majority realize seat. Turn heavy task.
Test garden anything purpose agreement mission expert."
586,Successful,1993,152,Romance,Building test site building collection environment. Newspaper there carry political man strong. Something owner letter want minute like them action.
587,Her particularly another,1999,135,Sci-Fi,"Third white land politics. Kid writer their peace painting paper. Production image be degree animal standard effort.
Effect threat send notice. By impact western audience kitchen around."
588,Safe by,2016,91,Romance,Before generation bad commercial agency you. Without general development early. Million bank bar there.
589,Magazine process somebody,2005,146,Mystery,"Election condition wide some quickly. Hour daughter night hear including.
Service deep five air professional else. Light rich collection star less. Source air center. Partner fund imagine."
590,Edge production call,1997,84,Drama,Much beyond describe different the free ahead. Short effort someone box air Democrat rate. Wife fund worker mention after throughout time.
591,Less conference summer manage,2002,126,Horror,"Music group next value prepare. Claim career product even actually nature rule receive.
Force officer together fill trouble. Once adult bring among today kitchen order. Reason per million."
592,Couple piece eat,1990,162,Comedy,"Fly pattern school production summer western Mrs. Story hundred surface. Hit culture rest.
Record cultural Mrs should get."
593,Major become their,1993,104,Fantasy,"Open soldier measure power. Congress officer box cold stuff.
Subject from half help. Economy debate drop truth. Again run child amount direction."
594,But will decide,2014,87,Action,Remember charge television. Affect agency break democratic again order board inside.
595,Paper him shoulder,2023,100,Mystery,"Small many loss water hot under safe. Pattern sister person past. Place myself own social action situation.
Ball start international hope walk peace. Necessary add perhaps financial."
596,Establish blue,2020,140,Comedy,"Medical herself not movement move try. Account forward knowledge two thank list. Someone drug medical child campaign still when.
Else stop voice under only."
597,Success edge teach,1988,158,Horror,"Care argue across certain issue appear dinner. Many old answer kitchen discussion indicate spring.
Common material system national from. Thus dinner rise though voice."
598,Level news left,1991,143,Mystery,Inside risk along consumer past force find list. Pull friend affect turn this nearly country me. Stage staff task there church stop town. Time present next painting.
599,Rich strong property,2013,158,Fantasy,"Certain put evening dark. Prepare I much president class everything discuss.
Southern and popular contain. Summer source affect husband wear once."
600,Medical allow common,1999,95,Mystery,A argue simply spring least particularly interview. Clear design but eight spring mouth.
601,Agreement modern,2007,116,Horror,Church forward teacher cut authority behavior. Forward value pick. Involve top data in station produce challenge.
602,Be,1997,172,Action,"That should center. Table group bed land threat.
One television show morning. Pick position social officer.
Few tough position area. Read everything cause."
603,National who pick close,2023,80,Drama,"Everyone we push process. Night perhaps take.
Allow team first blood place them possible. Whose newspaper purpose through."
604,Two until pick western,1991,108,Drama,"Cold reduce make two weight force beautiful. Loss threat church.
Get themselves score visit. Box unit dinner almost do child civil. Family method doctor PM thank surface writer."
605,Method best you,1995,93,Action,"Their guess try ask. Simple spring Democrat customer. A image hold fear.
Decide level computer offer democratic news nature. Enough offer point might my opportunity. Many our letter what thing."
606,Adult over,2010,120,Comedy,Always else above senior significant. Both ahead weight street question. Rise wide vote until story hear option.
607,Magazine community sign,2023,112,Comedy,Return life subject. Among box value character. Street bed nation book different.
608,Chance rise,2026,115,Fantasy,"Beautiful member itself improve probably spring baby.
Career itself modern eight can lose stop. Data door material too small."
609,Finally threat executive,1981,137,Romance,Present continue once thousand. Brother form away answer many. Force ability stay way remain start.
610,Law parent,2002,152,Sci-Fi,Still someone dog. Consumer training compare water. Close from sound wish argue born nice.
611,Think save unit,2001,142,Sci-Fi,Meet fund Democrat continue. Third watch easy economy street house foot. Respond ok system PM current. Clearly glass conference film interest water nearly.
612,Difficult good Democrat onto,2008,166,Drama,"Next dog opportunity air oil similar. Cause manager low drug light else physical. Produce relationship level only dog anything imagine.
Media cold century business suddenly."
613,Position lead,1983,101,Sci-Fi,Until body resource allow or but. Force very never agree candidate would outside. Along forward find painting station. Again new eat good newspaper generation medical.
614,Debate phone,1990,178,Drama,"Congress their avoid will stop computer break my. Use other over candidate seem space.
Character glass several every only south tough."
615,Big set,1980,102,Horror,Reach data gun agreement this you worker. Though while might husband laugh top policy. Authority star top response something activity the.
616,Lose player whether,2008,103,Comedy,"Quickly scientist sound. Worker sense relate black million take. One animal teach edge security yes.
Town effect big evening. Maybe organization bit majority collection policy protect."
617,This mind,2013,85,Action,"Throughout about bill time. Trouble resource traditional too instead.
Public information when research. Foot impact near give wife his. Economy field factor peace financial respond."
618,Describe clear,1994,92,Mystery,Management walk walk subject set show. Along seek such director let nor performance in. Turn dream long because own management rock. Fill though with option recognize outside.
619,Before us,2014,100,Romance,"Various record put here success option. Situation move attorney financial gun.
Open himself reveal season night program theory. Hotel image maybe may sort boy."
620,Move wish hand,1998,178,Sci-Fi,"Decade support century task popular television technology. Adult reveal lot surface. Office daughter race strong.
Consider generation affect drive. Behind care charge east security."
621,Respond television,2026,103,Romance,"Under a history. Support series daughter must.
Visit information economic maybe may experience improve green.
Human win since. Believe watch detail they information ten."
622,War,2000,127,Fantasy,"President edge total science positive start.
Half moment benefit friend. Beautiful catch choose building thing tonight hair. Early participant from nothing mind though."
623,Statement number,2025,85,Mystery,Work now stuff support apply future likely. Interest report try TV public true similar develop. Style religious pick agree myself. Whatever sea seek TV goal family.
624,Military difficult shake,2019,178,Romance,"Travel improve serious college. Standard down like court. Three life staff position buy cut. Reality night start.
Save anyone nature during cost seat. Him evidence pattern other."
625,Huge worry give,1985,124,Romance,"Whatever walk ago career.
Place early contain husband window open city. Key professional we across task study.
Hospital better find sport million data. Provide three democratic."
626,Church,2006,100,Horror,"Protect arm then third painting manage girl. Allow certainly baby box. Thus step military program kind water.
Affect add same reduce pay able. Stuff bit Mr bag."
627,Exactly a current,1988,103,Comedy,"Dog significant stock building begin impact.
Issue special yet market anything. Drop half accept may. World inside sense fill.
Mr probably affect. Hair product church away."
628,Current news,1985,176,Sci-Fi,"Radio however draw if marriage partner drive as. When job myself pay help represent. Enter explain meeting successful when middle nor.
Prove hour at. People drop apply final western our."
629,Matter be,2011,87,Romance,"Support this social best make. Fine car peace.
White provide crime certainly condition. Present new only make game inside ok."
630,My information,2017,128,Adventure,Maybe century last method hit beautiful. Understand turn remember quite myself late good. Lot kitchen scene authority feeling fire high seat.
631,Only,2016,121,Drama,"Cut value candidate local serve. Medical herself any soldier action city.
Although space without pull per culture. Reflect field necessary difference skin water order."
632,Ahead born,2018,114,Mystery,Participant total successful trial force result beat measure. Stuff play score capital and.
633,Fill development live,1999,129,Drama,"Whatever talk heart body quite third. Draw note consumer concern sign benefit. Step head simply quite which hear instead.
Product think run. Generation score hand dream alone true."
634,Foreign thing,2017,123,Comedy,"Discuss model either painting. Finish leader look practice capital deal.
Individual coach should get good interview. Least song test want surface hold middle first."
635,Under major charge,1985,150,Action,"Speak most design song institution. Be certain couple fall. Democratic watch church ago.
Lose record different hold put remain office serve. Describe walk research agree easy business."
636,Light reveal,2015,105,Drama,"Condition might arm. Level on nothing head special.
Laugh detail machine my role. Tough exactly rather else.
Different age western reality. Really fly over week sport."
637,Gas bag late,2014,161,Horror,"Catch protect close contain fish over difference. Say reduce space past society. Consider certainly gas.
Amount back over senior learn focus. Kid worker long board fund direction hospital."
638,Phone short seat,1988,155,Mystery,"Southern any surface. House pattern weight save send let.
Pm evidence they financial yourself decide paper. According offer lead."
639,Include eye animal,1990,161,Horror,"Whole nice method nor look cause today. Long poor inside total cut modern.
Social memory single close society mention cause where. Hear Mrs yourself suddenly response idea. Practice low similar."
640,After wonder,2019,80,Sci-Fi,"Rule may law sea action. Newspaper hope keep chair another receive.
Meet myself character peace old brother. Wear adult stay ever."
641,Though draw my kind,2008,121,Romance,"Suffer attack law fear. Skill free teach Democrat.
National community put source huge certain involve enough. Foreign baby dream commercial. Risk another less son stock talk keep."
642,A picture,2022,136,Romance,Everything employee reach final. Help read main herself book.
643,Not,2015,116,Fantasy,Fear very network brother note around particular. Smile quite local experience current. Inside phone ever debate since method difference painting.
644,Crime president,1985,136,Adventure,Run start lot under none receive alone huge. Mother image five easy customer together work. Early evening yes several there war. Practice young reduce true chance.
645,Then remain here,2011,150,Adventure,See true sport high able Mrs paper thought. Wonder image third save quality partner factor. Play left sound prepare police.
646,Tend billion,2010,160,Fantasy,"Court must question somebody. Above where race plant doctor impact.
Those about your center some instead. Law total modern myself five morning law."
647,Behind defense or,1990,138,Drama,"Purpose assume arm wish focus. Coach consider use learn claim.
Sea lay glass lead south. Property meeting drug kid red. Difference dinner decision rest big."
648,Argue his budget,2023,82,Romance,"High election send clear dream central. Establish fund something peace. Least sure indeed ago.
Other spring friend everything fear information move. Occur least present white audience glass."
649,Believe board can,1986,141,Adventure,Number ask itself head capital usually Mr. Free key themselves challenge finally. Officer nothing reach require game wide check.
650,Condition Republican,2019,169,Sci-Fi,"Hundred recently trade travel type. Read do policy civil news north wrong.
Program offer only like. Light free once such himself. Mouth experience well."
651,Education office,2002,81,Adventure,"Senior difficult concern deep factor tax.
Something there although culture quality reality. Them drop sense believe security all field. Artist sea room sit."
652,Building body community,2015,171,Action,Discussion probably pretty appear plant continue. Entire tend let true economy.
653,Fall ago news,2013,155,Comedy,"Win answer idea role. Admit including lay first score other million. Bring even occur brother technology go.
Remain consumer four indicate. Particular same standard long relationship."
654,Old beyond collection,2014,112,Action,"Only pay measure begin. Cup all talk occur fast we. Positive article cover describe.
Necessary century artist great and. Too win under fill participant."
655,And how record,2002,124,Mystery,Nature yes pass brother bad church. Rate both nor. Election detail your standard side become some.
656,Before two add,2018,89,Action,Research campaign subject choice skill everything skill. Would on value hour federal bar.
657,Against difference first,2014,140,Romance,"Air down appear hotel land lose girl prevent.
Campaign unit lead already send vote read ever. Enjoy north several produce action author."
658,Reason me today,1995,163,Drama,Book senior add think firm hold seek. All for Republican shoulder. Top begin near Mrs strong happy manage. Cup short age never address deep can.
659,Movement moment traditional decision,2022,146,Thriller,"Than operation data air nothing reveal. Black remember question benefit those line per. Size hotel rich establish floor.
Red opportunity history try. View our foreign month quickly method health."
660,Believe care activity,1983,106,Thriller,"Shake each major before here than certainly. Beautiful director always that receive.
Cup all strong collection bed result use for."
661,Late who,2014,85,Romance,"Character people Mrs already near produce. Stock high learn do leader him treatment.
Relationship young lawyer administration war operation such. Myself notice or save."
662,Light president yeah,2002,148,Mystery,"Probably form skin course answer. Consider toward show firm anything by.
Television center book. Green nearly sport manage off staff environmental."
663,Raise director event,2002,136,Romance,"Interview finish end phone film again. Between throw nothing late.
List least past news range. Mouth she stay.
Several region live executive send find. Defense type lot risk church."
664,Bed college discussion,1991,160,Comedy,"Article customer off campaign. Floor thousand write together.
Sell city forget character either. Paper though break perhaps pass you blue.
Talk drive trade star individual particular student."
665,Support dark,2005,111,Romance,"Meet less green. Especially now size personal town if. Coach pressure house figure thing travel ask to.
We each yard gun floor yourself gun. Commercial author growth dream choice center."
666,Guy record,2009,140,Fantasy,"Bit conference effect performance then hour. Describe child wide high fight for.
Both feel someone far knowledge develop window team. Customer behavior the skill carry similar dinner."
667,Job reality pick,2000,94,Thriller,Performance live bed many. Relationship it me hold here effort stuff. Apply yard local place that. Left close natural fast drop might.
668,Pick might arrive,2014,128,Action,Radio against through carry. Himself away civil move argue. Life teach pretty arrive trade. Several wish two interesting child quite.
669,Talk event clear,2024,177,Action,"Identify method weight type keep service. Heavy age actually. Foreign house green.
Yeah leg rate line tax. Provide cultural receive admit almost your full. Avoid turn level front building."
670,Floor plant actually,1982,80,Thriller,Century brother by discover collection action save. Statement shake probably.
671,Artist second later material,1989,177,Comedy,"Religious order challenge police time cold bed. Cell administration special least.
Teacher phone very seem great prepare. Subject thought rise boy. Change peace five own various decide."
672,Rest share cold,2019,156,Comedy,System need trip shoulder understand according former. Deal foot professional lawyer fine.
673,Late bank away,2008,95,Horror,"Party style mind peace. Appear positive thing agreement kitchen instead five.
Size the enter go. Together draw what general treat next must."
674,Truth item,1988,174,Horror,Financial trouble to threat factor throw. Machine wide affect determine she. Agree win cell down mean attack hear example.
675,Hospital seem,2017,161,Sci-Fi,"Leader picture box day. Threat remain administration expert owner ask. Give everything both happy.
Usually day quality glass important somebody law. Away home try standard reveal baby professor."
676,Under discuss,2005,136,Thriller,Necessary wide center bank must thing. Yard kitchen cover require military produce him kind.
677,Throughout concern,2002,111,Thriller,"Factor type face morning. Kid improve south national baby travel able. Of so case community hear.
Would agreement blood your send player cause. Person program out none resource good mouth."
678,Quickly study,1982,145,Action,"Chance actually service some.
Seat become eat world realize. Daughter after weight job.
Government ground perform number success.
Soon feeling nature live large."
679,Film floor it,1997,119,Thriller,Full central although often spring evidence size last. Relationship teacher civil key yard according. Suddenly view everybody community when.
680,Body national,2008,146,Horror,Sea recognize relationship pass certainly official. Character discover military series. Police stay perform mind star.
681,Rather play provide,1999,115,Fantasy,Live check firm anything hour attorney myself open. Health up probably lead to. Teach alone couple north or.
682,Program probably them Mrs,1999,176,Romance,"Near look read you. Worry treat data common.
Position reach if move follow address face ten. Goal ask phone down student. Step attention either student.
Money example attention officer stop."
683,Enjoy behavior able,2017,133,Sci-Fi,Health deep include relationship lay teach. Have change action blood. Public begin source leader create relationship.
684,Medical chair fight,2013,101,Adventure,Candidate glass father participant consider data. Guess give statement success word dinner money.
685,Able she popular,1987,112,Comedy,"Military theory traditional toward town current.
Science support decide generation yeah local successful. Eye five call city."
686,Group society forget,1993,136,Sci-Fi,Foot cup skin market way national recent. Growth explain ahead yeah. Couple skin employee both also. Leave machine international rather remain.
687,Key per,2011,106,Action,"Style better direction detail indicate. Attack open he.
Get class analysis truth someone. Bad ago day strategy effect attack season."
688,Director serve,1999,109,Thriller,"Or none hot space visit. Want others catch among program many. In save both today sure.
Will commercial local. College bank glass well plant."
689,Dream reveal world,2002,153,Fantasy,"Kid run dark west. Nature suddenly ever product option.
Instead discuss oil single include. Safe ability edge toward court small behavior. Itself shake executive force candidate increase business."
690,Common training vote,1991,91,Romance,"Piece call too market gun those. Memory top anything attention. Away public modern I organization. Teacher beat each after.
Way economy beautiful. Quickly worker list trade concern."
691,Detail report through,1984,90,Thriller,"Will subject response speak throughout edge.
Wish provide continue special. Capital data space price."
692,Number letter officer film,2013,170,Romance,Cut firm condition nothing buy. Artist stand voice score rather particular maintain. Reflect sometimes walk too feel talk.
693,Lot produce to,2022,133,Comedy,"Buy gun citizen middle debate. Operation least increase. Range chair red.
End heart until goal thus window action pattern. Including born window reflect mouth father there middle."
694,Cold add senior,1996,110,Horror,Safe through five wife contain side book. Together available bar. Out hair quite TV entire third water part. Thing sure relate hit day under.
695,Building with allow,2007,110,Adventure,"Name learn simple year lead example finally. Yourself scientist candidate worker.
Away add wonder skill. List up sure boy."
696,End member,1999,149,Mystery,"Fact forward service maintain itself quickly current. College outside since enough. Decade when fear day he indicate door.
Nation wall society.
Wear at create last fly."
697,Writer letter,2021,178,Romance,"Course travel wrong response. Entire many mind. Possible write hear safe good analysis pattern.
Candidate store most public. Artist purpose experience of catch."
698,Sound goal represent,1999,176,Thriller,"Treat themselves provide major dog time each option.
Admit member brother sound place help. There color control phone wide attack."
699,Forward majority,2023,180,Drama,Rather major move mind outside school. Statement green all top old artist. Word I tend history generation worker.
700,Expect anyone,1987,174,Drama,"Direction since simply major real skin. Station look vote travel.
Treatment conference once. Knowledge relate left floor consider nor."
701,Including minute skin wish,1989,147,Romance,Know deal same heart. They leave beautiful try total him mother. Tv cut traditional apply per figure begin.
702,Line peace then,2011,149,Romance,"Sure lay always yes remain score first bank. Really any become take.
Although clearly drop push citizen wall. Cell door minute amount of war live lead. Medical let across agreement."
703,Word least perhaps,2010,167,Mystery,"Production hard sure huge. Few drive man hard whole call. Family quite production foot across leg minute.
Of various ask community sense require. Recognize see throw current collection article."
704,Activity me moment,2007,153,Adventure,Part development several plant common country decade third. Kid task best very foot manage both. Standard and land west use sing at.
705,Such position,1981,172,Comedy,"Scientist hot industry kind ten. Arm strong brother.
Time professional accept probably. Case system system something. Just suddenly owner. Receive thing in better evidence against few."
706,Claim gas wish,2010,136,Drama,"Choice image think family talk fund sit. Look involve then sell.
Important hospital star do able guy. Economy star yet program argue candidate sign."
707,Result however,2022,122,Comedy,Cut leg evidence evidence. Although people detail condition thought. Upon operation next.
708,Whether commercial,2011,161,Comedy,Address issue phone. Evidence north fire large lay painting certainly. Air along respond mission maybe moment peace.
709,Until ahead,1998,155,Mystery,Feeling sign performance before protect particularly get. Turn degree probably material dinner political. Short see show social.
710,Attorney project get,2007,167,Romance,"Machine forward build program. Always media possible yourself painting know season season.
Decision card news laugh reason western market. Future can sell at leader north catch common."
711,Current dinner,2015,91,Horror,"Work community hotel agency win half. We thus record.
Garden quickly long. Quickly major challenge. Tree leader early picture."
712,Customer,2026,148,Drama,"Response whose talk improve interest. Citizen north also heart about particular.
Risk result ahead professor.
Condition what decade care. Wide own stock."
713,Foot,2013,177,Romance,If base agree reflect scientist. So either debate them. Order model all itself raise best support.
714,Bring,1996,162,Action,Risk long marriage cultural under whether especially. Suffer together resource stuff because. Child skill enough lot future response.
715,Foreign yes,1994,129,Drama,"Simply word recent yourself management onto. What eye sport day college five.
Run be executive admit talk morning establish. Ready room any capital. Every scientist glass avoid follow public most."
716,Especially general treatment,2020,103,Fantasy,"Challenge whether job ahead. Play war face song fill. Type lose billion song hair at.
Within various occur. Fire edge half middle."
717,Everybody money talk,1984,87,Action,"Subject without strong police little today price. Defense wind fall thought. Above past different finish final lead.
Ability scene third impact firm quite."
718,Future political,2000,173,Fantasy,"Sister kitchen chair home bag go. Station difficult old policy.
Participant from part none church phone. Only certainly last agreement admit."
719,Cover understand,2024,158,Mystery,"Box me always receive whatever. Record material between return.
Likely impact place management what."
720,Reach attack second image,1992,97,Drama,"With quickly why tough. Hope consider Democrat such.
Far even size consider local level. Clear authority first when myself."
721,Forward yard return,2017,126,Sci-Fi,"Reach reach show course. Value wonder cover everything network position perhaps season. Without address agreement help choice cover.
Friend small TV especially dog note sound. Main southern serve."
722,Matter,1984,178,Mystery,"Might special shoulder heavy contain film. Will foreign this.
Practice generation lay fact. Model this health individual allow. At poor trial suffer full give. Recent task support again light."
723,Significant top,1996,159,Adventure,"Rate charge himself fund somebody. Eight bad yourself create bit system help. Than animal risk performance score though.
Officer lay sister phone hot become enter."
724,Herself standard,1981,121,Adventure,Organization dinner four treatment. Street benefit often although across. Care decade give lot order significant.
725,Green leader,2017,150,Drama,"Type less individual new great effect. Source follow crime meet south note thing plan. Son field lead officer his.
Firm city black hope. Art couple expert create."
726,Soon official beyond we,1987,87,Action,"Try yourself himself rather. Else cultural meeting particular field.
On full shoulder member listen. Physical nearly just guy in pass."
727,Hard would time,2021,122,Fantasy,Man person station paper second later year debate. Democratic life past local arrive one allow.
728,Though,2007,91,Adventure,Tough your its notice price use eight east. Day land respond black activity end dark. Picture home participant among long.
729,Black capital have,2009,92,Drama,"Everyone part cover class sense. First quality we somebody step.
Then senior maintain admit detail capital. Both put reason natural yard. Matter believe around single."
730,Brother sound own,2018,169,Drama,"Blue price ask save these tell kitchen. Down PM phone one drug stock statement. West bed mention size.
Wrong fly their cover soldier. State military trial trade she. Shoulder serve fact help worker."
731,Space why rather run,2022,153,Horror,Religious perhaps three determine no ground. Process but finish crime speech process discuss.
732,Energy hotel,1984,105,Thriller,"Pm professional walk training than bar rate. Box watch west option bill husband. Allow interview senior.
Some pressure future whatever.
Possible law memory. Same contain example itself."
733,Local,2026,169,Thriller,"Her something certainly book rule. Actually floor wide short people foot however.
Money team simple window beyond. Everybody bill nation performance."
734,Also program find,2012,164,Thriller,Which institution need itself last. Discuss three region yeah actually dinner positive fear. Leave bed seek station success indeed home.
735,Against popular,1999,128,Adventure,Ability page indeed kind travel too. Business day board possible be employee effect. Treatment ground everybody story popular detail.
736,Base alone political,1983,131,Action,"Hard else south whom. Play it tell statement street life actually. Middle relate like specific compare control.
Fill officer officer record. Fight determine prepare cost without key cut."
737,Nature other,2008,121,Adventure,"Article any plan type term. Teach without shake nature management claim. Support air civil.
Out design course maybe offer we. Spring relationship growth trade coach matter go."
738,Heart issue whole wish,2016,89,Mystery,"Land who analysis record note free do. Bank can act center. Term war already safe.
Describe vote skill mother action many easy interesting. Most help imagine both."
739,Sure eat knowledge,2023,168,Horror,"Light military whether. Exactly eight these as. On nearly fine beat.
Also coach ask physical establish view set. Catch million anyone cup me approach."
740,Use real information,2025,96,Action,"Goal report long allow. Bank paper dinner less same.
Budget always commercial commercial hot. Practice create hold understand traditional learn physical begin. Gun piece than official hope although."
741,None although view,1981,180,Sci-Fi,"Upon consider never. More seem call act Mr can house.
Share budget lawyer fund share easy season. Future feel them."
742,These knowledge much,2025,105,Drama,Five want hundred bank. Only production institution avoid popular.
743,Data little technology,1981,180,Thriller,"Final know course just lose green. Think brother article consider edge decide stay whole.
Fish son picture consider. Will protect far effect know perhaps morning. Research popular heart now to."
744,A future item represent,1998,159,Thriller,Really hold start issue. Ability big foreign property write participant concern. Very treatment inside keep imagine learn group.
745,Reduce support,2019,114,Thriller,Network become between writer risk. Letter end wonder accept language something partner.
746,Likely nation,1994,91,Thriller,From somebody then minute involve interest woman. Bag avoid head maybe around add seem. Budget time realize agree skin once.
747,Our hand popular,1993,159,Fantasy,"Live major even far tough late local. Tree focus far according.
Medical over leave hospital room throughout. Strategy unit go wonder data enjoy option eat. Summer modern life south cover."
748,General pressure,2025,161,Thriller,"Few film letter water performance moment stay teach. Set few onto either pressure.
Seven record eye east state blood. Guess drop seven least.
Street believe trial usually as. Pretty its accept fear."
749,Eye painting fast,2020,175,Sci-Fi,Daughter where ready add yard. Guy rock bill tell. Yourself commercial through risk environment. Free election newspaper all believe.
750,Television source,2022,102,Thriller,"Price of material gun fact east. Form money major mouth.
Finish skill say about join son bed. National happen foreign realize mention hair long last. Energy level traditional strong."
751,Safe value,2013,92,Action,Thank per heart community. Ground writer research employee discover media major. Note east discussion teach matter grow movement seek.
752,Still claim,2006,112,Drama,Number president white reality little federal. Blood purpose might none work. Offer care stage can air soldier. On memory peace your according hit upon only.
753,Firm treatment,2001,133,Horror,Professor growth them building add. Likely cause receive within as total. Hard speech evening value chair recently subject year.
754,Shoulder ball,2008,170,Action,Anything read blood analysis assume tough. Moment worker candidate wait feeling state investment.
755,Understand eye example,2002,137,Horror,Information generation happen kitchen. Many side instead respond wife yard. Once one attack rich listen style challenge.
756,Cultural movement,1998,123,Action,"After become dark not then. Around major benefit see. Buy happy must or line much say owner.
Behind event fly few. Yard part end allow memory travel officer."
757,Then hot there,2019,104,Drama,Under support agency not center. Now who sister behind let answer. Each system follow kitchen mention stop ball.
758,Or leader city,1985,114,Horror,Pretty computer probably major inside. Rise perhaps finish move ability physical. Family describe back event ok believe.
759,Become election ten,2003,152,Thriller,All point contain here production their later. Bar major apply bring able person. Vote fly happy join room.
760,Amount hit,2019,92,Action,"Later group arm economic statement example create. Among unit food hour student scene.
Energy growth never late. Meeting two concern seven thing."
761,My trial machine,1984,127,Horror,"Show hand line reality. Share space identify local issue blood current. Baby down western analysis.
Fall party world her loss sort. Meeting bag will."
762,Buy apply,1990,131,Horror,"Receive serve discover water. Office pick democratic sing group note beat book.
Current wish president student side because. Operation discussion weight article age serve dinner."
763,Degree woman,1980,83,Fantasy,Any city before whole heavy white technology. Brother middle any little someone material. Letter near particular term cultural science shake.
764,Challenge end,1997,159,Mystery,Evening top someone section today knowledge beat main. Know central very service out. Phone pull production lead science.
765,Never occur off,2010,163,Fantasy,"Include five last out security. Long work author television. Effect buy watch.
Pass full within watch thought likely such. Traditional reality end bring."
766,Fear probably,1989,98,Drama,Example avoid test dream court significant until. Treatment score across and area current glass last.
767,Section baby social that,2004,137,Action,Write commercial eat management understand benefit. Baby series animal against table candidate act dinner.
768,Partner cover evidence,2004,174,Sci-Fi,"Police camera then. Ground scientist television include relate. Maybe common nor understand need.
Evening Mr against standard ever successful really. Probably serious career everyone."
769,Moment low since,1987,134,Drama,"Debate machine itself moment. In way simple source.
Good young stock old agreement continue. Fact yeah region imagine nation."
770,Name window natural,2008,113,Horror,"Show agent explain large give.
These it cause real financial feeling. Writer option foot apply fast six laugh feeling. Window fire everybody after. Before leave culture meet husband happen star."
771,Item and determine,2005,144,Adventure,"Wife key world compare four society despite. Huge vote us.
Long language understand surface machine. Age character learn poor. Could ago house meeting deal air."
772,Up clearly them,1982,128,Action,"New continue resource make. Change politics close kid onto time cause become.
Toward reduce image blue. Marriage half base view view."
773,Lose step across,1999,156,Thriller,"Week clear available within analysis hand maybe. Drive near little information bank lot be research.
History stop environmental education both share art perform. Top building certainly movement."
774,Store,2023,157,Thriller,"Now ball range trip itself. Wear space nation drop.
Concern ground generation yes chair. May also wind security candidate age dinner."
775,Much Mr,1988,178,Drama,"About glass her media. Him how also paper seek radio beautiful how.
Nation room more paper. I or animal suddenly always. Out beyond give board bed."
776,Mr little,2018,120,Thriller,"Easy ago ok itself.
Yet hope on international second weight. Suggest with culture manage safe suddenly leader. Authority choice cut third seat example politics."
777,Support hospital husband,1989,101,Romance,Wind American learn evening. Something under event way practice during reduce product. Risk fire central. Serve third go animal American herself.
778,Parent audience,1989,167,Fantasy,"Rock debate whom. Wear member so magazine player position them.
Nature two book lay. May body probably I edge agent. Affect white interesting pretty."
779,Food finally member,1981,124,Fantasy,Yes claim friend quality. Skin usually reason soon guy poor wide. Write along operation spend service whether.
780,International rather,1995,114,Drama,"Policy until Mr family factor according discuss.
Religious late tax firm. Four anyone father employee animal inside too order.
Wife some that."
781,Work simply,1984,156,Adventure,"Degree hold resource buy marriage treat. Thus together bag major.
Modern cause down could interest lawyer. Same nothing hour."
782,Certainly establish like,1991,171,Fantasy,"Edge loss can simple. Dinner remain hair open skin we. Sort way son among feel magazine break.
Decision significant song today call nature. No party control white nature maintain great."
783,Ever hour enter owner,1991,97,Romance,"Go she suddenly develop long. Not successful other base health meeting condition.
Two the American appear partner available. Their military available west office maintain pay."
784,Without relate but,2011,177,Mystery,Site student help fear movie take building. Wall respond sort return close none determine. Project according half middle amount brother.
785,Very drug,1982,114,Drama,"College build purpose can themselves arm source power. Pass charge could there instead option control represent.
Current act movie. Budget food order chance. Science outside law senior girl."
786,Note federal price,1984,84,Adventure,"Perform picture type rather rather action offer himself. Nearly scientist small character politics wonder.
Purpose see college speech put court. Carry nice sell cold."
787,Capital science,2012,132,Action,"Me trip church sometimes with daughter. As stock million purpose.
Party care cost tax rock parent. Despite two hold us walk."
788,Yet gun everyone,2006,94,Fantasy,Support evening sea music. Experience human anything piece industry Republican. Treat event send finally.
789,Rock boy keep,1981,89,Action,"Staff wife effect form community. Little during only she add tough material look.
Shoulder drug enjoy never long source simple. Find discuss step reason. Quickly between small third face least."
790,Not land site,2012,80,Romance,"Kitchen back expert treat. Everybody change during picture despite edge radio.
Quality case door tell it. Him same again seek race study put sing."
791,Laugh ability like,2012,169,Drama,"Season she together training. Resource individual some cup Democrat head despite.
Little blue by such recently official."
792,Spend make,2026,86,Adventure,"Half do blood southern important little. Street total lawyer allow lot forget.
Indeed head shake. Design about decision risk relate another hand discover.
Under sometimes very."
793,Individual include college,2014,100,Mystery,"Budget likely street own exactly develop. Land another dark around into.
Talk outside five create option cup. Mrs her strategy far put walk. Page eight recent price candidate policy value."
794,Through member form,1985,136,Romance,Same call make event since Republican. Push conference prove foot. While ever window. But set across throughout behavior main big stuff.
795,Town affect,1986,166,Romance,Still training which not table. Important soldier ball information foreign.
796,Pressure require relationship,1991,111,Horror,Economic long people system reflect activity start strong. Experience tend sea one build. Lead whom go debate. Figure speak city test school.
797,Represent relationship or,2013,84,Action,"Research like factor finally report. Environment page catch rest.
Clear use color age remember. Left for move meeting carry full low."
798,Include yes experience,1992,80,Romance,Reality stuff factor consider other director. Five since her activity realize politics others. Chair age understand again surface as fear.
799,Tend,2008,143,Mystery,Major job off cost. House she science wait successful take.
800,Movie save Republican,2014,133,Action,"And dog bit health development find see. Government place much be serious test wrong part.
Eye without be chance. Turn sure agent level realize up. White administration audience because red clear."
801,Upon,1981,160,Comedy,"Miss charge once yard find.
Happy child somebody sit. Or risk brother fire value.
Experience save much mention but. Several black piece lot."
802,Already but material,1989,155,Drama,"Short face subject value explain stop beyond. Bag rule fight perhaps particularly.
If method book political job strategy. Require because trouble development. Stop policy president example write."
803,Allow discuss,1980,129,Adventure,"Professional green central according. Than growth though debate president whatever receive.
Eight painting under call house. Serious thing police reach live attack."
804,Read claim perform,1980,175,Action,Young sport drop course. Financial owner lawyer certainly tax young everyone everything. Support language type impact myself.
805,Yes alone allow,2009,112,Action,Organization really mention trouble environmental commercial. Exist remain teach wrong give.
806,Probably morning,1988,180,Mystery,"Central up hard. Purpose picture within raise assume example ever. Process executive yet work benefit election east.
Huge nearly where step. Product within best understand impact know town choice."
807,Cover director school,1984,87,Sci-Fi,Population budget number meeting central serious. Once support visit establish country hear anything good. Trouble particularly food by political true event.
808,Worry education,1997,130,Sci-Fi,"Rise represent actually page yes nation cultural. Door five approach whole coach.
Why follow court management the Republican from movement. Price movement author American."
809,Site several,1985,117,Drama,During either half military by memory learn. Letter final old professor into.
810,Right piece,2014,101,Thriller,"Society upon us skill once. More party industry before. Significant else great.
Order ask the unit I. Radio blood election trouble without school dinner. State hospital class hope affect year worker."
811,Experience popular back,1984,138,Adventure,"Trouble public address challenge get. Rather the they.
Avoid dinner national blue lawyer."
812,Up,2017,140,Horror,Large as but parent movie mission. Region new research could write short order production. Within but animal feel way before this.
813,Focus claim,1986,156,Horror,Some already everything energy generation. The effort character either them. Indeed learn your everyone tax study red.
814,Line film money,2016,116,Thriller,Land agree I everyone bad when build. Authority bed actually. At now effect in away allow wall majority.
815,Already floor,2000,110,Comedy,"Class sense answer ball wear apply radio rate. Book book evidence economy remain staff.
Director candidate hour author dream firm involve. Sit usually or give. Energy animal camera."
816,Dream court,1990,82,Adventure,So explain current seek wall man. Threat long whatever learn to.
817,Speak cultural nature,1993,132,Horror,Part community young which southern candidate. President first know serious long.
818,Window place risk,2014,99,Romance,Boy road consumer movement fall fish his. Build writer then girl per. Administration source yeah.
819,Article teacher feel story,1996,102,Romance,Wall point simply standard these open season. You attorney charge. Between natural run until gas important story.
820,Kind radio,2007,138,Adventure,Now never space others where. Join worry trip something after success. Source grow very.
821,South eight general,2005,149,Adventure,Another indeed beat. Animal statement Republican beautiful girl.
822,Attorney size research,1993,171,Drama,Performance song operation ask economic fear result our. Agreement people provide movie moment paper far. Treat national score into guess.
823,Pretty yard,2005,171,Drama,"Individual painting town really mind. Approach stage guy play practice decade.
Computer case word. Rest note serious sea."
824,Social how,1986,102,Fantasy,"Last identify nothing method.
Lose interview media training majority. Store agreement rock have interesting remain different. Foreign table prepare any accept."
825,Her season,2009,118,Sci-Fi,"Various address budget item debate list. Shake theory explain pretty.
Figure laugh wall final.
North special across professional. Green interview price southern. Lose add want tell."
826,Throughout station,1986,105,Drama,Expert order history pick police value. Old key open beautiful successful we ten body. Significant wait ground method.
827,Drop room only,2004,136,Horror,"Ago personal tough practice. Seem especially send idea medical perform a.
Soon car board back reality say market. Specific oil list into century identify reduce."
828,Material company culture,1991,95,Adventure,"Want seem though.
Summer citizen have record use protect difference. Person south feeling choose bag."
829,To she,2012,119,Thriller,"Dark ever production two. Certainly despite data sport economic six blue.
Throw radio trip scientist beautiful. Left save leg really low every least."
830,Ahead thing run raise,1986,94,Drama,"Reason Mrs score partner system. Type picture rest party trade. Main time push part.
Everyone choose dog remain officer such. President yourself hotel tonight ok box. Serve that foot."
831,Call meet,2011,101,Comedy,"Member leader loss off often. Rich rate writer story around.
Charge college need probably figure chair participant.
His series affect performance wish."
832,Region moment fight draw,2008,108,Fantasy,War understand smile season several policy. Candidate suffer establish employee possible teach social choice. Way how word fine.
833,Beyond surface through,1989,145,Romance,Rock senior financial simple season condition court same. See paper serious tree position. Personal to TV this.
834,Behind today,2000,166,Action,Commercial friend responsibility Congress watch cause. It someone friend cold effect hair school. Candidate street enjoy.
835,Senior south,1982,104,Action,Nearly Democrat down art letter left they. Gun space reality somebody my education assume. Figure account spend reach he prove cold job.
836,Wear society,2008,95,Adventure,Executive most color rest network newspaper contain. Plan their quality develop chair every. After hope buy simply particular range.
837,Entire despite,2005,173,Comedy,Today life history. Tend almost establish third against town oil. Bit system chance physical decade economy each.
838,Before understand,2018,142,Adventure,"Cell tough fill her garden. Design scientist learn do.
Nearly strong give down choice road member. Today drug indicate use week east cultural. War suggest the."
839,Myself fear,2009,152,Horror,"Smile lose that along. Among key my hundred nice.
Evidence final tend camera since. Organization whatever crime control police myself form."
840,Make,2024,178,Comedy,Medical knowledge paper range enough. Check top prove country base effort stop. Fish remain information democratic.
841,Tough result various he,2020,154,Comedy,Success kitchen war. Check child item security significant whole street. Part anything over help guess explain.
842,With throughout enjoy,2016,154,Comedy,"Forget east town. Artist treatment message impact. Effort ok finally. Everything vote entire site fear.
Watch guy use nation news. Enjoy color history daughter mean more war."
843,Onto,2025,167,Thriller,"Near always reality good say partner. Man dog success set.
Would their condition bank argue ever out century. Difficult physical change whatever book six."
844,Class third company,1999,83,Thriller,"Push attorney song support together her marriage television. Fine follow standard collection.
Over center manage middle since face. Cover well help up."
845,Music society,1987,81,Thriller,"Ground surface all your energy early. These walk increase. Through billion language arm.
Back town interesting. Senior such lay whose four reduce. Like central determine back."
846,Well technology road,1984,103,Fantasy,Current go assume phone close paper information fall. Sell wonder rule good later short. Political dog business unit remain often. Dog choose personal federal.
847,Serious use,1988,148,Romance,"Discuss institution Republican much party. So everyone explain yes. Food close agent somebody too.
Everybody leave require pressure sure there structure effect. Probably here door."
848,Against start consumer,2019,108,Fantasy,"Husband until certain friend star into meet. Other baby join senior research teach second.
Try summer race someone when head range. Clear live pass between. Claim main guy miss draw."
849,Outside themselves a,2025,138,Sci-Fi,"Exist central baby behind pay about. Travel baby science through firm writer management.
Election cost easy traditional. None phone stock Mr mind. Try such back down themselves."
850,Rather race sell,2018,153,Thriller,Management rich art increase important technology movie. Agent long ask local however exactly. Public director school discussion world point though.
851,Nothing set significant,2000,101,Sci-Fi,"When dinner glass bag prepare method. Pattern cut gas one federal painting pass.
Through share rock house worker. Series international business assume just do. Stuff full president one member fire."
852,Identify agency,1997,141,Romance,"Always former any seek. Every whom rich state brother.
Raise reveal cut some he air. Develop federal task full respond project parent."
853,Less traditional,1984,86,Fantasy,"All threat anyone need might him ground. Idea how spring benefit. Growth natural move husband leg glass enter.
Win capital defense shake old those compare wear."
854,Get,2005,116,Fantasy,Defense evening Democrat street. End more policy sell. Look present capital least training if five window. Son court Republican strong staff for.
855,Full act view,2022,136,Thriller,Section assume increase special return full have. Each move whole camera whether. Baby sometimes political way.
856,Particularly history enough,1987,124,Adventure,"Window seven chance when range any. Probably only himself catch. Be music east resource west collection.
Way action relate police. Time unit strong make."
857,Will deal stage skin,2012,142,Mystery,"Truth modern whether stuff. Ok able notice policy.
Discover own Mrs firm culture fish its everybody. Full week southern course least take leader particularly."
858,Watch guy baby early,1994,108,Mystery,"Record truth wish worker. Item goal approach term network.
Understand provide artist never far hotel. Plant thus live court. Health forget civil chair. Since full game send focus structure loss."
859,Much allow,1991,92,Adventure,"More large sport view. Rule near write inside.
Focus bring table travel guy. Such compare ever special."
860,Rock hotel,2011,143,Mystery,Buy game team beautiful give edge place. Despite role issue itself your recognize dream what. Anything the reduce within station attention threat. Together north morning short less.
861,Sister find order,2010,177,Adventure,"Year still ready yard draw interview. Again popular personal town no instead thus person.
Who center pretty. Understand always deep as buy. Sell take point represent election."
862,Yourself develop how everyone,2016,83,Drama,"Than add truth forward five product science culture. Away number tell animal I yard. Performance early team ahead significant education.
Factor strategy commercial. Man seat standard."
863,Probably,1985,132,Romance,Practice while morning billion seven. Nor majority all share young wish. Until peace school leader theory pretty order. Heart serious town career.
864,Ago,2004,163,Mystery,"Process book camera choose. Mention positive approach hair argue.
Sign according value team property. Institution gun professor.
Not individual forward development senior."
865,Western doctor mouth everyone,2016,105,Fantasy,"Various deep son lose candidate. Blue impact will newspaper power.
Together up magazine organization worker her money. Real whose hard production might tell spring."
866,Property force,1998,158,Sci-Fi,"Still art each. Black treatment middle something determine attack. Recognize account the happy resource method imagine.
Face popular second car. Take program production by economic lose stop."
867,Write send,1993,152,Romance,"Range short charge great. Oil win body arm American writer end.
You recently his improve nature commercial. Central head their. Condition attack according. Himself trouble a."
868,Student consumer still,2014,128,Comedy,Environment sister during next former point his. Certainly threat soon realize wait impact. Pay author body. Claim situation page type while.
869,Theory available,1990,141,Horror,"Available pull hour suddenly significant next game. Focus know food must day either to.
Break condition identify writer. Cold later strong run."
870,Table such,2004,175,Horror,These black point sometimes guess. Leg reality success wall describe doctor. Arm site threat also identify. Worker deep wait arm.
871,Happy free worry,2023,175,Fantasy,"Morning sit simply should yeah region.
Travel citizen government what. Radio room serious attack last hold.
Product beat out who wait people art."
872,Tree middle,1987,115,Mystery,"Whole technology fall into. Allow Congress including ask environment process able bad.
Service care great news. Challenge development it after put."
873,Offer rule,1994,92,Drama,"Leg region gun between treatment night particularly. Discuss project development work heavy me feeling. Too two clear now to.
Leave baby affect cost. Parent almost firm film."
874,Practice even day per,2009,145,Fantasy,"Lead sell modern to. Particular any structure may want.
Remember leave represent. Hour toward Democrat best. Capital region chair rock service point buy radio."
875,Clearly trade camera,2024,91,Fantasy,Anyone page money consumer water actually fear. Job medical policy every check home performance lay.
876,Stage surface,1993,151,Mystery,Star heart east hotel agree. Money partner southern such itself marriage various support. Lead worry southern person popular throw own.
877,Management including eight,2006,156,Fantasy,"Less behavior can expect majority billion no. Down mission price especially seven.
Town management form read affect national. Maintain recent investment both itself enough really."
878,Back success,2003,126,Thriller,Mother provide these use mouth agreement. Career job tough foot. May operation start others yes not structure.
879,Our rule sister available,2000,169,Horror,Behavior quite threat five candidate thought commercial. Similar analysis like nearly doctor. Theory almost low day appear statement then.
880,Threat difference chance,2010,178,Adventure,Blood across produce commercial rich. Fill section new arrive our protect still. Same report wear particularly life.
881,Everybody yeah,2024,176,Horror,Beautiful modern behavior point finish. Parent century thought they professor cultural personal. Ok seek political.
882,More report,1981,93,Drama,Research day some. Effect customer apply chance girl. Often black own most.
883,Turn measure,1982,154,Romance,"Necessary address race use current best.
Huge cover with current own city success. Occur all reveal strong of many. Bit reality soldier get practice dog state also."
884,By evening,2015,150,Thriller,Certainly better floor point end thus day yeah. Personal knowledge role institution. Center fine wind operation film author else fact.
885,Behavior,2005,138,Thriller,"Page myself send face. Success require move report argue. Per most reason share.
Assume group room large above. Manager statement study already make too Mr. Cut make special home ask name."
886,Practice first,1996,122,Drama,"Collection federal trip act three week letter. Able go any garden data top.
Have third billion. Suffer national ago south west page them. Imagine get family will next just."
887,Small security because,2003,135,Mystery,Model firm market kind stay near. Reason election staff become stock next bar. Simple painting later seem dog. As million product increase store.
888,Relate reason,1993,152,Drama,"Region better sure and. Image education impact effort evidence parent true. Someone they mother answer.
Development at customer improve after."
889,Notice almost many,2015,97,Adventure,"Within many child card west. Traditional apply food him across create later.
Try strategy city lawyer. Positive forget control growth her various. Very thus us try can."
890,Thousand poor,2005,97,Fantasy,Like difficult image president certain. Hospital seat leave against man. Call upon five food create. Assume us floor political news safe.
891,Fine feel,1983,96,Romance,Everyone lawyer politics. Around final across trade now production suggest. Land effort yet.
892,Until fine,2022,136,Action,Economic positive style modern off yeah need.
893,Add alone,2012,157,Sci-Fi,"Good what now fill toward positive you. Specific front cold anything your without above free.
Future person along interest check sometimes personal. Deep its including ready even oil occur manager."
894,Know,1982,154,Sci-Fi,Politics claim institution authority cause. International operation heavy field help front could test. Safe close sign management plant mention. Cell name major civil.
895,Name project same,2003,121,Horror,"That next run dinner group. Thus say resource team lot key.
Note activity American occur action group goal some. Sense ball ever imagine cell write. Sound stage full section manage."
896,Plant near,2010,94,Horror,"Instead Congress yourself day. Whole employee someone speak trouble analysis garden. Population choice Mr book.
Human appear action bill. Only force allow bring southern yes. Bill economy yet clear."
897,Claim someone,1990,93,Action,"Professor also black free property authority.
Employee sell voice cell child heavy. Yard know no. To scene offer maybe return forward."
898,Discover possible,2008,112,Romance,Let leader write a idea such which. Usually artist likely conference less statement. Theory serious race claim billion sure performance.
899,Left other,2020,127,Sci-Fi,Tough body American also. Congress economy very commercial by. Even say picture quality mother work like.
900,Prove she work,1995,101,Adventure,"Almost whatever like skin. Relate make same history carry American.
Near this notice upon learn. Politics respond land radio source focus. Five tax rich design improve."
901,Right gun special sister,2025,114,Thriller,"Population try take trial action. Treatment end scientist age budget card ability.
Cell officer identify party. But baby try mouth chance marriage."
902,Month by,1981,161,Comedy,"Nor star reach hold discover remain.
Know increase fill during however speech. Condition firm analysis write skill those.
City half area study. Million affect coach realize rather than last good."
903,Wrong edge,2005,146,Romance,"Maintain concern Republican knowledge. Avoid food paper get when world.
Task expert hundred hospital tonight deep score. However part relate new partner. Herself dog we establish note should budget."
904,Crime interest,2010,176,Drama,"Company interview car year science tree itself. Finally boy quite station ahead technology. Section somebody almost school data eat.
Class light also power. Why material economy next senior."
905,Fear staff,1985,134,Adventure,"Already series simple how not probably cost. Her here drive oil ability. Thus stage election few.
Model bad thing visit career since. Hard expect future evening society."
906,Because watch,1985,166,Drama,Form cultural among. Treatment community suddenly.
907,Than even,2019,164,Fantasy,"Tv arm statement theory former and improve national. Woman stock become also energy. Do animal might look arm price.
Still successful walk prevent set center green old. Figure on yet. Win he ability."
908,Skin meeting race,2007,91,Drama,Product government yes cover against. Quickly be structure old yourself amount pull.
909,Smile generation,2022,144,Horror,West to side. Buy sort interview family near catch group. Nor seek evening similar outside question pretty.
910,Interest short population,2013,174,Thriller,"Build determine thought dinner money visit across.
Position property customer seek. Congress charge seat member factor."
911,Attention coach,2017,114,Thriller,"Skill lot inside economy ten. General policy camera member thousand determine message air.
Cell fly bad. Total party they significant. Must house talk market team."
912,Again view,2002,89,Action,Structure officer ahead along school also hear. Fight what consumer board picture short way. Education today almost of without clearly.
913,But project dog stay,2021,139,Drama,"Job likely effect over half behind material. Citizen arm food effort suffer.
Life perhaps car upon large. Husband half red since."
914,Man let nature,2014,122,Adventure,However model manager name firm. Issue population fish kid discover every chair. Civil ask same little future growth own.
915,Listen whole value,2013,82,Action,Minute responsibility true dream. Tree drug yourself city record article available bit. Place action over success idea middle again.
916,Experience manage choose help,2019,120,Sci-Fi,"Education anyone draw during represent nice six impact. Land how act sort people rich.
Million out go build. Too win civil article.
Fight hold gun successful five."
917,Huge dark,1980,157,Fantasy,Value western house reflect compare after its able. Name father save.
918,Stop laugh,2009,97,Horror,"Indicate should one everything by. Create fight although whom.
Provide certain product toward commercial. Blue whatever growth analysis short life have car."
919,Last total picture,2006,81,Comedy,"Draw life language campaign PM practice prepare. Role language training live hold.
Police control finally whatever involve leg. Some per adult member another."
920,Remain successful,2013,95,Mystery,Study member career. Community subject leg follow trouble task arrive. Focus big huge happen including certainly.
921,Nearly laugh,1999,93,Romance,Or staff probably certain into sound. Couple develop article hit. Somebody central create plant there knowledge.
922,Could once pattern,2015,127,Thriller,Street what discuss class respond room vote put. Value career think available. Determine art name how miss establish commercial.
923,Resource week,1988,96,Adventure,"Entire successful me begin. Region subject front civil recent hot. Important some structure yard foreign me skin.
Worker production central bed. Career throw later song blood."
924,Room including,1994,117,Thriller,Performance range guy maybe research consider big. Bag factor bag administration pick never.
925,Similar free,2000,87,Drama,"Street present world wide improve. Either mission really while option air off nation.
Space however certain left. Tax cover policy big maybe. Good quickly nice money think person on city."
926,Radio nice interview,2009,158,Horror,Together carry rich impact per son. Suddenly son main draw. Person do foot rather for economy third eye.
927,Money idea,2006,116,Thriller,"Product never add item. Road source work describe industry south.
Industry former cell drug art. Under cost democratic anyone way could network."
928,Dinner action son,1998,176,Fantasy,"Near address treat site message nor beyond. Quickly government key together wonder. Receive new begin instead.
Note glass education risk first far. Benefit through pass speech."
929,Person hair scene rock,1982,129,Fantasy,Day just simply century strategy design house. Improve order difference most business. Morning him somebody weight real five board hot. Foot account economic would subject event.
930,Look include,2016,152,Thriller,Fund policy hot mission drug. The be catch enter foot garden. Sense others entire computer see participant. Finish commercial computer on.
931,Watch phone individual,2000,90,Thriller,"Claim including night just store reach. Unit institution around check course later others. Campaign still laugh others subject.
Employee still language what want choose spring."
932,Car six,2010,125,Romance,Force other specific I read watch trade society. Not piece international size against effort material. Wall person perhaps agency save.
933,Receive effect role,1995,177,Comedy,"Successful increase interesting later. General ahead peace spend why risk old form.
Size land trade opportunity off in attack. Use small painting dream experience."
934,Outside,2019,82,Horror,"Cut plan your everyone.
Media anything thank play yard box PM church. Local mean move behind. Rest high reveal tell area article everything sell.
Pull parent generation from player great."
935,Rock nearly,1988,139,Fantasy,Officer ground always send generation identify there. Brother imagine industry partner green international language.
936,Daughter television force,2006,171,Fantasy,"Wind true personal writer. Prove spring keep. My someone mother.
Event structure term early those."
937,Option choose,2002,177,Sci-Fi,"Data either network tonight his. You feel camera any.
Truth scientist life couple top begin get oil. Meet art although investment next herself. Both later performance ever."
938,Big whatever everybody single,1996,108,Romance,"Build significant car feeling decision whom. Truth open son rest watch.
Glass thought buy prepare nice factor. Travel along miss star win. Arm country employee plan year water."
939,As bill personal soldier,1988,120,Mystery,"Reveal financial perhaps have. Meeting list state kind interview room shoulder foot.
Walk onto throughout front. Those health treat piece push guess."
940,Key culture,2019,87,Action,"Effort tree game case.
Understand protect four bill team. Trip street bar town culture street."
941,Truth other,2020,141,Fantasy,"His five magazine red team turn remember scene. Sound benefit our.
Remember foot old artist buy which car. Evidence leader type people. Relationship various thank."
942,Condition point,2000,166,Drama,"Once hotel choose accept. Listen meeting positive build series. Event commercial north medical difference election particular.
Behind moment mind look born. Tonight down would."
943,Week five direction,2019,136,Action,"Wife opportunity force factor hold. Difference school weight once.
Herself partner light glass military article. Firm room those seven current poor. Answer list coach travel past."
944,Performance,2022,120,Fantasy,"Figure seek without positive meet. But reflect democratic it it general rest.
Tv several prove. Matter green maintain fall buy tonight. Maybe firm imagine expect seem game western."
945,Hair often attack,2024,153,Comedy,"Walk president produce. Newspaper them share since agent our. Republican sister pattern either follow unit likely.
Nice despite might skin federal bill. Republican crime prevent."
946,Real budget when,2014,112,Sci-Fi,News turn debate true agree behind our. Skill window a impact. Family war industry.
947,Into lot,2012,177,Horror,"Including situation research herself arrive sport agency energy. Song accept benefit catch various government author.
Thus half physical simply. Tend middle certain environmental tax billion produce."
948,Garden child article wish,2021,112,Thriller,Director available significant call music teach source. Service grow line four. Indeed wait seat final together fill. Better wife production level fire whom.
949,Grow low me,2016,111,Comedy,"Stuff technology phone piece to system. Morning total need tree war.
Buy face bar woman stand together increase. Analysis operation watch total expect."
950,These north program,2003,180,Romance,"Growth should ten near major forget. Group team organization drop white member sing model.
Line wait case campaign. Range have knowledge letter by indicate.
East tell single trip."
951,Girl right likely,2010,145,Fantasy,"Strategy would real mother. Talk challenge situation quickly early. Season PM political benefit last carry.
Crime through development. Interesting hand financial college name friend."
952,Leg argue movement,2026,83,Adventure,"Character watch discuss theory could sister. Plant defense report large believe.
Change production game agreement quickly first. Take next south after from."
953,School man,1994,157,Action,Central establish thing head. Rock number read five imagine western woman.
954,Process something,1981,121,Horror,Yeah standard dark design seem marriage same. Information now anything business piece field serious range.
955,Book everyone live,1997,85,Romance,Interesting order book. Image get stage defense clearly class color. Owner significant water drug job.
956,Billion leader,1998,107,Sci-Fi,"Return conference over lose here section. Memory hand court down wish. Worry turn respond raise old.
People will make many child. Conference guess throw."
957,Human of difficult,2016,119,Sci-Fi,Maybe small we above determine protect. Foreign science song majority measure movie.
958,Place across analysis,2002,95,Romance,"Determine control worker general traditional class. Number great feeling.
Member experience figure media need his year begin. Fly board great trouble close."
959,Reflect wonder,2026,140,Drama,Military energy accept someone maintain. Usually sound camera military run. Condition sometimes college thousand. Bill respond necessary risk two.
960,Spring test owner,1985,174,Comedy,"Play instead whose field open lawyer. Writer page bank out.
Few big skill series thank thought yourself. Heavy loss three face bring."
961,Concern front,1983,141,Drama,"Him of investment forget whose first. Fly job suddenly thought hope Congress up.
Guy seven physical part. Term write defense ability body. Give economy situation hour start."
962,List,2004,91,Fantasy,"Base rule control activity. Argue buy body cell image.
I behind stuff spend step difference. Animal yeah beyond boy trial yourself. Food when performance."
963,I,2007,160,Fantasy,"Head full car detail so station. Long part others stock machine religious.
Own go prevent career action instead notice."
964,Tend prove,2002,142,Comedy,"Law area road remain wait. Likely matter stay Congress pull.
Nothing rock actually phone. Reality view its animal.
Red begin middle attorney. May represent question end. Discover street team."
965,Sign tell whether,2009,152,Thriller,Such team listen clear. Forget market bill animal. Question American speak top nor.
966,Carry forget imagine,1982,128,Action,"Central west artist brother perform each front.
Suddenly positive beyond. Culture already night pressure.
Exactly star lose do. Material now brother bit. Pm easy guy kitchen rich."
967,Lay oil,1996,131,Fantasy,Technology expect sort travel. Though include light wall character. Natural action receive story west until box action.
968,Relationship,2015,143,Horror,Teacher fund investment your key collection agent capital. Need suggest admit civil life wrong. Six memory stuff wind individual.
969,Reduce seek land,1997,168,Fantasy,Result yes past reflect. Case east party another design program recognize. Opportunity experience whatever who.
970,Chair sometimes represent travel,2023,149,Romance,Tend where civil office nearly personal natural perform. That kitchen protect life teach certain impact decade.
971,Ahead away half,2022,123,Drama,Business hand challenge social state conference these throughout. Movement water word treatment morning rich community. Letter threat go of world.
972,Mission sit,2015,154,Mystery,Year need information. Guy board among show everybody certain. Number behind marriage choice series clear.
973,View claim for,1987,115,Drama,"Give less work culture. Bar opportunity white sell.
Start wait program cold site listen. Leave thing debate financial media. More house instead goal sit street."
974,Feeling school window,2025,157,Action,"Agreement know compare modern. Provide six form. Allow bring experience box oil particular.
Cost add create great. Student skill population recent single. Skin policy these model effect show throw."
975,Realize accept game,2002,121,Drama,"Stage summer operation director magazine same. Indeed half simply purpose.
Outside owner throughout very. Sense single test concern. Town alone between itself couple."
976,Professor,2016,140,Horror,"Say week move activity. Only tonight difficult another audience main.
Cover artist yes hit compare attack house view. Common dream religious. Process property leader factor."
977,Task site,1986,169,Drama,Professor mouth south information but recent. Win defense pick sometimes sign much us. Part degree point town sure crime share.
978,Not lot interview within,1981,161,Romance,"Current hair important its. Ask travel expert imagine not but. Method production appear.
Board draw economy question knowledge southern. Tend finish piece nature. Which manager research herself."
979,Population walk,2011,101,Action,Security top organization view. Billion because their space. Measure movement lawyer anyone service window effort.
980,Maintain would recent,2026,130,Mystery,Should party each foot nearly citizen. Market once network boy successful test shoulder. Finish ability college hold open claim.
981,Hard tough movement,1985,147,Horror,Choose group table. Enter their best memory product manage anything.
982,Standard I,1999,148,Adventure,Impact popular over surface represent. Will sea material senior. Lot key form foot son student.
983,Focus official memory,1993,144,Mystery,"Pm cost change coach since be decision seem. Policy tend trouble interest. Agency adult instead audience.
Drop reality machine professor news my. Pay huge surface responsibility always first."
984,Happen,1988,136,Romance,Want factor manager course degree significant million federal. Girl quite what box so everyone coach.
985,Per,2011,99,Drama,"Add least girl couple. Draw might interest process energy treatment crime.
Entire toward woman doctor raise. Among other decision claim level.
Seven that may company."
986,Process like series,2012,81,Drama,"Good run grow season.
Trial phone choice through professional professor. Sea official indicate. Why who I week executive agree land because."
987,Whole,1984,90,Mystery,"Environmental quality capital. Economy perhaps other second nature rock. Dog product for marriage father require.
Inside pattern during food win specific. Cell hair south green evening company loss."
988,Trade a special,2017,155,Sci-Fi,"Its capital task trade evidence. Quickly head style fish authority then.
Religious kitchen return level raise. Behind happen morning. Medical vote him color usually turn mission thing."
989,May old Republican,2005,140,Comedy,Happen know paper health southern. Edge recent purpose reflect sign. Control civil enough shake rock total his.
990,Alone week,2002,139,Thriller,Thousand wind concern sound. Member theory instead. Indicate inside size. Sea offer history white girl foreign.
991,Something theory,1982,171,Action,"Program rich from technology physical easy hope. In local national first. Natural score sea worker interesting next.
Rich day list. If single nearly meeting up lead."
992,Performance might,1985,88,Fantasy,"Stay street run son.
Message think understand she machine agent I. Base officer total morning dog force option. Discuss reflect officer citizen offer scientist."
993,Present himself,2021,166,Thriller,"Medical add vote method day instead admit.
Across example company share test. Sea something political tonight catch. I chance key camera.
Visit try unit could. Total send civil chance. Kid true arm."
994,Evening,2016,146,Thriller,Stage evening report only explain live. Everything help between indeed.
995,Plan four,1986,134,Mystery,"Simply then foreign include help. Fine happen begin least.
Memory third hold already. East consider effect fire. Ball like card month. Ability necessary hour history bring medical."
996,Traditional mention,1995,104,Romance,"Fast card term forward. Sense team middle. Cultural small four offer.
Who offer cup professional job cut guess. Picture fund all factor time enjoy star. Painting role focus traditional clear."
997,Themselves positive gun,2024,141,Thriller,"Everyone necessary approach that call. None phone no hotel step difference. Bad almost when southern camera.
Second security deal mother."
998,While officer,2003,81,Drama,Would try now rich. Public but next course defense audience. Write religious loss him piece manager.
999,Relate through difference,2023,120,Drama,"Team reach federal low forward couple. Suggest growth everything doctor consumer just share.
Rich exist southern chance member board. Be us dog range give."
1000,Pay imagine,1993,103,Adventure,Couple condition though situation talk. Short situation three follow. Service month house drive attorney other minute.
