_id,movieId,title,releaseYear,duration,genre,description,actors[0].actorId,actors[1].actorId,actors[2].actorId,actors[3].actorId,actors[4].actorId,actors[5].actorId,actors[6].actorId,actors[7].actorId,actors[8].actorId,actors[0].fullName,actors[1].fullName,actors[2].fullName,actors[3].fullName,actors[4].fullName,actors[5].fullName,actors[6].fullName,actors[7].fullName,actors[8].fullName,actors[0].role,actors[1].role,actors[2].role,actors[3].role,actors[4].role,actors[5].role,actors[6].role,actors[7].role,actors[8].role,rentalCount,reviewCount,averageRating
6a2354259f2f6901826a551e,1,Cut activity car,1992,161,Thriller,"""Executive until me foreign majority add himself. Instead source teach have traditional perhaps.\nHappy civil fire three almost agree prepare consumer. Certain hot church budget.""",55,100,171,318,447,,,,,Shane Wood,Andrew Hammond,Dwayne Phillips,Andrea Mcintosh,Richard Jones,,,,,Cameo,Lead Actor,Supporting Actor,Lead Actor,Cameo,,,,,21,6,2.5
6a2354259f2f6901826a551f,2,Center half,2006,164,Drama,"""Capital save quality probably. Company different keep surface. Feel thought end son meeting.\nAmong in reduce green artist identify. Program how view plant.""",349,424,500,,,,,,,Christopher Jacobs,Mathew Shepard,Amy King,,,,,,,Cameo,Lead Actor,Supporting Actor,,,,,,,20,11,3.27
6a2354259f2f6901826a5520,3,Task authority that drive,2010,143,Thriller,"""Lose interview PM that night picture sister. Leg everybody well give. Nature but major reach tree.\nStill second every easy major myself despite. Pay reveal throw.""",393,429,,,,,,,,Ralph Knox,James Beard,,,,,,,,Cameo,Lead Actor,,,,,,,,13,5,3.6
6a2354259f2f6901826a5521,4,Case agree,2024,142,Horror,"""Side push find serious. Strategy have recent industry note.\nFly allow note security mother. Prevent together his collection from travel.""",119,453,,,,,,,,Steven Guerrero,Tara Nichols,,,,,,,,Lead Actor,Supporting Actor,,,,,,,,20,8,3.13
6a2354259f2f6901826a5522,5,Ability management level,1985,140,Action,Before international peace media course heavy nation behavior. Wife such discover leader. Way one toward into.,67,114,163,261,262,272,375,,,Susan Keith,Stephanie Little,Lorraine Garrett,Steven Clark,Oscar Henry,Michael Duran,Jay Harrison,,,Supporting Actor,Cameo,Lead Actor,Supporting Actor,Supporting Actor,Cameo,Lead Actor,,,21,11,3.55
6a2354259f2f6901826a5523,6,More cause,2025,100,Comedy,Remain understand sure billion while argue eye. Anything small add watch direction.,78,256,,,,,,,,Frank Moore,Mike Brennan,,,,,,,,Supporting Actor,Lead Actor,,,,,,,,16,6,2.33
6a2354259f2f6901826a5524,7,Note conference,1989,173,Adventure,"""Professional season study experience six including fast.\nIncluding six article.\nBy one fact present. Chance government option month business. Wide action public political heart.""",22,87,126,137,366,490,,,,Cathy Schultz,Cindy Brown,Mark Hanson,Catherine Shelton,Elizabeth Hart,Mary Sanchez,,,,Cameo,Cameo,Cameo,Supporting Actor,Cameo,Cameo,,,,24,14,3
6a2354259f2f6901826a5525,8,Son,1989,137,Romance,Economic stage focus phone interesting. Wide peace some bank maybe environmental small. Case improve old stop subject perhaps raise.,360,379,,,,,,,,Jessica Mueller,William Howard,,,,,,,,Lead Actor,Lead Actor,,,,,,,,21,14,3.5
6a2354259f2f6901826a5526,9,Drive hospital see,1981,122,Adventure,Talk expert fall response media five. Material nice deep region. Customer system agency effect.,405,,,,,,,,,Teresa Williams,,,,,,,,,Cameo,,,,,,,,,16,11,2.91
6a2354259f2f6901826a5527,10,Section whole end,2005,137,Horror,President in always Mr rather large her. Candidate listen program develop lose strong. Assume three crime focus memory so keep in.,116,256,277,,,,,,,Norma Deleon,Mike Brennan,Spencer Decker,,,,,,,Supporting Actor,Supporting Actor,Cameo,,,,,,,17,9,3
6a2354259f2f6901826a5528,11,Career not,2018,140,Mystery,Natural thousand pattern guess safe center. Morning left which public interview specific window one. Commercial ability source. Remember hit business friend.,50,105,117,171,199,279,,,,Joseph Wright,Wanda Hall,Karen Holmes,Dwayne Phillips,Mr. Austin Johnson Jr.,Ryan Thomas,,,,Supporting Actor,Supporting Actor,Supporting Actor,Supporting Actor,Supporting Actor,Cameo,,,,21,13,3.54
6a2354259f2f6901826a5529,12,Focus draw,2015,177,Romance,"""I employee last general exactly. Never work ten.\nSell in across argue. Always number thought across.\nArgue be next son man enter shake grow. Rich worry character city success.\nBaby word similar end.""",,,,,,,,,,,,,,,,,,,,,,,,,,,,24,12,3.42
6a2354259f2f6901826a552a,13,Travel kitchen,1990,122,Action,"""Ball explain truth pick traditional address sport. Although movement fact off suggest guy. Market window human. Nice up southern that who.\nSport attack soldier eye beyond. Space oil current blood if.""",52,361,,,,,,,,Michelle Patterson,Mrs. Sarah Oneill,,,,,,,,Supporting Actor,Cameo,,,,,,,,22,13,3
6a2354259f2f6901826a552b,14,Television charge,2024,103,Fantasy,Maintain role series site cost. That race this opportunity show reduce concern design. Also strong first area week start fear.,74,152,251,399,449,481,,,,Luis Young,Brian White,Anna Washington,Charles Walker,Stephanie Davidson,Elizabeth Carter,,,,Lead Actor,Supporting Actor,Supporting Actor,Cameo,Cameo,Lead Actor,,,,20,8,2.88
6a2354259f2f6901826a552c,15,President commercial,2008,116,Drama,"""Give project seem like concern line hospital. Attack plant sound. Accept risk agree.\nNot stop any until how scene focus particular. Term it prevent man.\nIndividual focus government open trial.""",37,166,228,274,,,,,,Brenda Bailey,Craig Hall,Nicole Boyd,Laura Williams,,,,,,Supporting Actor,Supporting Actor,Supporting Actor,Lead Actor,,,,,,18,14,3.29
6a2354259f2f6901826a552d,16,Argue call,2010,110,Thriller,"""Visit whether century behind case. Rise with former order. Manager indeed write reason determine.\nBy should reality participant cause.""",163,197,299,302,,,,,,Lorraine Garrett,Michael Friedman,Carla Hill,Ethan Miller,,,,,,Cameo,Cameo,Cameo,Lead Actor,,,,,,12,4,3.5
6a2354259f2f6901826a552e,17,Point else,1988,90,Sci-Fi,"""Most measure affect right box base fire. Effort guess yeah table. Too off by alone close statement while.\nEvent thank keep should. Property financial happen practice.""",106,251,316,331,389,,,,,Dana Thompson,Anna Washington,Veronica Young,Cindy Russell,Sarah Byrd,,,,,Cameo,Supporting Actor,Supporting Actor,Lead Actor,Cameo,,,,,20,10,2.7
6a2354259f2f6901826a552f,18,Position hotel very,2024,98,Mystery,Investment check huge American book. Guess evidence per couple include Democrat look.,260,316,340,,,,,,,Bryan Lewis,Veronica Young,Chelsea Craig,,,,,,,Supporting Actor,Supporting Actor,Cameo,,,,,,,13,6,2.5
6a2354259f2f6901826a5530,19,Clearly among,2013,147,Romance,"""Every dark wonder oil current.\nSister avoid use response. Hair ever care human strategy by hear. Guy else simple after.\nDrop drive question case help order garden decade.""",187,382,,,,,,,,Jodi Day,Manuel Hunter,,,,,,,,Lead Actor,Supporting Actor,,,,,,,,15,4,3.25
6a2354259f2f6901826a5531,20,Government visit protect,2021,136,Horror,"""Attack section trade it kind such president. Including against respond should itself Mrs.\nKeep herself future. Relate night person development picture. Travel be series hotel another.""",28,128,286,293,,,,,,Heather Benson,Christopher Freeman,Megan Johnson,Matthew Washington,,,,,,Supporting Actor,Supporting Actor,Lead Actor,Supporting Actor,,,,,,18,8,3.38
6a2354259f2f6901826a5532,21,Personal wear,2003,82,Fantasy,Official occur western nearly college. True tough there process including fear garden. They health early establish board.,15,191,265,299,,,,,,Kelli Jones,Anthony Horton,Amber Mason,Carla Hill,,,,,,Supporting Actor,Cameo,Cameo,Supporting Actor,,,,,,22,12,2.83
6a2354259f2f6901826a5533,22,Environment wear,2012,90,Drama,Any shoulder probably source finish along notice. Rule teach local station leader.,153,,,,,,,,,Christine Pierce,,,,,,,,,Supporting Actor,,,,,,,,,17,8,3.13
6a2354259f2f6901826a5534,23,General fast by,2002,168,Thriller,Material civil these hard act mind. Education body hit. If physical trip experience.,118,298,,,,,,,,Andrew Berry,Amanda Perez,,,,,,,,Lead Actor,Supporting Actor,,,,,,,,12,6,3
6a2354259f2f6901826a5535,24,Institution and actually,2005,153,Thriller,Country involve lead discuss start guy after value. American late thousand program suffer. Family notice indicate resource seek tax.,94,147,,,,,,,,Shawn Sanchez,Katherine Lewis,,,,,,,,Cameo,Supporting Actor,,,,,,,,20,8,3
6a2354259f2f6901826a5536,25,Security cover policy,2026,178,Adventure,Administration institution area majority claim. Language so year chair agency car national. Treatment want ago voice others lay.,42,115,153,266,479,,,,,Ashley Callahan,Benjamin Russo,Christine Pierce,Brianna Anthony,Amy Smith,,,,,Cameo,Lead Actor,Cameo,Lead Actor,Supporting Actor,,,,,15,8,3.63
6a2354259f2f6901826a5537,26,Nor ability,2016,175,Horror,Recently society science magazine network fall. Often something often sound treat south raise.,47,266,396,497,,,,,,Joshua Burke,Brianna Anthony,Nicole Lawson,Mrs. Lisa Reed DDS,,,,,,Cameo,Cameo,Cameo,Lead Actor,,,,,,15,4,4.5
6a2354259f2f6901826a5538,27,Growth may argue,1995,88,Fantasy,Several modern trial task thing situation. Heart executive material choice way rest. Like environmental possible ok prevent cell line item.,296,,,,,,,,,Elizabeth Kent,,,,,,,,,Supporting Actor,,,,,,,,,25,9,3.11
6a2354259f2f6901826a5539,28,Statement evening see,1981,113,Action,"""Way fly group add price media. Popular former song body store.\nFund investment anyone. Discover alone use. Majority go identify there commercial.""",68,85,248,454,,,,,,Howard Jones,Lisa Castro,Brett Flynn,Jonathan Walker,,,,,,Lead Actor,Lead Actor,Cameo,Supporting Actor,,,,,,22,10,3.3
6a2354259f2f6901826a553a,29,Effort have use,2014,83,Adventure,"""Get happy maintain be participant. Operation population plant range condition mind.\nExplain figure method agreement between force wide. Coach until plant name player. Where could owner think.""",339,,,,,,,,,Thomas Boyle,,,,,,,,,Cameo,,,,,,,,,19,9,3.33
6a2354259f2f6901826a553b,30,Century team,1994,81,Horror,"""Outside rest imagine speech spend. Not threat serve.\nBoard want person past election. Which want point quality. Represent pass message range opportunity among.""",18,248,,,,,,,,Amy Harris,Brett Flynn,,,,,,,,Cameo,Lead Actor,,,,,,,,10,7,3.14
6a2354259f2f6901826a553c,31,Chair,2017,172,Sci-Fi,To will that effort physical. Politics continue growth teacher close final. Plant floor star least.,68,99,126,299,329,335,,,,Howard Jones,Ryan Solis,Mark Hanson,Carla Hill,Jeffrey Gutierrez,Brenda Smith,,,,Supporting Actor,Supporting Actor,Supporting Actor,Lead Actor,Cameo,Lead Actor,,,,21,9,2.89
6a2354259f2f6901826a553d,32,Simple after east,1999,85,Sci-Fi,"""Brother believe item way especially. This blue bank.\nVisit once industry station doctor. Outside summer personal.""",260,325,396,,,,,,,Bryan Lewis,Teresa Smith,Nicole Lawson,,,,,,,Supporting Actor,Supporting Actor,Lead Actor,,,,,,,22,10,2.8
6a2354259f2f6901826a553e,33,Thought price discussion,1998,115,Thriller,Head fast those even simply line worker. Unit notice great friend summer security. Open father safe town media.,36,,,,,,,,,Gregory Hawkins,,,,,,,,,Lead Actor,,,,,,,,,29,11,2.64
6a2354259f2f6901826a553f,34,Management approach,2005,156,Fantasy,"""Any experience suggest civil most.\nForce present nearly audience exist open. Move high blue live really beat task.""",492,,,,,,,,,Timothy Johnson,,,,,,,,,Lead Actor,,,,,,,,,21,11,3.09
6a2354259f2f6901826a5540,35,Drive need both,1982,116,Drama,"""Growth suggest think main. Class image early how seem interview.\nBody process nor Democrat whom. Until dinner network anything watch blood.""",12,104,,,,,,,,Sharon Mcdowell,Nathan White,,,,,,,,Cameo,Lead Actor,,,,,,,,18,7,3.71
6a2354259f2f6901826a5541,36,Across since,2024,159,Horror,"""Fall born talk go agree remember. Simply risk while age Democrat. Suddenly address money skin but the care.\nUnder consumer approach two. Well plan until different sell.""",35,49,266,367,410,,,,,Randy Greene,Tommy Brown,Brianna Anthony,Cory Johnson,Mark Ramirez,,,,,Lead Actor,Supporting Actor,Lead Actor,Supporting Actor,Supporting Actor,,,,,19,11,3.82
6a2354259f2f6901826a5542,37,His,2009,83,Mystery,"""Give director receive difficult charge. Task answer direction economic. Tv wonder rise close.\nPositive church anything finish. Can also attack local enough.""",,,,,,,,,,,,,,,,,,,,,,,,,,,,20,9,2.44
6a2354259f2f6901826a5543,38,College team,1995,141,Romance,"""Natural film source. Trouble spend raise cup lead may sister society.\nAgency discover choice. Executive land condition car skill stage.\nTraditional window treat. Item tell final any.""",397,474,,,,,,,,Teresa Cole,Kathleen Johnson,,,,,,,,Supporting Actor,Lead Actor,,,,,,,,10,4,2
6a2354259f2f6901826a5544,39,Marriage add,1991,83,Action,Money test consider. Nature foot beyond rest there win attorney television. Environmental especially fact behind hospital audience least. Image try watch similar.,,,,,,,,,,,,,,,,,,,,,,,,,,,,22,11,3.91
6a2354259f2f6901826a5545,40,Fund finally,2005,121,Comedy,"""Admit list computer own team way above those.\nAdd visit write car week. Than for buy mean key.\nTerm toward add role however traditional. Year off meeting front Democrat participant former.""",10,191,388,,,,,,,Cindy Hill DDS,Anthony Horton,Juan Gordon,,,,,,,Lead Actor,Lead Actor,Cameo,,,,,,,23,11,3.27
6a2354259f2f6901826a5546,41,Own record control,2019,101,Sci-Fi,Medical short miss ok significant. Also do sea assume win. Natural maintain federal nation boy enjoy full.,66,254,271,303,383,,,,,Bobby Lawson,Jorge Smith,Natasha Fuller,Alexander Mercer,Leah Rose,,,,,Cameo,Cameo,Cameo,Lead Actor,Cameo,,,,,20,15,3.2
6a2354259f2f6901826a5547,42,Mention measure,2008,173,Sci-Fi,And generation professor customer one between wide drug. Seem avoid technology recently audience.,67,91,,,,,,,,Susan Keith,Ashley Foster,,,,,,,,Cameo,Lead Actor,,,,,,,,25,13,2.62
6a2354259f2f6901826a5548,43,Skill somebody,2005,148,Horror,"""Nor soon walk bring. Type already simply tax push. Herself then hit will his drug ask prepare.\nUsually the activity chance toward finish. Federal month all read section everything.""",64,119,199,302,449,,,,,Nicole Poole,Steven Guerrero,Mr. Austin Johnson Jr.,Ethan Miller,Stephanie Davidson,,,,,Cameo,Lead Actor,Cameo,Lead Actor,Cameo,,,,,22,14,3.07
6a2354259f2f6901826a5549,44,Hold development,1996,124,Thriller,Commercial far music quickly scientist trial draw husband. Particular structure hand notice degree billion. Discussion live modern.,199,,,,,,,,,Mr. Austin Johnson Jr.,,,,,,,,,Supporting Actor,,,,,,,,,29,12,2.58
6a2354259f2f6901826a554a,45,Member body right,2025,105,Drama,"""Since boy again learn. Meeting operation decide five physical yet produce. Town middle ten receive.\nCard project or line with shake. Trouble themselves possible surface artist probably.""",65,84,119,223,243,483,490,,,Beverly Farley,Michael Harrison,Steven Guerrero,Christy Morrison,Rebecca Stafford,Megan Schneider,Mary Sanchez,,,Lead Actor,Cameo,Lead Actor,Supporting Actor,Lead Actor,Supporting Actor,Lead Actor,,,14,3,3.67
6a2354259f2f6901826a554b,46,Might someone foreign,1981,155,Comedy,"""Thing another house this career.\nHusband few accept people.\nRecord oil know laugh form society radio. Administration third month relate first authority oil night. You enough something speak suddenly.""",54,95,120,219,266,312,,,,Dr. Anna Hunter,Katherine Burch,Tiffany Wilson,William Perry,Brianna Anthony,Crystal Lee,,,,Lead Actor,Cameo,Lead Actor,Supporting Actor,Cameo,Lead Actor,,,,22,4,3
6a2354259f2f6901826a554c,47,Idea short mind,2018,117,Fantasy,Continue scene behavior public. Difference five pull some leader sure. Impact next talk Mr better. Represent entire property method suggest officer east modern.,260,349,446,,,,,,,Bryan Lewis,Christopher Jacobs,Joseph Armstrong,,,,,,,Supporting Actor,Supporting Actor,Cameo,,,,,,,20,12,3
6a2354259f2f6901826a554d,48,Source safe available,1996,145,Romance,Number shake country especially sometimes officer. Yet must form maybe collection drive have. Whose who I consider social road enjoy man.,127,149,218,,,,,,,Isaac Crosby,Christina Smith,Jeffrey Hensley,,,,,,,Supporting Actor,Cameo,Lead Actor,,,,,,,20,11,2.27
6a2354259f2f6901826a554e,49,Early serve development,1986,112,Action,"""Thing occur drive though soldier new.\nPartner whatever benefit ball work. Direction water her drive fly.\nHold first magazine together case church crime. Hold either whole article.""",126,185,302,323,406,,,,,Mark Hanson,Megan Shields,Ethan Miller,Cody Mitchell,Emma Newton,,,,,Lead Actor,Cameo,Lead Actor,Cameo,Supporting Actor,,,,,19,10,2.9
6a2354259f2f6901826a554f,50,Radio east as,2012,155,Sci-Fi,"""Top many seem ask. Simply week machine.\nStar according way west. After peace yes skill resource why.\nOperation figure source support admit most Mrs. Soldier audience easy stay form can.""",,,,,,,,,,,,,,,,,,,,,,,,,,,,11,8,3.38
6a2354259f2f6901826a5550,51,Big they,2002,105,Horror,"""Someone fire kitchen bag rest as. Late agree political. Will heavy most window coach.\nYear method design maintain call. Career control paper time if various.""",284,416,486,,,,,,,Hayley Barr,Carrie Nash,Jessica Evans,,,,,,,Lead Actor,Supporting Actor,Supporting Actor,,,,,,,19,12,3.75
6a2354259f2f6901826a5551,52,Explain range,2008,141,Horror,People music produce because unit including heavy bank. Financial upon reflect store environmental lawyer. Space medical difficult top cause.,135,269,342,358,371,,,,,Katelyn Davis,Wendy Lee,Kathleen Smith,James Robinson,Julie Gomez MD,,,,,Lead Actor,Supporting Actor,Cameo,Lead Actor,Supporting Actor,,,,,17,10,2.7
6a2354259f2f6901826a5552,53,Hundred money our,1982,134,Comedy,"""Old eye garden art. Program line light child. I nation course.\nThird everything tough matter. Score morning local. Media list site.""",84,340,,,,,,,,Michael Harrison,Chelsea Craig,,,,,,,,Lead Actor,Supporting Actor,,,,,,,,17,5,2.8
6a2354259f2f6901826a5553,54,Man,2018,119,Romance,Usually PM public something at produce. Life measure paper allow section.,27,163,299,447,,,,,,Robert Soto,Lorraine Garrett,Carla Hill,Richard Jones,,,,,,Cameo,Lead Actor,Lead Actor,Cameo,,,,,,25,18,2.89
6a2354259f2f6901826a5554,55,Opportunity ground,1996,130,Drama,"""Card father war according process since. Wind baby company rest rest.\nIt wonder really over analysis. Where now yard generation radio such. From story attack style mouth wish poor.""",,,,,,,,,,,,,,,,,,,,,,,,,,,,14,8,2.88
6a2354259f2f6901826a5555,56,Commercial chance,1996,107,Adventure,"""Give certain fast government. Ok environment which free act message physical.\nEffort next model hour. Model apply despite each technology teacher mission.""",11,57,154,273,364,,,,,Adam Clarke,Jesse Morrow,Jesse Mann,Nathan Clark,Jeffrey Taylor,,,,,Lead Actor,Cameo,Supporting Actor,Supporting Actor,Lead Actor,,,,,22,10,3.4
6a2354259f2f6901826a5556,57,Fish owner,2003,83,Drama,"""Film son hundred young mind. Member family or station structure case animal. Past bad spend education.\nMethod fact score mention suggest join him. Wear style event quality technology.""",447,,,,,,,,,Richard Jones,,,,,,,,,Lead Actor,,,,,,,,,28,16,3.44
6a2354259f2f6901826a5557,58,Continue wall,1987,110,Romance,Democratic step itself most create success physical. Past show various serve. Poor paper major keep start new anything.,119,271,463,,,,,,,Steven Guerrero,Natasha Fuller,Jonathan Randolph,,,,,,,Lead Actor,Cameo,Cameo,,,,,,,25,11,3
6a2354259f2f6901826a5558,59,Treatment take know,2004,125,Comedy,"""Skin beat push country south all up.\nWalk middle talk per central address question miss. Debate pressure fine environmental technology system fear.""",177,405,419,,,,,,,Kristine Fox,Teresa Williams,Patricia Brown,,,,,,,Lead Actor,Lead Actor,Cameo,,,,,,,13,8,2.88
6a2354259f2f6901826a5559,60,Hour,2001,180,Fantasy,Nation among hold fine college decide. Shoulder bad unit site car cultural avoid successful. Range music fill.,,,,,,,,,,,,,,,,,,,,,,,,,,,,24,14,3.57
6a2354259f2f6901826a555a,61,Task maybe involve financial,1985,122,Romance,"""Religious someone share night reach again social. Find future information various report church will.\nMusic character very able although good. Form whole send assume style tax floor close.""",237,395,,,,,,,,Kevin Cook,Michael Bennett,,,,,,,,Cameo,Lead Actor,,,,,,,,19,11,2.73
6a2354259f2f6901826a555b,62,Capital book think,1991,128,Thriller,"""Hotel six far there car. Build plant fear industry voice animal.\nAway boy attack clear speech music experience. Left hundred dark then understand expect system.""",119,232,434,496,,,,,,Steven Guerrero,Jessica Riley,Dr. Charles Anderson,Eddie Jenkins,,,,,,Supporting Actor,Cameo,Supporting Actor,Lead Actor,,,,,,30,19,2.53
6a2354259f2f6901826a555c,63,Project practice,1987,105,Romance,Guy school movie first program. Expert increase ground consider mention standard. Mr onto sort trip whom some use. Capital contain hope serve.,57,124,259,419,,,,,,Jesse Morrow,Joseph Martinez,Ruth Lambert,Patricia Brown,,,,,,Supporting Actor,Cameo,Cameo,Lead Actor,,,,,,33,18,2.78
6a2354259f2f6901826a555d,64,Already instead community,1981,98,Drama,See around minute I staff. Fund myself here table station probably challenge.,48,112,254,308,406,434,,,,Lacey Bernard,Howard Riggs,Jorge Smith,Stephanie Martinez,Emma Newton,Dr. Charles Anderson,,,,Supporting Actor,Lead Actor,Cameo,Lead Actor,Lead Actor,Lead Actor,,,,19,12,3.25
6a2354259f2f6901826a555e,65,Capital take evidence,2011,124,Thriller,"""Spring visit while develop up. Order of suffer whatever population role.\nHair weight surface nor. Challenge perhaps girl study only else account. Stock able vote I leave positive easy thought.""",269,280,367,,,,,,,Wendy Lee,Crystal Weiss,Cory Johnson,,,,,,,Lead Actor,Lead Actor,Supporting Actor,,,,,,,20,8,2.88
6a2354259f2f6901826a555f,66,Ago guess however,2003,169,Drama,"""Collection system yard across someone institution. See society why.\nCover first agreement can. Every PM sort series event.""",68,144,226,,,,,,,Howard Jones,James Charles,Ryan Mcknight,,,,,,,Lead Actor,Lead Actor,Cameo,,,,,,,23,8,2.88
6a2354259f2f6901826a5560,67,Out fund,2010,152,Romance,"""Second point imagine me say political. Lose alone exist. Ready many about guy stop personal against.\nHeart oil meeting position their good magazine. Wait eye name better evening yes.""",169,452,478,492,,,,,,Craig Jimenez,David Aguirre,Claudia Wilson,Timothy Johnson,,,,,,Supporting Actor,Cameo,Lead Actor,Cameo,,,,,,17,7,3.43
6a2354259f2f6901826a5561,68,Natural decide,2010,178,Drama,Method approach citizen first. Inside guess bed newspaper response truth practice. Bag image serve bad military very provide employee.,301,438,463,,,,,,,Kevin Acevedo,Joshua Delgado,Jonathan Randolph,,,,,,,Lead Actor,Lead Actor,Supporting Actor,,,,,,,21,9,3.22
6a2354259f2f6901826a5562,69,Choose approach most,1994,178,Drama,"""Can either kitchen less ability fast different language. Culture party form though continue run. Her red expect.\nBaby two president than. Nice gun age beat level.""",32,66,240,326,,,,,,Steven Brock,Bobby Lawson,Rachel Dean,Ashley Campos,,,,,,Lead Actor,Cameo,Supporting Actor,Supporting Actor,,,,,,23,9,3.67
6a2354259f2f6901826a5563,70,Difficult,1993,91,Fantasy,"""Find institution relate recent certainly. Capital listen result minute sit major area action.\nEvent notice just project fill. Future information job reason.""",37,109,129,166,216,377,441,,,Brenda Bailey,Laurie Nguyen,Benjamin Mccoy,Craig Hall,Tammy Baker,Carla Frazier,Amy Chen,,,Supporting Actor,Lead Actor,Cameo,Lead Actor,Supporting Actor,Supporting Actor,Supporting Actor,,,12,5,2.6
6a2354259f2f6901826a5564,71,Data reason call,1984,161,Sci-Fi,"""Stop somebody prepare policy believe fear. Manager game perhaps miss.\nLand us situation need become smile citizen. Century election tough arm sort really amount.""",181,343,406,447,453,,,,,John Payne,Jessica Cruz,Emma Newton,Richard Jones,Tara Nichols,,,,,Supporting Actor,Supporting Actor,Cameo,Supporting Actor,Cameo,,,,,12,8,3.38
6a2354259f2f6901826a5565,72,Decide also lead current,2025,148,Comedy,Believe sell admit gas food could. Evidence center pass enjoy land run agency. Last deal none teach street group Mrs.,58,357,371,,,,,,,Krystal Spence,William Mccoy,Julie Gomez MD,,,,,,,Supporting Actor,Supporting Actor,Cameo,,,,,,,20,12,3.42
6a2354259f2f6901826a5566,73,Finally beautiful,2021,174,Sci-Fi,Maybe long around clear rest story. Control cost their we necessary country offer. Open many song majority. Develop floor president themselves.,358,412,500,,,,,,,James Robinson,Jack Smith,Amy King,,,,,,,Cameo,Cameo,Lead Actor,,,,,,,18,11,3
6a2354259f2f6901826a5567,74,Service buy,2021,91,Sci-Fi,"""Home son point form finish eye. Feel just weight assume.\nTotal news director detail economic especially. War impact affect campaign admit show.""",82,,,,,,,,,Clifford Stark,,,,,,,,,Supporting Actor,,,,,,,,,15,9,3.56
6a2354259f2f6901826a5568,75,Technology pick,1995,125,Adventure,"""Catch factor before decision would. Give country could public.\nKid special visit action. Generation some product course list. Determine factor pretty local yourself series relationship.""",151,300,443,,,,,,,Tammy Klein,Patricia West,Gary Lopez,,,,,,,Supporting Actor,Lead Actor,Supporting Actor,,,,,,,15,9,3.67
6a2354259f2f6901826a5569,76,Example air,2018,148,Sci-Fi,"""Cut cause significant Mr sense arrive. Thousand some focus kind marriage factor. Take really role seat answer.\nEasy these national card without under carry have. Manager well cost east.""",108,256,,,,,,,,Rachel Gibson,Mike Brennan,,,,,,,,Lead Actor,Lead Actor,,,,,,,,23,11,3.55
6a2354259f2f6901826a556a,77,Force happy tell,2026,130,Romance,"""For girl stop. Camera away third owner consider. Article hotel season either.\nThreat among ability wonder maybe news box. Happen less available lose. Catch star culture subject born same.""",,,,,,,,,,,,,,,,,,,,,,,,,,,,14,10,2.8
6a2354259f2f6901826a556b,78,Marriage start,2016,171,Romance,"""Seem add win without serve. During least need option national language. Oil economic far factor.\nNation trouble evening upon get. Maintain trouble business.""",266,397,,,,,,,,Brianna Anthony,Teresa Cole,,,,,,,,Supporting Actor,Supporting Actor,,,,,,,,21,10,2.5
6a2354259f2f6901826a556c,79,Nice everything different,2007,95,Drama,"""Work then stock forget. Side model individual station.\nBudget too feel make from amount. Care today light deep this eat.""",12,18,,,,,,,,Sharon Mcdowell,Amy Harris,,,,,,,,Supporting Actor,Supporting Actor,,,,,,,,29,20,3.5
6a2354259f2f6901826a556d,80,Off at bed,1980,117,Romance,Body when important technology shoulder structure color activity. Still Mr chair PM forget yeah center.,30,284,344,455,,,,,,Jeremy Elliott,Hayley Barr,Nicole King,Ray Smith,,,,,,Lead Actor,Cameo,Lead Actor,Lead Actor,,,,,,17,9,3.22
6a2354259f2f6901826a556e,81,Bring need continue,2026,137,Drama,"""Player probably various total. Raise safe relate hair partner style available.\nChoice risk pressure likely offer store local.\nProgram reveal color act production citizen raise. Win development also.""",63,126,444,450,,,,,,Matthew Kennedy,Mark Hanson,Deborah Adkins,Joseph Sosa,,,,,,Supporting Actor,Supporting Actor,Cameo,Supporting Actor,,,,,,16,8,3.25
6a2354259f2f6901826a556f,82,Particularly interesting,1998,128,Romance,"""Prove brother any. Choose their computer where. Performance organization range at third camera.\nSomeone field mean prove heavy as. Pm Democrat guy activity range use.""",140,208,304,378,489,,,,,Barbara Lewis,Nicholas Gonzales,Chelsea Moore,Ashley Weaver,Brett Reynolds,,,,,Supporting Actor,Cameo,Cameo,Cameo,Supporting Actor,,,,,15,11,3.91
6a2354259f2f6901826a5570,83,Line apply doctor,2026,90,Romance,"""Structure television soldier note.\nRate notice in husband politics just them. Back court important thing debate PM past. Along whatever officer pattern.""",15,52,236,,,,,,,Kelli Jones,Michelle Patterson,Katelyn Brown,,,,,,,Supporting Actor,Lead Actor,Supporting Actor,,,,,,,22,9,2.11
6a2354259f2f6901826a5571,84,Week rise town,2011,164,Fantasy,Later car own rock deep something difficult. Sure woman growth building season weight investment member. Speak international control. Forward sign eight free mind network discussion laugh.,38,73,336,,,,,,,Patricia Vasquez,Danielle Parker,Cynthia Martinez,,,,,,,Cameo,Cameo,Cameo,,,,,,,20,6,3.83
6a2354259f2f6901826a5572,85,Process nearly language,1987,168,Action,"""West mouth him pull think make answer. Contain former soon eight outside. Music candidate six age mission seem attack get.\nHot energy bank become. Report reach big sit their similar blue.""",37,417,463,,,,,,,Brenda Bailey,Austin Boone,Jonathan Randolph,,,,,,,Cameo,Lead Actor,Supporting Actor,,,,,,,20,10,3.7
6a2354259f2f6901826a5573,86,Speak few test,1995,149,Drama,Minute large book well quality challenge. Capital above admit prevent protect of method. Art board really available produce member.,48,333,385,,,,,,,Lacey Bernard,Ricky Cooper II,Kathleen Mitchell,,,,,,,Supporting Actor,Supporting Actor,Supporting Actor,,,,,,,19,9,3.11
6a2354259f2f6901826a5574,87,If people college,1993,117,Comedy,"""Return PM surface. Staff rest former television thank.\nTree fire laugh figure body mind. Character voice should other instead. Effect son loss paper.""",17,22,107,198,206,271,475,,,Christopher Martin,Cathy Schultz,Jeffrey Johnston,Juan Robinson,Karen Leonard,Natasha Fuller,Christopher Noble,,,Supporting Actor,Lead Actor,Supporting Actor,Supporting Actor,Cameo,Cameo,Cameo,,,22,11,2.91
6a2354259f2f6901826a5575,88,Figure interesting Democrat southern,2026,172,Thriller,Still off behavior history on friend. Institution blood imagine pass rich work system. Tough PM high single nice can short.,456,,,,,,,,,Marc Carter,,,,,,,,,Lead Actor,,,,,,,,,13,7,1.86
6a2354259f2f6901826a5576,89,Off,1988,159,Action,"""Treatment throughout face live make action. Deal to mean moment. Whom ahead sometimes together effect.\nDevelop actually back floor. Identify from almost anything court.""",197,286,314,443,466,,,,,Michael Friedman,Megan Johnson,Jonathan Galvan,Gary Lopez,Jose Gray,,,,,Cameo,Cameo,Supporting Actor,Supporting Actor,Lead Actor,,,,,18,10,2.7
6a2354259f2f6901826a5577,90,Pull old south,1992,131,Drama,Attack turn worker indeed character. Trade car then agent heart century those deep.,146,246,,,,,,,,Jenny Allen,Andrew Morris,,,,,,,,Supporting Actor,Lead Actor,,,,,,,,25,6,3.5
6a2354259f2f6901826a5578,91,Alone Democrat others,2024,164,Adventure,Light member partner station media in. Then happy federal nation time rest thing along. Pay movie girl left case model mission enjoy.,111,315,329,379,,,,,,Stacy Anderson,Kimberly Conrad,Jeffrey Gutierrez,William Howard,,,,,,Cameo,Lead Actor,Cameo,Supporting Actor,,,,,,20,12,3.33
6a2354259f2f6901826a5579,92,Forward,1990,144,Adventure,Help draw art sort effect place. Politics laugh according school deep. Provide fact policy reveal base matter seven. Show charge catch four.,34,148,351,460,,,,,,Nicholas Bradford,Tracy Mann,Veronica Elliott,Brandy Scott,,,,,,Lead Actor,Supporting Actor,Cameo,Lead Actor,,,,,,19,9,3.44
6a2354259f2f6901826a557a,93,Party author attack,1991,173,Drama,Majority likely shoulder against protect century. Region notice carry model. Company partner style debate individual.,369,,,,,,,,,Shane Kelly,,,,,,,,,Cameo,,,,,,,,,16,7,2.43
6a2354259f2f6901826a557b,94,Move wear and,1982,94,Action,"""Indicate room friend mouth develop. Evening the plant real minute year. Air majority detail boy series happen.\nReach operation without teacher fly. Form activity know important military.""",,,,,,,,,,,,,,,,,,,,,,,,,,,,17,10,3.3
6a2354259f2f6901826a557c,95,Blood exist likely,1994,177,Drama,"""Paper require agency child every past. Sea eye occur huge. Person collection write hundred popular.\nThere factor remember find with.""",429,454,,,,,,,,James Beard,Jonathan Walker,,,,,,,,Lead Actor,Lead Actor,,,,,,,,20,11,2.64
6a2354259f2f6901826a557d,96,Sport explain,2013,84,Action,"""Within figure enough find grow item. Mother star son send collection. Pattern bag tell source eye effort.\nCall party it increase girl election. Participant nice attack any build source particularly.""",84,129,279,,,,,,,Michael Harrison,Benjamin Mccoy,Ryan Thomas,,,,,,,Lead Actor,Cameo,Cameo,,,,,,,23,9,3.11
6a2354259f2f6901826a557e,97,Catch sister son,2016,90,Fantasy,"""Outside order building rate late. Director mention father might force your.\nWear feel my. Lose conference clear deal rule. Floor suddenly nature there.""",34,276,,,,,,,,Nicholas Bradford,Sheila Zimmerman,,,,,,,,Cameo,Supporting Actor,,,,,,,,18,13,1.85
6a2354259f2f6901826a557f,98,Themselves special,2010,140,Mystery,"""Protect institution Democrat hold. Debate must body soldier grow.\nAbout travel sport resource matter. Great dinner show time. Door across treatment past example box defense.""",379,470,,,,,,,,William Howard,Kelsey Orozco,,,,,,,,Lead Actor,Lead Actor,,,,,,,,12,7,3.29
6a2354259f2f6901826a5580,99,Others civil the,2008,107,Mystery,"""Would bag nature every according space stage. Church next about air wonder.\nListen cover natural keep success beautiful discover. Board side so wrong five pull audience.""",26,234,255,311,364,,,,,Jessica Warren,Connie Williamson,Anthony Shea,Diana Fowler,Jeffrey Taylor,,,,,Supporting Actor,Cameo,Lead Actor,Supporting Actor,Supporting Actor,,,,,28,14,2.93
6a2354259f2f6901826a5581,100,Billion family,2023,164,Romance,"""Care mission red down remain stop fast. Government under know. Argue leader of parent we news.\nFeeling number appear worker specific upon. Culture both believe military research.""",29,59,274,463,,,,,,Heather Watkins,Caitlin Young,Laura Williams,Jonathan Randolph,,,,,,Lead Actor,Lead Actor,Cameo,Cameo,,,,,,29,13,3.23
6a2354259f2f6901826a5582,101,Record around follow,2024,86,Action,"""Both hour various church everyone. Perform position investment Congress investment push.\nPhysical probably room long discuss baby behavior.\nNot successful know get. Thought not matter part.""",281,310,312,,,,,,,Anthony Wilson,Katherine Smith,Crystal Lee,,,,,,,Supporting Actor,Supporting Actor,Cameo,,,,,,,22,11,3.64
6a2354259f2f6901826a5583,102,Lawyer special,2000,107,Adventure,Mean true ready treat. Environmental back sister surface live yard growth. How they section drop responsibility father fund site.,34,175,182,379,482,,,,,Nicholas Bradford,Sonya Jensen,Chloe Hensley,William Howard,Tricia Wallace,,,,,Cameo,Lead Actor,Lead Actor,Cameo,Cameo,,,,,16,9,3.11
6a2354259f2f6901826a5584,103,Song feeling,2012,155,Drama,Become draw little save fine prove call. Movement money common run weight. Like assume former.,409,410,,,,,,,,Harold Kelly,Mark Ramirez,,,,,,,,Supporting Actor,Cameo,,,,,,,,19,13,3.46
6a2354259f2f6901826a5585,104,Onto away would,2006,132,Romance,Just herself edge beat. Stage other finish fund size miss including step. Would majority civil run yard everything commercial.,486,,,,,,,,,Jessica Evans,,,,,,,,,Supporting Actor,,,,,,,,,20,8,3.38
6a2354259f2f6901826a5586,105,Far beautiful,1991,95,Action,"""Policy stop three dream action impact moment. Who plan order. New very within thank.\nSoon you accept western. Identify character century.""",37,156,205,251,292,305,,,,Brenda Bailey,Rachel Lane,Lisa Berry,Anna Washington,Richard Evans,Carl Robinson,,,,Cameo,Supporting Actor,Lead Actor,Supporting Actor,Cameo,Cameo,,,,17,9,2
6a2354259f2f6901826a5587,106,Day fine color,2008,101,Drama,Development the war agent blue fund state. Himself ahead second reach candidate. Woman throughout yet organization design through really.,86,198,384,499,,,,,,Chad Mann,Juan Robinson,Jillian Weaver,Zachary Bass,,,,,,Cameo,Supporting Actor,Lead Actor,Lead Actor,,,,,,17,7,2
6a2354259f2f6901826a5588,107,Necessary can,2002,93,Sci-Fi,Ever fly up environmental trade letter. Perform interview work community manager. Structure child set skill.,61,140,175,347,,,,,,Emily Chase,Barbara Lewis,Sonya Jensen,Sarah Macias,,,,,,Cameo,Supporting Actor,Lead Actor,Lead Actor,,,,,,23,9,2.67
6a2354259f2f6901826a5589,108,Price cup pretty,2015,108,Comedy,Argue indicate home cost remain stop. Forward concern will heart during rock successful significant. Production exactly than general good style. High where all trip good in technology.,53,58,118,134,210,296,,,,Gina Dixon,Krystal Spence,Andrew Berry,Matthew Rose,Luis Randall,Elizabeth Kent,,,,Supporting Actor,Supporting Actor,Lead Actor,Lead Actor,Supporting Actor,Supporting Actor,,,,16,9,3.44
6a2354259f2f6901826a558a,109,Feel,1983,139,Adventure,"""Break real Republican prevent act remember. Clearly protect beat spring.\nAnswer sit central become will seven feeling.""",154,287,327,419,,,,,,Jesse Mann,Cody Mcdaniel,Amanda Nichols,Patricia Brown,,,,,,Cameo,Supporting Actor,Lead Actor,Supporting Actor,,,,,,19,7,3.29
6a2354259f2f6901826a558b,110,Security factor,2022,149,Horror,"""Member we poor run. Performance simple guess energy lay. Employee fact smile main.\nDay make author cost example model coach. Able leg while population sister statement word.""",265,387,,,,,,,,Amber Mason,Maurice Davis,,,,,,,,Supporting Actor,Supporting Actor,,,,,,,,15,8,2.63
6a2354259f2f6901826a558c,111,Then,2021,150,Action,"""Security toward resource. Inside quickly between purpose effort.\nBit beyond memory picture owner subject. Image matter marriage available others necessary.""",63,274,405,429,,,,,,Matthew Kennedy,Laura Williams,Teresa Williams,James Beard,,,,,,Lead Actor,Cameo,Supporting Actor,Cameo,,,,,,24,12,3.08
6a2354259f2f6901826a558d,112,High technology land,2024,156,Thriller,Campaign her poor son next adult question. Rather pressure have office what agreement professor. Claim billion source three teach agree.,62,428,,,,,,,,Christopher Stokes,Jeffrey Hicks,,,,,,,,Lead Actor,Cameo,,,,,,,,18,7,4
6a2354259f2f6901826a558e,113,Stay candidate,2003,157,Sci-Fi,"""Mrs stop guy type. Per author and.\nBack policy physical box. All along Congress difficult stage population. Describe author majority will.""",110,269,306,332,352,389,,,,Theresa Lopez,Wendy Lee,Kathleen Yang,Edwin Chapman,Tina Hunt,Sarah Byrd,,,,Lead Actor,Supporting Actor,Supporting Actor,Cameo,Supporting Actor,Cameo,,,,22,9,2.11
6a2354259f2f6901826a558f,114,Professional think,2005,97,Fantasy,"""Always environmental choose game deep response.\nTown ball military blood. I budget eight. May ten long.\nRealize soldier car plant. Heavy position owner site challenge. Type four lose certain.""",175,185,,,,,,,,Sonya Jensen,Megan Shields,,,,,,,,Cameo,Lead Actor,,,,,,,,17,7,2.71
6a2354259f2f6901826a5590,115,Want management,2021,120,Thriller,Become skin participant choice. Or must college those low until. Democratic across game dog score treat popular.,175,,,,,,,,,Sonya Jensen,,,,,,,,,Lead Actor,,,,,,,,,18,6,2.83
6a2354259f2f6901826a5591,116,Move impact later,2007,102,Comedy,"""Force property box law modern computer. More paper radio claim unit trial let team. Worry live learn new enjoy.\nMany maintain later. Upon one ago bag direction. Chair maintain happy close house.""",9,138,,,,,,,,Natalie Schultz,Ryan Nguyen,,,,,,,,Lead Actor,Lead Actor,,,,,,,,15,7,3.43
6a2354259f2f6901826a5592,117,Cultural just,1989,158,Mystery,"""Agree bank grow fill relate official. Cause have play address authority.\nDespite seat two. Moment must magazine paper store no.""",214,319,470,,,,,,,Thomas Moss,Aaron Brown,Kelsey Orozco,,,,,,,Supporting Actor,Supporting Actor,Supporting Actor,,,,,,,22,13,2.92
6a2354259f2f6901826a5593,118,Economic success,2016,129,Action,Toward hit force situation party natural least. Before factor thing area want official green which. Television its mind moment provide beyond contain.,,,,,,,,,,,,,,,,,,,,,,,,,,,,21,9,2.67
6a2354259f2f6901826a5594,119,Space allow,2002,179,Romance,"""Property catch near everyone already be voice improve. Nothing agency garden fish parent parent.\nContain anyone bit country follow head. Appear pull especially often.""",24,91,340,372,414,,,,,Vincent Pearson,Ashley Foster,Chelsea Craig,Darryl Moore,Pamela Schwartz,,,,,Lead Actor,Cameo,Supporting Actor,Supporting Actor,Lead Actor,,,,,21,9,2.44
6a2354259f2f6901826a5595,120,Peace painting prove,2026,104,Thriller,"""With economy structure north piece surface. Worry grow front.\nHere decade away past ok tend. Arrive here soon realize know meet.""",499,,,,,,,,,Zachary Bass,,,,,,,,,Supporting Actor,,,,,,,,,24,9,3
6a2354259f2f6901826a5596,121,Discover address sell,1992,156,Romance,Public few wish animal country. Behind scientist provide change save administration. Democrat product against worry ball account.,13,103,193,315,385,474,,,,Teresa Abbott,Christine Alexander,Matthew Lee,Kimberly Conrad,Kathleen Mitchell,Kathleen Johnson,,,,Lead Actor,Lead Actor,Cameo,Supporting Actor,Supporting Actor,Lead Actor,,,,23,9,3
6a2354259f2f6901826a5597,122,Will set,1987,104,Mystery,Chance moment hair single our worry break. Season water far process language your million if. Across edge happy.,48,165,227,,,,,,,Lacey Bernard,William Jones,Melissa Bright,,,,,,,Cameo,Supporting Actor,Cameo,,,,,,,21,10,3.2
6a2354259f2f6901826a5598,123,New agent,1987,143,Romance,"""Read paper organization until seven. Toward should paper rate.\nActually might class common tree blood boy. Fast size hear west teach. Speech message baby their answer realize.""",52,74,103,118,249,347,379,437,,Michelle Patterson,Luis Young,Christine Alexander,Andrew Berry,Joseph Henderson,Sarah Macias,William Howard,Oscar Delgado,,Cameo,Lead Actor,Cameo,Supporting Actor,Lead Actor,Lead Actor,Supporting Actor,Lead Actor,,24,8,2.63
6a2354259f2f6901826a5599,124,Clear decide,2007,165,Horror,"""Amount understand site air. On record ten nice world quite. Assume teacher son spend sign indicate.\nOpen expert production girl. Since wish miss more. Trouble large we its although fall.""",377,,,,,,,,,Carla Frazier,,,,,,,,,Cameo,,,,,,,,,24,13,2.23
6a2354259f2f6901826a559a,125,Remember north cover,2018,155,Romance,Send herself actually husband serve national place. Step medical ok difference company. Camera rich mind theory.,,,,,,,,,,,,,,,,,,,,,,,,,,,,14,9,3.33
6a2354259f2f6901826a559b,126,Nation health,2018,123,Sci-Fi,Spring middle rather expect three imagine detail. Raise rock leg money power light. Upon hit man within her approach his.,234,340,,,,,,,,Connie Williamson,Chelsea Craig,,,,,,,,Cameo,Cameo,,,,,,,,20,12,3.5
6a2354259f2f6901826a559c,127,Throw face,2019,89,Fantasy,Water lose else stuff development. Throw man trip data. Kid receive form full see. Benefit recently understand director finally.,,,,,,,,,,,,,,,,,,,,,,,,,,,,18,9,2.33
6a2354259f2f6901826a559d,128,Size,2008,174,Fantasy,"""Run perform buy course.\nDemocratic gun administration crime painting Democrat take. Popular buy evening without source property bag federal. Character others performance.""",24,122,130,293,,,,,,Vincent Pearson,Michelle Duncan,William Little DVM,Matthew Washington,,,,,,Lead Actor,Lead Actor,Cameo,Lead Actor,,,,,,12,4,2.5
6a2354259f2f6901826a559e,129,Mind door year,2013,175,Adventure,"""Create job market police. Country color happen believe.\nPrevent attention which single. Much instead movement month local fall degree.""",126,242,320,340,,,,,,Mark Hanson,Jonathan Lee,Ashley Robertson,Chelsea Craig,,,,,,Supporting Actor,Lead Actor,Supporting Actor,Cameo,,,,,,14,8,3.25
6a2354259f2f6901826a559f,130,Reality anyone score factor,1983,116,Romance,System marriage statement since effort finish performance range. Majority baby citizen right always stock.,100,117,,,,,,,,Andrew Hammond,Karen Holmes,,,,,,,,Cameo,Cameo,,,,,,,,25,11,2.45
6a2354259f2f6901826a55a0,131,Store quite,1990,148,Fantasy,"""Whatever up memory book room. Strong future wall fire.\nWhy off him chance send.\nThreat send it weight trip. Threat figure report cause though.""",44,175,,,,,,,,Tabitha Taylor,Sonya Jensen,,,,,,,,Supporting Actor,Supporting Actor,,,,,,,,20,7,3.57
6a2354259f2f6901826a55a1,132,Career enter,2015,136,Thriller,"""Culture them investment ok discuss road. Type fact floor tell set though. Challenge actually board yard.\nWish put move director sort. Live night certain picture do discover pull sound.""",6,27,47,152,191,391,,,,Amanda Blackburn,Robert Soto,Joshua Burke,Brian White,Anthony Horton,Bob Jordan,,,,Cameo,Cameo,Cameo,Cameo,Supporting Actor,Supporting Actor,,,,8,4,3
6a2354259f2f6901826a55a2,133,Once company,1995,171,Adventure,Idea arrive week power themselves. Report benefit your hope floor. Blue treat risk peace once girl though.,7,142,155,166,320,,,,,Mr. Ivan Baxter,John Sanchez,Karen King,Craig Hall,Ashley Robertson,,,,,Cameo,Supporting Actor,Cameo,Lead Actor,Cameo,,,,,15,5,2.4
6a2354259f2f6901826a55a3,134,Show environmental center,1998,179,Fantasy,Sound material history have. Politics quickly cause far sport environmental indeed. Stock worker enough law party blood ten.,20,,,,,,,,,Courtney Ward,,,,,,,,,Supporting Actor,,,,,,,,,22,9,3.33
6a2354259f2f6901826a55a4,135,Thus expert,1982,124,Sci-Fi,"""Rate think rise. Partner yeah difficult where modern case receive. Drive report prepare better despite why southern.\nStyle choice wife set everyone fund message. Responsibility candidate start too.""",81,233,409,,,,,,,Richard Thomas,Jennifer Miller,Harold Kelly,,,,,,,Cameo,Cameo,Cameo,,,,,,,23,10,3.6
6a2354259f2f6901826a55a5,136,Can response green,2015,170,Sci-Fi,"""Agency hope science political serve possible.\nWork five condition of begin physical wish.\nMother read specific family watch ago truth. Hundred product behavior why heavy something piece.""",276,361,433,,,,,,,Sheila Zimmerman,Mrs. Sarah Oneill,Michelle Adkins,,,,,,,Cameo,Lead Actor,Supporting Actor,,,,,,,16,10,3.3
6a2354259f2f6901826a55a6,137,Sea send,2021,108,Drama,Prepare professor TV weight a. First arrive pressure try garden reach carry.,66,463,,,,,,,,Bobby Lawson,Jonathan Randolph,,,,,,,,Lead Actor,Supporting Actor,,,,,,,,17,8,3.38
6a2354259f2f6901826a55a7,138,Great usually record,2018,137,Action,"""Five my follow Republican simple establish her him. Others grow media tax newspaper too.\nNatural research open local simple practice.""",218,245,375,,,,,,,Jeffrey Hensley,Emily Keith,Jay Harrison,,,,,,,Lead Actor,Cameo,Cameo,,,,,,,24,12,3
6a2354259f2f6901826a55a8,139,Experience attention address,2021,154,Thriller,Real should sign policy war determine management. Century issue black check through trial quality nor. Not current newspaper suddenly public treat citizen.,272,295,438,,,,,,,Michael Duran,Ashley Knapp,Joshua Delgado,,,,,,,Supporting Actor,Cameo,Lead Actor,,,,,,,19,10,2.9
6a2354259f2f6901826a55a9,140,Discuss child,1992,168,Horror,"""Difference stuff modern know. Plan improve several hold front.\nExpert than until product agency phone. Front most stay across same describe. Road page after sort TV modern Democrat memory.""",305,361,,,,,,,,Carl Robinson,Mrs. Sarah Oneill,,,,,,,,Supporting Actor,Cameo,,,,,,,,17,5,3.4
6a2354259f2f6901826a55aa,141,House development laugh,2001,90,Thriller,Miss particularly this risk middle serious cell. Board foreign role less catch technology skill data. Relate sing consider realize likely ten dinner.,334,,,,,,,,,Brooke Mason,,,,,,,,,Cameo,,,,,,,,,20,11,2.91
6a2354259f2f6901826a55ab,142,Out,2020,151,Comedy,Deal finally myself career. Main product pattern decide bank concern. Popular impact president thus brother will less.,130,223,273,,,,,,,William Little DVM,Christy Morrison,Nathan Clark,,,,,,,Cameo,Cameo,Supporting Actor,,,,,,,23,9,2.89
6a2354259f2f6901826a55ac,143,Far article else,1997,83,Drama,"""Political institution cold moment environmental. Operation floor for mouth paper leg can.\nStep alone stock necessary class herself. Hand hundred building friend local our. Or those say its itself.""",26,40,92,140,276,407,431,,,Jessica Warren,Brandon Martin,Anthony Robinson,Barbara Lewis,Sheila Zimmerman,Laura Patel,Sandra Krueger,,,Supporting Actor,Supporting Actor,Supporting Actor,Cameo,Supporting Actor,Lead Actor,Lead Actor,,,22,9,3
6a2354259f2f6901826a55ad,144,Budget nature team,2006,93,Thriller,"""Soldier campaign over assume yard. Color economy television reflect position. On trouble run song one their.\nWriter writer interesting social whole story. Sit possible make one.""",307,365,,,,,,,,Angela Jackson,Kelly Tucker,,,,,,,,Supporting Actor,Cameo,,,,,,,,20,11,2.64
6a2354259f2f6901826a55ae,145,Where down long,2026,100,Adventure,Water article someone someone letter. Education between rather position among agent himself. Marriage foreign social east.,217,337,477,478,,,,,,Eileen Goodwin,Colleen Noble,Maria Page,Claudia Wilson,,,,,,Supporting Actor,Supporting Actor,Supporting Actor,Cameo,,,,,,22,8,3.13
6a2354259f2f6901826a55af,146,Million mission full home,2006,101,Adventure,"""Term growth do she pick big. Somebody much already beautiful health.\nAnswer since degree operation show if. Collection the moment society learn.""",23,201,,,,,,,,Robin Gutierrez,Adam Gutierrez,,,,,,,,Supporting Actor,Lead Actor,,,,,,,,15,7,2.57
6a2354259f2f6901826a55b0,147,Fire agree,1993,83,Fantasy,Music Democrat attorney size everything. Store car speech respond son. Open ability buy chair doctor firm.,13,160,,,,,,,,Teresa Abbott,Alexa Daugherty,,,,,,,,Cameo,Supporting Actor,,,,,,,,25,15,2.47
6a2354259f2f6901826a55b1,148,Risk will,1993,150,Horror,"""Picture rich investment summer send. Nothing idea soon bed sort.\nBelieve push worker either. Over win painting. Himself despite type true wear guy.""",74,121,291,450,491,,,,,Luis Young,Shane Silva,Steven Young,Joseph Sosa,Erica Reed,,,,,Lead Actor,Cameo,Lead Actor,Supporting Actor,Supporting Actor,,,,,25,14,3.43
6a2354259f2f6901826a55b2,149,Black especially year,1997,93,Adventure,"""Owner both who positive when several. Although woman rate do view. Wonder decision there quality program reach up.\nCommon hundred trouble we model. Will movement short some.""",76,94,,,,,,,,Amy Erickson,Shawn Sanchez,,,,,,,,Supporting Actor,Lead Actor,,,,,,,,13,8,2.5
6a2354259f2f6901826a55b3,150,Very,1985,157,Romance,"""Shake table hot none include her. Popular American beat guy.\nThey medical section ground push. Goal lead enough care make water go.""",,,,,,,,,,,,,,,,,,,,,,,,,,,,28,20,2.9
6a2354259f2f6901826a55b4,151,Employee,2002,147,Adventure,"""Billion American suggest baby late skin. Into citizen involve company our police.\nMatter type particular way rather computer exactly.""",146,172,,,,,,,,Jenny Allen,Mrs. Maria Lewis,,,,,,,,Supporting Actor,Supporting Actor,,,,,,,,30,16,3.06
6a2354259f2f6901826a55b5,152,They event almost,2003,180,Adventure,"""Voice worry lawyer north large able such. Get wide grow. Analysis none table much lead future box peace.\nSeason group paper open dinner yeah talk. Food keep become.""",107,262,,,,,,,,Jeffrey Johnston,Oscar Henry,,,,,,,,Lead Actor,Lead Actor,,,,,,,,20,9,2.89
6a2354259f2f6901826a55b6,153,Produce data,1988,88,Romance,Maybe apply fall reach sea spend. Various painting then happy include radio. Finish hold project. Here condition increase cover why use kitchen.,397,448,,,,,,,,Teresa Cole,Linda King,,,,,,,,Lead Actor,Lead Actor,,,,,,,,16,9,3.22
6a2354259f2f6901826a55b7,154,Check decide,1991,173,Thriller,"""Look impact change. Chance economic share painting spring. Rise instead writer everything nice.\nHuman himself approach. Evening culture worry learn.\nReceive will check life.""",8,40,65,67,74,91,184,442,483,Christopher Mckinney,Brandon Martin,Beverly Farley,Susan Keith,Luis Young,Ashley Foster,Adam Case,Pamela Bishop,Megan Schneider,Supporting Actor,Cameo,Cameo,Supporting Actor,Lead Actor,Supporting Actor,Supporting Actor,Cameo,Supporting Actor,22,7,2.57
6a2354259f2f6901826a55b8,155,Act attack especially,2010,176,Sci-Fi,Something hear husband focus sense. Safe would far fly later order say. Talk throw third some him walk value.,123,,,,,,,,,Jack Hogan,,,,,,,,,Lead Actor,,,,,,,,,26,13,3.23
6a2354259f2f6901826a55b9,156,Strategy first impact,1994,85,Thriller,Spend firm indicate vote between term. Term company cold hit first couple.,146,252,,,,,,,,Jenny Allen,Rebecca Morales,,,,,,,,Lead Actor,Supporting Actor,,,,,,,,18,5,2.6
6a2354259f2f6901826a55ba,157,Somebody help,1995,86,Sci-Fi,Professor clear difficult public action range. Action Democrat benefit art. Chance happy fish size heavy there subject.,27,92,,,,,,,,Robert Soto,Anthony Robinson,,,,,,,,Supporting Actor,Supporting Actor,,,,,,,,23,9,3.11
6a2354259f2f6901826a55bb,158,Sing worry agency stage,2000,153,Fantasy,Later attack difference security me break expert. Share write mother environmental act outside attorney discuss. End PM perform center something.,23,202,238,334,396,453,459,,,Robin Gutierrez,Rhonda Trujillo,Amber Floyd,Brooke Mason,Nicole Lawson,Tara Nichols,John Graham,,,Lead Actor,Cameo,Cameo,Lead Actor,Cameo,Cameo,Supporting Actor,,,21,9,3.56
6a2354259f2f6901826a55bc,159,Thousand situation option,1987,104,Romance,Lot much above live gas. Develop his field fear safe administration game work. Heart remain stage any industry yourself material teach.,106,391,,,,,,,,Dana Thompson,Bob Jordan,,,,,,,,Supporting Actor,Supporting Actor,,,,,,,,23,12,3.83
6a2354259f2f6901826a55bd,160,Cut,1992,180,Thriller,"""Natural hotel dark. Machine others remain hot. Choose player traditional.\nHelp left race particular. Friend campaign visit.""",17,41,51,84,187,453,,,,Christopher Martin,Sue Long,Kimberly Cox,Michael Harrison,Jodi Day,Tara Nichols,,,,Lead Actor,Supporting Actor,Lead Actor,Lead Actor,Cameo,Cameo,,,,31,16,3.19
6a2354259f2f6901826a55be,161,Have security need,2014,110,Romance,Main true move. Who floor Democrat agency another health worker. General behavior concern some worker space.,,,,,,,,,,,,,,,,,,,,,,,,,,,,23,11,3.55
6a2354259f2f6901826a55bf,162,Cut difficult,2010,92,Mystery,"""Rate team case write approach mission avoid open. Owner cold chair building. Much series market free structure us.\nScore just skill lot. Necessary will popular pick picture second.""",228,,,,,,,,,Nicole Boyd,,,,,,,,,Supporting Actor,,,,,,,,,18,8,3.38
6a2354259f2f6901826a55c0,163,Its education,2016,170,Drama,"""Sit top very member across. Woman financial trip speech tough. Likely source those break guess itself.\nAllow detail why enough suffer door common. Care have reduce anything allow fall commercial.""",24,76,392,,,,,,,Vincent Pearson,Amy Erickson,Christine Clark,,,,,,,Lead Actor,Lead Actor,Lead Actor,,,,,,,22,7,2.57
6a2354259f2f6901826a55c1,164,Little represent,2023,116,Sci-Fi,Finally either sense almost. Sound phone wish one. Report past third street stop especially final key. Amount capital practice plan person group right.,8,,,,,,,,,Christopher Mckinney,,,,,,,,,Cameo,,,,,,,,,25,11,3
6a2354259f2f6901826a55c2,165,Test positive lose,1984,115,Adventure,"""Inside rich cut. Pay history world receive thousand effort.\nRespond study especially center. Adult across activity network great address join attack. Charge out understand room.""",62,307,405,,,,,,,Christopher Stokes,Angela Jackson,Teresa Williams,,,,,,,Lead Actor,Lead Actor,Cameo,,,,,,,18,11,3.18
6a2354259f2f6901826a55c3,166,Blue nation,2006,117,Comedy,"""Campaign drug response several. Before character sell blood happy set continue.\nHis movie reveal physical. Throw call stock position early.""",85,297,381,499,,,,,,Lisa Castro,Miguel Jarvis,Kimberly Brown,Zachary Bass,,,,,,Supporting Actor,Lead Actor,Supporting Actor,Supporting Actor,,,,,,26,11,2.27
6a2354259f2f6901826a55c4,167,Hope serious contain,1992,122,Horror,"""Woman subject piece that foreign. Last toward people any. Move picture much leg in.\nWhen participant maybe wrong. House doctor they water age her. Man ready total try she tend.""",79,379,,,,,,,,Mathew Phillips,William Howard,,,,,,,,Lead Actor,Supporting Actor,,,,,,,,19,10,2.8
6a2354259f2f6901826a55c5,168,Word,2023,119,Thriller,"""Six suggest participant imagine site. Necessary long push eat boy realize politics.\nPhone defense about drop identify tonight. Resource trouble send crime individual stop artist.""",203,409,,,,,,,,Daniel Swanson DDS,Harold Kelly,,,,,,,,Cameo,Supporting Actor,,,,,,,,23,12,2.75
6a2354259f2f6901826a55c6,169,Across attention,2001,164,Sci-Fi,"""Certain everything close. Plan high find learn place drop. Traditional front any relate.\nHospital soon impact them because feel represent might. Plan far evening step bad movie design see.""",91,480,,,,,,,,Ashley Foster,Linda Graves,,,,,,,,Lead Actor,Supporting Actor,,,,,,,,18,9,3.89
6a2354259f2f6901826a55c7,170,Customer store,1983,85,Sci-Fi,Ago rise customer kid necessary decide though. Air his week board.,147,148,350,487,,,,,,Katherine Lewis,Tracy Mann,Emily Hampton,Melissa Rogers,,,,,,Lead Actor,Lead Actor,Supporting Actor,Supporting Actor,,,,,,26,14,2.93
6a2354259f2f6901826a55c8,171,Learn,2014,102,Fantasy,"""Bill side draw item.\nMy sure give book real business. These country way staff thought more outside like.\nContain consider inside she citizen. Article student have customer threat.""",27,,,,,,,,,Robert Soto,,,,,,,,,Lead Actor,,,,,,,,,20,8,3.75
6a2354259f2f6901826a55c9,172,Record year thus,1994,151,Romance,Fact build nature. Marriage them so Democrat budget figure. First even movement hit. Situation interview cold probably.,4,443,464,,,,,,,Jason Lyons,Gary Lopez,Jeffrey Weeks,,,,,,,Cameo,Lead Actor,Lead Actor,,,,,,,17,8,2.38
6a2354259f2f6901826a55ca,173,Huge especially Mrs,2019,160,Fantasy,Others very company itself hour. Camera act hair affect Democrat very military. Recognize wind piece bit listen tax.,1,354,,,,,,,,Mr. Steven Newman,Robin Martin,,,,,,,,Supporting Actor,Lead Actor,,,,,,,,16,9,3
6a2354259f2f6901826a55cb,174,Send least stop head,1992,113,Sci-Fi,Herself above very source political increase none rather. Brother loss improve amount heart player. Notice administration up itself senior conference city.,255,,,,,,,,,Anthony Shea,,,,,,,,,Supporting Actor,,,,,,,,,16,9,3.22
6a2354259f2f6901826a55cc,175,Management herself,2004,133,Romance,"""Special us ball age authority evidence those. View professor pattern mean director different onto.\nThank use talk. Away bad staff somebody. Plan hospital moment worker. Certain example sing sense.""",271,,,,,,,,,Natasha Fuller,,,,,,,,,Cameo,,,,,,,,,23,8,2.38
6a2354259f2f6901826a55cd,176,Social animal night,2004,89,Action,Include sit forward carry give. Role yourself natural play rise phone. Maintain story find good.,10,,,,,,,,,Cindy Hill DDS,,,,,,,,,Lead Actor,,,,,,,,,21,11,3
6a2354259f2f6901826a55ce,177,Some modern record,2007,99,Comedy,During hair spring we rather. Audience natural according try fight.,300,322,491,,,,,,,Patricia West,Theresa May,Erica Reed,,,,,,,Cameo,Cameo,Cameo,,,,,,,16,6,2
6a2354259f2f6901826a55cf,178,Statement true,2014,176,Horror,"""Than church lot still you performance. People federal east win.\nFear draw certain eight. Certainly require fight you.\nMiddle raise every say force amount anyone type.""",104,266,424,,,,,,,Nathan White,Brianna Anthony,Mathew Shepard,,,,,,,Supporting Actor,Cameo,Lead Actor,,,,,,,16,11,2.73
6a2354259f2f6901826a55d0,179,Local growth everybody,2019,131,Comedy,"""Score above minute civil. Five card former good. Look as consumer fire civil several know.\nHerself tonight chance what. Boy half apply investment degree.""",138,387,390,,,,,,,Ryan Nguyen,Maurice Davis,Tara Harris,,,,,,,Lead Actor,Cameo,Cameo,,,,,,,27,12,3
6a2354259f2f6901826a55d1,180,Against type how,1994,173,Sci-Fi,"""Where often heavy. Now weight church attention like several people.\nPower analysis live parent. Leg human international a minute north.""",187,192,196,242,383,,,,,Jodi Day,Tammie Ruiz,Richard Campbell,Jonathan Lee,Leah Rose,,,,,Lead Actor,Lead Actor,Lead Actor,Cameo,Supporting Actor,,,,,35,17,2.94
6a2354259f2f6901826a55d2,181,Guy owner,2023,158,Thriller,Old edge plan system walk forward firm. Stock between claim simple impact subject candidate. Issue together according economic occur.,44,164,208,421,474,,,,,Tabitha Taylor,Kyle Clark,Nicholas Gonzales,Donald Rivas,Kathleen Johnson,,,,,Cameo,Supporting Actor,Lead Actor,Lead Actor,Supporting Actor,,,,,18,10,2.7
6a2354259f2f6901826a55d3,182,Court believe,2016,126,Sci-Fi,"""Test anything activity leader painting. Blood number must factor card nor paper American.\nRoad production defense nature college by. Soon within answer thus course.""",244,302,,,,,,,,Jon Bridges DDS,Ethan Miller,,,,,,,,Cameo,Cameo,,,,,,,,21,10,3
6a2354259f2f6901826a55d4,183,Act far one,2020,157,Horror,Evidence scientist state far. Blood lay difficult represent. Network play break someone teach cell. Produce realize animal international though large.,91,108,407,436,,,,,,Ashley Foster,Rachel Gibson,Laura Patel,Jamie Franklin,,,,,,Cameo,Lead Actor,Supporting Actor,Lead Actor,,,,,,24,13,2.62
6a2354259f2f6901826a55d5,184,Finally however anyone business,2021,86,Romance,"""Civil important reality more scene reveal into.\nFast as within end ball not accept. Her benefit action.\nOld action every industry authority where. Visit sign feeling among product politics sit.""",179,196,347,490,,,,,,Margaret Hunter,Richard Campbell,Sarah Macias,Mary Sanchez,,,,,,Lead Actor,Cameo,Lead Actor,Lead Actor,,,,,,26,13,3.15
6a2354259f2f6901826a55d6,185,Consumer peace its family,2025,102,Fantasy,"""Page purpose but drop admit. Magazine city bag less right.\nWar identify staff real nation. Teacher radio stay tonight stop clearly husband. Detail bar cause material all thousand data particular.""",57,148,184,249,268,461,,,,Jesse Morrow,Tracy Mann,Adam Case,Joseph Henderson,Christopher Snyder,Tiffany Fields,,,,Supporting Actor,Lead Actor,Lead Actor,Lead Actor,Supporting Actor,Lead Actor,,,,28,17,3.06
6a2354259f2f6901826a55d7,186,Wear week,1995,105,Thriller,"""Suffer question agreement strong blood picture. Nature indeed sure store wear fly realize technology.\nSurface reality issue imagine play government. If do white dinner try leave fight war.""",149,202,207,,,,,,,Christina Smith,Rhonda Trujillo,Stephanie Garcia,,,,,,,Cameo,Lead Actor,Cameo,,,,,,,24,13,3.31
6a2354259f2f6901826a55d8,187,Six carry,2022,100,Romance,"""One phone simple design candidate simple. Direction public difficult side attention discover.\nNature special writer keep. Although management including animal result.""",211,464,,,,,,,,Maxwell Manning,Jeffrey Weeks,,,,,,,,Cameo,Lead Actor,,,,,,,,22,10,2.4
6a2354259f2f6901826a55d9,188,More decision,1980,103,Comedy,Some author social simple. Word participant during finish loss be. Mouth right least box start should.,174,182,,,,,,,,Austin Roberson,Chloe Hensley,,,,,,,,Lead Actor,Supporting Actor,,,,,,,,23,10,2.7
6a2354259f2f6901826a55da,189,Catch sign,1993,128,Mystery,Buy produce seem particular. In choice attention woman down conference speak. Specific and despite here probably rather.,185,256,405,468,,,,,,Megan Shields,Mike Brennan,Teresa Williams,Bridget Burke MD,,,,,,Supporting Actor,Cameo,Supporting Actor,Supporting Actor,,,,,,16,11,2.45
6a2354259f2f6901826a55db,190,Focus lose,2004,84,Sci-Fi,Tell offer sort right their another month everybody. Especially morning approach language. Sister rule need brother manager serious true some. Computer avoid pretty effort.,60,179,336,413,451,,,,,Jamie Watson,Margaret Hunter,Cynthia Martinez,Lisa Perkins,Darren Mcdonald,,,,,Lead Actor,Cameo,Cameo,Cameo,Lead Actor,,,,,19,12,3
6a2354259f2f6901826a55dc,191,Agree may issue,2025,133,Drama,"""Drop key conference. Particularly then many.\nForeign evening save line open street kind. Stuff American identify. Land protect accept good. Challenge I opportunity everybody decide challenge speech.""",149,287,353,411,,,,,,Christina Smith,Cody Mcdaniel,Pedro Molina,Michael Adams,,,,,,Supporting Actor,Supporting Actor,Lead Actor,Lead Actor,,,,,,29,17,2.59
6a2354259f2f6901826a55dd,192,Level hope return,1991,125,Action,Tough owner fine agreement discuss pressure American. Charge player piece citizen when one simple space. Interview she Mr million. Mention word structure believe reduce help.,251,412,,,,,,,,Anna Washington,Jack Smith,,,,,,,,Supporting Actor,Lead Actor,,,,,,,,20,10,3
6a2354259f2f6901826a55de,193,Discussion work,1994,92,Thriller,"""City himself respond. Suffer attention young.\nScience explain wear. Store kind nor audience work central.""",373,383,456,,,,,,,Michael Ramsey,Leah Rose,Marc Carter,,,,,,,Cameo,Supporting Actor,Lead Actor,,,,,,,20,7,2.29
6a2354259f2f6901826a55df,194,Push social,2020,135,Fantasy,Subject by read first ever reason teach security. Rate shoulder first. Tax war under benefit.,15,156,,,,,,,,Kelli Jones,Rachel Lane,,,,,,,,Supporting Actor,Lead Actor,,,,,,,,16,10,3.4
6a2354259f2f6901826a55e0,195,Suddenly foreign relate,2018,82,Sci-Fi,"""Coach sport raise some. Whose notice majority field quite but.\nVisit manage training common toward wish seem.\nAfter drop social simply available process service. There voice tax may.""",50,433,,,,,,,,Joseph Wright,Michelle Adkins,,,,,,,,Lead Actor,Lead Actor,,,,,,,,18,7,3.14
6a2354259f2f6901826a55e1,196,Today find why,1999,114,Sci-Fi,Worker stand enough city their customer town specific. Mean cell indicate identify run employee. Plant alone floor dinner.,153,227,405,450,,,,,,Christine Pierce,Melissa Bright,Teresa Williams,Joseph Sosa,,,,,,Lead Actor,Supporting Actor,Lead Actor,Supporting Actor,,,,,,29,21,2.81
6a2354259f2f6901826a55e2,197,Dog evening,2005,169,Horror,Identify address score exactly car opportunity. Lawyer realize common decide might majority. Administration common matter a prevent yard.,70,76,116,,,,,,,Hannah Bryant,Amy Erickson,Norma Deleon,,,,,,,Cameo,Lead Actor,Lead Actor,,,,,,,23,9,4
6a2354259f2f6901826a55e3,198,Necessary eight,1981,134,Comedy,"""Address dream pass resource. Tax road seem.\nLikely either true name many hit once. Piece indeed say family break month late. Investment well knowledge case field.""",223,,,,,,,,,Christy Morrison,,,,,,,,,Lead Actor,,,,,,,,,17,10,2.2
6a2354259f2f6901826a55e4,199,Themselves trouble point,1997,107,Fantasy,Foot form instead dream machine until perhaps simply. Make per then sort return field. Laugh ever for fast him national.,50,123,,,,,,,,Joseph Wright,Jack Hogan,,,,,,,,Lead Actor,Lead Actor,,,,,,,,21,8,3.25
6a2354259f2f6901826a55e5,200,Arrive keep,2003,101,Adventure,Pull ground account maintain whether investment citizen worry. Write professional spring discussion impact. Environmental son single off determine. Approach language positive ok right he.,113,419,,,,,,,,Stacy Watson,Patricia Brown,,,,,,,,Supporting Actor,Lead Actor,,,,,,,,17,9,2.22
6a2354259f2f6901826a55e6,201,Onto president choice,1999,134,Romance,"""Hope contain center attention certainly home. Civil along positive garden hand operation. Any floor response deal.\nEstablish special reveal agency. Right travel same anything ok within bed.""",31,492,,,,,,,,Anthony Lester,Timothy Johnson,,,,,,,,Cameo,Supporting Actor,,,,,,,,16,10,2.9
6a2354259f2f6901826a55e7,202,Pretty president create service,1992,168,Thriller,"""Hard lot to drive dinner toward pass customer. Local run push tend.\nSmile avoid head for. Least keep arm something truth above this.\nThough medical computer before father claim choose concern.""",30,153,243,,,,,,,Jeremy Elliott,Christine Pierce,Rebecca Stafford,,,,,,,Supporting Actor,Cameo,Supporting Actor,,,,,,,24,9,3.22
6a2354259f2f6901826a55e8,203,Represent newspaper,1991,83,Action,"""Very often likely off last save. Soldier democratic chance. Usually address heart building pass.\nSuccess so compare name end have must company. Often especially social box lay our store describe.""",167,229,339,,,,,,,David Calhoun,Edward Olsen,Thomas Boyle,,,,,,,Cameo,Lead Actor,Lead Actor,,,,,,,22,13,2.08
6a2354259f2f6901826a55e9,204,Collection example,2005,149,Comedy,Hospital drive authority religious listen baby. Unit middle computer let simple glass. Man anyone notice when develop back remain push. Reach public heavy never door on.,64,345,390,468,,,,,,Nicole Poole,Julie Smith,Tara Harris,Bridget Burke MD,,,,,,Lead Actor,Lead Actor,Supporting Actor,Cameo,,,,,,19,7,2.43
6a2354259f2f6901826a55ea,205,Surface oil among,1995,157,Horror,"""Subject those cover clear cup. On special property per pretty product stay.\nWar successful short way they probably mention. Report must dinner husband it among.\nLaugh close allow woman ground wait.""",108,,,,,,,,,Rachel Gibson,,,,,,,,,Cameo,,,,,,,,,26,15,2.93
6a2354259f2f6901826a55eb,206,Artist artist,2024,151,Action,Federal part others wait. First matter wide notice about good. Resource second use. Friend it ability clear treatment trade.,47,262,313,319,329,,,,,Joshua Burke,Oscar Henry,Jamie Wilson,Aaron Brown,Jeffrey Gutierrez,,,,,Cameo,Supporting Actor,Cameo,Supporting Actor,Lead Actor,,,,,18,4,1.75
6a2354259f2f6901826a55ec,207,Gas his who owner,2013,103,Romance,"""Experience meeting coach anyone space service picture. Memory home economy scene door house require.\nAssume area born. Success town try onto reveal part note. Cost use environmental protect eye yard.""",52,,,,,,,,,Michelle Patterson,,,,,,,,,Cameo,,,,,,,,,30,14,2.64
6a2354259f2f6901826a55ed,208,Light nature past,2002,92,Mystery,Nearly impact understand write imagine above piece. Because sport citizen. Unit big radio someone receive special.,248,321,377,385,428,,,,,Brett Flynn,Jared Hernandez,Carla Frazier,Kathleen Mitchell,Jeffrey Hicks,,,,,Cameo,Lead Actor,Supporting Actor,Supporting Actor,Lead Actor,,,,,23,10,4
6a2354259f2f6901826a55ee,209,Hard exactly,2011,90,Fantasy,Away specific carry institution. On arm Democrat family. Many kind theory successful office behavior serious no. Help western we best military policy.,38,132,241,,,,,,,Patricia Vasquez,Daniel Payne,Brenda Curry,,,,,,,Supporting Actor,Cameo,Cameo,,,,,,,24,12,3
6a2354259f2f6901826a55ef,210,Production matter a,2015,107,Action,"""Human policy then important management. Point class view sure success.\nStand wife new step process dinner life. Rather full able live may enter. Family seem guess of low read social.""",,,,,,,,,,,,,,,,,,,,,,,,,,,,16,8,2.75
6a2354259f2f6901826a55f0,211,Probably through too,2021,82,Comedy,Arm suffer his figure product. Show really top room economic space society. Arrive think soldier mention anyone wait.,17,231,,,,,,,,Christopher Martin,Patrick Li,,,,,,,,Lead Actor,Lead Actor,,,,,,,,19,8,3.25
6a2354259f2f6901826a55f1,212,Dog week score,2013,132,Fantasy,"""Conference lose fish new. Media bring through total management rest. Strategy remember beat if never. Feel really when miss receive member avoid.\nWhat rest most three term movie.""",62,285,,,,,,,,Christopher Stokes,Richard Acosta,,,,,,,,Lead Actor,Cameo,,,,,,,,25,11,2.64
6a2354259f2f6901826a55f2,213,Family teacher,2000,103,Thriller,Fact heavy value toward pass machine. But catch fear enjoy attorney. Be meet decade its happy some woman. Into few tonight positive usually form discuss professional.,462,499,,,,,,,,Jodi Garcia,Zachary Bass,,,,,,,,Lead Actor,Lead Actor,,,,,,,,22,14,2.43
6a2354259f2f6901826a55f3,214,Fill bill detail,1995,129,Adventure,"""Along spend everyone time.\nAction take season answer human great. Stock recently around state doctor financial necessary.""",72,277,304,,,,,,,Elizabeth White,Spencer Decker,Chelsea Moore,,,,,,,Supporting Actor,Supporting Actor,Supporting Actor,,,,,,,23,7,2.14
6a2354259f2f6901826a55f4,215,Couple former scientist,1982,146,Romance,"""Pattern size student say mouth part. Dog industry serve control.\nNumber board marriage management radio executive we. About arrive wonder lawyer term bed. Hit final American authority use.""",81,471,,,,,,,,Richard Thomas,Evan Nelson,,,,,,,,Cameo,Lead Actor,,,,,,,,19,10,3.4
6a2354259f2f6901826a55f5,216,It large wind,2007,137,Mystery,Simple collection some. Quality boy money authority she issue. Reason while put especially.,234,318,,,,,,,,Connie Williamson,Andrea Mcintosh,,,,,,,,Lead Actor,Cameo,,,,,,,,16,9,3
6a2354259f2f6901826a55f6,217,Operation challenge,1993,177,Thriller,"""General walk performance. Clearly value later reveal different operation name follow. Could draw leg organization often listen.\nThat sea job nature ten. Perhaps money people seem sort provide.""",19,82,105,295,,,,,,Melissa Walker,Clifford Stark,Wanda Hall,Ashley Knapp,,,,,,Supporting Actor,Lead Actor,Cameo,Supporting Actor,,,,,,16,7,3.14
6a2354259f2f6901826a55f7,218,Military bring toward,2007,144,Horror,"""Pass best money cultural either food join.\nRepublican chance use foot situation including a. Serious reflect imagine sort relationship since. Me wrong make identify than.""",29,160,,,,,,,,Heather Watkins,Alexa Daugherty,,,,,,,,Lead Actor,Cameo,,,,,,,,23,11,2.64
6a2354259f2f6901826a55f8,219,Lot anything,2026,172,Drama,"""Road somebody give high dark letter best theory. Sit could recognize other child share. Son good form against general security this.\nRegion large put occur. Some view thank tax make allow size.""",120,312,396,,,,,,,Tiffany Wilson,Crystal Lee,Nicole Lawson,,,,,,,Supporting Actor,Cameo,Lead Actor,,,,,,,23,10,3.2
6a2354259f2f6901826a55f9,220,Drug art,2024,108,Fantasy,Maintain whole treatment level wife energy. Feel culture throughout. Decision standard specific back your. Suffer popular open federal reveal all network.,228,327,,,,,,,,Nicole Boyd,Amanda Nichols,,,,,,,,Lead Actor,Cameo,,,,,,,,11,7,3.86
6a2354259f2f6901826a55fa,221,Medical,2021,135,Mystery,Simple toward expert. Charge miss one cut nor cost.,317,,,,,,,,,Melissa Powell,,,,,,,,,Lead Actor,,,,,,,,,17,6,3
6a2354259f2f6901826a55fb,222,How by,2008,160,Comedy,"""Wear serious floor treatment. Attack out record officer.\nLive term tree scene who collection campaign. Weight life listen send sister order save summer.\nNecessary parent really responsibility.""",37,,,,,,,,,Brenda Bailey,,,,,,,,,Supporting Actor,,,,,,,,,16,8,2
6a2354259f2f6901826a55fc,223,Structure always of,1990,130,Horror,Trip return store line agree baby. Arrive good medical glass story unit decade life. Prevent might simply administration no whatever write enough. Probably man glass structure.,82,158,344,,,,,,,Clifford Stark,Joshua Anderson,Nicole King,,,,,,,Cameo,Cameo,Cameo,,,,,,,25,13,3
6a2354259f2f6901826a55fd,224,Red animal,2008,133,Comedy,"""Office type look clearly task. High why contain major third life fish.\nStudent about yes property.\nSet buy star. Cup seek politics hope.""",144,208,294,492,,,,,,James Charles,Nicholas Gonzales,Sylvia Nash,Timothy Johnson,,,,,,Cameo,Cameo,Supporting Actor,Supporting Actor,,,,,,20,12,3.25
6a2354259f2f6901826a55fe,225,Treatment foreign,1987,117,Action,Move financial relate single protect certainly suggest. Edge investment arm responsibility room loss vote. Cell wish best suddenly including five happen.,68,75,146,316,348,,,,,Howard Jones,Alexis Carlson,Jenny Allen,Veronica Young,Lorraine Hoffman,,,,,Supporting Actor,Lead Actor,Supporting Actor,Supporting Actor,Cameo,,,,,30,12,3
6a2354259f2f6901826a55ff,226,Drive personal,2018,158,Drama,"""Scene second a seat increase. Not rule be perhaps themselves according cut.\nRegion government accept physical win. Conference image paper.""",334,,,,,,,,,Brooke Mason,,,,,,,,,Supporting Actor,,,,,,,,,30,12,3.08
6a2354259f2f6901826a5600,227,Church,2014,172,Romance,"""Finish firm industry yeah glass later leave. Day forward company opportunity onto think.\nYear treatment home little responsibility. Local about figure.""",,,,,,,,,,,,,,,,,,,,,,,,,,,,21,11,3
6a2354259f2f6901826a5601,228,Task run sometimes,2000,108,Horror,"""Identify he scene under heavy draw. Stock full organization whose fine add various.\nSpend simple left impact stand. Republican scene structure general life address.""",207,,,,,,,,,Stephanie Garcia,,,,,,,,,Lead Actor,,,,,,,,,15,10,3
6a2354259f2f6901826a5602,229,Author,2013,121,Horror,Research hotel far collection. Fight use if them industry baby. Then development return always question. Happy commercial push nothing.,281,,,,,,,,,Anthony Wilson,,,,,,,,,Lead Actor,,,,,,,,,14,9,3.56
6a2354259f2f6901826a5603,230,Network political bill,1996,125,Horror,"""Role feeling six area. Move by amount once.\nPay add eight impact official their thought their. Nice result hard growth another recent. Customer finally standard by whole simple.""",396,404,,,,,,,,Nicole Lawson,Amanda Day,,,,,,,,Cameo,Lead Actor,,,,,,,,23,10,2.7
6a2354259f2f6901826a5604,231,Fast operation,1997,109,Drama,"""Many ago event get. Contain cut life allow.\nMemory area bit. Modern hotel political discuss performance. Allow main cold hand statement do standard. Crime perhaps state.""",88,292,459,485,,,,,,Omar Diaz,Richard Evans,John Graham,Valerie Oneal,,,,,,Supporting Actor,Supporting Actor,Lead Actor,Supporting Actor,,,,,,27,12,3
6a2354259f2f6901826a5605,232,Sure base seven,2000,159,Thriller,Line position author use good necessary quickly off. Leg fine forget strong. Street better bit.,40,105,,,,,,,,Brandon Martin,Wanda Hall,,,,,,,,Cameo,Cameo,,,,,,,,19,9,3.11
6a2354259f2f6901826a5606,233,He middle professor,1999,93,Action,Choice home life toward radio radio. Example these quite list this. Star research vote especially interesting rich she.,285,393,457,,,,,,,Richard Acosta,Ralph Knox,Jason Snow,,,,,,,Lead Actor,Cameo,Supporting Actor,,,,,,,32,16,3.38
6a2354259f2f6901826a5607,234,Opportunity yourself stay,2020,131,Thriller,"""This vote decide support rather.\nRecord actually position consider radio mean. Mission hour prove. Subject relate actually every act true.""",176,309,413,,,,,,,Michael Kelley,Laura Taylor,Lisa Perkins,,,,,,,Cameo,Supporting Actor,Supporting Actor,,,,,,,23,11,3
6a2354259f2f6901826a5608,235,Region late,2014,131,Comedy,Production image policy hotel east effort home party. Family hair moment new office meet mother. Sort glass prove both room ever.,431,464,,,,,,,,Sandra Krueger,Jeffrey Weeks,,,,,,,,Cameo,Supporting Actor,,,,,,,,15,5,3.2
6a2354259f2f6901826a5609,236,Several letter change,2026,164,Action,Source often month. Respond physical step degree such their herself. Before phone partner lay staff toward amount.,113,,,,,,,,,Stacy Watson,,,,,,,,,Supporting Actor,,,,,,,,,30,12,3.17
6a2354259f2f6901826a560a,237,Apply notice former base,2007,125,Action,"""Level movie election key. Thank may yet across blue position.\nShort pass despite year pattern stuff fund. Young edge next establish against record. Author together fight evidence teacher effect.""",13,,,,,,,,,Teresa Abbott,,,,,,,,,Supporting Actor,,,,,,,,,18,13,3
6a2354259f2f6901826a560b,238,Value yeah,2016,124,Comedy,Not many successful improve prepare. Rich staff type soon save night involve. Activity present sit remain live any top.,130,213,,,,,,,,William Little DVM,Nicole Johnson,,,,,,,,Supporting Actor,Cameo,,,,,,,,22,13,2.54
6a2354259f2f6901826a560c,239,Entire guy picture second,1982,91,Mystery,Environment worker front can same. Perform exist today college parent. All area so rock time product appear listen.,114,124,213,,,,,,,Stephanie Little,Joseph Martinez,Nicole Johnson,,,,,,,Supporting Actor,Supporting Actor,Cameo,,,,,,,12,5,3.2
6a2354259f2f6901826a560d,240,Ago nearly information simple,1992,157,Comedy,"""Study discuss special support now data. Team couple another toward.\nOrder baby include arm direction. Short performance pick sort election. Long suffer country.""",,,,,,,,,,,,,,,,,,,,,,,,,,,,19,9,2.78
6a2354259f2f6901826a560e,241,Final performance,1993,109,Mystery,"""Other assume spend performance organization keep. Between trade exist single although program. Community admit listen.\nLeave remain she. Field reveal child system hand section.""",76,77,278,436,488,,,,,Amy Erickson,Thomas Graham,Mrs. Dorothy Wagner,Jamie Franklin,Robert Hahn,,,,,Lead Actor,Lead Actor,Cameo,Supporting Actor,Supporting Actor,,,,,18,6,3
6a2354259f2f6901826a560f,242,Heart top suggest drug,2018,137,Fantasy,"""Million culture mean doctor husband current. During big easy over tell throughout Democrat.\nMyself born hand home low. Mother able science anyone almost.""",23,131,290,,,,,,,Robin Gutierrez,Sabrina Rodriguez,Veronica Juarez,,,,,,,Cameo,Cameo,Cameo,,,,,,,18,4,2.5
6a2354259f2f6901826a5610,243,Student task,2014,149,Thriller,"""Production office name language against right. Soon drug boy off every worker.\nSet seat development magazine measure in.""",17,170,195,319,,,,,,Christopher Martin,Tanya Fletcher,Adam Ortiz,Aaron Brown,,,,,,Supporting Actor,Supporting Actor,Cameo,Cameo,,,,,,28,16,3.44
6a2354259f2f6901826a5611,244,Ground business,1985,139,Horror,"""Maybe west above behind. Make fund house major.\nRemember rest foreign worker stand once technology.\nLawyer nice north main. Level exist pressure reduce. Indicate floor their else drug manage.""",124,,,,,,,,,Joseph Martinez,,,,,,,,,Cameo,,,,,,,,,19,10,3.6
6a2354259f2f6901826a5612,245,Husband manage education,1996,155,Horror,"""Sing full modern follow society. These public whatever onto onto current two. Hope recent prove section stay it.\nHis gun activity apply movie between. Receive first mention sit next growth.""",110,318,365,,,,,,,Theresa Lopez,Andrea Mcintosh,Kelly Tucker,,,,,,,Supporting Actor,Lead Actor,Supporting Actor,,,,,,,17,9,2.67
6a2354259f2f6901826a5613,246,Physical back,1994,136,Fantasy,"""Behind smile region stop inside exist.\nPart think speak high alone. A around eight word those. Cup hand sign sea policy scene technology chance.\nReally always him author.""",246,317,417,,,,,,,Andrew Morris,Melissa Powell,Austin Boone,,,,,,,Lead Actor,Supporting Actor,Cameo,,,,,,,28,12,2.75
6a2354259f2f6901826a5614,247,Since resource fund,1994,114,Adventure,"""Such maybe budget note. Together apply personal down message. Garden to page grow design available.\nCare step box would together.\nAdministration each watch. Increase who customer sell future book.""",66,141,179,311,,,,,,Bobby Lawson,David Martinez,Margaret Hunter,Diana Fowler,,,,,,Supporting Actor,Cameo,Supporting Actor,Supporting Actor,,,,,,18,12,2.42
6a2354259f2f6901826a5615,248,Agreement for,2015,101,Adventure,"""Skill action than. Sound bed open forget citizen daughter pull.\nShow true could wish ability program three. Power away send land language not on. Tough cell side until central own grow.""",14,103,140,332,375,422,499,,,Linda Carson,Christine Alexander,Barbara Lewis,Edwin Chapman,Jay Harrison,Steven Olsen,Zachary Bass,,,Supporting Actor,Lead Actor,Supporting Actor,Cameo,Lead Actor,Supporting Actor,Cameo,,,14,5,2.8
6a2354259f2f6901826a5616,249,Shake it,2023,167,Adventure,"""Four drug produce either. Six he really bill husband.\nCity generation talk Democrat lead outside participant. Understand hospital car until.""",124,147,155,,,,,,,Joseph Martinez,Katherine Lewis,Karen King,,,,,,,Lead Actor,Lead Actor,Lead Actor,,,,,,,28,17,3.47
6a2354259f2f6901826a5617,250,Least share,2005,130,Adventure,Game heavy seek tell middle long. Forward administration involve short course building three. Truth physical whole group class.,286,,,,,,,,,Megan Johnson,,,,,,,,,Supporting Actor,,,,,,,,,23,10,3.8
6a2354259f2f6901826a5618,251,Congress send,2026,105,Comedy,Feeling simple market between which kitchen. View this win by accept important. Program send voice page.,98,222,303,306,389,,,,,Tracy Cross,John Hood,Alexander Mercer,Kathleen Yang,Sarah Byrd,,,,,Lead Actor,Supporting Actor,Supporting Actor,Cameo,Lead Actor,,,,,21,10,3.7
6a2354259f2f6901826a5619,252,Create nation star loss,1999,123,Sci-Fi,"""Eight available become present car chance. Their close head card support Mrs. These speak year.\nWrong size seek catch. State wonder type kid.""",6,51,140,498,,,,,,Amanda Blackburn,Kimberly Cox,Barbara Lewis,Stephen Jefferson,,,,,,Lead Actor,Lead Actor,Supporting Actor,Lead Actor,,,,,,16,8,2.63
6a2354259f2f6901826a561a,253,Mean deep girl,1983,121,Mystery,Case can movie time gun much. Power control heavy stay tell water professional guess. Teach single senior she hot recently.,1,220,467,480,,,,,,Mr. Steven Newman,Jonathan Smith,Charles Dominguez,Linda Graves,,,,,,Cameo,Cameo,Supporting Actor,Cameo,,,,,,17,6,3.83
6a2354259f2f6901826a561b,254,Mrs dinner deal must,2022,93,Mystery,"""Floor despite boy ball change first recently. Raise wait husband maybe place kid begin.\nAbout might any. Practice case affect including well media.\nOld moment buy point difference project ok choose.""",23,35,73,229,,,,,,Robin Gutierrez,Randy Greene,Danielle Parker,Edward Olsen,,,,,,Supporting Actor,Lead Actor,Supporting Actor,Lead Actor,,,,,,23,12,2.42
6a2354259f2f6901826a561c,255,Rest Republican job,2001,80,Romance,"""Push scene free. Civil bad direction leave civil.\nWhile new way second week country. Tell only remember program each animal condition later.""",,,,,,,,,,,,,,,,,,,,,,,,,,,,22,12,3.58
6a2354259f2f6901826a561d,256,Letter upon local,2019,123,Horror,"""Inside local visit economy minute. Late morning far.\nBoy effort certainly live. Control both important listen stop tree stay.""",137,228,,,,,,,,Catherine Shelton,Nicole Boyd,,,,,,,,Lead Actor,Lead Actor,,,,,,,,23,10,3.8
6a2354259f2f6901826a561e,257,Left night appear,2010,129,Mystery,"""Reason very minute always. Hand play trip. Step area here it.\nStep painting second my. Interesting than bar indeed.""",30,468,488,,,,,,,Jeremy Elliott,Bridget Burke MD,Robert Hahn,,,,,,,Lead Actor,Supporting Actor,Supporting Actor,,,,,,,20,6,2.83
6a2354259f2f6901826a561f,258,Goal media,1988,174,Horror,"""Gun reach five central. Newspaper blue four mission hope.\nInto high what region director. Recently meet author bit.\nMedia after yeah example question. Collection stand cut exist compare south.""",87,104,293,315,403,462,,,,Cindy Brown,Nathan White,Matthew Washington,Kimberly Conrad,Steven Chavez,Jodi Garcia,,,,Lead Actor,Cameo,Supporting Actor,Cameo,Cameo,Cameo,,,,21,10,3.2
6a2354259f2f6901826a5620,259,Note coach,2008,124,Action,"""North memory finally office. Pressure western happen process.\nSave read top build art opportunity tree. Class move begin more.""",82,238,329,,,,,,,Clifford Stark,Amber Floyd,Jeffrey Gutierrez,,,,,,,Cameo,Lead Actor,Cameo,,,,,,,18,11,3.09
6a2354259f2f6901826a5621,260,Season low beautiful,2016,139,Drama,"""Sense she present raise again. Spring hundred voice fact arm television ago.\nThat article player. Vote someone again western international.""",117,375,,,,,,,,Karen Holmes,Jay Harrison,,,,,,,,Cameo,Cameo,,,,,,,,20,8,2.63
6a2354259f2f6901826a5622,261,Focus above ball,2002,130,Romance,Will commercial the another explain statement listen. Soon scientist instead research officer lead responsibility. Event strategy walk floor there amount.,367,,,,,,,,,Cory Johnson,,,,,,,,,Cameo,,,,,,,,,19,11,3.18
6a2354259f2f6901826a5623,262,Offer firm,2020,81,Drama,"""Song call sell.\nBeautiful whatever none wide my series. Vote nothing after hospital. Consumer marriage major policy southern enter. Factor physical answer know whose.""",,,,,,,,,,,,,,,,,,,,,,,,,,,,12,4,4
6a2354259f2f6901826a5624,263,A actually teacher,1997,118,Adventure,"""Chance owner apply truth step ground. Institution test first western. Project argue common step.\nBase foot base. Kid part keep its condition statement.""",182,308,461,,,,,,,Chloe Hensley,Stephanie Martinez,Tiffany Fields,,,,,,,Supporting Actor,Lead Actor,Lead Actor,,,,,,,17,10,3.3
6a2354259f2f6901826a5625,264,Care central,2024,108,Fantasy,"""Want establish light store. Reason law city.\nMachine art sometimes language which benefit way man. Me if within for arrive threat modern.""",44,301,311,399,476,,,,,Tabitha Taylor,Kevin Acevedo,Diana Fowler,Charles Walker,Steven Davis,,,,,Lead Actor,Cameo,Lead Actor,Cameo,Cameo,,,,,18,9,3.11
6a2354259f2f6901826a5626,265,South stay,1988,83,Comedy,"""Water exist discuss room. All citizen whole significant same group spring. Under heart born decide.\nClose page mind write prepare. Feeling rate stop contain receive. Suddenly serve suggest worry.""",30,209,364,,,,,,,Jeremy Elliott,Jodi Rosario,Jeffrey Taylor,,,,,,,Supporting Actor,Cameo,Lead Actor,,,,,,,30,12,2.42
6a2354259f2f6901826a5627,266,Age sound carry,1983,109,Adventure,Concern team debate someone team ten quickly. Operation enough discover chance reduce capital recent. Management catch rich worry where determine partner.,260,268,432,,,,,,,Bryan Lewis,Christopher Snyder,Garrett Arnold,,,,,,,Lead Actor,Supporting Actor,Cameo,,,,,,,22,8,3.75
6a2354259f2f6901826a5628,267,Deep become single,2024,132,Drama,"""Hard subject ever treatment suffer rise particularly. Wind sea plant maintain foot make morning. They out world any note.\nStuff option agent peace how collection. I six top whose.""",182,215,479,,,,,,,Chloe Hensley,Crystal Martinez,Amy Smith,,,,,,,Lead Actor,Lead Actor,Supporting Actor,,,,,,,20,13,2.77
6a2354259f2f6901826a5629,268,Change talk,1997,129,Mystery,"""Nice various to more fall. Culture him trial drop conference sit. Left on bar seat wide quite good.\nAbove current cold pass thousand travel. Station range establish become never.""",133,153,269,338,477,479,,,,Cassie Neal,Christine Pierce,Wendy Lee,Lee Farley,Maria Page,Amy Smith,,,,Supporting Actor,Cameo,Lead Actor,Lead Actor,Lead Actor,Lead Actor,,,,19,6,2.5
6a2354259f2f6901826a562a,269,Ahead work father,2011,83,Thriller,Raise security challenge democratic involve anyone night. Interesting yet evidence quickly. Officer already system Mr specific get. End pressure mouth worry increase.,349,440,,,,,,,,Christopher Jacobs,Jeffrey Dawson,,,,,,,,Lead Actor,Supporting Actor,,,,,,,,15,9,2.89
6a2354259f2f6901826a562b,270,Always government,2005,169,Mystery,Example ball eight interview. Nearly director already side scene. Short question fight else trade fight central.,166,,,,,,,,,Craig Hall,,,,,,,,,Cameo,,,,,,,,,21,10,3.3
6a2354259f2f6901826a562c,271,Lawyer write determine rich,2012,85,Mystery,"""Apply box ago.\nLet section true fill. Attorney huge adult significant chair factor expect. Worker pass we pretty more begin. Stuff parent born resource others.""",254,478,,,,,,,,Jorge Smith,Claudia Wilson,,,,,,,,Lead Actor,Cameo,,,,,,,,16,7,3.43
6a2354259f2f6901826a562d,272,Shake exist news campaign,2006,101,Adventure,"""Ahead baby develop everyone until cover know. Fall front ok sort note food whatever. Buy hundred within three man television.\nArea pass carry wide change image argue. Sure present view top.""",15,22,34,,,,,,,Kelli Jones,Cathy Schultz,Nicholas Bradford,,,,,,,Lead Actor,Lead Actor,Cameo,,,,,,,16,9,3
6a2354259f2f6901826a562e,273,Couple check without data,2014,177,Mystery,"""Bill care away could wrong throughout. Task force term certain while.\nAdministration particular baby your cut never environment every. Parent finally heart news building cover bag.""",86,127,396,,,,,,,Chad Mann,Isaac Crosby,Nicole Lawson,,,,,,,Supporting Actor,Supporting Actor,Supporting Actor,,,,,,,28,11,2.73
6a2354259f2f6901826a562f,274,Role than almost,2002,102,Romance,"""Continue stock alone economy against blood town. Total he choose talk.\nSkin early catch song. His worry decision music to my democratic. Field exactly door.""",179,267,281,358,,,,,,Margaret Hunter,Elizabeth Welch,Anthony Wilson,James Robinson,,,,,,Lead Actor,Cameo,Lead Actor,Lead Actor,,,,,,19,8,2.88
6a2354259f2f6901826a5630,275,Seat daughter,1983,168,Comedy,Continue let large focus performance personal point. Not sound word.,,,,,,,,,,,,,,,,,,,,,,,,,,,,19,12,3.58
6a2354259f2f6901826a5631,276,Citizen,2019,150,Romance,Start feel offer detail purpose cup item rise. Quite almost although wife. Value it main couple five affect right.,7,163,251,286,,,,,,Mr. Ivan Baxter,Lorraine Garrett,Anna Washington,Megan Johnson,,,,,,Cameo,Lead Actor,Supporting Actor,Supporting Actor,,,,,,24,14,2.64
6a2354259f2f6901826a5632,277,Box sister,2010,95,Romance,"""Skill item weight why. Economy live human court success.\nParty program as organization happy dark three. Have address thing culture accept write debate. You shake state minute member point.""",63,473,,,,,,,,Matthew Kennedy,Ethan Fletcher,,,,,,,,Cameo,Supporting Actor,,,,,,,,22,13,2.92
6a2354259f2f6901826a5633,278,Lot painting,2002,103,Comedy,"""Security enter environment dinner available television.\nDuring work nor current teacher partner letter. Idea wide investment wrong officer production.""",29,134,207,,,,,,,Heather Watkins,Matthew Rose,Stephanie Garcia,,,,,,,Lead Actor,Supporting Actor,Supporting Actor,,,,,,,29,12,2.58
6a2354259f2f6901826a5634,279,West rock cup,2019,132,Adventure,Find account without reflect station like hold. Law before ok as too soon yard become. Traditional past fire guy difference.,157,166,338,,,,,,,Karla Wilson,Craig Hall,Lee Farley,,,,,,,Supporting Actor,Cameo,Supporting Actor,,,,,,,19,8,3
6a2354259f2f6901826a5635,280,Science school yard which,1984,110,Sci-Fi,"""College happen popular no. Hundred same fire number wide third interesting.\nThree media worry determine value. Dream model discover team two product continue will.""",,,,,,,,,,,,,,,,,,,,,,,,,,,,23,10,2.9
6a2354259f2f6901826a5636,281,Upon interesting sort,1998,175,Drama,"""Easy man itself. Recently section every majority maybe arrive bring entire.\nOff sport wish activity degree. Power because once per stuff stop environmental.""",68,71,103,115,,,,,,Howard Jones,Brian Smith,Christine Alexander,Benjamin Russo,,,,,,Lead Actor,Cameo,Cameo,Lead Actor,,,,,,24,14,2.79
6a2354259f2f6901826a5637,282,Find wait,1999,132,Horror,"""Small use itself eye up. Measure political hair certainly.\nBank fine fine behind.\nName should fight. Military indeed watch because. Stay own without food early.""",156,472,,,,,,,,Rachel Lane,Ashley Sanchez,,,,,,,,Lead Actor,Cameo,,,,,,,,21,9,2.78
6a2354259f2f6901826a5638,283,Church give red,2026,99,Sci-Fi,Analysis situation quality foot. Development card start standard approach center here. Good of cover next.,44,307,,,,,,,,Tabitha Taylor,Angela Jackson,,,,,,,,Lead Actor,Supporting Actor,,,,,,,,18,5,3.4
6a2354259f2f6901826a5639,284,Customer clearly,1980,179,Fantasy,"""Audience down really require option brother.\nProduce water trial front yes. Force change amount how article skin tell.\nReason store public amount. Impact senior range north.""",99,152,234,,,,,,,Ryan Solis,Brian White,Connie Williamson,,,,,,,Lead Actor,Cameo,Supporting Actor,,,,,,,21,10,3
6a2354259f2f6901826a563a,285,Action theory,1983,166,Drama,"""Draw she hour less half red walk. Rich reflect television health.\nBlack safe side condition. Wonder protect site trouble.""",150,157,210,433,,,,,,Daniel Robertson,Karla Wilson,Luis Randall,Michelle Adkins,,,,,,Cameo,Supporting Actor,Cameo,Supporting Actor,,,,,,10,4,3.25
6a2354259f2f6901826a563b,286,Join business without,1988,142,Thriller,Peace assume treat positive billion. Gun senior five respond.,236,477,,,,,,,,Katelyn Brown,Maria Page,,,,,,,,Cameo,Supporting Actor,,,,,,,,12,5,2.4
6a2354259f2f6901826a563c,287,Physical range,1996,136,Fantasy,"""Both according science. Indicate figure assume anyone lose Mr hold.\nInterview indeed tonight full thousand each capital.""",265,308,,,,,,,,Amber Mason,Stephanie Martinez,,,,,,,,Cameo,Cameo,,,,,,,,21,11,2.45
6a2354259f2f6901826a563d,288,Manager head,2002,116,Comedy,"""Order determine realize bill huge these. Above rock research. Raise push during job actually gun.\nScientist because raise site. Air television into subject.""",118,287,,,,,,,,Andrew Berry,Cody Mcdaniel,,,,,,,,Supporting Actor,Cameo,,,,,,,,15,8,2.5
6a2354259f2f6901826a563e,289,Agency business,2011,103,Adventure,Such total sometimes will everyone fact check. Majority lose choose personal easy. Candidate people attention particular simply series. Prevent national serve car in.,208,211,267,458,,,,,,Nicholas Gonzales,Maxwell Manning,Elizabeth Welch,Amanda Bond,,,,,,Lead Actor,Cameo,Cameo,Supporting Actor,,,,,,19,13,2.92
6a2354259f2f6901826a563f,290,Pass trip hold,2020,178,Sci-Fi,Democrat stock capital course something success simple. Begin child husband stand ahead treat management.,49,83,154,170,,,,,,Tommy Brown,Justin Sawyer,Jesse Mann,Tanya Fletcher,,,,,,Supporting Actor,Cameo,Cameo,Lead Actor,,,,,,21,10,3.5
6a2354259f2f6901826a5640,291,Forward fear coach,1998,114,Thriller,"""Week yes old machine.\nSix wear different. Grow continue else we than near capital.\nOil particularly any base soldier wonder enter. Role method back nothing.""",266,,,,,,,,,Brianna Anthony,,,,,,,,,Cameo,,,,,,,,,21,15,2.67
6a2354259f2f6901826a5641,292,Represent,2017,81,Horror,Put single organization free among reveal. Wonder true instead record recently another very suffer.,351,,,,,,,,,Veronica Elliott,,,,,,,,,Supporting Actor,,,,,,,,,20,10,3.1
6a2354259f2f6901826a5642,293,Stay these,1981,117,Fantasy,"""Worker hundred mind later job decision offer. Pressure right another eight.\nWhite she me. Rather face ahead money purpose again part.""",11,15,254,455,,,,,,Adam Clarke,Kelli Jones,Jorge Smith,Ray Smith,,,,,,Supporting Actor,Cameo,Lead Actor,Cameo,,,,,,12,9,2.33
6a2354259f2f6901826a5643,294,Rather attention,1991,163,Horror,"""None perform across respond letter. Crime begin late reduce else either take share.\nTown wall no nation responsibility this use business.""",43,,,,,,,,,Roy Ware,,,,,,,,,Lead Actor,,,,,,,,,17,10,3.1
6a2354259f2f6901826a5644,295,Stock necessary,1989,162,Mystery,Finish daughter tell notice simply. Population relate college entire specific.,238,437,,,,,,,,Amber Floyd,Oscar Delgado,,,,,,,,Cameo,Cameo,,,,,,,,19,7,2.57
6a2354259f2f6901826a5645,296,Sister stuff better,2010,89,Horror,"""Book commercial nothing share. Interesting tough start than.\nRespond quickly drive remember east. Investment nice whom marriage history worker send. Risk something trial candidate free street.""",74,240,,,,,,,,Luis Young,Rachel Dean,,,,,,,,Supporting Actor,Supporting Actor,,,,,,,,12,7,3.29
6a2354259f2f6901826a5646,297,Affect catch behind,1999,154,Sci-Fi,Run high evidence drug at site. Remember grow choose listen. Will part also wait none hope.,250,,,,,,,,,Ethan Carr,,,,,,,,,Supporting Actor,,,,,,,,,27,11,3.27
6a2354259f2f6901826a5647,298,Authority stage,2020,149,Romance,Act ready economic inside crime. Career east sound control first game. Think person recently painting purpose.,77,369,,,,,,,,Thomas Graham,Shane Kelly,,,,,,,,Lead Actor,Cameo,,,,,,,,21,8,2.38
6a2354259f2f6901826a5648,299,Third yard message,2006,94,Romance,Somebody stage agent next probably support never compare. Show across politics prove. Value recent eye guy nearly until happen.,281,478,,,,,,,,Anthony Wilson,Claudia Wilson,,,,,,,,Lead Actor,Supporting Actor,,,,,,,,20,8,3.75
6a2354259f2f6901826a5649,300,Race one source,1986,165,Horror,"""Future local note them history foot than. Third part anyone writer window lose hard.\nAssume American smile behavior table establish. Politics will soldier Mr grow fast fall.""",35,180,357,,,,,,,Randy Greene,Robin Flores,William Mccoy,,,,,,,Supporting Actor,Supporting Actor,Cameo,,,,,,,22,9,2.22
6a2354259f2f6901826a564a,301,Special research,1999,159,Mystery,White reduce along. Just church economic make woman coach. Civil bit cover other foot key.,486,499,,,,,,,,Jessica Evans,Zachary Bass,,,,,,,,Cameo,Supporting Actor,,,,,,,,15,8,2
6a2354259f2f6901826a564b,302,News act suffer,1984,131,Drama,"""Election themselves throw impact quickly first while seem. History memory career happy.\nOr watch rich your. Cut end general this PM church. Performance beyond care whom type.""",314,336,375,,,,,,,Jonathan Galvan,Cynthia Martinez,Jay Harrison,,,,,,,Cameo,Supporting Actor,Supporting Actor,,,,,,,15,9,3.11
6a2354259f2f6901826a564c,303,Parent thought,1992,103,Drama,"""Red strong car south impact rest. Purpose gas laugh lot talk.\nMight dog available and prevent item. Condition shake old sell indeed into these effect. By last walk our later.""",25,,,,,,,,,Mary Robertson,,,,,,,,,Supporting Actor,,,,,,,,,15,9,3.22
6a2354259f2f6901826a564d,304,Garden article represent,2005,151,Thriller,Foreign last size order participant way along. Country base try husband that bill beyond.,6,236,260,336,,,,,,Amanda Blackburn,Katelyn Brown,Bryan Lewis,Cynthia Martinez,,,,,,Cameo,Cameo,Cameo,Lead Actor,,,,,,18,10,3.4
6a2354259f2f6901826a564e,305,Once significant less,2008,109,Fantasy,"""Indeed issue deep social be begin full. Candidate spend forward area only news life each. Low before agent back.\nMention again pretty decision look.""",34,92,363,454,462,,,,,Nicholas Bradford,Anthony Robinson,Timothy Love,Jonathan Walker,Jodi Garcia,,,,,Cameo,Cameo,Lead Actor,Supporting Actor,Lead Actor,,,,,26,16,3.19
6a2354259f2f6901826a564f,306,Myself whom build,2019,158,Action,"""Certainly environmental mean nothing discuss. Cost our often produce rich technology describe chance.\nAlso young trip sister save summer. Small else piece late type experience.""",438,,,,,,,,,Joshua Delgado,,,,,,,,,Cameo,,,,,,,,,15,5,3.8
6a2354259f2f6901826a5650,307,Peace,2018,175,Horror,"""After seem study necessary still. Price story candidate establish exactly. Turn usually knowledge seem where finish start.\nMind well local. Wind interesting little mind onto.""",334,,,,,,,,,Brooke Mason,,,,,,,,,Cameo,,,,,,,,,17,9,2.67
6a2354259f2f6901826a5651,308,Small,2020,83,Action,"""Public foreign always at nor imagine energy. Ball past let specific who. Anyone mean prove.\nCountry continue we economy relationship imagine. Former knowledge chair shake.""",51,104,187,350,417,498,,,,Kimberly Cox,Nathan White,Jodi Day,Emily Hampton,Austin Boone,Stephen Jefferson,,,,Lead Actor,Lead Actor,Supporting Actor,Cameo,Lead Actor,Lead Actor,,,,18,12,3.75
6a2354259f2f6901826a5652,309,Can remain improve,2012,105,Thriller,"""Learn age family recent tree top. Race accept whatever.\nBar weight fish administration cup. Local big crime television.\nSeries moment suggest others interview. Wall ten their back religious.""",78,176,228,,,,,,,Frank Moore,Michael Kelley,Nicole Boyd,,,,,,,Supporting Actor,Lead Actor,Supporting Actor,,,,,,,17,8,1.88
6a2354259f2f6901826a5653,310,Individual some behind situation,1985,180,Drama,Lose thing true to. Indicate like food stand put tough. Later material issue visit ever whole.,354,,,,,,,,,Robin Martin,,,,,,,,,Cameo,,,,,,,,,19,12,3.08
6a2354259f2f6901826a5654,311,Six energy,1989,101,Action,"""Eye whether service information kid want project point. Social reason bad draw movement doctor. Detail almost discuss owner.\nMaterial process technology maybe. War church nice art professional.""",1,48,191,286,291,372,,,,Mr. Steven Newman,Lacey Bernard,Anthony Horton,Megan Johnson,Steven Young,Darryl Moore,,,,Supporting Actor,Supporting Actor,Cameo,Cameo,Cameo,Cameo,,,,21,11,2.73
6a2354259f2f6901826a5655,312,Talk them because act,1992,133,Drama,Individual however save especially we goal southern. About federal development TV that. Door ever attack actually radio.,33,79,337,423,486,,,,,Angela Perez,Mathew Phillips,Colleen Noble,Karen Clark,Jessica Evans,,,,,Cameo,Supporting Actor,Cameo,Lead Actor,Lead Actor,,,,,23,15,3
6a2354259f2f6901826a5656,313,Under lead,2015,133,Sci-Fi,"""Him much town line. Catch book suddenly. Apply fine man prepare success.\nGroup western none south discussion interesting. Scientist worry tell history.""",40,,,,,,,,,Brandon Martin,,,,,,,,,Supporting Actor,,,,,,,,,20,5,2.8
6a2354259f2f6901826a5657,314,Money call,2004,144,Romance,War section simply ground. Strong case everyone your wide. Million land raise turn.,22,106,114,226,,,,,,Cathy Schultz,Dana Thompson,Stephanie Little,Ryan Mcknight,,,,,,Cameo,Cameo,Lead Actor,Cameo,,,,,,13,7,2.57
6a2354259f2f6901826a5658,315,Worry opportunity easy,2001,161,Comedy,"""Continue take mouth some. Again whom star than service occur music. In sit now.\nRecognize report five without brother. Success possible rather boy fact.""",151,165,241,252,,,,,,Tammy Klein,William Jones,Brenda Curry,Rebecca Morales,,,,,,Supporting Actor,Cameo,Supporting Actor,Supporting Actor,,,,,,19,6,2.5
6a2354259f2f6901826a5659,316,Trial present,1995,88,Comedy,"""General up develop culture once.\nFace moment design either question six. Kitchen can power top.\nAnother bit dinner model audience reveal. Population lay bank risk bill daughter high white.""",14,118,246,319,,,,,,Linda Carson,Andrew Berry,Andrew Morris,Aaron Brown,,,,,,Supporting Actor,Lead Actor,Supporting Actor,Cameo,,,,,,16,9,3.33
6a2354259f2f6901826a565a,317,Social wife anything,1987,158,Sci-Fi,"""Provide her star month herself us.\nDream can institution value piece. Seek at guess fight. Author resource voice blood war person.""",,,,,,,,,,,,,,,,,,,,,,,,,,,,26,16,2.56
6a2354259f2f6901826a565b,318,Us,2025,164,Romance,"""Capital campaign system mother. Population throughout computer hundred.\nWord whole learn interview. Method choice off analysis box relate.""",3,111,146,235,429,,,,,Ian Mccann,Stacy Anderson,Jenny Allen,Gregory Michael,James Beard,,,,,Supporting Actor,Lead Actor,Cameo,Cameo,Lead Actor,,,,,22,10,3
6a2354259f2f6901826a565c,319,Beat say plan,2012,137,Sci-Fi,"""Although over sport require mention fine trouble. Many power four could.\nLaugh particularly office director miss. Sense Mrs expect above think by. Method vote hope doctor share wind.""",5,6,251,284,350,440,,,,Jason Vargas,Amanda Blackburn,Anna Washington,Hayley Barr,Emily Hampton,Jeffrey Dawson,,,,Lead Actor,Cameo,Supporting Actor,Supporting Actor,Cameo,Supporting Actor,,,,21,10,2.4
6a2354259f2f6901826a565d,320,Bank between,1994,82,Drama,"""Effect lawyer animal hospital note painting. Matter cut city again.\nFour believe performance suggest letter. Major always evening million maybe east stage. Class early ask prove walk.""",50,84,129,430,433,496,,,,Joseph Wright,Michael Harrison,Benjamin Mccoy,Ronald Wells,Michelle Adkins,Eddie Jenkins,,,,Supporting Actor,Lead Actor,Cameo,Cameo,Lead Actor,Lead Actor,,,,24,11,2.91
6a2354259f2f6901826a565e,321,Congress,2022,162,Horror,"""Realize field why allow unit fly generation style. Hotel adult name painting let my.\nGo only trip nature. Tend talk interesting.""",6,140,398,449,465,,,,,Amanda Blackburn,Barbara Lewis,Jordan Phillips,Stephanie Davidson,Tony Solomon,,,,,Supporting Actor,Lead Actor,Cameo,Supporting Actor,Lead Actor,,,,,17,10,2.8
6a2354259f2f6901826a565f,322,Agent sing arrive,2011,146,Drama,Street campaign must young tree. Material represent away interest group. Technology matter far your.,298,312,314,,,,,,,Amanda Perez,Crystal Lee,Jonathan Galvan,,,,,,,Cameo,Cameo,Supporting Actor,,,,,,,30,12,3.33
6a2354259f2f6901826a5660,323,Debate friend local,2008,106,Fantasy,Structure baby suggest sure. Sea can very at list what. Because skill size second. Concern fund of weight financial member miss.,,,,,,,,,,,,,,,,,,,,,,,,,,,,14,8,3
6a2354259f2f6901826a5661,324,Sing one,2013,129,Comedy,Their page claim reveal since must system. Available forward view behind. His marriage positive.,84,201,385,490,,,,,,Michael Harrison,Adam Gutierrez,Kathleen Mitchell,Mary Sanchez,,,,,,Supporting Actor,Cameo,Lead Actor,Cameo,,,,,,17,10,3.3
6a2354259f2f6901826a5662,325,Type himself,1994,157,Mystery,Behavior same site recently. Improve but bill able. Natural may their admit girl.,6,439,,,,,,,,Amanda Blackburn,Margaret Anderson,,,,,,,,Lead Actor,Lead Actor,,,,,,,,27,15,2.8
6a2354259f2f6901826a5663,326,Stock computer suffer,2019,169,Romance,"""Describe adult take draw health leave. Must soldier race suffer.\nIndividual amount protect within indicate southern. Dog to finish deal.""",53,346,398,,,,,,,Gina Dixon,Joseph Moore,Jordan Phillips,,,,,,,Lead Actor,Supporting Actor,Supporting Actor,,,,,,,24,16,3.25
6a2354259f2f6901826a5664,327,Media let,2009,155,Thriller,"""Pretty general sign remember message improve former. Significant near democratic staff west such body.\nPush large religious approach identify. Glass ask focus get very.""",139,168,,,,,,,,Michael Barajas,Mrs. Patricia Harrison,,,,,,,,Cameo,Lead Actor,,,,,,,,25,14,2.86
6a2354259f2f6901826a5665,328,Peace thus,2008,135,Drama,May box hot thank. Market help do popular suffer land worker. Happy who method skin.,234,258,304,398,453,,,,,Connie Williamson,Karen Heath,Chelsea Moore,Jordan Phillips,Tara Nichols,,,,,Cameo,Cameo,Lead Actor,Lead Actor,Cameo,,,,,17,11,2.64
6a2354259f2f6901826a5666,329,They sound,2019,171,Fantasy,"""Represent college fire drug. However actually pick clear fly.\nSometimes picture type former PM. Week leave value difference too establish during. Remain must size.\nForget sing near character six.""",245,,,,,,,,,Emily Keith,,,,,,,,,Lead Actor,,,,,,,,,17,10,3.1
6a2354259f2f6901826a5667,330,Behavior pressure,2020,157,Thriller,"""School remain hot oil. Action forward couple relationship mind study.\nDespite although go argue firm.""",225,406,488,,,,,,,Matthew Mayer,Emma Newton,Robert Hahn,,,,,,,Cameo,Supporting Actor,Supporting Actor,,,,,,,20,7,2.86
6a2354259f2f6901826a5668,331,Billion late energy,1981,112,Fantasy,Sense section stay question way. But well want voice how.,394,,,,,,,,,Adrienne Lopez,,,,,,,,,Supporting Actor,,,,,,,,,33,20,2.95
6a2354259f2f6901826a5669,332,Work skin coach almost,1992,145,Drama,"""Book religious me.\nAgree traditional go return. American international education word stand explain.""",228,298,314,321,,,,,,Nicole Boyd,Amanda Perez,Jonathan Galvan,Jared Hernandez,,,,,,Cameo,Lead Actor,Lead Actor,Lead Actor,,,,,,22,15,3.67
6a2354259f2f6901826a566a,333,Accept job true,2001,150,Thriller,Laugh democratic stock process exist. Likely car occur wear happy myself. Say take next.,215,,,,,,,,,Crystal Martinez,,,,,,,,,Supporting Actor,,,,,,,,,21,10,3.1
6a2354259f2f6901826a566b,334,Agent senior,1999,132,Drama,"""It authority value together science. Sing energy stand career newspaper.\nPiece tree goal family certain half represent. Federal black stock.""",363,,,,,,,,,Timothy Love,,,,,,,,,Cameo,,,,,,,,,29,14,2.93
6a2354259f2f6901826a566c,335,Forward,2020,86,Thriller,Area decade network reason memory may. Happen production protect same newspaper.,21,,,,,,,,,David Harmon,,,,,,,,,Lead Actor,,,,,,,,,26,15,2.93
6a2354259f2f6901826a566d,336,Where theory,1998,173,Fantasy,Back him age figure their. Reveal manage fish impact heart open.,137,408,449,,,,,,,Catherine Shelton,Michelle Phillips,Stephanie Davidson,,,,,,,Cameo,Supporting Actor,Cameo,,,,,,,25,13,2.92
6a2354259f2f6901826a566e,337,Develop arm need,2016,168,Fantasy,Gun many federal lose decision. Health tree trial someone enter. Low leader size conference.,215,332,333,469,480,,,,,Crystal Martinez,Edwin Chapman,Ricky Cooper II,Adam Welch,Linda Graves,,,,,Lead Actor,Lead Actor,Supporting Actor,Cameo,Cameo,,,,,23,16,3
6a2354259f2f6901826a566f,338,Billion campaign way,2010,155,Action,"""Throw industry camera conference.\nCoach thing quality office fear knowledge. We kid maintain.""",296,410,,,,,,,,Elizabeth Kent,Mark Ramirez,,,,,,,,Cameo,Supporting Actor,,,,,,,,15,5,2.4
6a2354259f2f6901826a5670,339,Me generation,1985,169,Action,"""Argue cold treatment no art. Rest tax she note fine.\nAccount society official beautiful wall attention economic. Pay believe pattern on manager least live. Prepare executive blood myself occur.""",53,133,159,168,287,321,406,,,Gina Dixon,Cassie Neal,Richard Gutierrez,Mrs. Patricia Harrison,Cody Mcdaniel,Jared Hernandez,Emma Newton,,,Cameo,Supporting Actor,Cameo,Lead Actor,Supporting Actor,Supporting Actor,Lead Actor,,,21,7,4
6a2354259f2f6901826a5671,340,Down good risk,1983,105,Comedy,"""Spend usually low range. Economy rich what administration save or magazine. Herself their entire believe rather.\nImpact first stand reason. Republican today long fire less along interest.""",318,429,,,,,,,,Andrea Mcintosh,James Beard,,,,,,,,Cameo,Supporting Actor,,,,,,,,19,7,3
6a2354259f2f6901826a5672,341,Should,1989,169,Comedy,Describe hit though again difference. Tax table challenge measure baby. Would anything art six child.,223,471,,,,,,,,Christy Morrison,Evan Nelson,,,,,,,,Lead Actor,Lead Actor,,,,,,,,19,9,2.78
6a2354259f2f6901826a5673,342,Miss happy,1991,170,Mystery,"""Team along tonight see.\nSouthern raise east accept feeling. Common provide education full then drop maybe just. Case behind civil hotel politics I against. Member quality something dream traditional.""",,,,,,,,,,,,,,,,,,,,,,,,,,,,24,12,2.58
6a2354259f2f6901826a5674,343,Campaign increase,2006,154,Sci-Fi,"""Board food food candidate including lose friend. Four which tonight leg short. Despite ready sure big develop.\nHis stage leg book money law rate. Human far manage majority.""",382,394,,,,,,,,Manuel Hunter,Adrienne Lopez,,,,,,,,Supporting Actor,Lead Actor,,,,,,,,28,15,2.67
6a2354259f2f6901826a5675,344,Star force,1992,101,Horror,Radio generation store. Ball newspaper ten along. Whose light couple everybody family board.,304,310,,,,,,,,Chelsea Moore,Katherine Smith,,,,,,,,Lead Actor,Cameo,,,,,,,,15,8,3
6a2354259f2f6901826a5676,345,Finish itself,1996,101,Comedy,"""Read bag room rather. Prevent change prepare law report. Take generation later television phone.\nChoose employee thus person who thousand age. Street sport agent democratic if.""",24,340,351,,,,,,,Vincent Pearson,Chelsea Craig,Veronica Elliott,,,,,,,Supporting Actor,Supporting Actor,Supporting Actor,,,,,,,18,6,2.33
6a2354259f2f6901826a5677,346,Every opportunity,1988,177,Drama,Defense space more. On stay view pattern fly main series positive. Process perhaps contain herself maintain song assume.,127,154,216,350,,,,,,Isaac Crosby,Jesse Mann,Tammy Baker,Emily Hampton,,,,,,Lead Actor,Lead Actor,Lead Actor,Cameo,,,,,,27,21,2.86
6a2354259f2f6901826a5678,347,Become eye military,1997,135,Drama,Million tell run different claim including. Significant eight win performance to. Eat daughter end whether short whole.,128,210,369,,,,,,,Christopher Freeman,Luis Randall,Shane Kelly,,,,,,,Cameo,Lead Actor,Lead Actor,,,,,,,16,7,2
6a2354259f2f6901826a5679,348,Check war,1981,108,Sci-Fi,"""Almost light sometimes goal religious. Certainly modern her its parent surface. Hundred nice well little final others.\nHope bring himself nearly. Gun Republican stuff research.""",79,194,324,340,,,,,,Mathew Phillips,Megan Banks,Matthew Gregory,Chelsea Craig,,,,,,Cameo,Cameo,Lead Actor,Lead Actor,,,,,,21,13,2.54
6a2354259f2f6901826a567a,349,High thought,2019,174,Mystery,Listen care imagine president address recognize break right. Eye white property generation light mention. Chance eat democratic wonder no.,,,,,,,,,,,,,,,,,,,,,,,,,,,,19,7,3.86
6a2354259f2f6901826a567b,350,Stop top,1994,87,Mystery,"""Head authority example international ahead trade really nature. Director perhaps mission TV charge.\nOnce day lay. Yard it see produce. Become space glass possible town meet police.""",43,248,,,,,,,,Roy Ware,Brett Flynn,,,,,,,,Cameo,Supporting Actor,,,,,,,,16,8,3.63
6a2354259f2f6901826a567c,351,Spring ten agency,1994,99,Sci-Fi,Help forward deal source sea media event into. Cover body will cell agency school. Detail past its even somebody product else. Whole it no responsibility out president.,,,,,,,,,,,,,,,,,,,,,,,,,,,,22,14,3.21
6a2354259f2f6901826a567d,352,Town read room,2014,82,Mystery,"""Production effort three strong environmental man. Push first list off fund. Book me another up bar Republican look wife.\nMagazine despite indeed present. Else any employee blood soon.""",,,,,,,,,,,,,,,,,,,,,,,,,,,,20,12,2.92
6a2354259f2f6901826a567e,353,Her store,2007,153,Horror,Group quickly mother maintain southern citizen ago. Similar us foot travel instead.,172,244,421,430,,,,,,Mrs. Maria Lewis,Jon Bridges DDS,Donald Rivas,Ronald Wells,,,,,,Lead Actor,Cameo,Cameo,Lead Actor,,,,,,15,6,3.83
6a2354259f2f6901826a567f,354,Method each hot,2023,109,Fantasy,Rise impact almost arrive picture goal blue. Institution dark rest various former part. Pass sense activity particularly expect drop such price.,64,89,335,349,351,,,,,Nicole Poole,Mckenzie Finley,Brenda Smith,Christopher Jacobs,Veronica Elliott,,,,,Supporting Actor,Lead Actor,Cameo,Lead Actor,Cameo,,,,,21,15,2.8
6a2354259f2f6901826a5680,355,Fly with data,1998,150,Romance,Almost today bag major bring. Anything alone work pay discuss. Best it individual mother agreement since.,22,150,329,330,,,,,,Cathy Schultz,Daniel Robertson,Jeffrey Gutierrez,Katherine Velasquez,,,,,,Cameo,Lead Actor,Supporting Actor,Lead Actor,,,,,,12,7,2.86
6a2354259f2f6901826a5681,356,Eat several,2013,108,Comedy,"""Life large too. Nature when she indicate capital they within.\nWe really ground tonight. Sing including whole perform bill. Age protect street father Mrs article task ever.""",218,325,,,,,,,,Jeffrey Hensley,Teresa Smith,,,,,,,,Supporting Actor,Cameo,,,,,,,,26,14,3.43
6a2354259f2f6901826a5682,357,Film role,1998,109,Comedy,"""Necessary century movie least rest suddenly. Term I parent trouble. Particularly newspaper yes catch hour bring clear.\nBall second usually suffer three throw true. Popular bank fact everyone.""",28,199,238,280,284,329,489,,,Heather Benson,Mr. Austin Johnson Jr.,Amber Floyd,Crystal Weiss,Hayley Barr,Jeffrey Gutierrez,Brett Reynolds,,,Cameo,Cameo,Cameo,Cameo,Supporting Actor,Supporting Actor,Lead Actor,,,20,8,3.13
6a2354259f2f6901826a5683,358,Entire deep building,2005,148,Mystery,Within management surface truth fly international with. Floor argue across send present leader federal. Discuss suggest suddenly serve.,49,266,,,,,,,,Tommy Brown,Brianna Anthony,,,,,,,,Cameo,Lead Actor,,,,,,,,26,14,2.79
6a2354259f2f6901826a5684,359,Now,2014,169,Thriller,Still something protect information east. Each stay recognize day market property south discussion.,105,177,432,,,,,,,Wanda Hall,Kristine Fox,Garrett Arnold,,,,,,,Supporting Actor,Lead Actor,Supporting Actor,,,,,,,21,8,2.5
6a2354259f2f6901826a5685,360,Interest standard student,1989,134,Romance,"""Key police speak matter. Option yes couple lose research rock hear. Security man piece again health about.\nOld analysis bring themselves among.""",100,188,401,,,,,,,Andrew Hammond,Doris Allison,Tyler Rodriguez,,,,,,,Lead Actor,Cameo,Supporting Actor,,,,,,,26,12,3.17
6a2354259f2f6901826a5686,361,Security direction,2016,107,Mystery,"""Speech occur look improve she good. Indeed walk with. Nor keep yes indeed.\nMilitary wind home threat traditional. Response back person speak including benefit who decision.""",56,77,81,485,,,,,,Rebecca Huang,Thomas Graham,Richard Thomas,Valerie Oneal,,,,,,Lead Actor,Lead Actor,Supporting Actor,Cameo,,,,,,11,5,3
6a2354259f2f6901826a5687,362,Computer sell,1991,89,Mystery,"""Born police later tell. Walk take late become nearly watch. Long business threat.\nBecome respond any chance. Improve reduce start item three other trouble.""",,,,,,,,,,,,,,,,,,,,,,,,,,,,24,11,3.36
6a2354259f2f6901826a5688,363,Really term,1992,131,Thriller,Born real office course attack more home drug. Debate their claim rest plant quickly collection. Approach tend structure job travel police particularly.,122,268,,,,,,,,Michelle Duncan,Christopher Snyder,,,,,,,,Cameo,Cameo,,,,,,,,19,10,3.7
6a2354259f2f6901826a5689,364,Article economy test ready,1986,122,Adventure,Store job management job building. Customer fish fall employee off difference store daughter. Watch detail here. Then PM position thank.,22,123,350,403,,,,,,Cathy Schultz,Jack Hogan,Emily Hampton,Steven Chavez,,,,,,Cameo,Cameo,Cameo,Supporting Actor,,,,,,21,11,3.27
6a2354259f2f6901826a568a,365,Call peace leave,2017,124,Adventure,"""Trial miss nice start.\nFull blood article edge indicate international. A car finally no water despite very.\nAttack spend candidate name. Too hospital north win until bit.""",1,79,152,219,365,391,451,,,Mr. Steven Newman,Mathew Phillips,Brian White,William Perry,Kelly Tucker,Bob Jordan,Darren Mcdonald,,,Supporting Actor,Supporting Actor,Cameo,Lead Actor,Lead Actor,Lead Actor,Supporting Actor,,,18,11,2.82
6a2354259f2f6901826a568b,366,Rise finally student,2016,105,Fantasy,"""Sea stock work compare inside operation fire. Lose public after decade once mean.\nWorker phone travel soldier early serve.\nThem that medical you. Land treat blue attorney risk.""",4,242,,,,,,,,Jason Lyons,Jonathan Lee,,,,,,,,Supporting Actor,Supporting Actor,,,,,,,,14,8,2.75
6a2354259f2f6901826a568c,367,More event month,2012,158,Thriller,Such tough exist audience. Society picture increase large child join issue. Hit important difficult drop.,130,314,,,,,,,,William Little DVM,Jonathan Galvan,,,,,,,,Cameo,Lead Actor,,,,,,,,18,8,2.63
6a2354259f2f6901826a568d,368,They apply,1991,116,Sci-Fi,"""Idea fire mother ahead card again law. Head respond believe wide morning. Help live sign they early.\nNatural car know lawyer. Term early computer stock church.""",127,285,417,432,,,,,,Isaac Crosby,Richard Acosta,Austin Boone,Garrett Arnold,,,,,,Cameo,Supporting Actor,Cameo,Supporting Actor,,,,,,17,10,2.5
6a2354259f2f6901826a568e,369,Himself new car,1983,93,Fantasy,"""Poor lot key worker.\nOwner stuff carry total. Spend nation television accept. Official father expect market modern start edge.\nRoom score prevent use life without lose. Seat manage race benefit.""",30,92,412,467,,,,,,Jeremy Elliott,Anthony Robinson,Jack Smith,Charles Dominguez,,,,,,Supporting Actor,Lead Actor,Cameo,Cameo,,,,,,15,9,3
6a2354259f2f6901826a568f,370,Laugh candidate ok,1982,171,Sci-Fi,"""Reason world program feeling physical law. On religious stay account record sit community. Ahead rest without relationship.\nEight author toward almost direction pressure. Rich past quickly system.""",34,151,243,309,314,328,370,,,Nicholas Bradford,Tammy Klein,Rebecca Stafford,Laura Taylor,Jonathan Galvan,Max Andrews,Amy Hammond,,,Supporting Actor,Supporting Actor,Supporting Actor,Cameo,Cameo,Supporting Actor,Supporting Actor,,,19,7,3.29
6a2354259f2f6901826a5690,371,To bar about,2006,122,Thriller,Wait Democrat every four wish new social. Available simple investment blood song race determine. Realize stay tough natural sure.,41,266,349,,,,,,,Sue Long,Brianna Anthony,Christopher Jacobs,,,,,,,Cameo,Lead Actor,Supporting Actor,,,,,,,15,8,2.63
6a2354259f2f6901826a5691,372,Job box bad sport,2017,156,Romance,Work step thing down mind. Simply view car born skill thank keep. New night baby bit ground these meet.,21,131,199,394,429,481,486,,,David Harmon,Sabrina Rodriguez,Mr. Austin Johnson Jr.,Adrienne Lopez,James Beard,Elizabeth Carter,Jessica Evans,,,Lead Actor,Lead Actor,Lead Actor,Cameo,Lead Actor,Lead Actor,Supporting Actor,,,14,5,3.4
6a2354259f2f6901826a5692,373,Game down,1989,114,Adventure,"""Which beat late certainly start yourself. Interview indicate time majority. Fall green later.\nSit require me ability. Stock happen discover need parent voice.""",102,,,,,,,,,Thomas Williams,,,,,,,,,Cameo,,,,,,,,,21,14,3.07
6a2354259f2f6901826a5693,374,Like,2013,165,Sci-Fi,"""Strong arm good college college. More mission rock. Work vote on believe.\nCollection option player major exist southern. Process standard scene brother.""",4,178,237,386,447,,,,,Jason Lyons,Shawn Levine,Kevin Cook,Joseph Walters,Richard Jones,,,,,Cameo,Lead Actor,Supporting Actor,Supporting Actor,Supporting Actor,,,,,15,4,2.5
6a2354259f2f6901826a5694,375,Thousand,2022,130,Action,Time compare same small garden data somebody challenge. Hour want medical well. Ok skill simple sing.,355,,,,,,,,,Lisa Bartlett,,,,,,,,,Cameo,,,,,,,,,15,9,3.33
6a2354259f2f6901826a5695,376,Door blood piece,2001,144,Drama,About source own and over marriage. Keep visit push tell. Smile nearly military Democrat month born. Everybody manager six moment give staff.,117,232,344,361,422,,,,,Karen Holmes,Jessica Riley,Nicole King,Mrs. Sarah Oneill,Steven Olsen,,,,,Supporting Actor,Supporting Actor,Cameo,Supporting Actor,Cameo,,,,,18,10,3.1
6a2354259f2f6901826a5696,377,Parent,2019,85,Action,"""Father indeed early four successful industry modern help. Take her hold member.\nArtist medical she thank method team. Beat what win fill pass experience.""",159,160,332,479,493,,,,,Richard Gutierrez,Alexa Daugherty,Edwin Chapman,Amy Smith,Candace Terrell,,,,,Supporting Actor,Supporting Actor,Lead Actor,Lead Actor,Supporting Actor,,,,,29,12,3.42
6a2354259f2f6901826a5697,378,Poor indeed listen,2004,89,Horror,"""At son participant recognize scientist. Two argue appear picture language none research.\nType whole power people. Lay school food administration picture back.""",24,126,271,365,458,,,,,Vincent Pearson,Mark Hanson,Natasha Fuller,Kelly Tucker,Amanda Bond,,,,,Lead Actor,Cameo,Lead Actor,Cameo,Supporting Actor,,,,,17,8,3.13
6a2354259f2f6901826a5698,379,Democratic western,1984,132,Fantasy,"""Enjoy record happy state speech human. Imagine great school likely may particularly five. Action majority seven former rich eye.\nMr purpose office any same most. Travel big but.""",1,156,187,420,450,,,,,Mr. Steven Newman,Rachel Lane,Jodi Day,Jake Ellis,Joseph Sosa,,,,,Lead Actor,Cameo,Lead Actor,Cameo,Cameo,,,,,25,13,3.92
6a2354259f2f6901826a5699,380,Sound hand service,1997,124,Sci-Fi,"""Lay including various range state now. You visit seat tonight imagine door community special.\nGive realize them special ball local. Take something ago color tough piece quality believe.""",181,,,,,,,,,John Payne,,,,,,,,,Supporting Actor,,,,,,,,,15,6,3
6a2354259f2f6901826a569a,381,Organization eight politics,2025,136,Adventure,"""Yard yourself citizen meet.\nHeavy onto admit central.\nNor his system old item. Each new join either that. School pattern bring recent house.""",331,,,,,,,,,Cindy Russell,,,,,,,,,Supporting Actor,,,,,,,,,14,9,2.78
6a2354259f2f6901826a569b,382,Leg move section,1989,126,Drama,"""Happy material tree employee military true take. Pull already garden.\nBit something should. Heart home indicate word within choice family.""",27,107,,,,,,,,Robert Soto,Jeffrey Johnston,,,,,,,,Cameo,Supporting Actor,,,,,,,,11,7,3.14
6a2354259f2f6901826a569c,383,Them,2018,80,Thriller,"""Line safe ask million part bank blue. Million century pressure.\nYoung report fact maintain because then everything.""",194,344,404,406,,,,,,Megan Banks,Nicole King,Amanda Day,Emma Newton,,,,,,Cameo,Cameo,Supporting Actor,Cameo,,,,,,18,8,3.13
6a2354259f2f6901826a569d,384,And bank,2019,165,Thriller,"""Walk billion change culture let. Successful politics throw environmental just turn career.\nSoon stuff by allow successful result free although. Establish fact race issue.""",184,358,,,,,,,,Adam Case,James Robinson,,,,,,,,Lead Actor,Supporting Actor,,,,,,,,22,15,2.4
6a2354259f2f6901826a569e,385,Even somebody,2018,168,Adventure,"""Stay perhaps operation low key health. Part against if. Choice civil trial today market though human.\nNumber goal program plant loss address. Single list paper bring use quickly. Box share by answer.""",232,250,360,,,,,,,Jessica Riley,Ethan Carr,Jessica Mueller,,,,,,,Cameo,Supporting Actor,Cameo,,,,,,,16,9,2.78
6a2354259f2f6901826a569f,386,Subject its,1989,137,Comedy,Past tonight toward those attack family dark. Sea into health second ready sign forward message. A southern eye total example. Form executive buy care course.,54,159,329,405,491,,,,,Dr. Anna Hunter,Richard Gutierrez,Jeffrey Gutierrez,Teresa Williams,Erica Reed,,,,,Lead Actor,Supporting Actor,Lead Actor,Supporting Actor,Supporting Actor,,,,,24,15,3.13
6a2354259f2f6901826a56a0,387,Every Republican many,2000,152,Adventure,Point factor child city. Develop argue unit both cultural big long. Read standard statement century before any.,35,184,216,,,,,,,Randy Greene,Adam Case,Tammy Baker,,,,,,,Cameo,Lead Actor,Cameo,,,,,,,22,14,2.86
6a2354259f2f6901826a56a1,388,Manager white,2002,145,Comedy,"""Beat production address experience meet deep certain. Former pay community around building.\nPrepare along else watch. End give natural image.""",137,138,274,449,,,,,,Catherine Shelton,Ryan Nguyen,Laura Williams,Stephanie Davidson,,,,,,Lead Actor,Lead Actor,Cameo,Supporting Actor,,,,,,25,10,3.2
6a2354259f2f6901826a56a2,389,Successful,2024,135,Comedy,"""Not ago police event do suffer of no. Change last drug value history our song tough.\nPossible wind level several thus sound standard argue. Small wish yeah large. Hospital according stock.""",37,69,80,145,347,459,,,,Brenda Bailey,Michael Bailey,Lisa Davidson,Brandon Lopez,Sarah Macias,John Graham,,,,Supporting Actor,Lead Actor,Cameo,Lead Actor,Cameo,Lead Actor,,,,22,16,3.38
6a2354259f2f6901826a56a3,390,See live,2014,116,Thriller,"""Outside husband involve dinner its administration. Leg sea kitchen expert.\nCharge eight service interview deep hand heavy tend. Minute region local body.""",1,210,383,444,,,,,,Mr. Steven Newman,Luis Randall,Leah Rose,Deborah Adkins,,,,,,Supporting Actor,Cameo,Cameo,Lead Actor,,,,,,10,6,3.5
6a2354259f2f6901826a56a4,391,Cold officer wife,2022,143,Drama,Last main information feeling war area leg. Marriage explain cultural soldier on.,51,121,157,196,473,,,,,Kimberly Cox,Shane Silva,Karla Wilson,Richard Campbell,Ethan Fletcher,,,,,Supporting Actor,Supporting Actor,Lead Actor,Supporting Actor,Supporting Actor,,,,,11,4,2.5
6a2354259f2f6901826a56a5,392,Mind management table shake,2017,106,Action,Really style item arrive eat step. May billion star reflect like father. She campaign could up.,43,342,393,464,,,,,,Roy Ware,Kathleen Smith,Ralph Knox,Jeffrey Weeks,,,,,,Supporting Actor,Lead Actor,Supporting Actor,Lead Actor,,,,,,18,11,3.64
6a2354259f2f6901826a56a6,393,Available accept,1994,104,Thriller,Accept end kind. Lose gas maintain become speak. Every fall decision throw push do reason hope.,377,,,,,,,,,Carla Frazier,,,,,,,,,Supporting Actor,,,,,,,,,22,12,2.67
6a2354259f2f6901826a56a7,394,Civil prevent,2005,152,Thriller,Knowledge establish deep. Character pull mind character. A myself network operation effect lead.,355,370,480,,,,,,,Lisa Bartlett,Amy Hammond,Linda Graves,,,,,,,Cameo,Supporting Actor,Cameo,,,,,,,16,6,2.33
6a2354259f2f6901826a56a8,395,Address measure model,1987,127,Thriller,"""Politics now address final miss wish sit. Arrive would my light minute.\nMorning court structure less write concern. Question stand without situation.""",57,210,258,328,446,,,,,Jesse Morrow,Luis Randall,Karen Heath,Max Andrews,Joseph Armstrong,,,,,Supporting Actor,Lead Actor,Lead Actor,Supporting Actor,Cameo,,,,,17,7,3.86
6a2354259f2f6901826a56a9,396,Spend itself wife,2008,118,Fantasy,"""Side officer tend. Economic college subject level.\nHappy little risk image general campaign. Than skill than between kid you television. Trial structure face agree open.""",12,64,90,128,278,300,406,,,Sharon Mcdowell,Nicole Poole,Anthony Reed,Christopher Freeman,Mrs. Dorothy Wagner,Patricia West,Emma Newton,,,Cameo,Cameo,Cameo,Lead Actor,Cameo,Lead Actor,Lead Actor,,,15,10,3.7
6a2354259f2f6901826a56aa,397,Great strong,2024,127,Thriller,Scientist onto buy morning almost. Together save task travel forward artist soldier analysis. Three news exactly toward. Nature run the.,78,152,227,252,264,317,473,,,Frank Moore,Brian White,Melissa Bright,Rebecca Morales,Tanya Mendoza,Melissa Powell,Ethan Fletcher,,,Supporting Actor,Cameo,Lead Actor,Cameo,Supporting Actor,Lead Actor,Supporting Actor,,,25,8,3.25
6a2354259f2f6901826a56ab,398,Letter name Congress,2004,173,Romance,Try into ability think box there enjoy. Spend effort scene party one accept. Enter land campaign interview under dark another center.,115,236,323,329,,,,,,Benjamin Russo,Katelyn Brown,Cody Mitchell,Jeffrey Gutierrez,,,,,,Supporting Actor,Supporting Actor,Lead Actor,Cameo,,,,,,13,7,3.71
6a2354259f2f6901826a56ac,399,Set surface visit industry,1986,152,Thriller,Special make mouth cover central player. Baby woman apply low guy reflect. Eye activity issue require hand debate.,22,162,193,390,,,,,,Cathy Schultz,Samuel Frederick,Matthew Lee,Tara Harris,,,,,,Supporting Actor,Cameo,Cameo,Lead Actor,,,,,,24,12,3.08
6a2354259f2f6901826a56ad,400,Develop level,2006,91,Mystery,"""Discuss theory campaign step discuss.\nOr leader Mr three. Make audience alone them future. Politics successful year let PM data.""",18,206,231,297,401,416,,,,Amy Harris,Karen Leonard,Patrick Li,Miguel Jarvis,Tyler Rodriguez,Carrie Nash,,,,Cameo,Lead Actor,Cameo,Cameo,Supporting Actor,Cameo,,,,14,7,2.57
6a2354259f2f6901826a56ae,401,Might ago,2006,171,Action,"""Specific play also grow and. Across exactly until bit reveal. International strategy them box.\nCivil enough consider fear. Cost wonder task force. Little quality no sign exactly market decide.""",340,453,,,,,,,,Chelsea Craig,Tara Nichols,,,,,,,,Cameo,Cameo,,,,,,,,19,7,3
6a2354259f2f6901826a56af,402,Learn interesting pull,1994,122,Action,"""Student cover bring bag way cold stuff set. Thus first serve heart fill food simply answer.\nShake down push property manager sometimes learn. Prevent particular chair far do table provide.""",41,270,,,,,,,,Sue Long,Brandon Carter,,,,,,,,Lead Actor,Lead Actor,,,,,,,,21,11,2.64
6a2354259f2f6901826a56b0,403,Practice stock,2017,103,Fantasy,She environment down face manager. Evidence thus trouble security. Free cut candidate right knowledge they lot.,45,215,257,300,424,,,,,Frederick Bryant,Crystal Martinez,Edward Andrews,Patricia West,Mathew Shepard,,,,,Supporting Actor,Cameo,Cameo,Lead Actor,Supporting Actor,,,,,24,14,2.57
6a2354259f2f6901826a56b1,404,Training,1981,172,Mystery,"""Manage today could answer sister former. Change individual character appear. One smile high forward.\nPresent market special that thank similar. Push never shake concern. Until white level anyone.""",76,228,234,261,474,,,,,Amy Erickson,Nicole Boyd,Connie Williamson,Steven Clark,Kathleen Johnson,,,,,Supporting Actor,Cameo,Lead Actor,Supporting Actor,Cameo,,,,,16,11,2.64
6a2354259f2f6901826a56b2,405,Picture about,1994,155,Comedy,"""Leg benefit high impact left. According perform reason candidate several. News someone leave if opportunity everyone fund.\nThroughout its single north run full. Reveal new gas sea. Rise air no model.""",297,,,,,,,,,Miguel Jarvis,,,,,,,,,Cameo,,,,,,,,,17,10,3.2
6a2354259f2f6901826a56b3,406,Because strong evening technology,1986,80,Drama,"""Deal maybe fine including majority try serious. Focus job try join.\nCourse benefit the they management. Trouble worker radio discuss. Drive act other group world capital read remember.""",21,53,132,162,216,260,,,,David Harmon,Gina Dixon,Daniel Payne,Samuel Frederick,Tammy Baker,Bryan Lewis,,,,Supporting Actor,Lead Actor,Lead Actor,Supporting Actor,Supporting Actor,Supporting Actor,,,,13,3,3.67
6a2354259f2f6901826a56b4,407,Law go,2020,149,Romance,Art until never in year see. Evening region expert guess fear doctor whose. Away fund the former.,2,142,161,367,372,434,,,,Kyle Jones,John Sanchez,Felicia Holloway,Cory Johnson,Darryl Moore,Dr. Charles Anderson,,,,Cameo,Cameo,Cameo,Supporting Actor,Lead Actor,Cameo,,,,15,6,3.17
6a2354259f2f6901826a56b5,408,Key country a,2005,107,Horror,Institution oil happy pass. Financial tonight loss until despite health. Prove general policy tell mission sing. About list carry page outside myself education.,19,216,267,341,411,,,,,Melissa Walker,Tammy Baker,Elizabeth Welch,Kristin Ritter,Michael Adams,,,,,Lead Actor,Lead Actor,Lead Actor,Cameo,Cameo,,,,,23,9,3.44
6a2354259f2f6901826a56b6,409,Father,1980,134,Fantasy,"""Make show put ready them company. Boy hotel consider. Top above moment enter week say.\nWith manage party recently serve subject raise. Party Democrat record beat.""",59,325,360,435,,,,,,Caitlin Young,Teresa Smith,Jessica Mueller,Ryan Johnson,,,,,,Lead Actor,Supporting Actor,Supporting Actor,Supporting Actor,,,,,,25,12,3
6a2354259f2f6901826a56b7,410,Say catch until,2014,148,Drama,"""Us pretty subject structure exactly great. Least western happen.\nSomebody public wonder else successful figure skill about. As member many. Herself pick yourself sea leave system couple.""",16,136,327,,,,,,,Sandra Dunn,Jesse Wright,Amanda Nichols,,,,,,,Lead Actor,Lead Actor,Cameo,,,,,,,20,6,3.5
6a2354259f2f6901826a56b8,411,Nice eight,2007,149,Action,Small step man consider. Over clear tell crime thing sister. Lot many hair every discussion executive into take.,,,,,,,,,,,,,,,,,,,,,,,,,,,,21,7,3.86
6a2354259f2f6901826a56b9,412,Expert ever,2026,129,Action,"""Suddenly a last capital. Wrong nation machine care. Almost star get debate gun situation most. Memory especially left mouth hospital bill.\nArrive wrong ago.""",314,496,,,,,,,,Jonathan Galvan,Eddie Jenkins,,,,,,,,Lead Actor,Supporting Actor,,,,,,,,17,7,2.57
6a2354259f2f6901826a56ba,413,Single make star,2001,127,Fantasy,"""Professor chair what cold rest. Free ahead fear course ago tough air.\nLoss away happen rich there. Best official edge range memory action improve.""",88,157,361,458,475,,,,,Omar Diaz,Karla Wilson,Mrs. Sarah Oneill,Amanda Bond,Christopher Noble,,,,,Lead Actor,Supporting Actor,Lead Actor,Lead Actor,Supporting Actor,,,,,22,15,3.13
6a2354259f2f6901826a56bb,414,Always arm,2004,159,Horror,"""Week personal in safe system peace behind. Stuff different management they realize.\nPainting place benefit something gun simple. Manage hope least accept out lead song.""",174,312,,,,,,,,Austin Roberson,Crystal Lee,,,,,,,,Lead Actor,Cameo,,,,,,,,22,14,3.71
6a2354259f2f6901826a56bc,415,Mr bed her,2015,146,Sci-Fi,"""Worry happy drug leader. Most way task success more. Create ball check dark recognize.\nDoor run hear firm least right simply. Forget move foot cover figure ever. Work first police minute.""",2,13,20,46,268,,,,,Kyle Jones,Teresa Abbott,Courtney Ward,Andrew Smith,Christopher Snyder,,,,,Lead Actor,Cameo,Lead Actor,Cameo,Lead Actor,,,,,18,11,3.36
6a2354259f2f6901826a56bd,416,Republican management institution,2014,134,Romance,Every decision specific Democrat. Cost account budget yeah study. Two yet child large exactly. Local tell none likely staff society.,213,,,,,,,,,Nicole Johnson,,,,,,,,,Cameo,,,,,,,,,19,9,2.67
6a2354259f2f6901826a56be,417,Born cover choose,2023,104,Sci-Fi,"""Single economic could loss. Live side world series. None test data forget.\nAction outside claim whether visit data. Allow product option common since purpose.""",246,270,363,467,,,,,,Andrew Morris,Brandon Carter,Timothy Love,Charles Dominguez,,,,,,Supporting Actor,Lead Actor,Supporting Actor,Cameo,,,,,,26,15,3.33
6a2354259f2f6901826a56bf,418,So class,2003,172,Mystery,"""Skin decade character make today material age. Rather tell present your.\nTrial buy send return section. According admit hotel board foreign detail less space.""",224,339,490,,,,,,,James Guerrero,Thomas Boyle,Mary Sanchez,,,,,,,Cameo,Cameo,Supporting Actor,,,,,,,23,9,3.22
6a2354259f2f6901826a56c0,419,Word west upon family,2000,149,Thriller,"""Suggest continue dream nothing gun reality national morning. Commercial small address computer identify.\nDown network fill believe man single each. Officer seek three series strategy bring.""",419,,,,,,,,,Patricia Brown,,,,,,,,,Cameo,,,,,,,,,28,13,3.23
6a2354259f2f6901826a56c1,420,Mouth own,2014,91,Action,"""City meet now pressure senior show. Near chair bill social night.\nCertain too kitchen. Her attention list single. Child low out.""",18,166,220,,,,,,,Amy Harris,Craig Hall,Jonathan Smith,,,,,,,Cameo,Lead Actor,Lead Actor,,,,,,,23,14,2.64
6a2354259f2f6901826a56c2,421,Half weight mouth shoulder,2002,169,Sci-Fi,"""Plant sea push part. Information another few conference store line. Both affect international way lead need. Five detail soon difficult five care whole house.\nYard prevent door however.""",,,,,,,,,,,,,,,,,,,,,,,,,,,,20,7,3.43
6a2354259f2f6901826a56c3,422,Certain rest assume small,2023,106,Drama,Institution item age involve experience safe art movement. If human require four. Do black mother activity discover where into.,393,,,,,,,,,Ralph Knox,,,,,,,,,Cameo,,,,,,,,,27,13,2.54
6a2354259f2f6901826a56c4,423,Receive read lay,1983,127,Horror,"""Old member how heart such situation management.\nSell focus source. Boy religious value less understand. Probably any daughter trial open level.""",227,,,,,,,,,Melissa Bright,,,,,,,,,Cameo,,,,,,,,,20,10,3.3
6a2354259f2f6901826a56c5,424,Somebody indicate,1992,112,Comedy,"""All way place allow consider.\nOnly event war specific person former bad so. Herself our white why. Seek threat behavior I such outside control.""",52,233,,,,,,,,Michelle Patterson,Jennifer Miller,,,,,,,,Supporting Actor,Cameo,,,,,,,,26,14,2.5
6a2354259f2f6901826a56c6,425,Season live tough,1982,96,Romance,"""In particularly buy.\nFinal beat history along kind shake rise. Smile station third executive effort enter. Make size him evening carry audience.""",131,287,496,,,,,,,Sabrina Rodriguez,Cody Mcdaniel,Eddie Jenkins,,,,,,,Supporting Actor,Cameo,Supporting Actor,,,,,,,17,8,3
6a2354259f2f6901826a56c7,426,Unit popular,1997,151,Drama,"""Population spend cut decide well. Hour bag recent.\nBetween offer glass participant discover. First art also reflect people moment issue return.\nSubject institution left not. Us affect ago can.""",253,480,,,,,,,,Nicole Warren,Linda Graves,,,,,,,,Cameo,Lead Actor,,,,,,,,26,14,2.79
6a2354259f2f6901826a56c8,427,He western,2019,175,Horror,"""New court them recent law toward. What us behavior of.\nSeven go beat tax assume eat. Program whatever so speak expert.\nAct after finally. Military include contain kid court. By local respond final.""",175,319,391,,,,,,,Sonya Jensen,Aaron Brown,Bob Jordan,,,,,,,Cameo,Supporting Actor,Cameo,,,,,,,17,12,2.25
6a2354259f2f6901826a56c9,428,Dinner break newspaper,1981,166,Adventure,"""Political party full quality central right law. Magazine court writer rather politics live.\nRight adult despite. Then know or rise. Brother wrong know.""",291,367,,,,,,,,Steven Young,Cory Johnson,,,,,,,,Cameo,Lead Actor,,,,,,,,23,6,3.83
6a2354259f2f6901826a56ca,429,Within career,2014,152,Fantasy,Identify score brother option music second. Power upon our not. Year bag follow question because sound. In last statement step player social everyone.,230,245,285,347,459,477,,,,Kathryn Lopez,Emily Keith,Richard Acosta,Sarah Macias,John Graham,Maria Page,,,,Supporting Actor,Cameo,Supporting Actor,Cameo,Lead Actor,Lead Actor,,,,21,13,3.31
6a2354259f2f6901826a56cb,430,Under least,1990,100,Sci-Fi,Until order world these never. Story agree only eat sea. Capital gas risk citizen result.,63,109,495,,,,,,,Matthew Kennedy,Laurie Nguyen,Jeffrey White,,,,,,,Supporting Actor,Lead Actor,Cameo,,,,,,,22,12,2.75
6a2354259f2f6901826a56cc,431,Perform,2004,83,Adventure,Capital natural bring perhaps skin cell condition. Behavior serve age each brother but. Their wife knowledge because real.,328,,,,,,,,,Max Andrews,,,,,,,,,Lead Actor,,,,,,,,,26,13,2.31
6a2354259f2f6901826a56cd,432,Especially body,1989,159,Fantasy,"""Agreement participant area raise work pretty represent.\nNice generation ever professor decide soldier give. Work dinner coach baby fill.""",25,74,90,166,,,,,,Mary Robertson,Luis Young,Anthony Reed,Craig Hall,,,,,,Lead Actor,Lead Actor,Supporting Actor,Cameo,,,,,,23,13,2.77
6a2354259f2f6901826a56ce,433,Available suffer anyone,1985,127,Romance,Wrong community population. Assume nation organization whether choose foot your.,225,355,,,,,,,,Matthew Mayer,Lisa Bartlett,,,,,,,,Cameo,Supporting Actor,,,,,,,,17,8,3.38
6a2354259f2f6901826a56cf,434,Can,1989,86,Action,Beautiful increase Mr analysis ahead. Care best base employee parent soldier power nor. Inside I statement note school finally he according.,156,,,,,,,,,Rachel Lane,,,,,,,,,Supporting Actor,,,,,,,,,22,11,3.27
6a2354259f2f6901826a56d0,435,Rise good,2026,90,Action,Forward professional choice such. Bad leave relate. Economic spend financial democratic else which ever open. Former suffer check leader law.,18,21,271,,,,,,,Amy Harris,David Harmon,Natasha Fuller,,,,,,,Supporting Actor,Cameo,Cameo,,,,,,,23,15,3.27
6a2354259f2f6901826a56d1,436,The popular bed,1991,97,Fantasy,"""Bag move team change goal during radio. Attention president dark example.\nAnother seat pattern born best. Guy similar word imagine. Know listen grow eat.""",58,201,352,500,,,,,,Krystal Spence,Adam Gutierrez,Tina Hunt,Amy King,,,,,,Supporting Actor,Lead Actor,Supporting Actor,Lead Actor,,,,,,13,8,3.75
6a2354259f2f6901826a56d2,437,Could read,2014,177,Comedy,"""Baby cover like red. Agency debate fine laugh.\nGreat common pay animal. Another try on whether country. Into game north. History but student subject.""",144,313,387,481,,,,,,James Charles,Jamie Wilson,Maurice Davis,Elizabeth Carter,,,,,,Lead Actor,Lead Actor,Cameo,Lead Actor,,,,,,25,17,2.88
6a2354259f2f6901826a56d3,438,Trouble,1988,83,Horror,"""Source almost fish.\nSource partner rise line personal various operation.\nStill institution doctor space. Let country hot campaign sense. Bad we TV party moment begin discuss.""",17,151,,,,,,,,Christopher Martin,Tammy Klein,,,,,,,,Lead Actor,Lead Actor,,,,,,,,28,17,3.18
6a2354259f2f6901826a56d4,439,Game detail likely far,2021,152,Adventure,Seat partner start attention point side ball. Girl gun because several role nearly people though. Ten international religious feeling network.,41,55,218,,,,,,,Sue Long,Shane Wood,Jeffrey Hensley,,,,,,,Supporting Actor,Lead Actor,Supporting Actor,,,,,,,18,7,3.57
6a2354259f2f6901826a56d5,440,Happy,2023,149,Thriller,"""Stay part also. Attack decide international similar choice modern.\nAdministration pay take budget art. Feeling manage so. Control interview father for skin size rule similar.""",359,395,,,,,,,,Jennifer Holland,Michael Bennett,,,,,,,,Supporting Actor,Lead Actor,,,,,,,,16,6,2.83
6a2354259f2f6901826a56d6,441,West toward down,2018,163,Mystery,"""Perhaps win race gas challenge. Bring probably almost director personal fly.\nWish religious outside. Exactly few season student term. Pm ask ago pass person show.""",221,325,,,,,,,,Wanda Gibson,Teresa Smith,,,,,,,,Lead Actor,Lead Actor,,,,,,,,13,6,3.33
6a2354259f2f6901826a56d7,442,Care full,1989,126,Adventure,"""Subject food for whatever with. Amount avoid crime blood magazine without.\nMinute management bit them nearly four hand. Risk happy get behind.""",75,127,362,391,414,444,,,,Alexis Carlson,Isaac Crosby,Trevor Rice,Bob Jordan,Pamela Schwartz,Deborah Adkins,,,,Lead Actor,Cameo,Cameo,Cameo,Cameo,Supporting Actor,,,,18,9,2.89
6a2354259f2f6901826a56d8,443,Know,2024,154,Horror,"""Daughter billion involve start board. Single not never lead. Next recognize hand majority case site night.\nMan country director loss break upon others. Interesting already word like need bit.""",48,192,220,231,,,,,,Lacey Bernard,Tammie Ruiz,Jonathan Smith,Patrick Li,,,,,,Cameo,Cameo,Cameo,Lead Actor,,,,,,25,12,2.92
6a2354259f2f6901826a56d9,444,Quite different only,1984,117,Horror,Fight weight station begin me her among. He control play even. Mention job agreement size house face off girl. Put into news yet and nor.,479,,,,,,,,,Amy Smith,,,,,,,,,Supporting Actor,,,,,,,,,15,8,2.25
6a2354259f2f6901826a56da,445,Reveal it,1995,167,Romance,Trip state system. Certain suggest perform lawyer leader dinner figure. Man present open there life themselves cause. Beautiful keep police attorney cup figure.,29,84,110,166,,,,,,Heather Watkins,Michael Harrison,Theresa Lopez,Craig Hall,,,,,,Cameo,Cameo,Lead Actor,Supporting Actor,,,,,,16,7,2.29
6a2354259f2f6901826a56db,446,Establish white,1980,174,Drama,"""Possible pay approach person camera look.\nImage tough cut bad. Population music red close.\nShare require leave stock move from. From able charge whatever age world less door.\nReally site need world.""",30,34,85,325,373,,,,,Jeremy Elliott,Nicholas Bradford,Lisa Castro,Teresa Smith,Michael Ramsey,,,,,Cameo,Supporting Actor,Lead Actor,Cameo,Lead Actor,,,,,18,10,2.6
6a2354259f2f6901826a56dc,447,Machine,1982,95,Sci-Fi,Rather strategy since space window whole. Can market subject candidate relate security religious. Heart purpose himself hundred story can determine treat.,27,225,,,,,,,,Robert Soto,Matthew Mayer,,,,,,,,Cameo,Supporting Actor,,,,,,,,21,6,2.83
6a2354259f2f6901826a56dd,448,Strong,2014,89,Fantasy,"""Theory own understand film upon garden part.\nTrade moment red apply seek.\nBill ok face director attack itself. Color deal item happy. Employee better sport cup partner source.""",11,181,430,,,,,,,Adam Clarke,John Payne,Ronald Wells,,,,,,,Cameo,Lead Actor,Supporting Actor,,,,,,,18,7,3.29
6a2354259f2f6901826a56de,449,News nearly,1993,124,Mystery,"""Especially just social across seat. Serious information very machine.\nOrder class pay total major room fear. Crime remain child positive. Bar power under dark attention do.""",54,78,325,,,,,,,Dr. Anna Hunter,Frank Moore,Teresa Smith,,,,,,,Lead Actor,Cameo,Lead Actor,,,,,,,16,7,4
6a2354259f2f6901826a56df,450,Student what,2006,122,Sci-Fi,"""Without possible fact present six including. Pattern land north everyone ask experience.\nPiece position tend us. Girl improve chair reduce personal here prepare. Section true else any involve.""",202,224,227,249,470,496,,,,Rhonda Trujillo,James Guerrero,Melissa Bright,Joseph Henderson,Kelsey Orozco,Eddie Jenkins,,,,Lead Actor,Cameo,Lead Actor,Supporting Actor,Cameo,Supporting Actor,,,,19,6,2.67
6a2354259f2f6901826a56e0,451,See eat,2008,114,Action,Instead education number in. Week statement price guess lead reveal east. Want prepare mission something.,13,140,285,306,397,494,,,,Teresa Abbott,Barbara Lewis,Richard Acosta,Kathleen Yang,Teresa Cole,Erik Howe,,,,Lead Actor,Supporting Actor,Supporting Actor,Cameo,Supporting Actor,Supporting Actor,,,,20,10,2.6
6a2354259f2f6901826a56e1,452,It authority,1989,111,Comedy,"""Region without kitchen. Woman that in crime production eye better.\nMaintain set consider audience cover. View rock point fire phone health out.""",42,240,,,,,,,,Ashley Callahan,Rachel Dean,,,,,,,,Cameo,Lead Actor,,,,,,,,13,5,3.8
6a2354259f2f6901826a56e2,453,Campaign beautiful,2009,82,Horror,"""Surface father major by last exist. Company address hope wait. Drive within listen market college.\nClose deal store employee. More her national star during.\nCell talk require.""",204,,,,,,,,,Kara Holt,,,,,,,,,Lead Actor,,,,,,,,,16,10,3.2
6a2354259f2f6901826a56e3,454,Growth avoid speech list,2012,100,Adventure,"""Nothing fall still. Star because reveal glass activity street. Policy popular race push magazine.\nRock much tree talk participant relate. Campaign decade their tree number mean happy health.""",191,286,426,,,,,,,Anthony Horton,Megan Johnson,William Mack,,,,,,,Cameo,Cameo,Cameo,,,,,,,32,15,3.47
6a2354259f2f6901826a56e4,455,Hold nothing,2024,128,Action,"""Of little either TV.\nBegin Republican to read fact. Woman public number floor.\nTree require year begin. Former foreign common. Across similar win.""",181,210,,,,,,,,John Payne,Luis Randall,,,,,,,,Lead Actor,Lead Actor,,,,,,,,26,12,2.92
6a2354259f2f6901826a56e5,456,Card federal number,2024,180,Comedy,"""Practice entire usually good memory create traditional stand. Second weight best still. Well respond day.\nLine life shoulder. Much strong real senior good. Pm think nation drive beat make away.""",90,160,247,,,,,,,Anthony Reed,Alexa Daugherty,Jennifer Walker,,,,,,,Cameo,Lead Actor,Cameo,,,,,,,22,11,2.27
6a2354259f2f6901826a56e6,457,Light,2021,106,Thriller,Defense foot compare both late produce some. Development argue enjoy street. Minute leader something edge and. All majority player north before in.,,,,,,,,,,,,,,,,,,,,,,,,,,,,20,12,3.08
6a2354259f2f6901826a56e7,458,Pm,2007,82,Fantasy,"""Baby perform offer design billion cultural hotel. Past than main miss analysis.\nNation main let subject.""",396,,,,,,,,,Nicole Lawson,,,,,,,,,Lead Actor,,,,,,,,,18,7,2.43
6a2354259f2f6901826a56e8,459,Natural draw,1995,132,Sci-Fi,"""Respond like home production. Deep growth leader become unit arrive chance.\nAgo wind who the without hour. Fund less middle future fact else. Teacher ever compare address financial star adult.""",112,113,,,,,,,,Howard Riggs,Stacy Watson,,,,,,,,Lead Actor,Lead Actor,,,,,,,,22,11,3.09
6a2354259f2f6901826a56e9,460,Laugh suggest,1994,112,Drama,"""Ball responsibility onto. Ok fine class game. Save new where participant.\nFront board discover film economy machine. Ground figure area author test.\nType build change simply. Community ok again.""",46,114,308,426,481,,,,,Andrew Smith,Stephanie Little,Stephanie Martinez,William Mack,Elizabeth Carter,,,,,Supporting Actor,Supporting Actor,Cameo,Lead Actor,Supporting Actor,,,,,19,12,3.08
6a2354259f2f6901826a56ea,461,Course,1981,94,Sci-Fi,"""Wonder itself outside difference bag year so. Work stuff protect program television drive beautiful.\nHappy per main fall physical.""",374,449,,,,,,,,Connie Moreno,Stephanie Davidson,,,,,,,,Lead Actor,Supporting Actor,,,,,,,,17,11,2.27
6a2354259f2f6901826a56eb,462,Performance police,1985,139,Thriller,"""Rule most local hour school arm. Explain song police under attack center.\nGive growth whatever car report. Manage tell common. Plan prevent young owner.""",215,321,333,,,,,,,Crystal Martinez,Jared Hernandez,Ricky Cooper II,,,,,,,Supporting Actor,Cameo,Cameo,,,,,,,25,15,3.2
6a2354259f2f6901826a56ec,463,Follow production,1984,132,Drama,Site Democrat fall international natural his. Month where raise knowledge. Page surface difficult fund few himself call.,83,494,,,,,,,,Justin Sawyer,Erik Howe,,,,,,,,Cameo,Cameo,,,,,,,,19,7,2.43
6a2354259f2f6901826a56ed,464,Deal once box,1996,124,Drama,"""Chair or occur near avoid table ever. Time civil degree.\nWriter specific building glass American. Animal memory fast upon sell serve. Exist live expert although do.""",45,88,249,277,347,,,,,Frederick Bryant,Omar Diaz,Joseph Henderson,Spencer Decker,Sarah Macias,,,,,Lead Actor,Supporting Actor,Cameo,Supporting Actor,Cameo,,,,,23,10,2.6
6a2354259f2f6901826a56ee,465,Music,2023,101,Action,"""Add report respond treatment clear all scene agency. Medical inside state option admit.\nNumber cultural visit carry go. Together off where trade clear.""",37,62,,,,,,,,Brenda Bailey,Christopher Stokes,,,,,,,,Lead Actor,Lead Actor,,,,,,,,21,12,3.42
6a2354259f2f6901826a56ef,466,Arm member guy,2000,102,Sci-Fi,"""Floor serious himself play. Know loss song bank child during.\nKind page along peace environment assume voice.\nMe former town establish enough. Difference arrive whether. Fear experience break not.""",228,,,,,,,,,Nicole Boyd,,,,,,,,,Supporting Actor,,,,,,,,,21,12,2.58
6a2354259f2f6901826a56f0,467,Feeling especially,2014,153,Adventure,"""Training soldier little ask red institution shoulder. Bill state nice same speak.\nYourself check address late development go scene. Laugh loss walk grow thank them minute.""",17,,,,,,,,,Christopher Martin,,,,,,,,,Supporting Actor,,,,,,,,,18,9,2.67
6a2354259f2f6901826a56f1,468,Front citizen,2020,109,Mystery,"""City economic generation brother media answer leg whether. Often process administration fire whom always.\nGovernment guess knowledge. Room particularly condition look evidence. Off trade none.""",122,128,224,334,347,464,,,,Michelle Duncan,Christopher Freeman,James Guerrero,Brooke Mason,Sarah Macias,Jeffrey Weeks,,,,Supporting Actor,Supporting Actor,Cameo,Supporting Actor,Cameo,Supporting Actor,,,,30,16,3
6a2354259f2f6901826a56f2,469,Them affect,1986,106,Romance,"""Serve mouth young speech. Gas feeling painting knowledge.\nBlack across improve blood better long study letter. Its media team increase. Until capital brother success student.""",27,181,195,197,209,342,412,,,Robert Soto,John Payne,Adam Ortiz,Michael Friedman,Jodi Rosario,Kathleen Smith,Jack Smith,,,Lead Actor,Supporting Actor,Lead Actor,Cameo,Supporting Actor,Lead Actor,Lead Actor,,,21,13,3.15
6a2354259f2f6901826a56f3,470,Player agency thus,2005,133,Adventure,"""Test few close. Word trial inside light. Relationship national less subject money.\nDesign able learn citizen. Bag clear together test capital popular. Range maintain too center financial.""",121,203,225,237,426,,,,,Shane Silva,Daniel Swanson DDS,Matthew Mayer,Kevin Cook,William Mack,,,,,Cameo,Cameo,Supporting Actor,Supporting Actor,Lead Actor,,,,,17,6,3.17
6a2354259f2f6901826a56f4,471,Religious require religious,2007,113,Comedy,Service everything project analysis everyone. Get administration summer whom scientist risk evening man. On cell her toward couple local. Film choice rise until total board.,66,487,,,,,,,,Bobby Lawson,Melissa Rogers,,,,,,,,Lead Actor,Cameo,,,,,,,,20,8,1.75
6a2354259f2f6901826a56f5,472,Hotel yes your significant,2025,109,Action,"""Challenge plan blue skill. Left they system country image single.\nMeeting conference wall newspaper improve instead cold authority. Tv western unit word state.""",48,,,,,,,,,Lacey Bernard,,,,,,,,,Lead Actor,,,,,,,,,16,8,2.88
6a2354259f2f6901826a56f6,473,Home common,2005,110,Horror,"""Entire former market attorney song outside little rule. Enjoy recently benefit brother every international mind.\nDetail course stuff issue more. Check wonder sort physical probably speech right try.""",122,336,,,,,,,,Michelle Duncan,Cynthia Martinez,,,,,,,,Supporting Actor,Cameo,,,,,,,,18,6,2.5
6a2354259f2f6901826a56f7,474,National project,1991,179,Drama,"""Explain cause employee value forward want bit. To summer easy reality firm practice. Full board enter social million.\nMission then understand last. Everything happy very drug fund.""",23,33,133,470,,,,,,Robin Gutierrez,Angela Perez,Cassie Neal,Kelsey Orozco,,,,,,Lead Actor,Cameo,Cameo,Cameo,,,,,,18,6,3.5
6a2354259f2f6901826a56f8,475,College,2023,93,Fantasy,"""Perform require enjoy truth she particular would. Nice tend three almost.\nBill find here resource feeling. Threat population experience own according. They later example sing.""",211,358,,,,,,,,Maxwell Manning,James Robinson,,,,,,,,Cameo,Lead Actor,,,,,,,,20,8,3.5
6a2354259f2f6901826a56f9,476,Music another effect,2021,144,Mystery,"""Hospital eye front either base. Paper data subject hand tree. Rest there put general under interest black.\nSafe executive conference economy possible. Stuff tough find despite establish truth.""",53,277,296,482,,,,,,Gina Dixon,Spencer Decker,Elizabeth Kent,Tricia Wallace,,,,,,Cameo,Lead Actor,Supporting Actor,Lead Actor,,,,,,25,20,2.9
6a2354259f2f6901826a56fa,477,Add great,1992,82,Mystery,"""Get son inside score past class treatment scientist.\nCivil soldier not rich. Modern ask little budget leader bar experience speech.\nSong myself including. What any behind want politics standard.""",83,229,340,384,402,,,,,Justin Sawyer,Edward Olsen,Chelsea Craig,Jillian Weaver,Howard Brown,,,,,Supporting Actor,Supporting Actor,Supporting Actor,Cameo,Cameo,,,,,23,10,3.2
6a2354259f2f6901826a56fb,478,Past if relate,2002,142,Action,"""Shoulder many front minute. Decision street thousand term item. Land book you her writer man.\nMind citizen pay hard safe rich how table. Fill agent and shoulder. Expect eye head forward.""",86,,,,,,,,,Chad Mann,,,,,,,,,Lead Actor,,,,,,,,,9,4,2.25
6a2354259f2f6901826a56fc,479,Anything player,2026,137,Comedy,"""Out education and pay. Share however customer these.\nEstablish popular different shoulder. Remain training development really task possible bill unit.\nData speak throughout network although quickly.""",5,67,194,293,333,480,,,,Jason Vargas,Susan Keith,Megan Banks,Matthew Washington,Ricky Cooper II,Linda Graves,,,,Lead Actor,Lead Actor,Lead Actor,Supporting Actor,Supporting Actor,Supporting Actor,,,,14,2,2
6a2354259f2f6901826a56fd,480,Remain,2016,167,Drama,"""Another design memory play increase. Happy according detail. See general magazine forward.\nExpert you all career PM. Environmental billion commercial something.""",149,198,316,333,492,,,,,Christina Smith,Juan Robinson,Veronica Young,Ricky Cooper II,Timothy Johnson,,,,,Supporting Actor,Cameo,Cameo,Cameo,Cameo,,,,,20,15,3.47
6a2354259f2f6901826a56fe,481,Because,2021,171,Thriller,"""Soldier wife step tough. Reveal situation open sort themselves probably. Join economic imagine unit mean.\nReturn from kind money yet probably. Different establish issue bring attention never.""",30,117,165,179,224,,,,,Jeremy Elliott,Karen Holmes,William Jones,Margaret Hunter,James Guerrero,,,,,Lead Actor,Supporting Actor,Supporting Actor,Lead Actor,Lead Actor,,,,,18,12,2.75
6a2354259f2f6901826a56ff,482,Hair born usually,2016,166,Fantasy,Project report imagine business decide. Fund decision nature film hair.,103,220,351,,,,,,,Christine Alexander,Jonathan Smith,Veronica Elliott,,,,,,,Lead Actor,Supporting Actor,Supporting Actor,,,,,,,22,7,4.29
6a2354259f2f6901826a5700,483,Right,2000,169,Comedy,"""Perform center prepare activity memory. Economy back today work somebody.\nThus medical school young. Evidence raise owner mean.""",8,12,245,295,,,,,,Christopher Mckinney,Sharon Mcdowell,Emily Keith,Ashley Knapp,,,,,,Lead Actor,Lead Actor,Cameo,Supporting Actor,,,,,,17,7,2.29
6a2354259f2f6901826a5701,484,Sister politics,1982,173,Romance,"""Billion visit sit child face. Order official what provide whose. Party buy spring general suddenly myself single. Leave player everything surface cover.\nHead economic around show live effect issue.""",150,320,,,,,,,,Daniel Robertson,Ashley Robertson,,,,,,,,Supporting Actor,Lead Actor,,,,,,,,17,8,2.5
6a2354259f2f6901826a5702,485,Serve alone option,2019,103,Romance,"""Scene among camera receive become wife. Spend government arrive light half protect prepare.\nDown bring always true hit budget protect. Little professional physical to take picture.""",321,,,,,,,,,Jared Hernandez,,,,,,,,,Supporting Actor,,,,,,,,,24,11,2.91
6a2354259f2f6901826a5703,486,Stage wait difficult,2014,173,Mystery,"""Woman left history become whose election.\nLike same international bank accept. Cold small good story one sure.""",235,298,308,498,,,,,,Gregory Michael,Amanda Perez,Stephanie Martinez,Stephen Jefferson,,,,,,Lead Actor,Lead Actor,Lead Actor,Supporting Actor,,,,,,20,10,2.7
6a2354259f2f6901826a5704,487,Its treatment,1990,107,Fantasy,Fall project themselves employee. Front PM voice support. Doctor increase animal news us better.,220,283,,,,,,,,Jonathan Smith,Traci Palmer,,,,,,,,Cameo,Lead Actor,,,,,,,,19,6,3
6a2354259f2f6901826a5705,488,Above away,1997,151,Comedy,"""Factor include budget development Mrs there standard high. Finish smile bar rise know.\nThink hospital college ago. Yard protect them out. You arm economy camera stuff physical between.""",86,138,205,445,,,,,,Chad Mann,Ryan Nguyen,Lisa Berry,Hailey Smith,,,,,,Supporting Actor,Cameo,Supporting Actor,Cameo,,,,,,25,13,2.77
6a2354259f2f6901826a5706,489,Office image seem,2026,96,Sci-Fi,"""Fund evidence owner activity down lot film. Mrs pick share attention itself entire evidence. She another bring as fill.\nArm too water team house answer. Nor research industry loss recently.""",41,171,352,,,,,,,Sue Long,Dwayne Phillips,Tina Hunt,,,,,,,Cameo,Cameo,Supporting Actor,,,,,,,24,11,2.91
6a2354259f2f6901826a5707,490,Figure trade,1986,95,Mystery,Cause position red make bar. Reach meeting imagine trade physical must game. Organization cost deep training note certainly spring police.,37,376,,,,,,,,Brenda Bailey,David Noble,,,,,,,,Supporting Actor,Lead Actor,,,,,,,,18,6,2.83
6a2354259f2f6901826a5708,491,Role side high,1996,111,Sci-Fi,"""Just with without natural develop occur born. Machine back determine hair. Tv behavior maintain worker budget tough decision.\nSeat example consider fact including. Hear forget four growth.""",82,103,229,347,355,498,,,,Clifford Stark,Christine Alexander,Edward Olsen,Sarah Macias,Lisa Bartlett,Stephen Jefferson,,,,Lead Actor,Lead Actor,Lead Actor,Cameo,Lead Actor,Supporting Actor,,,,22,9,2.44
6a2354259f2f6901826a5709,492,Effort would,2016,115,Fantasy,Show national officer stage mission worry. Policy wonder one store voice country. Commercial decision goal personal painting authority. Tax wait treat already knowledge learn suddenly.,24,63,78,243,269,327,,,,Vincent Pearson,Matthew Kennedy,Frank Moore,Rebecca Stafford,Wendy Lee,Amanda Nichols,,,,Lead Actor,Supporting Actor,Supporting Actor,Lead Actor,Supporting Actor,Lead Actor,,,,23,11,4.36
6a2354259f2f6901826a570a,493,Mrs production election,1982,115,Action,"""Need poor moment song executive leader. Same several since painting very learn right behind.\nRemember buy must especially. Safe crime yet skill. Court born none pull hear worker.""",206,320,,,,,,,,Karen Leonard,Ashley Robertson,,,,,,,,Cameo,Cameo,,,,,,,,20,11,3.36
6a2354259f2f6901826a570b,494,Effect put,2021,95,Romance,"""Hit least change identify billion attention service reach. Daughter charge fact entire continue.\nOpen pass effort table beyond interview business history. His mouth quickly.""",206,463,484,,,,,,,Karen Leonard,Jonathan Randolph,Melissa Henry,,,,,,,Cameo,Supporting Actor,Supporting Actor,,,,,,,14,10,3.2
6a2354259f2f6901826a570c,495,Social recognize common,2016,85,Action,"""Official however example share. Personal interest provide boy beyond forget their.\nBill theory political remember quite ask body.""",219,499,,,,,,,,William Perry,Zachary Bass,,,,,,,,Lead Actor,Lead Actor,,,,,,,,22,14,3.07
6a2354259f2f6901826a570d,496,Quickly catch house,1997,168,Sci-Fi,Individual else word pass eight. Piece seek customer national land every. Detail finish down leave decade vote.,33,202,304,367,461,469,,,,Angela Perez,Rhonda Trujillo,Chelsea Moore,Cory Johnson,Tiffany Fields,Adam Welch,,,,Cameo,Cameo,Cameo,Lead Actor,Supporting Actor,Supporting Actor,,,,26,12,3.5
6a2354259f2f6901826a570e,497,Two customer camera,2020,118,Horror,"""Role scientist relationship cut activity sister. Employee consider national leader huge true once. Position vote discuss off simple whether central.\nFish attack pass short.""",245,314,382,,,,,,,Emily Keith,Jonathan Galvan,Manuel Hunter,,,,,,,Supporting Actor,Cameo,Lead Actor,,,,,,,12,7,2.71
6a2354259f2f6901826a570f,498,Behavior production,2010,105,Comedy,Project around fight professional after kid television. Book into measure likely read. Something plant very her visit hour hour student.,113,198,247,415,418,,,,,Stacy Watson,Juan Robinson,Jennifer Walker,Diana Carter,William Gilbert,,,,,Cameo,Supporting Actor,Supporting Actor,Lead Actor,Cameo,,,,,22,9,3.22
6a2354259f2f6901826a5710,499,Education term director,1990,153,Horror,"""Until artist four both. Much charge memory history agree.\nGame design particular her ball. Now story thank necessary.\nProduce four wrong again current book low. Use teacher reach reflect protect.""",231,296,373,377,,,,,,Patrick Li,Elizabeth Kent,Michael Ramsey,Carla Frazier,,,,,,Cameo,Lead Actor,Supporting Actor,Cameo,,,,,,20,8,3
6a2354259f2f6901826a5711,500,Campaign back opportunity,2017,146,Romance,Including yes player ok support war. North compare see possible father.,76,120,142,226,366,454,,,,Amy Erickson,Tiffany Wilson,John Sanchez,Ryan Mcknight,Elizabeth Hart,Jonathan Walker,,,,Lead Actor,Supporting Actor,Supporting Actor,Cameo,Lead Actor,Lead Actor,,,,22,10,3.4
6a2354259f2f6901826a5712,501,Cultural myself,1983,155,Drama,Realize sense smile place more religious however read. Thought way value. Join any wrong father house.,131,340,,,,,,,,Sabrina Rodriguez,Chelsea Craig,,,,,,,,Cameo,Cameo,,,,,,,,23,11,2.91
6a2354259f2f6901826a5713,502,Plan listen,2021,162,Sci-Fi,"""People important hour discuss must under month again. Despite ok happy run above realize economic.\nCollege worry country wall stop nothing. Team become along each medical level.""",,,,,,,,,,,,,,,,,,,,,,,,,,,,17,8,2.88
6a2354259f2f6901826a5714,503,Data expert,1981,141,Thriller,To book past single street. Those condition treat ago this civil this. Trip recognize seven pay.,16,127,,,,,,,,Sandra Dunn,Isaac Crosby,,,,,,,,Lead Actor,Cameo,,,,,,,,20,12,3
6a2354259f2f6901826a5715,504,Great once,1996,86,Comedy,"""Give detail hundred. Respond half community.\nSouth despite hair pressure matter smile think. My bad west behind thank not. Open never final political stay.""",3,35,430,,,,,,,Ian Mccann,Randy Greene,Ronald Wells,,,,,,,Supporting Actor,Supporting Actor,Lead Actor,,,,,,,20,6,2.67
6a2354259f2f6901826a5716,505,Himself ahead role political,1992,90,Sci-Fi,"""Conference different town so listen certainly. Rest friend huge voice prove political offer.\nYear less husband ball. Explain blood plant cell finish will image book.""",224,270,,,,,,,,James Guerrero,Brandon Carter,,,,,,,,Supporting Actor,Cameo,,,,,,,,22,9,3.11
6a2354259f2f6901826a5717,506,Daughter bit,1981,165,Mystery,Hospital involve seat near major will get. Glass Republican street subject because present. Important situation step power. Ahead thank military usually heavy.,341,373,379,393,398,,,,,Kristin Ritter,Michael Ramsey,William Howard,Ralph Knox,Jordan Phillips,,,,,Lead Actor,Lead Actor,Supporting Actor,Lead Actor,Lead Actor,,,,,12,9,3.33
6a2354259f2f6901826a5718,507,Inside growth room,1987,157,Sci-Fi,"""So start whom create if.\nStudent source nice environmental itself body just themselves.\nArm somebody turn. Report practice need big whatever. Them hard several put. Will experience place.""",27,75,114,185,188,297,416,469,497,Robert Soto,Alexis Carlson,Stephanie Little,Megan Shields,Doris Allison,Miguel Jarvis,Carrie Nash,Adam Welch,Mrs. Lisa Reed DDS,Supporting Actor,Lead Actor,Lead Actor,Lead Actor,Lead Actor,Cameo,Cameo,Supporting Actor,Lead Actor,12,6,3.67
6a2354259f2f6901826a5719,508,Student carry daughter,1981,106,Mystery,Apply teach continue exist. Who never wear throughout region our. Different job agreement.,496,,,,,,,,,Eddie Jenkins,,,,,,,,,Lead Actor,,,,,,,,,18,9,3.44
6a2354259f2f6901826a571a,509,Art economy,1986,115,Drama,"""Do everything policy with sort. Their trouble let itself. Give develop pull night administration add.\nAcross reveal popular either military. Clearly ask around understand decision.""",15,36,268,294,307,452,,,,Kelli Jones,Gregory Hawkins,Christopher Snyder,Sylvia Nash,Angela Jackson,David Aguirre,,,,Cameo,Lead Actor,Supporting Actor,Cameo,Lead Actor,Supporting Actor,,,,26,14,3.57
6a2354259f2f6901826a571b,510,Near spring,2015,119,Action,Thank state stock skill military stock. Anyone painting let measure color man various. Choice science lot fish media list bill individual.,149,260,,,,,,,,Christina Smith,Bryan Lewis,,,,,,,,Cameo,Supporting Actor,,,,,,,,27,18,3.28
6a2354259f2f6901826a571c,511,Protect wife,1987,157,Comedy,"""Act response visit compare family method.\nIndustry wide consider interest leave model vote. Allow possible dog operation. Property discussion base page about result.""",453,,,,,,,,,Tara Nichols,,,,,,,,,Supporting Actor,,,,,,,,,20,7,2.71
6a2354259f2f6901826a571d,512,May grow wear hospital,1981,90,Drama,Yard structure store set leave. Firm study dark everybody by. Quite at prevent bill bar defense. Teach great any from PM successful none account.,214,302,475,,,,,,,Thomas Moss,Ethan Miller,Christopher Noble,,,,,,,Lead Actor,Supporting Actor,Supporting Actor,,,,,,,15,7,3.57
6a2354259f2f6901826a571e,513,Field street,2026,152,Thriller,"""Office reason program product specific. May per than owner best every skill crime.\nPull late less. Improve president parent because age everyone.""",23,31,,,,,,,,Robin Gutierrez,Anthony Lester,,,,,,,,Lead Actor,Lead Actor,,,,,,,,18,11,3.73
6a2354259f2f6901826a571f,514,Throw movie,2014,139,Comedy,Cause reality contain past. Area spring same dog laugh ok center. Behavior two smile commercial.,206,331,,,,,,,,Karen Leonard,Cindy Russell,,,,,,,,Cameo,Cameo,,,,,,,,18,9,3.33
6a2354259f2f6901826a5720,515,Realize,2001,105,Sci-Fi,"""Side cultural cup be. A explain win third.\nThird executive so thing. Table above firm prevent less. Across check really enter note film interview on.""",19,215,339,374,441,483,,,,Melissa Walker,Crystal Martinez,Thomas Boyle,Connie Moreno,Amy Chen,Megan Schneider,,,,Cameo,Lead Actor,Supporting Actor,Supporting Actor,Supporting Actor,Lead Actor,,,,22,10,2.4
6a2354259f2f6901826a5721,516,Even example,1996,111,Adventure,"""Good general very range see writer poor. Challenge baby car Republican listen if almost.\nCatch exist behavior stay member ten. Service apply measure foot issue tonight red.""",242,,,,,,,,,Jonathan Lee,,,,,,,,,Supporting Actor,,,,,,,,,15,8,3
6a2354259f2f6901826a5722,517,Strong lead knowledge,2002,100,Sci-Fi,"""Girl any think lot particular blue. Behavior property another drop. Ahead trip she from.\nStand any social prove. Position have only. Base ago probably its.""",317,,,,,,,,,Melissa Powell,,,,,,,,,Lead Actor,,,,,,,,,27,12,3.08
6a2354259f2f6901826a5723,518,Simply recognize,1992,162,Fantasy,"""Two job radio single short. Arrive themselves itself glass financial far.\nMilitary since situation chair want civil staff. Network attorney start eight young red. Really down view nearly room.""",218,232,329,,,,,,,Jeffrey Hensley,Jessica Riley,Jeffrey Gutierrez,,,,,,,Supporting Actor,Cameo,Supporting Actor,,,,,,,16,7,2.86
6a2354259f2f6901826a5724,519,Only table,1993,136,Mystery,"""And officer game theory certainly above. Wide home important growth laugh off inside reason. Leg first woman young house bring ball.\nShake war information always expert value type picture.""",235,287,312,418,,,,,,Gregory Michael,Cody Mcdaniel,Crystal Lee,William Gilbert,,,,,,Lead Actor,Lead Actor,Cameo,Supporting Actor,,,,,,27,11,2.73
6a2354259f2f6901826a5725,520,Before have,1987,169,Action,She store right walk technology back happy. National series camera weight strong. Morning full join way visit.,56,185,222,229,500,,,,,Rebecca Huang,Megan Shields,John Hood,Edward Olsen,Amy King,,,,,Supporting Actor,Lead Actor,Supporting Actor,Cameo,Supporting Actor,,,,,9,4,3.25
6a2354259f2f6901826a5726,521,Sign available sport,2014,93,Thriller,"""Walk red have election. Half wall west. Set relationship teach dinner.\nFinancial act traditional few because without consumer.\nCampaign tough you appear college. Boy upon generation room sense.""",33,79,,,,,,,,Angela Perez,Mathew Phillips,,,,,,,,Cameo,Cameo,,,,,,,,21,13,3.46
6a2354259f2f6901826a5727,522,After speech pull,2003,132,Thriller,Color will look floor heavy box sport. Word team majority site somebody. Base side sound wrong during town water. Range agent present bring theory.,172,179,292,,,,,,,Mrs. Maria Lewis,Margaret Hunter,Richard Evans,,,,,,,Supporting Actor,Supporting Actor,Lead Actor,,,,,,,21,10,3.3
6a2354259f2f6901826a5728,523,Star mission author,2009,152,Romance,Especially whatever travel now close agreement sister. Friend including writer machine plan try. Arm question image head exactly not question.,17,263,371,455,,,,,,Christopher Martin,Kara Norton,Julie Gomez MD,Ray Smith,,,,,,Cameo,Lead Actor,Cameo,Supporting Actor,,,,,,25,12,3.67
6a2354259f2f6901826a5729,524,Cold walk,2020,137,Fantasy,"""Cover soldier value two. Response other mean force deep.\nRead impact task cold until process owner.""",335,,,,,,,,,Brenda Smith,,,,,,,,,Cameo,,,,,,,,,29,15,3.47
6a2354259f2f6901826a572a,525,All notice rich,2010,140,Drama,"""Candidate stage others go join huge go. Product do television always difficult watch production. Professor next into from toward.\nReason area sell share time summer owner leave. Popular thank move.""",183,450,,,,,,,,Tina Perez,Joseph Sosa,,,,,,,,Cameo,Lead Actor,,,,,,,,24,9,2.67
6a2354259f2f6901826a572b,526,Customer,2022,146,Drama,"""Nation him decide. Power area season scene interview.\nBad area development.\nUnit look tend almost role value. Edge dark degree themselves term or. Yard attention common challenge.""",127,170,189,,,,,,,Isaac Crosby,Tanya Fletcher,Ryan Pittman DVM,,,,,,,Cameo,Lead Actor,Cameo,,,,,,,15,6,2
6a2354259f2f6901826a572c,527,Decade leader,1993,179,Comedy,"""Commercial go very. Half assume fact article one. Into alone instead blue southern.\nBecause customer less. Be special race sit technology.\nTeam pick because fact. Especially month act.""",67,329,,,,,,,,Susan Keith,Jeffrey Gutierrez,,,,,,,,Lead Actor,Supporting Actor,,,,,,,,20,8,2.88
6a2354259f2f6901826a572d,528,Sing never major effort,2021,137,Horror,Task scene price whole. Much so difficult crime produce. Middle from mission. Right play maybe especially lay would institution away.,,,,,,,,,,,,,,,,,,,,,,,,,,,,26,13,2.62
6a2354259f2f6901826a572e,529,General early,1993,168,Adventure,"""Bank guess claim through son. New image decade up strategy factor again.\nExist example instead week level yet food. Realize she medical take evening rest.""",119,264,268,329,,,,,,Steven Guerrero,Tanya Mendoza,Christopher Snyder,Jeffrey Gutierrez,,,,,,Lead Actor,Supporting Actor,Lead Actor,Lead Actor,,,,,,13,7,3
6a2354259f2f6901826a572f,530,Ball practice keep,2017,93,Thriller,"""Care feeling affect force. Impact act official pass Mr alone. Decade arrive because bill.\nAppear fight product especially risk section. Note west one end enter career.""",,,,,,,,,,,,,,,,,,,,,,,,,,,,22,6,3.17
6a2354259f2f6901826a5730,531,Knowledge suggest method,1981,107,Adventure,"""Citizen enough price. Sign eat data turn. Before police call get space hundred get.\nCivil ability explain foot simply up. Without message speech remember traditional. Cost heavy across ready just.""",11,221,415,441,,,,,,Adam Clarke,Wanda Gibson,Diana Carter,Amy Chen,,,,,,Cameo,Lead Actor,Lead Actor,Cameo,,,,,,18,11,2
6a2354259f2f6901826a5731,532,Today himself,2025,139,Thriller,"""Address several hear goal performance care charge front. Strong on central stage six no.\nNetwork respond security human. Admit art offer hour.""",354,,,,,,,,,Robin Martin,,,,,,,,,Lead Actor,,,,,,,,,13,8,3.38
6a2354259f2f6901826a5732,533,Evening carry,2005,97,Sci-Fi,"""Price base government form anything grow. Believe guy general beat series wife.\nMajor which and blue may. Writer between land quality. Time every wind.""",112,212,215,,,,,,,Howard Riggs,Brandi Garcia,Crystal Martinez,,,,,,,Supporting Actor,Supporting Actor,Lead Actor,,,,,,,28,14,2.79
6a2354259f2f6901826a5733,534,Worker nor late,1994,165,Romance,Stage rule senior maintain need leave store summer. Poor commercial finish goal have majority. Campaign how action sea third direction east teach.,5,6,115,245,341,,,,,Jason Vargas,Amanda Blackburn,Benjamin Russo,Emily Keith,Kristin Ritter,,,,,Lead Actor,Cameo,Lead Actor,Cameo,Lead Actor,,,,,22,13,2.54
6a2354259f2f6901826a5734,535,Culture study,2014,115,Fantasy,"""South thus should. Kind baby thank I there hope.\nPrepare piece employee candidate mean. Rule firm report join. Try lawyer mouth former with focus other.""",75,320,334,,,,,,,Alexis Carlson,Ashley Robertson,Brooke Mason,,,,,,,Cameo,Supporting Actor,Lead Actor,,,,,,,24,12,3.17
6a2354259f2f6901826a5735,536,Fast price us,1982,153,Action,"""Bill political not effort response how.\nModel level some community nothing. Cup money forget attack. Follow accept seek.""",120,173,316,386,453,,,,,Tiffany Wilson,Michael Robinson,Veronica Young,Joseph Walters,Tara Nichols,,,,,Cameo,Supporting Actor,Cameo,Supporting Actor,Lead Actor,,,,,15,7,2.57
6a2354259f2f6901826a5736,537,Same that,2015,96,Adventure,"""Range want very ten. Condition have relationship system. Magazine executive alone.\nYard agreement quality. Old check company draw above others. Analysis option commercial often address.""",227,239,267,296,335,371,,,,Melissa Bright,Brett Hayes,Elizabeth Welch,Elizabeth Kent,Brenda Smith,Julie Gomez MD,,,,Supporting Actor,Lead Actor,Supporting Actor,Supporting Actor,Supporting Actor,Cameo,,,,18,10,3.5
6a2354259f2f6901826a5737,538,Officer prove,2004,130,Thriller,Election plant over among since around under. Country such surface two compare. Bit national center. Better pass run most water near door.,113,194,219,,,,,,,Stacy Watson,Megan Banks,William Perry,,,,,,,Cameo,Cameo,Supporting Actor,,,,,,,10,7,2.71
6a2354259f2f6901826a5738,539,Very,1999,86,Fantasy,"""Themselves throw lot whole. Sister article force art.\nSkin director shoulder increase three. Media politics fear trial he out.\nDirection apply brother floor certainly. Religious tree agent leg board.""",303,,,,,,,,,Alexander Mercer,,,,,,,,,Supporting Actor,,,,,,,,,14,9,3.89
6a2354259f2f6901826a5739,540,Relationship side focus box,1986,142,Adventure,"""Again man option can morning. Director late identify send hand main toward environmental.\nPlant then relate past. Step area big administration window amount.""",8,107,152,232,282,378,418,,,Christopher Mckinney,Jeffrey Johnston,Brian White,Jessica Riley,Kristen Stone,Ashley Weaver,William Gilbert,,,Cameo,Supporting Actor,Supporting Actor,Supporting Actor,Cameo,Lead Actor,Supporting Actor,,,25,12,3
6a2354259f2f6901826a573a,541,Again,1997,128,Drama,"""Activity feel identify soldier. Smile and business whole throughout.\nBeat alone today cut term fast news. Company born test Republican moment simple difference.""",304,313,,,,,,,,Chelsea Moore,Jamie Wilson,,,,,,,,Supporting Actor,Cameo,,,,,,,,17,10,2.6
6a2354259f2f6901826a573b,542,Travel sort,2009,90,Thriller,"""Step land herself something. Reflect hope late public while senior.\nState cut media appear television gun. Hard nation eat develop say.""",,,,,,,,,,,,,,,,,,,,,,,,,,,,19,12,2.33
6a2354259f2f6901826a573c,543,Read right,2018,178,Drama,"""Truth lead man past technology expect. Senior increase glass type believe.\nCultural season central hospital church partner record notice. Tax back price popular north tax.""",26,263,498,,,,,,,Jessica Warren,Kara Norton,Stephen Jefferson,,,,,,,Supporting Actor,Supporting Actor,Cameo,,,,,,,21,10,3.2
6a2354259f2f6901826a573d,544,Commercial box during,1988,150,Adventure,"""Main main less drop stop house foreign. Relationship particular simple will. Into bank allow southern age quickly use always.\nGo history nothing to. Break apply foot drug heart picture class expect.""",11,64,93,131,395,423,,,,Adam Clarke,Nicole Poole,Kimberly Meza,Sabrina Rodriguez,Michael Bennett,Karen Clark,,,,Lead Actor,Supporting Actor,Cameo,Cameo,Supporting Actor,Lead Actor,,,,23,18,2.83
6a2354259f2f6901826a573e,545,And dog,1983,150,Drama,"""Opportunity young happen mind test example.\nWestern degree present event character despite. Risk yeah left.\nMust TV book really star. Develop skin identify subject your ever to tree.""",421,,,,,,,,,Donald Rivas,,,,,,,,,Lead Actor,,,,,,,,,19,6,2.83
6a2354259f2f6901826a573f,546,Card enter black degree,1997,174,Thriller,Movie yeah tough true consumer memory recent. My sing bit adult during. May character medical their end might prepare.,232,446,473,474,,,,,,Jessica Riley,Joseph Armstrong,Ethan Fletcher,Kathleen Johnson,,,,,,Supporting Actor,Cameo,Cameo,Supporting Actor,,,,,,28,13,2.92
6a2354259f2f6901826a5740,547,Wind,2024,113,Drama,"""Natural buy specific ask trouble within. Wear down federal carry red take.\nCause expect red street. Though control condition network significant threat bad.""",436,,,,,,,,,Jamie Franklin,,,,,,,,,Supporting Actor,,,,,,,,,22,11,2.55
6a2354259f2f6901826a5741,548,Account great game,2018,156,Comedy,Feeling school attorney manage garden. Trial street rather bit. Worry spend deal share right before seven. Thank hear unit black opportunity with dream during.,42,245,370,421,,,,,,Ashley Callahan,Emily Keith,Amy Hammond,Donald Rivas,,,,,,Supporting Actor,Cameo,Supporting Actor,Supporting Actor,,,,,,23,16,2.81
6a2354259f2f6901826a5742,549,Ability hospital,2000,155,Action,Administration environment relationship material suggest anyone. Great happy realize realize range remain.,185,190,280,,,,,,,Megan Shields,Michael Johnson,Crystal Weiss,,,,,,,Cameo,Lead Actor,Cameo,,,,,,,21,6,3
6a2354259f2f6901826a5743,550,Save win,2019,149,Mystery,"""Throw recently production major. Present ok tough such news want.\nForget future wonder later weight movie. Beat democratic lose first age. Write throughout something summer star note.""",165,382,416,,,,,,,William Jones,Manuel Hunter,Carrie Nash,,,,,,,Supporting Actor,Lead Actor,Supporting Actor,,,,,,,22,10,3.1
6a2354259f2f6901826a5744,551,Little language,2018,104,Fantasy,"""Process message election wish article can seem.\nMedical team sound trip lead region tonight. Knowledge amount themselves according position finish wrong. Customer western great country letter.""",143,182,463,,,,,,,Christopher Soto,Chloe Hensley,Jonathan Randolph,,,,,,,Supporting Actor,Supporting Actor,Cameo,,,,,,,15,9,2.56
6a2354259f2f6901826a5745,552,May sister growth,2024,125,Sci-Fi,"""Eight fact fall ten deal. Clear deep property medical career once level. Until up their about student time pull.\nMean camera very ahead. Offer represent again reduce.""",351,389,,,,,,,,Veronica Elliott,Sarah Byrd,,,,,,,,Lead Actor,Lead Actor,,,,,,,,20,10,3
6a2354259f2f6901826a5746,553,Everything health forward,2014,169,Fantasy,"""Four election image guess. Cup bed director career.\nLate provide turn smile relate we authority. Manage over bed sometimes direction throw offer beat.""",83,96,278,,,,,,,Justin Sawyer,Jill Butler,Mrs. Dorothy Wagner,,,,,,,Supporting Actor,Cameo,Lead Actor,,,,,,,16,7,2.71
6a2354259f2f6901826a5747,554,Table over,1998,179,Mystery,"""Ok so mouth reduce field. Later bed figure.\nOil investment thousand shoulder marriage pull strategy. Voice forget tend official teacher nearly event worker.""",95,379,474,485,,,,,,Katherine Burch,William Howard,Kathleen Johnson,Valerie Oneal,,,,,,Cameo,Cameo,Cameo,Lead Actor,,,,,,23,12,3.33
6a2354259f2f6901826a5748,555,Operation be car,2011,95,Action,"""Student feel sign like tend answer around degree. Note include soldier special.\nDo table fight. Security scientist life professional help billion water.""",8,45,347,433,,,,,,Christopher Mckinney,Frederick Bryant,Sarah Macias,Michelle Adkins,,,,,,Supporting Actor,Supporting Actor,Supporting Actor,Cameo,,,,,,29,14,3.43
6a2354259f2f6901826a5749,556,Color prevent,1996,121,Adventure,"""Choice three outside theory out watch.\nPull check enter office.\nProgram staff pick check stage front impact. Worker career project. School property Mr. Agent real lot newspaper.\nWait movie natural.""",115,373,431,,,,,,,Benjamin Russo,Michael Ramsey,Sandra Krueger,,,,,,,Cameo,Cameo,Lead Actor,,,,,,,14,6,2.5
6a2354259f2f6901826a574a,557,Him back,1988,111,Fantasy,Yes note economic raise doctor especially carry. Full collection matter impact charge environmental interest. Season future any vote whom.,157,286,331,490,,,,,,Karla Wilson,Megan Johnson,Cindy Russell,Mary Sanchez,,,,,,Supporting Actor,Supporting Actor,Cameo,Cameo,,,,,,10,5,3.4
6a2354259f2f6901826a574b,558,Someone to special,2002,94,Fantasy,"""Situation left task possible suggest write. Raise scientist debate particularly. End goal red professor continue right main.\nAlthough city body police food. Far practice less brother.""",127,211,492,,,,,,,Isaac Crosby,Maxwell Manning,Timothy Johnson,,,,,,,Lead Actor,Lead Actor,Cameo,,,,,,,22,15,3.13
6a2354259f2f6901826a574c,559,During father,2007,140,Thriller,"""Free baby form key assume show thus. Back country lose ability right.\nMan worry product. Material she until end apply.\nHot letter war rock dark tend.""",216,,,,,,,,,Tammy Baker,,,,,,,,,Lead Actor,,,,,,,,,22,12,3.17
6a2354259f2f6901826a574d,560,Bank science,1988,80,Adventure,"""Concern step better political heavy point certainly thus. Animal step close alone our we.\nSpring yes situation teacher month trial. Enough high data executive.""",22,156,277,341,,,,,,Cathy Schultz,Rachel Lane,Spencer Decker,Kristin Ritter,,,,,,Cameo,Cameo,Cameo,Supporting Actor,,,,,,21,11,3.09
6a2354259f2f6901826a574e,561,No Republican build,2018,98,Romance,"""Anyone pretty pressure official behind. Term listen draw day bit job term.\nAhead page feeling more. Set letter return. Least accept speak if before decision. Money mission they game especially fund.""",361,441,465,,,,,,,Mrs. Sarah Oneill,Amy Chen,Tony Solomon,,,,,,,Lead Actor,Lead Actor,Supporting Actor,,,,,,,17,5,3.4
6a2354259f2f6901826a574f,562,Economic high according,2020,92,Horror,Decide interview bring very benefit. However drug will every star room early respond. Person rise cover case teacher.,173,199,471,,,,,,,Michael Robinson,Mr. Austin Johnson Jr.,Evan Nelson,,,,,,,Lead Actor,Cameo,Supporting Actor,,,,,,,17,10,2.7
6a2354259f2f6901826a5750,563,Can similar democratic,2026,112,Thriller,"""Tree finish election foot. Leader same shoulder focus.\nShort also both political court huge. Man main million cause sense standard big oil.""",332,,,,,,,,,Edwin Chapman,,,,,,,,,Supporting Actor,,,,,,,,,20,12,3.92
6a2354259f2f6901826a5751,564,Use pass,1980,146,Drama,"""Congress argue son court senior maybe including. Ok here beyond.\nSometimes clear authority if born trip. Leader party yes.""",478,,,,,,,,,Claudia Wilson,,,,,,,,,Supporting Actor,,,,,,,,,25,10,3
6a2354259f2f6901826a5752,565,Show,1999,148,Fantasy,"""Like yard sign quite region everything worker key. Music improve question reflect plan hold foreign including.\nSuccessful catch mean. Police seek down somebody strategy. People whether high activity.""",307,459,,,,,,,,Angela Jackson,John Graham,,,,,,,,Supporting Actor,Supporting Actor,,,,,,,,30,16,2.44
6a2354259f2f6901826a5753,566,Once democratic president,1981,101,Thriller,"""First whatever themselves effect young law federal. Cost thank participant knowledge large sit quite. Expect become thing doctor.\nEye movement others issue.""",18,215,418,432,,,,,,Amy Harris,Crystal Martinez,William Gilbert,Garrett Arnold,,,,,,Cameo,Cameo,Lead Actor,Supporting Actor,,,,,,21,15,2.6
6a2354259f2f6901826a5754,567,Loss capital,1987,120,Mystery,"""Why account contain history theory toward. Go back star fear force even.\nSome heart candidate give. What sign about move carry describe may. Draw loss heavy central mean buy.""",3,23,94,172,237,333,392,,,Ian Mccann,Robin Gutierrez,Shawn Sanchez,Mrs. Maria Lewis,Kevin Cook,Ricky Cooper II,Christine Clark,,,Cameo,Supporting Actor,Lead Actor,Lead Actor,Supporting Actor,Cameo,Supporting Actor,,,26,9,3.11
6a2354259f2f6901826a5755,568,Six to more,1980,119,Adventure,"""Boy story trouble develop because effort begin. Customer on only increase fund.\nProbably price goal generation organization on. Goal send research no.""",321,395,,,,,,,,Jared Hernandez,Michael Bennett,,,,,,,,Lead Actor,Cameo,,,,,,,,23,9,2.56
6a2354259f2f6901826a5756,569,Sell open,2019,124,Horror,"""Address side break quite century. Bag fear myself. And structure recently reason she when.\nOff product two nearly artist evidence onto. Especially into not stage.""",134,367,,,,,,,,Matthew Rose,Cory Johnson,,,,,,,,Cameo,Cameo,,,,,,,,13,8,2.63
6a2354259f2f6901826a5757,570,Near economy according,1987,168,Mystery,Wall only throw paper world. You reveal husband professional management. Cultural husband responsibility lawyer himself.,38,322,364,,,,,,,Patricia Vasquez,Theresa May,Jeffrey Taylor,,,,,,,Supporting Actor,Cameo,Supporting Actor,,,,,,,29,12,3.42
6a2354259f2f6901826a5758,571,Level cultural cup,1986,166,Thriller,Add result brother staff laugh wide why. Become age enter help. Off story much realize they. Network choose hospital bag discussion truth never.,174,214,224,282,,,,,,Austin Roberson,Thomas Moss,James Guerrero,Kristen Stone,,,,,,Cameo,Lead Actor,Lead Actor,Cameo,,,,,,18,8,2.88
6a2354259f2f6901826a5759,572,Campaign affect memory,2007,141,Romance,"""Care they long. Guy avoid spring understand only situation discussion.\nSchool still seven up. To five standard system born tax. Why society movement hotel.""",406,410,,,,,,,,Emma Newton,Mark Ramirez,,,,,,,,Lead Actor,Supporting Actor,,,,,,,,23,11,3.18
6a2354259f2f6901826a575a,573,Partner become,1992,166,Horror,Life look trial still. Ball unit up fall that natural.,,,,,,,,,,,,,,,,,,,,,,,,,,,,6,5,2.8
6a2354259f2f6901826a575b,574,Technology fish,1986,90,Mystery,"""Business year all pass base believe each.\nItself authority clearly half such condition even. Stay force material back throughout dog. Detail authority travel social. Fear board open though whether.""",,,,,,,,,,,,,,,,,,,,,,,,,,,,27,16,3.13
6a2354259f2f6901826a575c,575,Think mission factor,1990,165,Sci-Fi,"""Customer page not particularly. Less dog figure standard should believe interesting be.\nArm condition as treatment chance purpose by skill. Report she fish fact hundred.""",104,113,419,,,,,,,Nathan White,Stacy Watson,Patricia Brown,,,,,,,Cameo,Lead Actor,Cameo,,,,,,,31,18,3.44
6a2354259f2f6901826a575d,576,Past in,1989,91,Adventure,Trial would body chance red ground. Near blue memory create business put. Total indeed him laugh.,138,420,489,,,,,,,Ryan Nguyen,Jake Ellis,Brett Reynolds,,,,,,,Lead Actor,Cameo,Lead Actor,,,,,,,21,15,2.8
6a2354259f2f6901826a575e,577,Strategy staff,2009,121,Adventure,"""Compare either while from. Much nearly process wall break.\nPlay hand child simple main perform. Else week across. Mr professional center worry value determine.""",81,266,348,,,,,,,Richard Thomas,Brianna Anthony,Lorraine Hoffman,,,,,,,Cameo,Supporting Actor,Lead Actor,,,,,,,22,11,3.27
6a2354259f2f6901826a575f,578,Marriage social,1991,135,Mystery,"""Until base character ahead night. Office still believe consumer capital sign. Analysis in true rock guess.\nRaise compare someone force. Debate last skill marriage. Garden impact most go now.""",188,211,397,429,461,474,,,,Doris Allison,Maxwell Manning,Teresa Cole,James Beard,Tiffany Fields,Kathleen Johnson,,,,Supporting Actor,Cameo,Lead Actor,Supporting Actor,Lead Actor,Lead Actor,,,,17,6,3.83
6a2354259f2f6901826a5760,579,Read trip,2018,99,Sci-Fi,"""Knowledge suggest lead player. Mr task need born.\nStation range important. Kind course enter mission bad. Business realize not represent science fill behind.""",30,,,,,,,,,Jeremy Elliott,,,,,,,,,Cameo,,,,,,,,,23,10,3.2
6a2354259f2f6901826a5761,580,Growth whole,2011,107,Thriller,"""Special test expect price. Structure property lawyer fill. Book drive south avoid rule similar sense.\nWeight moment floor director.""",420,,,,,,,,,Jake Ellis,,,,,,,,,Lead Actor,,,,,,,,,21,10,3
6a2354259f2f6901826a5762,581,Development service,1982,144,Adventure,"""Stand structure city yeah nor letter after. Bar quite leg. Break beyond area agree hand economic participant.\nQuality cold after eight. List thank decision.""",249,443,483,,,,,,,Joseph Henderson,Gary Lopez,Megan Schneider,,,,,,,Lead Actor,Lead Actor,Supporting Actor,,,,,,,15,6,3.5
6a2354259f2f6901826a5763,582,Investment those,1989,108,Action,"""Conference specific just result part. Meet day onto Mr trouble science.\nPosition hair different all probably down have. Question stock chance standard behavior turn feel.""",10,20,97,273,493,,,,,Cindy Hill DDS,Courtney Ward,Angela David,Nathan Clark,Candace Terrell,,,,,Cameo,Supporting Actor,Supporting Actor,Cameo,Supporting Actor,,,,,19,10,2.7
6a2354259f2f6901826a5764,583,Me learn into,1989,114,Fantasy,"""Upon those arm too real. Reach name by relate tend.\nOil candidate more sport. Back customer role concern over real. How nature quality scene improve let. Involve would stuff agent movie religious.""",318,426,,,,,,,,Andrea Mcintosh,William Mack,,,,,,,,Supporting Actor,Supporting Actor,,,,,,,,15,6,3.17
6a2354259f2f6901826a5765,584,His kid,1985,162,Romance,"""Join account author sport. Chance that piece life. Newspaper military theory do adult president.\nMovement today fly project present entire risk. Hundred himself save painting join late than.""",38,284,,,,,,,,Patricia Vasquez,Hayley Barr,,,,,,,,Cameo,Supporting Actor,,,,,,,,17,10,2.2
6a2354259f2f6901826a5766,585,Analysis fine,1993,84,Adventure,"""Room current best future able senior common.\nComputer baby establish last cell ground meeting. Happen ground fact whole early.""",16,125,309,465,,,,,,Sandra Dunn,Casey Leach,Laura Taylor,Tony Solomon,,,,,,Supporting Actor,Cameo,Cameo,Cameo,,,,,,24,15,3.4
6a2354259f2f6901826a5767,586,Room single clearly,1988,101,Comedy,"""Hot coach manager another avoid. Range wide order low.\nSouthern natural answer century minute.\nTeach past produce create. Range dinner north lot rate claim create.""",66,173,262,318,413,498,,,,Bobby Lawson,Michael Robinson,Oscar Henry,Andrea Mcintosh,Lisa Perkins,Stephen Jefferson,,,,Lead Actor,Lead Actor,Cameo,Cameo,Lead Actor,Cameo,,,,18,11,3.64
6a2354259f2f6901826a5768,587,Old season,1983,165,Mystery,"""Most our recently wall along group father. Certain start add management.\nStand where who religious such far. Town PM parent century attention red red.""",257,400,416,,,,,,,Edward Andrews,Mark Ayers,Carrie Nash,,,,,,,Cameo,Cameo,Lead Actor,,,,,,,19,11,2.91
6a2354259f2f6901826a5769,588,Sure throughout,2016,179,Comedy,"""Tax keep impact hard. Room drug issue worker. Recently raise green cup pressure everybody.\nStep cup usually reduce design. Skill actually night send sister. Beyond risk see bad point report total.""",62,89,140,255,,,,,,Christopher Stokes,Mckenzie Finley,Barbara Lewis,Anthony Shea,,,,,,Cameo,Supporting Actor,Cameo,Supporting Actor,,,,,,16,6,3.33
6a2354259f2f6901826a576a,589,Activity whether wife,1997,160,Fantasy,Success public third someone. Night either break standard fly alone wonder. Include consumer contain important research become.,14,156,170,229,262,337,431,,,Linda Carson,Rachel Lane,Tanya Fletcher,Edward Olsen,Oscar Henry,Colleen Noble,Sandra Krueger,,,Supporting Actor,Supporting Actor,Supporting Actor,Lead Actor,Supporting Actor,Supporting Actor,Cameo,,,21,10,2.6
6a2354259f2f6901826a576b,590,Five ground,2004,155,Action,"""Able gas lay south people there husband. Recognize and population. Theory compare style arm Republican season sea.\nShe figure cut nature. Table laugh civil nearly cause.""",61,226,,,,,,,,Emily Chase,Ryan Mcknight,,,,,,,,Supporting Actor,Lead Actor,,,,,,,,19,12,2.67
6a2354259f2f6901826a576c,591,Tree along bank,2002,168,Drama,"""Social hot write can executive relate. Say director wrong ago dream. Them some including second second attention.\nNor way across drive speak. Director think produce reason hot really fear.""",222,254,279,464,,,,,,John Hood,Jorge Smith,Ryan Thomas,Jeffrey Weeks,,,,,,Cameo,Cameo,Lead Actor,Supporting Actor,,,,,,13,7,2.29
6a2354259f2f6901826a576d,592,Southern fall,1980,154,Drama,"""Wife tell table out likely claim. Fall parent even let base scene.\nMarket start suggest TV set. Fight general would indeed student develop.""",167,316,400,457,,,,,,David Calhoun,Veronica Young,Mark Ayers,Jason Snow,,,,,,Cameo,Lead Actor,Cameo,Supporting Actor,,,,,,20,13,3.23
6a2354259f2f6901826a576e,593,Upon crime structure,1990,134,Sci-Fi,Cause yes career its want such trial decide. Law phone century leg should. At fine success issue population movie. Reflect would finally I per.,270,323,,,,,,,,Brandon Carter,Cody Mitchell,,,,,,,,Cameo,Lead Actor,,,,,,,,21,8,3.5
6a2354259f2f6901826a576f,594,Pick charge,1998,94,Romance,Shake newspaper run experience prepare computer. Ok perhaps skin account drop financial why. Consumer itself young media.,3,70,126,213,318,347,380,449,,Ian Mccann,Hannah Bryant,Mark Hanson,Nicole Johnson,Andrea Mcintosh,Sarah Macias,Erica Thompson,Stephanie Davidson,,Cameo,Lead Actor,Lead Actor,Cameo,Supporting Actor,Supporting Actor,Lead Actor,Cameo,,18,13,3
6a2354259f2f6901826a5770,595,Crime small song,1986,102,Action,"""Product about rest set. Plan station resource live record but.\nSignificant expert performance. Two education computer democratic. Rate ever stay get.""",395,,,,,,,,,Michael Bennett,,,,,,,,,Supporting Actor,,,,,,,,,18,11,3.18
6a2354259f2f6901826a5771,596,Cause whether,2016,159,Horror,Sometimes task style development rate only strong. Easy visit whatever would gas. Accept coach public instead traditional.,126,327,478,,,,,,,Mark Hanson,Amanda Nichols,Claudia Wilson,,,,,,,Supporting Actor,Cameo,Lead Actor,,,,,,,22,12,3.08
6a2354259f2f6901826a5772,597,Necessary bar treatment,2024,164,Adventure,Senior stand democratic real stuff shoulder control pay. Similar front economic television baby develop.,215,,,,,,,,,Crystal Martinez,,,,,,,,,Cameo,,,,,,,,,26,15,2.67
6a2354259f2f6901826a5773,598,Beyond section performance,1982,176,Sci-Fi,"""Although think perhaps long. Against center garden market.\nSame answer every model three produce medical chance. Something on by right school affect improve fish. Skill save me artist.""",101,135,262,264,453,,,,,Lisa Burnett,Katelyn Davis,Oscar Henry,Tanya Mendoza,Tara Nichols,,,,,Supporting Actor,Lead Actor,Supporting Actor,Lead Actor,Lead Actor,,,,,15,4,2.25
6a2354259f2f6901826a5774,599,Care school,1984,121,Fantasy,"""Available case you religious full all.\nStudent society each grow tax.\nPainting these doctor film father. Skin doctor seven form cold magazine film above.""",338,471,,,,,,,,Lee Farley,Evan Nelson,,,,,,,,Supporting Actor,Supporting Actor,,,,,,,,26,16,3.44
6a2354259f2f6901826a5775,600,Relationship,2024,110,Romance,"""Ability decade establish on. Hundred question research.\nMr buy green once pull. Direction lead arrive director light would for. Force who sea because suddenly.""",9,78,305,329,500,,,,,Natalie Schultz,Frank Moore,Carl Robinson,Jeffrey Gutierrez,Amy King,,,,,Lead Actor,Cameo,Cameo,Cameo,Supporting Actor,,,,,17,10,2.8
6a2354259f2f6901826a5776,601,Much sea opportunity,1993,113,Horror,"""Successful company cell specific letter protect in half. The case owner memory line.\nStep minute doctor once push reveal prepare. Way lead beautiful college thing. Control remain add hope.""",,,,,,,,,,,,,,,,,,,,,,,,,,,,18,12,2.83
6a2354259f2f6901826a5777,602,Treatment major nation,2000,180,Comedy,"""Important stage only health.\nOccur behavior toward establish heart become. Doctor this first ok. Class building such avoid radio cost. Billion president road her training myself.""",112,270,,,,,,,,Howard Riggs,Brandon Carter,,,,,,,,Supporting Actor,Supporting Actor,,,,,,,,16,8,4
6a2354259f2f6901826a5778,603,Doctor lead care,1988,168,Fantasy,Answer program behind wait material significant road. Executive night foreign international nation.,280,,,,,,,,,Crystal Weiss,,,,,,,,,Lead Actor,,,,,,,,,19,9,3.11
6a2354259f2f6901826a5779,604,Family condition manager thank,2003,120,Fantasy,"""When trip she party simply though.\nMedical such attack without dream lot. Study art though foot former face. Participant form office fight avoid actually player.""",11,57,186,204,215,305,409,,,Adam Clarke,Jesse Morrow,Preston Jones,Kara Holt,Crystal Martinez,Carl Robinson,Harold Kelly,,,Lead Actor,Lead Actor,Supporting Actor,Supporting Actor,Cameo,Cameo,Lead Actor,,,24,11,2.82
6a2354259f2f6901826a577a,605,Reflect per speech,1980,86,Drama,Air apply article stand next. Agent among hear care skill. Determine mention early. Company item deal city.,48,162,243,420,,,,,,Lacey Bernard,Samuel Frederick,Rebecca Stafford,Jake Ellis,,,,,,Cameo,Supporting Actor,Supporting Actor,Cameo,,,,,,21,11,2.45
6a2354259f2f6901826a577b,606,Support quickly material talk,2018,172,Mystery,Study design capital. They face up generation moment nothing others. Ground tax box successful water scientist admit.,88,387,434,472,,,,,,Omar Diaz,Maurice Davis,Dr. Charles Anderson,Ashley Sanchez,,,,,,Cameo,Cameo,Cameo,Lead Actor,,,,,,19,12,3.58
6a2354259f2f6901826a577c,607,According grow test section,2003,138,Adventure,"""Treatment bar various town until. Exist international hot get behind close year.\nSize each majority color opportunity beyond collection least. Discussion weight prepare PM ready quality least blood.""",200,227,354,,,,,,,Lisa Taylor,Melissa Bright,Robin Martin,,,,,,,Supporting Actor,Supporting Actor,Supporting Actor,,,,,,,21,8,3.25
6a2354259f2f6901826a577d,608,Continue campaign,2006,109,Action,"""Score goal onto energy. Foreign arm hand small former expert.\nSecurity fight stay particular foot heavy statement. Such firm she spend.""",302,443,448,,,,,,,Ethan Miller,Gary Lopez,Linda King,,,,,,,Lead Actor,Cameo,Cameo,,,,,,,23,11,3
6a2354259f2f6901826a577e,609,Pass,2015,103,Fantasy,"""Drive phone sometimes rule admit buy. Apply account media fight argue however should.\nPressure hour every market. Impact start ask each lawyer such.""",,,,,,,,,,,,,,,,,,,,,,,,,,,,25,8,2.5
6a2354259f2f6901826a577f,610,Without tough,1984,145,Sci-Fi,"""Section others option environment. Between fund court camera concern expect street night.\nSister trip any detail degree. Song use child employee. National among media leader dog start.""",264,352,,,,,,,,Tanya Mendoza,Tina Hunt,,,,,,,,Cameo,Lead Actor,,,,,,,,12,8,3.25
6a2354259f2f6901826a5780,611,Interesting fine,2023,150,Comedy,"""Discussion listen black mouth. Pretty suddenly consider federal me through myself. Good any positive.\nGive tough father scene. At his tax skill American. Stock adult style.""",62,75,190,281,307,324,499,,,Christopher Stokes,Alexis Carlson,Michael Johnson,Anthony Wilson,Angela Jackson,Matthew Gregory,Zachary Bass,,,Lead Actor,Cameo,Lead Actor,Supporting Actor,Supporting Actor,Cameo,Cameo,,,22,12,2.08
6a2354259f2f6901826a5781,612,Mention mother century between,2026,105,Thriller,"""Read state send. Suggest sense how.\nPeace public voice in color would. Item our leave.\nInside animal capital drive under society owner. Beautiful represent field.""",163,248,269,344,,,,,,Lorraine Garrett,Brett Flynn,Wendy Lee,Nicole King,,,,,,Supporting Actor,Cameo,Supporting Actor,Supporting Actor,,,,,,11,4,2.75
6a2354259f2f6901826a5782,613,Work speak,1992,151,Thriller,"""Teacher let cost boy happy often low. Involve effort democratic plant get. Letter claim consider church.\nAmount space make. Four compare them suffer dark other generation.""",5,88,342,353,,,,,,Jason Vargas,Omar Diaz,Kathleen Smith,Pedro Molina,,,,,,Supporting Actor,Cameo,Cameo,Lead Actor,,,,,,19,10,2.9
6a2354259f2f6901826a5783,614,Environmental mother provide,2005,165,Mystery,"""National many name. Specific admit book whole nice.\nAppear different owner than.\nAccording prevent whose strong past. Street set can few no sure each.""",267,468,,,,,,,,Elizabeth Welch,Bridget Burke MD,,,,,,,,Supporting Actor,Lead Actor,,,,,,,,19,9,3.22
6a2354259f2f6901826a5784,615,Alone it,2024,93,Thriller,"""Commercial police rich body. Again apply fight learn order deep candidate. School though boy month.\nExpert visit bit participant painting buy total term. Clear door resource wife which into real.""",117,124,220,,,,,,,Karen Holmes,Joseph Martinez,Jonathan Smith,,,,,,,Cameo,Supporting Actor,Supporting Actor,,,,,,,17,10,2.5
6a2354259f2f6901826a5785,616,Four,2014,142,Fantasy,"""Play again nice behavior man.\nActivity my support vote reduce million these. Pretty phone take street statement. Nearly difference foreign available light.""",298,443,,,,,,,,Amanda Perez,Gary Lopez,,,,,,,,Cameo,Cameo,,,,,,,,19,8,2.88
6a2354259f2f6901826a5786,617,West chance,2015,176,Fantasy,Less until finally represent return feeling. Box although prevent. Father let paper study always.,56,90,152,,,,,,,Rebecca Huang,Anthony Reed,Brian White,,,,,,,Cameo,Cameo,Cameo,,,,,,,31,15,2.6
6a2354259f2f6901826a5787,618,Very,2022,130,Thriller,"""Establish late campaign family use find. Machine win involve attack such chance each. Face address wait painting when maintain.\nCamera guy law single economy. Side nation before focus.""",119,170,203,349,461,,,,,Steven Guerrero,Tanya Fletcher,Daniel Swanson DDS,Christopher Jacobs,Tiffany Fields,,,,,Supporting Actor,Supporting Actor,Cameo,Supporting Actor,Lead Actor,,,,,28,13,2.69
6a2354259f2f6901826a5788,619,Quickly author firm start,1993,178,Romance,"""Million oil around hundred. Nature and beat say lose mind.\nMay improve appear change yes ground. Single effort most green friend message.\nCampaign party there because treatment operation only field.""",159,203,248,421,482,,,,,Richard Gutierrez,Daniel Swanson DDS,Brett Flynn,Donald Rivas,Tricia Wallace,,,,,Cameo,Cameo,Lead Actor,Lead Actor,Lead Actor,,,,,22,5,3.6
6a2354259f2f6901826a5789,620,Or health,1980,159,Romance,Pressure various discussion white beyond news night. Short until although each anything stand idea.,161,,,,,,,,,Felicia Holloway,,,,,,,,,Lead Actor,,,,,,,,,12,5,3.6
6a2354259f2f6901826a578a,621,Talk garden rate,1983,115,Comedy,Nearly fill early unit consumer. Meet worry become become job enough some character. War same south time policy late religious.,,,,,,,,,,,,,,,,,,,,,,,,,,,,14,5,2.8
6a2354259f2f6901826a578b,622,Old trial,1985,164,Mystery,"""Suffer avoid second care sister. Expert race nice often. Age risk notice thousand.\nTough yeah agent drop. Hold sister able how act figure future.""",,,,,,,,,,,,,,,,,,,,,,,,,,,,19,10,3
6a2354259f2f6901826a578c,623,Leader politics,1992,162,Mystery,Material at gun certain idea recognize her. American behavior yeah lead car green wrong music. Office energy sort employee couple road never.,2,104,195,245,394,456,,,,Kyle Jones,Nathan White,Adam Ortiz,Emily Keith,Adrienne Lopez,Marc Carter,,,,Cameo,Cameo,Supporting Actor,Lead Actor,Supporting Actor,Supporting Actor,,,,22,12,2.75
6a2354259f2f6901826a578d,624,Support,1997,97,Romance,"""Skin stuff according easy statement necessary. Seem food try performance. Certainly list really character want reach.\nFactor suggest produce send share late behind.""",24,245,,,,,,,,Vincent Pearson,Emily Keith,,,,,,,,Lead Actor,Lead Actor,,,,,,,,22,11,2.45
6a2354259f2f6901826a578e,625,Production those fine,1991,124,Sci-Fi,"""Daughter wrong myself task store themselves skin. Another economic common stay. Almost across build industry power good.\nOfficer series cultural important itself. East high happen.""",201,,,,,,,,,Adam Gutierrez,,,,,,,,,Supporting Actor,,,,,,,,,19,8,3.5
6a2354259f2f6901826a578f,626,Prevent author,2020,106,Comedy,"""Maintain must beyond and memory official.\nThrough standard pick very debate paper staff vote. Policy make edge my. Manager beat method meeting.""",270,430,,,,,,,,Brandon Carter,Ronald Wells,,,,,,,,Lead Actor,Supporting Actor,,,,,,,,27,16,2.63
6a2354259f2f6901826a5790,627,Great particular mind,2026,121,Adventure,"""My same activity develop.\nQuickly amount individual Republican country yes yeah learn. Become drug deep how.""",180,250,,,,,,,,Robin Flores,Ethan Carr,,,,,,,,Cameo,Supporting Actor,,,,,,,,20,7,3.57
6a2354259f2f6901826a5791,628,Begin management exactly,1998,169,Drama,Almost use set discuss you century from. Television instead tough season. Return eat according. Effort issue bring study man room.,18,117,127,143,326,463,,,,Amy Harris,Karen Holmes,Isaac Crosby,Christopher Soto,Ashley Campos,Jonathan Randolph,,,,Cameo,Lead Actor,Cameo,Cameo,Lead Actor,Supporting Actor,,,,23,8,3.5
6a2354259f2f6901826a5792,629,Support very,1982,96,Mystery,Plan magazine message activity degree should sense. Significant environment necessary. Event work those stop political professional.,125,,,,,,,,,Casey Leach,,,,,,,,,Supporting Actor,,,,,,,,,19,10,3
6a2354259f2f6901826a5793,630,Song data,2000,167,Fantasy,Call control fine. And movement score heavy. Someone chance stock follow.,463,,,,,,,,,Jonathan Randolph,,,,,,,,,Supporting Actor,,,,,,,,,15,8,3.5
6a2354259f2f6901826a5794,631,Enter,2001,163,Thriller,"""Clearly already bill example method. Her guy stock. Person center protect level place her blue. But personal finish.\nYourself mention represent low. Western guess without total rest.""",103,373,,,,,,,,Christine Alexander,Michael Ramsey,,,,,,,,Lead Actor,Lead Actor,,,,,,,,17,10,3.2
6a2354259f2f6901826a5795,632,Total,1992,163,Horror,"""Culture long issue look adult myself suddenly. A bag great seat administration. Market them police place job. There suffer voice study.\nOwn end most catch.""",,,,,,,,,,,,,,,,,,,,,,,,,,,,22,11,2.82
6a2354259f2f6901826a5796,633,Enter main,1986,130,Horror,"""Trip I politics upon.\nMost ok ago direction price parent sometimes left. Blue way control mention.\nMother draw will whether message long area before. Certainly nation station discuss.""",113,345,,,,,,,,Stacy Watson,Julie Smith,,,,,,,,Lead Actor,Lead Actor,,,,,,,,18,8,3.88
6a2354259f2f6901826a5797,634,Smile product likely,2019,89,Mystery,"""Apply card of. Population hit quite but age school. Politics suggest low guess tonight reality blue.\nOver its it add let.""",32,64,496,,,,,,,Steven Brock,Nicole Poole,Eddie Jenkins,,,,,,,Supporting Actor,Cameo,Supporting Actor,,,,,,,17,11,2.64
6a2354259f2f6901826a5798,635,Most believe member,1986,148,Mystery,"""Identify rest bill who why pull. Floor later plan. Article military perform to operation low form.\nDoctor low sit board contain. Situation present magazine.""",346,454,,,,,,,,Joseph Moore,Jonathan Walker,,,,,,,,Supporting Actor,Lead Actor,,,,,,,,13,4,3.25
6a2354259f2f6901826a5799,636,Laugh that firm,1996,180,Comedy,"""Marriage recently truth large fear art relate. Official within father threat event dinner thousand. News step such.\nMy seek police factor enough.\nEvening usually address discover until.""",23,46,48,166,203,293,313,,,Robin Gutierrez,Andrew Smith,Lacey Bernard,Craig Hall,Daniel Swanson DDS,Matthew Washington,Jamie Wilson,,,Lead Actor,Lead Actor,Cameo,Supporting Actor,Lead Actor,Lead Actor,Supporting Actor,,,9,3,2
6a2354259f2f6901826a579a,637,Total despite,2025,102,Action,"""Name in what defense wear level prove. Hour appear board.\nInternational speech around read. Three thousand choose include compare. Simple standard trouble look. Inside among purpose drug.""",354,408,,,,,,,,Robin Martin,Michelle Phillips,,,,,,,,Cameo,Cameo,,,,,,,,18,8,3.38
6a2354259f2f6901826a579b,638,Executive,2026,103,Fantasy,"""Enter five history serve blue many learn. Sign deal probably worker.\nLast loss here site place see world. Young hand never window college state get growth. Bad involve sell maintain.""",,,,,,,,,,,,,,,,,,,,,,,,,,,,23,10,3.8
6a2354259f2f6901826a579c,639,Somebody style,2001,109,Thriller,"""Source account dark fish. Page contain expect message really likely. Peace better food president own nature.\nPrice American effect early toward. Suddenly friend article.""",35,136,137,,,,,,,Randy Greene,Jesse Wright,Catherine Shelton,,,,,,,Supporting Actor,Supporting Actor,Lead Actor,,,,,,,24,12,3.25
6a2354259f2f6901826a579d,640,Maintain American,1992,118,Horror,"""Place want month force across everything through. Probably do consumer rock consumer necessary.\nLearn guy similar important story onto. Cut citizen reality author success management sea.""",70,123,196,390,,,,,,Hannah Bryant,Jack Hogan,Richard Campbell,Tara Harris,,,,,,Cameo,Supporting Actor,Supporting Actor,Cameo,,,,,,13,7,2.71
6a2354259f2f6901826a579e,641,Employee career,1997,134,Romance,"""Break ask case like. Push arrive hear southern method. News lead claim human fill price.\nStep free ability parent election place fight.""",27,498,,,,,,,,Robert Soto,Stephen Jefferson,,,,,,,,Cameo,Lead Actor,,,,,,,,20,10,2.6
6a2354259f2f6901826a579f,642,Dream hundred candidate,1986,123,Drama,"""Inside good country by. From see participant respond difference perhaps answer suddenly.\nServe trouble fill lot performance inside understand. Pull born factor student do bed.""",469,,,,,,,,,Adam Welch,,,,,,,,,Cameo,,,,,,,,,22,13,3.46
6a2354259f2f6901826a57a0,643,World do,2025,81,Romance,"""Such edge not two class my. Or probably figure among. Can such computer bad thank third parent wish.\nRadio policy expert find. Pay most quickly music drive than summer player.""",,,,,,,,,,,,,,,,,,,,,,,,,,,,21,9,3.56
6a2354259f2f6901826a57a1,644,Deal effect say,2010,120,Thriller,"""Into through mean treat also measure teacher recognize. Speak computer dog environmental.\nCouple enter cell. Health catch single probably customer improve.""",143,256,309,359,377,,,,,Christopher Soto,Mike Brennan,Laura Taylor,Jennifer Holland,Carla Frazier,,,,,Lead Actor,Lead Actor,Cameo,Supporting Actor,Lead Actor,,,,,20,9,3
6a2354259f2f6901826a57a2,645,Down finish,2025,150,Adventure,"""Event reduce fund increase amount personal.\nAir friend report it describe daughter professional. Not skill product yet control force property.""",11,71,137,451,,,,,,Adam Clarke,Brian Smith,Catherine Shelton,Darren Mcdonald,,,,,,Supporting Actor,Cameo,Cameo,Cameo,,,,,,24,11,2.64
6a2354259f2f6901826a57a3,646,Soldier real clear,2017,118,Action,"""Argue college artist discuss interest card quality. Really sea office. Sport travel character then far fill.\nCentury PM serious very whether appear answer front.""",30,106,292,335,,,,,,Jeremy Elliott,Dana Thompson,Richard Evans,Brenda Smith,,,,,,Lead Actor,Lead Actor,Cameo,Lead Actor,,,,,,22,12,3.67
6a2354259f2f6901826a57a4,647,True result,1988,84,Sci-Fi,Teach return fund collection stuff notice indicate begin. Voice person floor street time vote. Statement scene player. Test article money next.,234,,,,,,,,,Connie Williamson,,,,,,,,,Lead Actor,,,,,,,,,24,12,2.83
6a2354259f2f6901826a57a5,648,Ok cut energy,1991,155,Horror,"""It which factor debate. Answer site play old look because.\nRich somebody thus step. Live newspaper sport forget energy spend.""",80,440,497,,,,,,,Lisa Davidson,Jeffrey Dawson,Mrs. Lisa Reed DDS,,,,,,,Cameo,Lead Actor,Lead Actor,,,,,,,15,9,2.89
6a2354259f2f6901826a57a6,649,Himself pick property,2002,175,Fantasy,"""Nor real government military price reach.\nFinally worker product much attack center carry. Authority almost might the.""",199,355,,,,,,,,Mr. Austin Johnson Jr.,Lisa Bartlett,,,,,,,,Cameo,Lead Actor,,,,,,,,26,12,3.67
6a2354259f2f6901826a57a7,650,Lay unit,2001,130,Fantasy,"""Field sound save eight your. Central them already chair.\nRoom former simple will. Type these nor again decide. Business sea door despite buy interesting.""",180,,,,,,,,,Robin Flores,,,,,,,,,Supporting Actor,,,,,,,,,19,8,4
6a2354259f2f6901826a57a8,651,Effect hear senior,1985,159,Comedy,"""Often worker reach against some. Though buy very sure positive vote. Several past may research likely same fact pattern.\nIf ago something follow down. While business pretty.""",97,213,334,485,,,,,,Angela David,Nicole Johnson,Brooke Mason,Valerie Oneal,,,,,,Lead Actor,Lead Actor,Lead Actor,Supporting Actor,,,,,,22,12,2.83
6a2354259f2f6901826a57a9,652,Fall conference radio at,1994,171,Comedy,"""Officer activity product good. Heart accept begin ten pattern. Indicate heart resource contain bring much meeting.\nFind produce yeah him stop deal.""",64,446,480,500,,,,,,Nicole Poole,Joseph Armstrong,Linda Graves,Amy King,,,,,,Lead Actor,Supporting Actor,Supporting Actor,Supporting Actor,,,,,,20,12,1.42
6a2354259f2f6901826a57aa,653,Contain born indeed,2016,109,Romance,"""Institution matter significant rock total. Matter second who remain forget moment front same.\nDetermine race example. Attack deep director real society evening.""",268,458,,,,,,,,Christopher Snyder,Amanda Bond,,,,,,,,Lead Actor,Supporting Actor,,,,,,,,19,8,2.75
6a2354259f2f6901826a57ab,654,Similar try,2021,170,Sci-Fi,"""So government measure prevent. Learn general home true difference color. Coach structure blood old hot no operation.\nForeign let reason window. Heavy sport what parent recently represent air.""",72,400,494,,,,,,,Elizabeth White,Mark Ayers,Erik Howe,,,,,,,Supporting Actor,Lead Actor,Cameo,,,,,,,14,5,3.2
6a2354259f2f6901826a57ac,655,Decide fill week,2021,143,Action,Street bag sound audience hospital firm knowledge. Order mission eat research American candidate follow. Country increase suddenly run employee turn. Strategy seat husband father want size.,234,380,,,,,,,,Connie Williamson,Erica Thompson,,,,,,,,Supporting Actor,Lead Actor,,,,,,,,12,6,3.67
6a2354259f2f6901826a57ad,656,Pressure rich method,2010,99,Drama,"""Strong need instead power leader analysis. Behavior law too prepare some. Situation direction painting financial police guess.\nThrough lot consumer center. Reality seat upon seek ten claim.""",125,377,,,,,,,,Casey Leach,Carla Frazier,,,,,,,,Cameo,Supporting Actor,,,,,,,,20,14,3.14
6a2354259f2f6901826a57ae,657,Medical among me,2008,124,Thriller,Life run speech whom easy. Left style few difficult memory trouble.,54,231,,,,,,,,Dr. Anna Hunter,Patrick Li,,,,,,,,Cameo,Supporting Actor,,,,,,,,19,7,2.71
6a2354259f2f6901826a57af,658,Then medical,2014,177,Action,"""Event develop our surface wish identify. Identify prove inside than idea magazine.\nTen would black board sure. Believe probably first eight up off this.""",186,500,,,,,,,,Preston Jones,Amy King,,,,,,,,Lead Actor,Cameo,,,,,,,,25,18,2.61
6a2354259f2f6901826a57b0,659,Value,1988,173,Thriller,"""Beautiful find woman pass career use part. Gun fill yourself seat difficult past week. Discuss none chair summer.\nFor on laugh shake player like letter. Always customer mouth act around garden allow.""",87,221,294,,,,,,,Cindy Brown,Wanda Gibson,Sylvia Nash,,,,,,,Supporting Actor,Lead Actor,Supporting Actor,,,,,,,21,10,2.7
6a2354259f2f6901826a57b1,660,Control southern,2011,165,Adventure,"""Usually mother board. Admit these growth TV sure certainly.\nPositive hot forward mission foot reduce. Sea everyone board under region.\nTraining relationship ask country executive.""",122,203,,,,,,,,Michelle Duncan,Daniel Swanson DDS,,,,,,,,Cameo,Cameo,,,,,,,,19,10,3.2
6a2354259f2f6901826a57b2,661,Truth like writer,1988,160,Comedy,Discover join if order recognize strategy major. Painting matter your happen up deep. Around see forget long Mrs.,125,156,468,,,,,,,Casey Leach,Rachel Lane,Bridget Burke MD,,,,,,,Lead Actor,Lead Actor,Lead Actor,,,,,,,15,8,1.88
6a2354259f2f6901826a57b3,662,Design recent miss,2005,119,Thriller,"""Middle watch green discuss general health baby.\nMedia away training anyone president list high. Education investment wonder care. Dream player quickly office.""",95,,,,,,,,,Katherine Burch,,,,,,,,,Lead Actor,,,,,,,,,11,5,2.2
6a2354259f2f6901826a57b4,663,Else book,1983,138,Mystery,"""Story although last series car. Them fish find newspaper past court. Appear bring decide perform by leader station.\nSpring week box catch. Mind trade chair else. Onto change part large sign.""",39,249,331,,,,,,,Phyllis Lopez,Joseph Henderson,Cindy Russell,,,,,,,Lead Actor,Cameo,Supporting Actor,,,,,,,19,6,2.67
6a2354259f2f6901826a57b5,664,Back often small,2003,173,Thriller,"""Forget which reduce media bank on see. Bar worry system lot. Everything note research let.\nResponsibility pick my could growth.""",470,,,,,,,,,Kelsey Orozco,,,,,,,,,Supporting Actor,,,,,,,,,26,12,2.5
6a2354259f2f6901826a57b6,665,Response behavior travel,1991,120,Fantasy,Crime involve such interview agent what wide. Including seek store answer brother century charge. Car amount federal cultural note.,140,188,389,,,,,,,Barbara Lewis,Doris Allison,Sarah Byrd,,,,,,,Lead Actor,Cameo,Supporting Actor,,,,,,,20,7,3.57
6a2354259f2f6901826a57b7,666,Outside say,1983,164,Romance,Even here position central despite yes. Green line cultural food. The human option yes investment off. Heart economy we sea ball scene heart.,34,298,376,,,,,,,Nicholas Bradford,Amanda Perez,David Noble,,,,,,,Supporting Actor,Cameo,Lead Actor,,,,,,,24,10,3
6a2354259f2f6901826a57b8,667,Administration instead,1989,134,Mystery,"""Recognize I few seek field.\nParticipant risk send. Newspaper around most whatever.\nSafe economy woman various these. Can body low sister pick one. Class able course share same week.""",149,246,467,,,,,,,Christina Smith,Andrew Morris,Charles Dominguez,,,,,,,Supporting Actor,Cameo,Supporting Actor,,,,,,,19,6,2.67
6a2354259f2f6901826a57b9,668,Listen dream hair month,1997,99,Horror,Produce capital reason local pull day face sea. Charge above almost view.,77,169,234,346,393,,,,,Thomas Graham,Craig Jimenez,Connie Williamson,Joseph Moore,Ralph Knox,,,,,Lead Actor,Lead Actor,Cameo,Supporting Actor,Supporting Actor,,,,,26,19,3
6a2354259f2f6901826a57ba,669,Either policy,2019,160,Sci-Fi,Care health dream. If us dog control with technology. New allow enough sense language audience loss. Sister officer very.,17,444,,,,,,,,Christopher Martin,Deborah Adkins,,,,,,,,Cameo,Lead Actor,,,,,,,,11,7,3
6a2354259f2f6901826a57bb,670,Drive people,2018,120,Drama,"""Since radio although add eight house. Result clearly no market visit.\nExecutive strong bad sound in while. International bring deal.\nWest four relate. Fire summer ten simple get.""",56,69,89,261,374,414,,,,Rebecca Huang,Michael Bailey,Mckenzie Finley,Steven Clark,Connie Moreno,Pamela Schwartz,,,,Lead Actor,Supporting Actor,Lead Actor,Supporting Actor,Cameo,Lead Actor,,,,20,13,3.46
6a2354259f2f6901826a57bc,671,Partner appear method,2026,143,Action,"""Especially result rather hair keep forget. Part and strong final rock budget about behind.\nThemselves director high goal. Of avoid lawyer cell include yeah. Dark cultural piece try affect.""",37,76,464,494,,,,,,Brenda Bailey,Amy Erickson,Jeffrey Weeks,Erik Howe,,,,,,Cameo,Supporting Actor,Cameo,Cameo,,,,,,23,12,3.33
6a2354259f2f6901826a57bd,672,Build school,1986,113,Comedy,"""Oil baby response put. Author enough box friend. New almost because case around method.\nItself generation statement administration during. Policy situation put common. Item thousand animal game.""",162,209,224,309,,,,,,Samuel Frederick,Jodi Rosario,James Guerrero,Laura Taylor,,,,,,Supporting Actor,Cameo,Lead Actor,Cameo,,,,,,14,7,2
6a2354259f2f6901826a57be,673,Vote take decide PM,2025,102,Mystery,"""Statement debate hold always ago.\nStyle including cost develop and. Describe close her reflect vote. Compare imagine her room receive.\nRespond his thought. Speak arm garden pressure million.""",63,151,205,240,317,,,,,Matthew Kennedy,Tammy Klein,Lisa Berry,Rachel Dean,Melissa Powell,,,,,Lead Actor,Cameo,Cameo,Cameo,Cameo,,,,,15,8,2
6a2354259f2f6901826a57bf,674,Else minute style,1984,144,Fantasy,"""Listen hard eat do open number. Pressure remain somebody now night herself.\nThreat probably current Republican. Few hope cause product focus give school tonight.""",42,339,342,461,,,,,,Ashley Callahan,Thomas Boyle,Kathleen Smith,Tiffany Fields,,,,,,Supporting Actor,Lead Actor,Supporting Actor,Cameo,,,,,,17,8,3.38
6a2354259f2f6901826a57c0,675,And agree business,2014,177,Horror,Here hope plan war notice. Say site my wear top bag. Office agree under field along.,180,271,276,404,450,491,,,,Robin Flores,Natasha Fuller,Sheila Zimmerman,Amanda Day,Joseph Sosa,Erica Reed,,,,Lead Actor,Supporting Actor,Supporting Actor,Cameo,Cameo,Cameo,,,,16,9,2.67
6a2354259f2f6901826a57c1,676,American,1990,150,Comedy,"""Test determine become range movie.\nDark campaign be approach power computer. Fund issue miss lawyer. Loss task our meet last but.\nMore information similar husband involve. Think thank lose key.""",50,122,172,335,441,,,,,Joseph Wright,Michelle Duncan,Mrs. Maria Lewis,Brenda Smith,Amy Chen,,,,,Cameo,Supporting Actor,Cameo,Supporting Actor,Lead Actor,,,,,20,8,2.5
6a2354259f2f6901826a57c2,677,Ten Congress,2001,82,Horror,"""Year thing agency.\nChange training thus month executive. Bring candidate key onto fund.\nCrime mean size us play. Check race newspaper third investment. Carry white billion today American whom.""",103,113,169,209,232,359,,,,Christine Alexander,Stacy Watson,Craig Jimenez,Jodi Rosario,Jessica Riley,Jennifer Holland,,,,Cameo,Cameo,Cameo,Supporting Actor,Supporting Actor,Supporting Actor,,,,24,8,2.63
6a2354259f2f6901826a57c3,678,Sit deal,2005,148,Drama,Bar each behavior. Necessary list someone receive lay common can. Interest election quite official include factor.,54,279,308,327,480,,,,,Dr. Anna Hunter,Ryan Thomas,Stephanie Martinez,Amanda Nichols,Linda Graves,,,,,Lead Actor,Supporting Actor,Lead Actor,Supporting Actor,Supporting Actor,,,,,16,5,2.6
6a2354259f2f6901826a57c4,679,Mind total seek,1984,159,Comedy,"""Position five family Republican loss point war effort. Police use lay red other big.\nPlay blue dog skill course with support.""",53,495,,,,,,,,Gina Dixon,Jeffrey White,,,,,,,,Lead Actor,Lead Actor,,,,,,,,22,12,2.67
6a2354259f2f6901826a57c5,680,Process civil present,2022,112,Comedy,"""Guy southern news letter politics. Star stock history community. Occur mother camera.\nWonder old attack fine respond. Front party marriage spend.""",164,207,230,294,448,,,,,Kyle Clark,Stephanie Garcia,Kathryn Lopez,Sylvia Nash,Linda King,,,,,Cameo,Supporting Actor,Lead Actor,Supporting Actor,Lead Actor,,,,,27,11,3.27
6a2354259f2f6901826a57c6,681,Cell her,2020,88,Sci-Fi,"""Main nor society size once feeling huge. Task go last if there those. Car despite of.\nOwn difference hair reason. Control blue myself significant season choice.""",141,253,286,291,395,,,,,David Martinez,Nicole Warren,Megan Johnson,Steven Young,Michael Bennett,,,,,Supporting Actor,Supporting Actor,Supporting Actor,Supporting Actor,Cameo,,,,,12,5,3.8
6a2354259f2f6901826a57c7,682,Region agree,1993,166,Romance,"""View conference artist second. Ahead read others white what. And develop indicate per indeed bar art.\nPolice pull back hour. World civil attack enter sell family.""",278,283,,,,,,,,Mrs. Dorothy Wagner,Traci Palmer,,,,,,,,Supporting Actor,Cameo,,,,,,,,17,9,3.33
6a2354259f2f6901826a57c8,683,Large after wind,1985,179,Thriller,Value manager huge political. Describe provide rule audience worry indicate side. Number table many piece involve science security away.,20,218,297,337,354,,,,,Courtney Ward,Jeffrey Hensley,Miguel Jarvis,Colleen Noble,Robin Martin,,,,,Supporting Actor,Cameo,Cameo,Lead Actor,Lead Actor,,,,,24,14,2.86
6a2354259f2f6901826a57c9,684,Someone relate price,2019,171,Sci-Fi,"""Second step dinner court little. Bring author way remain wear tend.\nSister Republican third effort sport your. Page near small indicate fine. Majority stand agree sure commercial exist.""",64,430,476,,,,,,,Nicole Poole,Ronald Wells,Steven Davis,,,,,,,Lead Actor,Cameo,Cameo,,,,,,,23,13,3.54
6a2354259f2f6901826a57ca,685,Later mother shoulder condition,1993,175,Sci-Fi,"""Least family call account trial player. Series often reach floor red whose hand.\nPretty process site toward. Coach environment follow sea appear receive.""",414,,,,,,,,,Pamela Schwartz,,,,,,,,,Supporting Actor,,,,,,,,,18,12,3
6a2354259f2f6901826a57cb,686,Center six run,1995,89,Romance,"""Stage professor her. Throughout laugh into option. Concern majority he.\nThey what common note take. Sound way which finally order. Service too explain low.""",448,493,,,,,,,,Linda King,Candace Terrell,,,,,,,,Cameo,Cameo,,,,,,,,20,13,2.85
6a2354259f2f6901826a57cc,687,If citizen four,2026,125,Thriller,"""Instead third across that per church table radio. Education particular customer hold wall tough.\nArgue throw similar country country evidence. Yes fill where writer.""",68,169,284,321,,,,,,Howard Jones,Craig Jimenez,Hayley Barr,Jared Hernandez,,,,,,Lead Actor,Supporting Actor,Supporting Actor,Cameo,,,,,,13,9,3
6a2354259f2f6901826a57cd,688,Themselves oil,2001,107,Action,"""System tree figure raise. White his leave man.\nCrime attack population evening alone issue food.\nGoal night contain president miss. Walk bit seek far likely parent.""",,,,,,,,,,,,,,,,,,,,,,,,,,,,13,6,3.17
6a2354259f2f6901826a57ce,689,Arrive analysis,2008,90,Romance,"""Really art already pull lose. Election simple film fast. Agreement option somebody upon race kid foot.\nHuge choose development in statement almost green. Become three food truth various send.""",141,195,256,280,423,,,,,David Martinez,Adam Ortiz,Mike Brennan,Crystal Weiss,Karen Clark,,,,,Cameo,Lead Actor,Cameo,Cameo,Cameo,,,,,11,5,2.8
6a2354259f2f6901826a57cf,690,Population coach,2016,167,Mystery,"""List could family to article still every. Door teach again wide week suffer simply.\nSkill thing probably full. Relationship through focus among collection want fire.""",95,240,,,,,,,,Katherine Burch,Rachel Dean,,,,,,,,Cameo,Cameo,,,,,,,,22,13,3
6a2354259f2f6901826a57d0,691,Hard certain structure,2017,150,Comedy,Market put sort coach trouble there anyone purpose. Fill read cultural truth organization group figure question.,,,,,,,,,,,,,,,,,,,,,,,,,,,,22,10,2.9
6a2354259f2f6901826a57d1,692,Kid think despite,2004,160,Romance,"""Stuff wall understand life. Past organization attack claim raise.\nSense seem money institution energy. Any choice unit hear set. Hand structure because why better.""",22,213,233,,,,,,,Cathy Schultz,Nicole Johnson,Jennifer Miller,,,,,,,Cameo,Supporting Actor,Supporting Actor,,,,,,,20,11,3.09
6a2354259f2f6901826a57d2,693,Pm wish talk,2010,100,Thriller,"""Strong serve why budget reflect safe.\nOften play child apply there. Bar Democrat statement media too huge upon. Theory difficult know leg fill trouble.""",186,267,324,385,482,,,,,Preston Jones,Elizabeth Welch,Matthew Gregory,Kathleen Mitchell,Tricia Wallace,,,,,Cameo,Cameo,Cameo,Lead Actor,Cameo,,,,,17,5,3.2
6a2354259f2f6901826a57d3,694,Majority,1991,126,Sci-Fi,Behavior star general. Likely child story present. Economic say must short successful box office.,103,208,345,,,,,,,Christine Alexander,Nicholas Gonzales,Julie Smith,,,,,,,Lead Actor,Lead Actor,Lead Actor,,,,,,,13,7,3.29
6a2354259f2f6901826a57d4,695,Upon sometimes,2001,88,Comedy,"""Fear fear evidence trouble. Wish staff like right write.\nTraditional front need our. Story dog plant but dream close friend. Evening analysis we number prevent make consumer.""",74,266,277,402,,,,,,Luis Young,Brianna Anthony,Spencer Decker,Howard Brown,,,,,,Cameo,Lead Actor,Cameo,Lead Actor,,,,,,17,7,3
6a2354259f2f6901826a57d5,696,Message two thank,1987,123,Romance,"""It property American ahead miss positive. Sell somebody sell American offer suffer heart. Fight spring reach happen later safe send.\nChurch reason director run reach.\nNotice guess hold they site.""",18,421,,,,,,,,Amy Harris,Donald Rivas,,,,,,,,Supporting Actor,Lead Actor,,,,,,,,21,8,2.75
6a2354259f2f6901826a57d6,697,Develop story catch,2007,130,Thriller,"""Tree right determine let table high.\nCommunity treat you manage what control.""",,,,,,,,,,,,,,,,,,,,,,,,,,,,24,10,4
6a2354259f2f6901826a57d7,698,Spring something,2025,156,Sci-Fi,"""Whose hard effect return piece space herself. World team reason. Director social no share majority wonder suffer.\nInterest art be fight.""",123,166,356,,,,,,,Jack Hogan,Craig Hall,Lisa Johnson,,,,,,,Cameo,Lead Actor,Supporting Actor,,,,,,,29,12,3.17
6a2354259f2f6901826a57d8,699,On support concern,2002,126,Adventure,"""Indicate ten society not there near born everyone. Oil fall physical watch sound environment history.\nStep size year.""",358,,,,,,,,,James Robinson,,,,,,,,,Supporting Actor,,,,,,,,,15,7,3.43
6a2354259f2f6901826a57d9,700,With office,1992,142,Mystery,Leader education dog deal stuff never heart. Peace on appear either. Break skill message job article.,,,,,,,,,,,,,,,,,,,,,,,,,,,,23,11,3.18
6a2354259f2f6901826a57da,701,Police,2013,150,Romance,"""Human condition hotel one yard to. Thus than commercial energy old.\nNeed during summer big increase stand. Nothing PM example center perhaps establish.""",437,492,,,,,,,,Oscar Delgado,Timothy Johnson,,,,,,,,Cameo,Supporting Actor,,,,,,,,19,9,3.22
6a2354259f2f6901826a57db,702,Road PM,1982,137,Adventure,"""Leader air however term prevent business. Perhaps feel real less identify rule concern always.\nStock place rise school instead defense development. Such center national pay data deal.""",407,,,,,,,,,Laura Patel,,,,,,,,,Supporting Actor,,,,,,,,,18,7,1.43
6a2354259f2f6901826a57dc,703,Inside do reach,2019,139,Action,"""Society bed chair at letter budget. Strong unit true military throw almost rise result. Necessary catch hard so occur western.\nMake mind nature author the suffer art.\nBeat establish artist.""",28,439,,,,,,,,Heather Benson,Margaret Anderson,,,,,,,,Supporting Actor,Lead Actor,,,,,,,,19,11,2.91
6a2354259f2f6901826a57dd,704,Sell production,2008,111,Romance,"""Treat single into. Son write friend method final. Senior during reach others pressure strategy.\nSeem because song no. Phone have door store upon others pressure. Forward what statement day list.""",2,436,,,,,,,,Kyle Jones,Jamie Franklin,,,,,,,,Cameo,Cameo,,,,,,,,22,13,2.54
6a2354259f2f6901826a57de,705,Our decide think,2015,164,Horror,Lot cause personal especially whom generation born. Similar form could stay political dinner.,174,484,,,,,,,,Austin Roberson,Melissa Henry,,,,,,,,Cameo,Supporting Actor,,,,,,,,26,13,3.31
6a2354259f2f6901826a57df,706,Prove bar thank,2026,161,Action,"""Century work risk cover good. Chair remember at year prepare. Cause scene senior actually.\nSecurity bill size far within. Eye late majority score. Compare personal explain animal manager.""",56,71,110,368,426,,,,,Rebecca Huang,Brian Smith,Theresa Lopez,Chris Marshall,William Mack,,,,,Lead Actor,Supporting Actor,Cameo,Supporting Actor,Cameo,,,,,20,11,3.55
6a2354259f2f6901826a57e0,707,Ever player,1982,158,Adventure,"""Ready than conference argue. Short tree room project center heavy.\nHit may black hospital. Blood song new girl half stock community computer. Likely eat opportunity likely recent ask song.""",160,255,339,378,405,444,,,,Alexa Daugherty,Anthony Shea,Thomas Boyle,Ashley Weaver,Teresa Williams,Deborah Adkins,,,,Lead Actor,Cameo,Supporting Actor,Cameo,Supporting Actor,Supporting Actor,,,,21,11,2.82
6a2354259f2f6901826a57e1,708,Establish ago behind official,1998,85,Action,"""Watch knowledge first. Forget few east option later TV. Employee skin last relationship probably Republican establish.\nPractice within reality far ground. Learn trade late company send.""",78,185,342,479,,,,,,Frank Moore,Megan Shields,Kathleen Smith,Amy Smith,,,,,,Cameo,Cameo,Cameo,Cameo,,,,,,17,10,2.6
6a2354259f2f6901826a57e2,709,Only,2015,160,Horror,"""Which treatment American stand financial reason paper view. Scene fill item clearly draw blood.\nTreatment teacher government hour there minute. Teach reach suffer so first process myself specific.""",,,,,,,,,,,,,,,,,,,,,,,,,,,,16,9,3.33
6a2354259f2f6901826a57e3,710,Whom manager claim,1995,132,Fantasy,Town political notice state issue indicate project. Few vote several time watch investment. Real break effect already because.,256,,,,,,,,,Mike Brennan,,,,,,,,,Supporting Actor,,,,,,,,,21,11,3.36
6a2354259f2f6901826a57e4,711,Price page,1988,118,Adventure,"""Fly although method realize. Someone only above miss respond fear buy.\nPartner husband include different. Strategy public mind language cultural adult home power. Experience else nearly possible.""",471,486,,,,,,,,Evan Nelson,Jessica Evans,,,,,,,,Lead Actor,Supporting Actor,,,,,,,,21,11,3.09
6a2354259f2f6901826a57e5,712,Responsibility,2018,98,Sci-Fi,"""Purpose plan project gun glass able. Interview seem scene office their. Apply suffer north write hundred summer level work.\nFocus realize seem. Popular foreign five blue issue.""",127,184,367,,,,,,,Isaac Crosby,Adam Case,Cory Johnson,,,,,,,Cameo,Lead Actor,Supporting Actor,,,,,,,26,13,2.23
6a2354259f2f6901826a57e6,713,Floor film,2004,152,Romance,Space author easy age television remain case. Occur decade bit left federal already.,159,338,418,,,,,,,Richard Gutierrez,Lee Farley,William Gilbert,,,,,,,Supporting Actor,Supporting Actor,Lead Actor,,,,,,,16,5,2.6
6a2354259f2f6901826a57e7,714,Baby week them,2023,81,Adventure,"""Late region think sure eight television carry. Range star new game wish team.\nConcern opportunity American age product real feel style. Central maintain agree eye drop still hour.""",59,282,,,,,,,,Caitlin Young,Kristen Stone,,,,,,,,Lead Actor,Cameo,,,,,,,,14,8,2.88
6a2354259f2f6901826a57e8,715,First player actually,2011,141,Adventure,Quickly data citizen million society stay. People else total already left.,258,345,386,454,,,,,,Karen Heath,Julie Smith,Joseph Walters,Jonathan Walker,,,,,,Lead Actor,Lead Actor,Supporting Actor,Supporting Actor,,,,,,21,8,3.75
6a2354259f2f6901826a57e9,716,Audience strategy,1981,131,Thriller,"""Mean minute value age game spend clear relationship. Paper teach some article.\nBlack behavior air defense establish result more vote. Tonight far fight might us.""",49,324,454,,,,,,,Tommy Brown,Matthew Gregory,Jonathan Walker,,,,,,,Lead Actor,Cameo,Lead Actor,,,,,,,22,11,3
6a2354259f2f6901826a57ea,717,Social glass,2010,115,Comedy,"""Various professor dream find cause far truth.\nAudience minute reduce bar. Like class wife well for. Model fly claim.\nFormer third share give beat. Artist now book better major.""",23,208,228,277,468,,,,,Robin Gutierrez,Nicholas Gonzales,Nicole Boyd,Spencer Decker,Bridget Burke MD,,,,,Supporting Actor,Lead Actor,Lead Actor,Supporting Actor,Supporting Actor,,,,,18,9,2.89
6a2354259f2f6901826a57eb,718,Term shake,2017,179,Mystery,"""Rich model early standard themselves item. Into moment middle agency up. True attorney region else life themselves various marriage.\nIdentify green always.""",108,342,,,,,,,,Rachel Gibson,Kathleen Smith,,,,,,,,Supporting Actor,Cameo,,,,,,,,23,15,2.8
6a2354259f2f6901826a57ec,719,Something do nothing,2021,115,Comedy,"""Prove hit marriage ever quality. Piece none however world.\nSide tree board guy. Write hope low street least value. Way movement feel.\nPrice how establish. More possible end present in forward kid.""",67,167,213,228,417,,,,,Susan Keith,David Calhoun,Nicole Johnson,Nicole Boyd,Austin Boone,,,,,Supporting Actor,Cameo,Cameo,Lead Actor,Cameo,,,,,21,9,3.56
6a2354259f2f6901826a57ed,720,Player member or,1982,94,Action,"""Economy question rather show. Near author member. Happen meet air chair occur administration.\nSurface become sit. Area successful care across. Charge entire friend car world kind.""",29,152,200,378,480,,,,,Heather Watkins,Brian White,Lisa Taylor,Ashley Weaver,Linda Graves,,,,,Cameo,Supporting Actor,Cameo,Cameo,Supporting Actor,,,,,18,10,3.5
6a2354259f2f6901826a57ee,721,Under fall,1984,121,Comedy,"""Sport police management job long. Have country opportunity avoid trade energy school democratic.\nProve claim order establish. Baby decide prove blood look model structure.""",37,207,210,320,346,,,,,Brenda Bailey,Stephanie Garcia,Luis Randall,Ashley Robertson,Joseph Moore,,,,,Lead Actor,Cameo,Lead Actor,Supporting Actor,Lead Actor,,,,,23,11,2.82
6a2354259f2f6901826a57ef,722,Candidate return,1984,80,Sci-Fi,"""Form measure want total. Art herself close choice author likely.\nNorth there him away behavior discuss along stand. Always fine tonight. Husband reduce time tax poor.""",,,,,,,,,,,,,,,,,,,,,,,,,,,,23,12,3.67
6a2354259f2f6901826a57f0,723,Help generation whole,2018,116,Horror,Never performance discussion specific spring hotel grow. Our spend identify culture president. Happen she less foreign painting.,,,,,,,,,,,,,,,,,,,,,,,,,,,,18,9,2.67
6a2354259f2f6901826a57f1,724,Care yet its must,2004,154,Sci-Fi,"""Nature worry particularly mother tax shake market moment. Beautiful threat drop high tell agent consider.\nOf decade single their. Reveal measure pattern measure ok third.""",,,,,,,,,,,,,,,,,,,,,,,,,,,,22,9,2.33
6a2354259f2f6901826a57f2,725,Police start idea,1999,148,Romance,"""Reason whole responsibility compare. Fact food trip two analysis product.\nWrong brother finally American. Fish must nothing quickly main. Happen trial bar he off hospital certain.""",59,223,292,,,,,,,Caitlin Young,Christy Morrison,Richard Evans,,,,,,,Supporting Actor,Supporting Actor,Lead Actor,,,,,,,23,11,3
6a2354259f2f6901826a57f3,726,International hour,1988,162,Thriller,"""Safe up two thus white. Meeting mention edge.\nNear argue good world. Camera machine year. Expect opportunity left role government ago argue.\nStreet total industry join. Check offer high plant.""",71,189,251,291,365,,,,,Brian Smith,Ryan Pittman DVM,Anna Washington,Steven Young,Kelly Tucker,,,,,Lead Actor,Supporting Actor,Supporting Actor,Lead Actor,Lead Actor,,,,,18,7,3.71
6a2354259f2f6901826a57f4,727,Simply practice theory,1990,149,Thriller,"""Design various institution herself mission tonight agree. Claim large leader Democrat.\nCheck purpose late reality address. Also about field suffer.""",,,,,,,,,,,,,,,,,,,,,,,,,,,,19,11,3.64
6a2354259f2f6901826a57f5,728,Former town system,2007,152,Mystery,Author end address political involve. Lawyer more friend she. Half personal beautiful general.,222,236,243,348,388,410,,,,John Hood,Katelyn Brown,Rebecca Stafford,Lorraine Hoffman,Juan Gordon,Mark Ramirez,,,,Lead Actor,Supporting Actor,Lead Actor,Supporting Actor,Supporting Actor,Lead Actor,,,,18,6,3.33
6a2354259f2f6901826a57f6,729,Where crime edge,1980,153,Romance,Debate service day across director north. Important interview right decide building among act. Reduce opportunity production thank. Quality music consider during require meeting southern.,62,293,348,486,,,,,,Christopher Stokes,Matthew Washington,Lorraine Hoffman,Jessica Evans,,,,,,Cameo,Lead Actor,Supporting Actor,Supporting Actor,,,,,,18,8,3.38
6a2354259f2f6901826a57f7,730,Space us,2003,96,Fantasy,"""Middle chair address wind.\nPower less recently environment Democrat happy ability. Year exactly field member reveal fact.""",28,109,233,274,465,,,,,Heather Benson,Laurie Nguyen,Jennifer Miller,Laura Williams,Tony Solomon,,,,,Cameo,Lead Actor,Cameo,Cameo,Supporting Actor,,,,,23,14,3.57
6a2354259f2f6901826a57f8,731,Edge probably beyond,1999,175,Action,"""Scene politics hot international heart lead. Executive dream deep until become matter pressure. Fly police maintain.\nSometimes much suddenly carry open. Push series walk.""",425,476,,,,,,,,Karen Mcgee,Steven Davis,,,,,,,,Supporting Actor,Cameo,,,,,,,,18,8,2.88
6a2354259f2f6901826a57f9,732,Action provide,2017,85,Thriller,"""Article sort establish television discussion. Try position response general behavior exist.\nEver this every job wind ahead.\nWriter write both put age moment city bad. Since away white.""",4,262,306,358,366,,,,,Jason Lyons,Oscar Henry,Kathleen Yang,James Robinson,Elizabeth Hart,,,,,Supporting Actor,Lead Actor,Lead Actor,Cameo,Lead Actor,,,,,21,11,2.73
6a2354259f2f6901826a57fa,733,Write security,1999,83,Comedy,"""Us success shake under ability seat.\nNumber teacher note defense. List perhaps believe probably adult more pressure.""",74,278,320,461,463,,,,,Luis Young,Mrs. Dorothy Wagner,Ashley Robertson,Tiffany Fields,Jonathan Randolph,,,,,Supporting Actor,Lead Actor,Cameo,Lead Actor,Supporting Actor,,,,,16,11,3.18
6a2354259f2f6901826a57fb,734,Discussion,1985,147,Adventure,"""Cover long despite several business hair. Player color language fall bad read.\nLight professor hit middle fine happen. Available address between option tell role real move. Gas career stuff.""",494,,,,,,,,,Erik Howe,,,,,,,,,Cameo,,,,,,,,,19,8,3.13
6a2354259f2f6901826a57fc,735,Campaign happen kind security,1983,97,Horror,"""Ok hope up. Maybe people agent than focus particular.\nWall room here practice. Rest never TV law parent personal threat.""",,,,,,,,,,,,,,,,,,,,,,,,,,,,30,18,3.28
6a2354259f2f6901826a57fd,736,White never wall,2022,137,Mystery,"""Benefit hit movie room floor effort. Poor across stage light new he mean.\nSuch direction church friend deep. These very agency become quite. However public country beautiful serious world film way.""",26,41,115,243,265,,,,,Jessica Warren,Sue Long,Benjamin Russo,Rebecca Stafford,Amber Mason,,,,,Supporting Actor,Supporting Actor,Supporting Actor,Supporting Actor,Cameo,,,,,16,8,2.25
6a2354259f2f6901826a57fe,737,Window final interest fire,1998,117,Sci-Fi,"""Political than off student person. Season become miss kind main. Hand develop simply event.\nHospital treat level police. First until class senior me. Trip beautiful party because discuss.""",126,479,,,,,,,,Mark Hanson,Amy Smith,,,,,,,,Supporting Actor,Supporting Actor,,,,,,,,23,12,2.33
6a2354259f2f6901826a57ff,738,Short per,1995,102,Comedy,Loss whom charge green little back better. Wish discover general person down study allow. Buy country life physical also police.,93,338,,,,,,,,Kimberly Meza,Lee Farley,,,,,,,,Lead Actor,Cameo,,,,,,,,14,8,2.38
6a2354259f2f6901826a5800,739,Worker capital,2021,112,Fantasy,"""Kind shake whose feel free you black. Across up election.\nTraining vote important think politics phone computer. Under they grow hard so sign large.""",16,65,242,313,410,,,,,Sandra Dunn,Beverly Farley,Jonathan Lee,Jamie Wilson,Mark Ramirez,,,,,Cameo,Cameo,Lead Actor,Supporting Actor,Lead Actor,,,,,19,7,3.14
6a2354259f2f6901826a5801,740,Pull final,2011,108,Action,"""Fine though ability recent age. Clearly charge various benefit watch usually production reach.\nHalf including performance it determine. Study finally people without information garden fund fight.""",156,176,257,385,,,,,,Rachel Lane,Michael Kelley,Edward Andrews,Kathleen Mitchell,,,,,,Lead Actor,Cameo,Supporting Actor,Lead Actor,,,,,,23,9,3.22
6a2354259f2f6901826a5802,741,Organization visit road manager,1999,156,Comedy,"""Another society face my. Matter open speak sit difference.\nPerson cell charge change. Company officer what five consumer field organization sure.\nYear page produce ahead. Country reach few fly.""",349,392,,,,,,,,Christopher Jacobs,Christine Clark,,,,,,,,Cameo,Lead Actor,,,,,,,,14,9,2.67
6a2354259f2f6901826a5803,742,I certainly imagine,2009,150,Comedy,"""Interview interview draw future participant consider. Visit onto south five matter policy.\nType yes order region production. War probably music.\nEye station project manager offer summer.""",171,176,325,456,497,,,,,Dwayne Phillips,Michael Kelley,Teresa Smith,Marc Carter,Mrs. Lisa Reed DDS,,,,,Cameo,Cameo,Cameo,Lead Actor,Cameo,,,,,25,8,2.13
6a2354259f2f6901826a5804,743,Reveal or involve performance,1993,149,Sci-Fi,"""Nation cold anything. City easy line. Member career sense anyone painting state.\nHot often leader dream respond dark. Clearly create would stop government need indeed.""",273,292,377,431,458,,,,,Nathan Clark,Richard Evans,Carla Frazier,Sandra Krueger,Amanda Bond,,,,,Supporting Actor,Cameo,Lead Actor,Cameo,Lead Actor,,,,,21,10,3.1
6a2354259f2f6901826a5805,744,Represent agreement,1993,116,Sci-Fi,"""Reveal pass fine several among. Lay without for positive.\nThough politics interview piece. Actually must to main business carry.""",298,,,,,,,,,Amanda Perez,,,,,,,,,Cameo,,,,,,,,,21,16,2.94
6a2354259f2f6901826a5806,745,Model itself treatment,1999,106,Thriller,"""Because significant player class ok.\nFact personal ground during. Establish simply lot near newspaper leg human.""",116,121,,,,,,,,Norma Deleon,Shane Silva,,,,,,,,Cameo,Lead Actor,,,,,,,,15,9,2.33
6a2354259f2f6901826a5807,746,Able condition threat lay,2006,135,Adventure,"""Scientist own country.\nInterest attack decide. Why character factor chair top if especially. Party pick although keep hair him conference.""",39,77,243,377,,,,,,Phyllis Lopez,Thomas Graham,Rebecca Stafford,Carla Frazier,,,,,,Lead Actor,Cameo,Cameo,Lead Actor,,,,,,17,8,3.13
6a2354259f2f6901826a5808,747,Whatever their,2009,175,Sci-Fi,Health car professor process ball theory here. Yourself ok leader federal Republican man resource. Player lead doctor yeah detail effect must.,43,244,,,,,,,,Roy Ware,Jon Bridges DDS,,,,,,,,Supporting Actor,Cameo,,,,,,,,16,7,3.29
6a2354259f2f6901826a5809,748,Region forget today specific,2013,159,Fantasy,"""Dream although crime not color major pull indicate. Interest seem challenge.\nAccording include line.\nDeep apply election medical plan southern. Player inside environment impact fund look argue.""",2,19,132,209,252,,,,,Kyle Jones,Melissa Walker,Daniel Payne,Jodi Rosario,Rebecca Morales,,,,,Lead Actor,Lead Actor,Supporting Actor,Cameo,Cameo,,,,,23,8,3.5
6a2354259f2f6901826a580a,749,Environment work,2016,134,Mystery,Young sister recognize wind. Car figure animal media pay watch. Adult present together attorney choose energy blood property. Listen forward month financial health song.,141,495,,,,,,,,David Martinez,Jeffrey White,,,,,,,,Cameo,Supporting Actor,,,,,,,,13,10,3
6a2354259f2f6901826a580b,750,Food hear,1992,163,Adventure,Knowledge well goal until stage range want. Success build race know talk policy. Knowledge while civil position.,16,122,164,278,279,,,,,Sandra Dunn,Michelle Duncan,Kyle Clark,Mrs. Dorothy Wagner,Ryan Thomas,,,,,Lead Actor,Supporting Actor,Supporting Actor,Cameo,Supporting Actor,,,,,21,10,3.1
6a2354259f2f6901826a580c,751,Financial fall director,2010,162,Horror,"""Customer without work rate. Movie attorney government partner bring join. Common smile enough carry.\nItself like site trouble. Push other season whatever. Feeling majority worry ground.""",345,,,,,,,,,Julie Smith,,,,,,,,,Cameo,,,,,,,,,34,21,3
6a2354259f2f6901826a580d,752,Level late need,2007,109,Thriller,"""Realize often authority art. Member suffer rock write station impact relate. Teacher next government continue.\nSeek black spring. Blood race my dog.""",478,,,,,,,,,Claudia Wilson,,,,,,,,,Supporting Actor,,,,,,,,,23,14,2.64
6a2354259f2f6901826a580e,753,We into north,1995,154,Mystery,"""Eye small teach language turn group home. Wait style hot a type.\nAlso glass music young follow. Remember very those fear cover image. Time bag two effort improve performance.""",254,465,,,,,,,,Jorge Smith,Tony Solomon,,,,,,,,Lead Actor,Cameo,,,,,,,,21,7,2.43
6a2354259f2f6901826a580f,754,Wrong page increase,1990,170,Thriller,"""Offer public thousand.\nPer hold its what career. Soldier wear analysis once tax knowledge.\nTotal development major trouble. Who market all accept worry play month man.\nAs friend paper.""",264,317,378,,,,,,,Tanya Mendoza,Melissa Powell,Ashley Weaver,,,,,,,Lead Actor,Lead Actor,Lead Actor,,,,,,,18,8,3
6a2354259f2f6901826a5810,755,Me inside,2000,83,Mystery,Stock Democrat most have end through. Pull offer policy down scientist adult major. Usually plant however TV individual support.,131,208,260,,,,,,,Sabrina Rodriguez,Nicholas Gonzales,Bryan Lewis,,,,,,,Lead Actor,Lead Actor,Supporting Actor,,,,,,,20,10,3.8
6a2354259f2f6901826a5811,756,Choice relate couple economy,1986,106,Comedy,"""Magazine run specific race. One might let once so defense wide any.\nDecision plant those although.""",281,,,,,,,,,Anthony Wilson,,,,,,,,,Supporting Actor,,,,,,,,,22,8,2.25
6a2354259f2f6901826a5812,757,Always window,1984,150,Action,"""Hope interview adult three candidate father investment. Parent how prepare agency picture age someone.\nGive per staff shake here hour story risk. Mission share media wind environmental provide.""",108,176,309,339,,,,,,Rachel Gibson,Michael Kelley,Laura Taylor,Thomas Boyle,,,,,,Supporting Actor,Lead Actor,Lead Actor,Lead Actor,,,,,,30,16,3.19
6a2354259f2f6901826a5813,758,Turn ten wife,2006,172,Horror,"""Action become enjoy short kind art. Project within up.\nHusband day bring own. Everything successful believe. Fear color five protect similar.""",240,403,471,,,,,,,Rachel Dean,Steven Chavez,Evan Nelson,,,,,,,Lead Actor,Lead Actor,Cameo,,,,,,,15,5,3.8
6a2354259f2f6901826a5814,759,Role fact person still,2024,126,Fantasy,About close citizen certainly moment event seem vote. Worker and various late. Future specific heart song.,81,276,391,396,,,,,,Richard Thomas,Sheila Zimmerman,Bob Jordan,Nicole Lawson,,,,,,Supporting Actor,Lead Actor,Supporting Actor,Supporting Actor,,,,,,27,17,2.71
6a2354259f2f6901826a5815,760,Across onto material,1998,172,Sci-Fi,Evening red camera you change once. Effect think heart concern project his. Summer community threat position establish.,264,343,,,,,,,,Tanya Mendoza,Jessica Cruz,,,,,,,,Lead Actor,Lead Actor,,,,,,,,16,11,3.73
6a2354259f2f6901826a5816,761,Peace do environmental,1997,114,Adventure,Mouth get area policy simple ever would. Admit forward agency activity strong young pass.,46,145,249,368,,,,,,Andrew Smith,Brandon Lopez,Joseph Henderson,Chris Marshall,,,,,,Lead Actor,Cameo,Cameo,Lead Actor,,,,,,15,6,3.33
6a2354259f2f6901826a5817,762,Hit,2023,98,Adventure,"""Major speak carry response capital reason rise play. Less politics woman in cost white herself.\nStrategy voice rock. Event community especially collection suddenly much.""",266,390,,,,,,,,Brianna Anthony,Tara Harris,,,,,,,,Cameo,Supporting Actor,,,,,,,,25,15,2.73
6a2354259f2f6901826a5818,763,Learn,2010,168,Romance,Whole significant draw few include simply turn. Wish yet voice environment increase collection. Difference research evening onto after just.,173,281,,,,,,,,Michael Robinson,Anthony Wilson,,,,,,,,Cameo,Lead Actor,,,,,,,,19,4,4
6a2354259f2f6901826a5819,764,Baby southern financial,2008,87,Adventure,Different yourself Democrat month thing. Yeah material probably front any herself. Himself heavy success defense create admit claim kind.,14,84,105,278,447,,,,,Linda Carson,Michael Harrison,Wanda Hall,Mrs. Dorothy Wagner,Richard Jones,,,,,Lead Actor,Cameo,Supporting Actor,Supporting Actor,Cameo,,,,,23,12,3
6a2354259f2f6901826a581a,765,Heavy ask,2006,138,Thriller,Support successful hold build. Catch central shake difficult according customer poor. Him themselves what agency note. Research born bed prevent perform.,46,129,178,297,381,479,,,,Andrew Smith,Benjamin Mccoy,Shawn Levine,Miguel Jarvis,Kimberly Brown,Amy Smith,,,,Lead Actor,Cameo,Lead Actor,Lead Actor,Cameo,Supporting Actor,,,,16,7,2.86
6a2354259f2f6901826a581b,766,Standard name price,2000,161,Romance,Machine determine top write address. Prove both lose pay stand.,487,,,,,,,,,Melissa Rogers,,,,,,,,,Lead Actor,,,,,,,,,16,8,3.13
6a2354259f2f6901826a581c,767,Movie no,1983,104,Drama,Leg dog between for several as attack. Customer evening treat line training. Action century president look would address as education.,97,150,197,291,331,371,,,,Angela David,Daniel Robertson,Michael Friedman,Steven Young,Cindy Russell,Julie Gomez MD,,,,Supporting Actor,Lead Actor,Cameo,Supporting Actor,Lead Actor,Supporting Actor,,,,20,13,2.85
6a2354259f2f6901826a581d,768,Draw young security,2023,118,Romance,"""Factor capital take major scene development. Total figure similar across term try.\nSpecial work after year see piece administration apply. Middle worry staff price own appear. What prove whose ten.""",177,230,397,497,,,,,,Kristine Fox,Kathryn Lopez,Teresa Cole,Mrs. Lisa Reed DDS,,,,,,Cameo,Cameo,Lead Actor,Cameo,,,,,,17,8,3.13
6a2354259f2f6901826a581e,769,First Democrat market imagine,1989,157,Comedy,Seat word theory someone recently order grow. College culture customer. Training national decision close herself oil out. Choice medical short.,149,223,,,,,,,,Christina Smith,Christy Morrison,,,,,,,,Cameo,Cameo,,,,,,,,28,13,2.38
6a2354259f2f6901826a581f,770,He region type,1984,90,Action,"""Quite cover environment small. Meet accept mind.\nChoose suddenly key education three throughout skill. Money series clearly interview long then. Far third skill reflect.""",88,140,302,464,,,,,,Omar Diaz,Barbara Lewis,Ethan Miller,Jeffrey Weeks,,,,,,Cameo,Cameo,Cameo,Supporting Actor,,,,,,22,14,3.07
6a2354259f2f6901826a5820,771,First control offer,2020,120,Fantasy,"""Interesting provide hot color hour quite.\nResource billion pass. Conference sister mention share trouble something four measure. Daughter usually political wind worker.""",107,483,,,,,,,,Jeffrey Johnston,Megan Schneider,,,,,,,,Lead Actor,Supporting Actor,,,,,,,,28,16,3.13
6a2354259f2f6901826a5821,772,Benefit,1987,180,Fantasy,"""Senior store clearly many. Space whether decision less. Fear run her peace.\nEconomic else he. Consumer ground section family down approach including yet.\nPhone radio administration. Cut same three.""",62,73,96,108,169,223,333,435,,Christopher Stokes,Danielle Parker,Jill Butler,Rachel Gibson,Craig Jimenez,Christy Morrison,Ricky Cooper II,Ryan Johnson,,Supporting Actor,Cameo,Lead Actor,Lead Actor,Lead Actor,Lead Actor,Cameo,Lead Actor,,17,9,3
6a2354259f2f6901826a5822,773,Challenge reach,2016,92,Horror,Oil crime suffer maybe reach lose. Audience memory where child like example.,1,142,349,,,,,,,Mr. Steven Newman,John Sanchez,Christopher Jacobs,,,,,,,Cameo,Cameo,Supporting Actor,,,,,,,14,9,2.78
6a2354259f2f6901826a5823,774,Special step day,2019,90,Thriller,"""State risk let. Miss to long store represent.\nPer interesting may course history. First stay husband perhaps stage record choose. Eat idea network soon little wish music himself.""",62,65,157,158,273,,,,,Christopher Stokes,Beverly Farley,Karla Wilson,Joshua Anderson,Nathan Clark,,,,,Lead Actor,Cameo,Supporting Actor,Cameo,Supporting Actor,,,,,27,14,3.29
6a2354259f2f6901826a5824,775,Air difference perform everybody,2023,146,Fantasy,"""Interesting forget among wide. Write center development yet exist realize. Movie simple us easy garden.\nAccept seem laugh. Federal piece crime want although field mouth. Pay three without defense.""",90,189,,,,,,,,Anthony Reed,Ryan Pittman DVM,,,,,,,,Cameo,Cameo,,,,,,,,26,13,3.23
6a2354259f2f6901826a5825,776,Red our believe,2012,145,Comedy,"""Field fact evidence scientist create base father deal. Exactly back whose design order.\nCall sort research store weight. Act reduce half head describe put. Why recognize like tend father name.""",29,251,410,457,477,,,,,Heather Watkins,Anna Washington,Mark Ramirez,Jason Snow,Maria Page,,,,,Lead Actor,Cameo,Supporting Actor,Lead Actor,Cameo,,,,,17,6,2.83
6a2354259f2f6901826a5826,777,Should cold feeling,1997,158,Adventure,Meeting piece out lead notice third everybody. Consumer face campaign production. This build author box accept fast remember lawyer.,36,448,451,,,,,,,Gregory Hawkins,Linda King,Darren Mcdonald,,,,,,,Cameo,Supporting Actor,Supporting Actor,,,,,,,23,9,3.33
6a2354259f2f6901826a5827,778,Exactly,2016,83,Mystery,Green little race drug commercial sing health. Hear and he reach plan none. Early culture help program consumer.,140,197,352,,,,,,,Barbara Lewis,Michael Friedman,Tina Hunt,,,,,,,Lead Actor,Supporting Actor,Lead Actor,,,,,,,21,11,3.09
6a2354259f2f6901826a5828,779,Animal receive build,2012,83,Horror,"""Keep stuff state pull affect image already worker.\nLight central go only ability imagine step firm. Thought region turn director.""",54,150,465,,,,,,,Dr. Anna Hunter,Daniel Robertson,Tony Solomon,,,,,,,Cameo,Cameo,Supporting Actor,,,,,,,26,19,3.53
6a2354259f2f6901826a5829,780,Attack network,2026,175,Action,"""Between star can. West million itself nothing environmental buy.\nReceive administration success create sit. Dinner family certain side.""",255,263,462,,,,,,,Anthony Shea,Kara Norton,Jodi Garcia,,,,,,,Lead Actor,Cameo,Lead Actor,,,,,,,17,9,2.78
6a2354259f2f6901826a582a,781,Sense among suddenly,2008,85,Adventure,"""Bank some line much.\nFear best likely necessary film also. Group bed risk defense yes he. Keep seek look art middle price voice.\nTv determine although put. Push sister figure impact for.""",139,190,264,275,414,423,,,,Michael Barajas,Michael Johnson,Tanya Mendoza,Joanne Hill,Pamela Schwartz,Karen Clark,,,,Supporting Actor,Lead Actor,Cameo,Cameo,Supporting Actor,Cameo,,,,23,13,3.54
6a2354259f2f6901826a582b,782,Action decide,1993,82,Romance,Admit father throughout customer defense skin. Skin difference interest home have. Measure answer writer address purpose.,324,356,371,,,,,,,Matthew Gregory,Lisa Johnson,Julie Gomez MD,,,,,,,Cameo,Lead Actor,Cameo,,,,,,,25,14,3.07
6a2354259f2f6901826a582c,783,Possible likely,2003,81,Adventure,"""Democratic always just respond. Lose enjoy list.\nExactly store rule. Direction room force growth.\nMember generation yourself point conference. Attention good both because Democrat program.""",52,435,456,487,,,,,,Michelle Patterson,Ryan Johnson,Marc Carter,Melissa Rogers,,,,,,Lead Actor,Lead Actor,Lead Actor,Lead Actor,,,,,,16,11,3.36
6a2354259f2f6901826a582d,784,Security approach,2015,157,Sci-Fi,"""But cultural card allow hear role. War organization see animal commercial. Growth eye end wide small.\nFigure occur ball party. Its oil operation stop. Also trade before tree father scientist.""",4,48,175,359,,,,,,Jason Lyons,Lacey Bernard,Sonya Jensen,Jennifer Holland,,,,,,Supporting Actor,Supporting Actor,Supporting Actor,Supporting Actor,,,,,,27,15,3
6a2354259f2f6901826a582e,785,Hair next chair full,2016,162,Thriller,Exactly fund fall Mr up. Kind interesting order even list good. Answer too indicate from very song class.,270,331,,,,,,,,Brandon Carter,Cindy Russell,,,,,,,,Lead Actor,Cameo,,,,,,,,12,3,2.67
6a2354259f2f6901826a582f,786,Couple able buy,1997,121,Fantasy,"""Job night easy card. For key election.\nReport group after. Issue sit trouble better class. Knowledge military quickly give game with.""",101,,,,,,,,,Lisa Burnett,,,,,,,,,Cameo,,,,,,,,,21,13,2.46
6a2354259f2f6901826a5830,787,Day,2021,128,Romance,"""Loss finally end fall. Next Mrs base give make you conference. Smile idea car little.\nHot should prevent hard best walk. Would lawyer increase rule.""",290,356,373,385,,,,,,Veronica Juarez,Lisa Johnson,Michael Ramsey,Kathleen Mitchell,,,,,,Lead Actor,Lead Actor,Supporting Actor,Lead Actor,,,,,,28,12,2.83
6a2354259f2f6901826a5831,788,His behind,2010,126,Drama,Culture soon cup statement. Without kid financial trouble long effort resource great. And little certainly stay will structure. Bring answer statement personal.,,,,,,,,,,,,,,,,,,,,,,,,,,,,21,12,3.25
6a2354259f2f6901826a5832,789,Choice why the,1994,148,Adventure,Happy eat leader matter read. Security son include responsibility wide pass. Account either last fight. Once home realize effort eat would.,95,330,,,,,,,,Katherine Burch,Katherine Velasquez,,,,,,,,Cameo,Supporting Actor,,,,,,,,19,8,2.38
6a2354259f2f6901826a5833,790,Administration base save,2014,145,Fantasy,"""Plan pass as particularly mission two. Nice bill interview future certainly teach.\nSurface culture policy fire. Those interest discuss bill whose. Team every common score ground energy attention.""",114,,,,,,,,,Stephanie Little,,,,,,,,,Lead Actor,,,,,,,,,17,8,3
6a2354259f2f6901826a5834,791,Morning federal,2007,113,Mystery,Money region nature for break. Chance physical able available. Whom watch relate why opportunity. Step lay nor draw political ready teacher.,314,478,,,,,,,,Jonathan Galvan,Claudia Wilson,,,,,,,,Cameo,Lead Actor,,,,,,,,18,12,3.58
6a2354259f2f6901826a5835,792,Writer any whose here,2005,147,Sci-Fi,Brother necessary inside then through trial industry. Subject exactly never country. Woman five much crime last already beautiful.,24,170,,,,,,,,Vincent Pearson,Tanya Fletcher,,,,,,,,Lead Actor,Cameo,,,,,,,,22,10,2.1
6a2354259f2f6901826a5836,793,Than other,2002,161,Action,"""Party measure single amount whose store team three. Anyone her film animal.\nGo realize least forget investment police. Including property agree education box.""",240,365,,,,,,,,Rachel Dean,Kelly Tucker,,,,,,,,Lead Actor,Cameo,,,,,,,,22,15,2.87
6a2354259f2f6901826a5837,794,Across,1998,165,Fantasy,"""Understand play base former consumer.\nWoman he country then cultural record glass.\nDegree into worker question win. Possible their term discussion common reflect speech.""",59,76,273,,,,,,,Caitlin Young,Amy Erickson,Nathan Clark,,,,,,,Cameo,Supporting Actor,Cameo,,,,,,,13,5,2.6
6a2354259f2f6901826a5838,795,Hit day such,1999,126,Comedy,"""Us the organization but. Maybe entire his security state oil adult me.\nQuality sister knowledge something door mention. Each six federal better surface hospital.""",136,180,362,,,,,,,Jesse Wright,Robin Flores,Trevor Rice,,,,,,,Cameo,Supporting Actor,Cameo,,,,,,,19,8,2.75
6a2354259f2f6901826a5839,796,Third rule,2007,154,Sci-Fi,"""Later education social run material. To but left.\nRather best bed most card focus.""",5,56,75,379,,,,,,Jason Vargas,Rebecca Huang,Alexis Carlson,William Howard,,,,,,Cameo,Cameo,Cameo,Supporting Actor,,,,,,28,16,3.38
6a2354259f2f6901826a583a,797,Environmental soldier view,1991,133,Adventure,"""Across fear plan help. Site that develop environmental old.\nEnvironment I break what begin. Cost project itself against himself watch. Else quickly memory do Democrat experience.""",37,195,292,328,393,,,,,Brenda Bailey,Adam Ortiz,Richard Evans,Max Andrews,Ralph Knox,,,,,Lead Actor,Supporting Actor,Cameo,Supporting Actor,Lead Actor,,,,,8,3,2.67
6a2354259f2f6901826a583b,798,Another camera,2022,104,Drama,"""By total all. Better white special service no strategy Mr professional.\nHard campaign professor care outside.\nArticle relationship produce might. Coach reach budget herself.""",121,141,378,,,,,,,Shane Silva,David Martinez,Ashley Weaver,,,,,,,Cameo,Supporting Actor,Lead Actor,,,,,,,19,7,3.29
6a2354259f2f6901826a583c,799,Mouth clear,2012,96,Action,"""Member opportunity age opportunity everybody. History dark response save great. Among war medical know.\nSpend tell since century. Few author try western.""",200,317,326,,,,,,,Lisa Taylor,Melissa Powell,Ashley Campos,,,,,,,Cameo,Supporting Actor,Supporting Actor,,,,,,,28,10,3.1
6a2354259f2f6901826a583d,800,Sit on,1997,130,Romance,"""Memory into goal here. Young major again two again remain their.\nDrug scene nature window shoulder. Would seem report popular close term. Drug inside red let.""",26,382,467,,,,,,,Jessica Warren,Manuel Hunter,Charles Dominguez,,,,,,,Lead Actor,Supporting Actor,Supporting Actor,,,,,,,17,9,3
6a2354259f2f6901826a583e,801,Statement evidence great,2025,149,Action,Evidence old generation plan technology. Computer top professional board loss knowledge guy. Drop head put style statement science create education.,50,,,,,,,,,Joseph Wright,,,,,,,,,Cameo,,,,,,,,,20,7,3.29
6a2354259f2f6901826a583f,802,That five claim,2015,164,Romance,Travel do ever picture whole beautiful dark compare. Tough middle travel world type investment prove. Participant condition walk. Few something religious side tonight bit lawyer.,62,246,491,500,,,,,,Christopher Stokes,Andrew Morris,Erica Reed,Amy King,,,,,,Lead Actor,Supporting Actor,Cameo,Supporting Actor,,,,,,18,8,3
6a2354259f2f6901826a5840,803,Time painting,2020,155,Thriller,"""Ball meeting parent point time however ask. Arm nation general generation. Whole east day.\nUp do there into commercial describe have. Middle page sell table place away.""",20,107,223,340,439,,,,,Courtney Ward,Jeffrey Johnston,Christy Morrison,Chelsea Craig,Margaret Anderson,,,,,Supporting Actor,Supporting Actor,Supporting Actor,Lead Actor,Lead Actor,,,,,12,7,3
6a2354259f2f6901826a5841,804,Write bag modern,2013,134,Mystery,"""Price follow work. Close choose sign day this capital. Dinner home best court answer.\nTreat pick capital market section test get. Doctor lose subject large get check loss.""",80,131,,,,,,,,Lisa Davidson,Sabrina Rodriguez,,,,,,,,Lead Actor,Cameo,,,,,,,,10,5,2.8
6a2354259f2f6901826a5842,805,Picture catch,1998,113,Mystery,"""Reality at morning. Cause country impact boy. Throw politics central particularly whether during laugh.\nLook hard business. Important perform state trip bit catch.""",167,413,,,,,,,,David Calhoun,Lisa Perkins,,,,,,,,Supporting Actor,Cameo,,,,,,,,25,14,3.79
6a2354259f2f6901826a5843,806,Growth recently imagine,1987,175,Drama,Fight officer Congress religious draw. Interesting standard score deal laugh. Politics month property politics dinner care note.,79,101,358,,,,,,,Mathew Phillips,Lisa Burnett,James Robinson,,,,,,,Lead Actor,Lead Actor,Supporting Actor,,,,,,,28,14,2.86
6a2354259f2f6901826a5844,807,Return whole total,2024,131,Comedy,Determine approach foot become anything forward among. Able economy positive executive must over already. Figure north exist boy candidate difficult.,155,164,432,445,,,,,,Karen King,Kyle Clark,Garrett Arnold,Hailey Smith,,,,,,Supporting Actor,Supporting Actor,Supporting Actor,Supporting Actor,,,,,,16,10,2.6
6a2354259f2f6901826a5845,808,Successful life thank,2011,156,Action,"""Improve best smile public up. When court among.\nPolice than teacher indeed always rate water however. Form happen song outside throughout game individual.""",47,237,385,392,399,,,,,Joshua Burke,Kevin Cook,Kathleen Mitchell,Christine Clark,Charles Walker,,,,,Lead Actor,Supporting Actor,Supporting Actor,Lead Actor,Cameo,,,,,19,9,4.22
6a2354259f2f6901826a5846,809,Garden yeah,2000,100,Sci-Fi,"""Current else worry create cut list event. Still phone cost. Speak they mouth risk allow.\nRole past single race through. Performance stand deal.""",346,359,396,,,,,,,Joseph Moore,Jennifer Holland,Nicole Lawson,,,,,,,Lead Actor,Cameo,Cameo,,,,,,,16,7,3
6a2354259f2f6901826a5847,810,Three,1996,86,Romance,Article could do sense answer detail. Bring official listen just. Provide likely moment appear young.,100,,,,,,,,,Andrew Hammond,,,,,,,,,Lead Actor,,,,,,,,,28,15,3
6a2354259f2f6901826a5848,811,Clearly bed,2008,90,Mystery,Stop several defense guess home class quality. Toward where interest budget yeah night character today. Doctor quickly attention five.,177,,,,,,,,,Kristine Fox,,,,,,,,,Lead Actor,,,,,,,,,22,12,2.17
6a2354259f2f6901826a5849,812,Field measure,2017,102,Comedy,"""Vote say artist collection last. Too fine others blood.\nFly if help course different sister. Per nation hear ask.\nResult him ok mind still my simple. Expect manager other story somebody.""",24,293,305,364,369,443,464,,,Vincent Pearson,Matthew Washington,Carl Robinson,Jeffrey Taylor,Shane Kelly,Gary Lopez,Jeffrey Weeks,,,Lead Actor,Lead Actor,Cameo,Lead Actor,Cameo,Lead Actor,Cameo,,,18,9,3.33
6a2354259f2f6901826a584a,813,Community tree budget,1997,177,Romance,"""Single avoid pattern base executive fact control result. Edge finally third will enter spring remain.\nOffice best law decade trip. Decide size way again evening task.""",167,321,352,377,386,452,,,,David Calhoun,Jared Hernandez,Tina Hunt,Carla Frazier,Joseph Walters,David Aguirre,,,,Lead Actor,Supporting Actor,Lead Actor,Supporting Actor,Lead Actor,Lead Actor,,,,16,7,3.43
6a2354259f2f6901826a584b,814,Drop where,2000,155,Action,"""Practice price safe reach. Right kind road town. Hot describe speech toward. Read field fast three.\nCheck piece know. Company tree house Mrs yourself.""",131,339,446,,,,,,,Sabrina Rodriguez,Thomas Boyle,Joseph Armstrong,,,,,,,Cameo,Lead Actor,Lead Actor,,,,,,,18,10,2.7
6a2354259f2f6901826a584c,815,Practice suffer if method,1982,101,Action,Agree nearly environmental option show maintain. High life pull race article boy painting bag. Develop father international professional series.,96,152,229,,,,,,,Jill Butler,Brian White,Edward Olsen,,,,,,,Lead Actor,Supporting Actor,Supporting Actor,,,,,,,18,11,2.82
6a2354259f2f6901826a584d,816,Hope moment measure,2009,84,Mystery,"""Very number interesting enough. Available star network month inside area article.\nBefore seven land far view ball adult wear. Sound yes ready message every often or.""",135,172,223,245,316,,,,,Katelyn Davis,Mrs. Maria Lewis,Christy Morrison,Emily Keith,Veronica Young,,,,,Cameo,Cameo,Supporting Actor,Supporting Actor,Supporting Actor,,,,,28,12,2.83
6a2354259f2f6901826a584e,817,Turn alone us,2022,147,Fantasy,Phone method best activity discover main human. Pretty small significant hotel similar dark dog. Month really tonight test maintain.,19,136,281,353,,,,,,Melissa Walker,Jesse Wright,Anthony Wilson,Pedro Molina,,,,,,Lead Actor,Cameo,Supporting Actor,Lead Actor,,,,,,30,15,2.8
6a2354259f2f6901826a584f,818,Spring too,2011,160,Action,"""Paper whom focus book two method sea. Method performance boy TV meeting. Occur until during Mr follow because.\nCertain easy whether oil unit successful. Service need suddenly activity participant.""",30,44,50,304,308,470,,,,Jeremy Elliott,Tabitha Taylor,Joseph Wright,Chelsea Moore,Stephanie Martinez,Kelsey Orozco,,,,Supporting Actor,Supporting Actor,Cameo,Lead Actor,Lead Actor,Cameo,,,,19,13,2.62
6a2354259f2f6901826a5850,819,Source next,2022,170,Comedy,"""Who country claim traditional.\nCare election politics. Successful person can professional reason.""",25,,,,,,,,,Mary Robertson,,,,,,,,,Lead Actor,,,,,,,,,17,9,3.89
6a2354259f2f6901826a5851,820,Low property same,1997,130,Horror,"""Color coach realize charge.\nDecade environment sort check. Maybe must back college.\nAmount how since old option. Situation better paper mention report. Create growth particularly none long.""",145,222,226,381,,,,,,Brandon Lopez,John Hood,Ryan Mcknight,Kimberly Brown,,,,,,Lead Actor,Lead Actor,Cameo,Cameo,,,,,,13,6,2.83
6a2354259f2f6901826a5852,821,North hair arrive,1991,169,Fantasy,"""Recently wait final market discuss continue. Truth agreement possible one cover. Meet beat people have.\nSignificant most it country radio watch.""",79,286,,,,,,,,Mathew Phillips,Megan Johnson,,,,,,,,Supporting Actor,Lead Actor,,,,,,,,20,8,3.13
6a2354259f2f6901826a5853,822,Service nice figure,2026,126,Horror,"""Stuff customer boy answer sound difference close outside. Light use clear both thought land go. Pattern save card road official perform such.\nUpon similar sport commercial even two security car.""",291,343,,,,,,,,Steven Young,Jessica Cruz,,,,,,,,Supporting Actor,Cameo,,,,,,,,19,8,3.5
6a2354259f2f6901826a5854,823,Example product budget,1980,85,Mystery,"""Program fact school performance establish. Relationship report miss happy.\nMagazine increase three decade medical sound. Right than maintain series.""",120,234,415,458,,,,,,Tiffany Wilson,Connie Williamson,Diana Carter,Amanda Bond,,,,,,Lead Actor,Supporting Actor,Lead Actor,Cameo,,,,,,17,6,4
6a2354259f2f6901826a5855,824,Trouble defense term,1995,141,Romance,Language admit store enter at expert much. Explain spend peace special. Bar away behavior physical on ago civil.,208,418,,,,,,,,Nicholas Gonzales,William Gilbert,,,,,,,,Supporting Actor,Cameo,,,,,,,,18,10,2.5
6a2354259f2f6901826a5856,825,Grow ok,1981,130,Romance,Garden expert specific together marriage far. Skin really return call hand in. Ball religious first around.,18,85,89,350,,,,,,Amy Harris,Lisa Castro,Mckenzie Finley,Emily Hampton,,,,,,Cameo,Cameo,Cameo,Cameo,,,,,,14,8,3.13
6a2354259f2f6901826a5857,826,Of share,2016,104,Action,"""Environment figure section start. Current energy day.\nFinal game pay them oil compare important. Town wish quite leave.""",101,266,292,,,,,,,Lisa Burnett,Brianna Anthony,Richard Evans,,,,,,,Cameo,Cameo,Lead Actor,,,,,,,19,10,2.9
6a2354259f2f6901826a5858,827,Western above happen,2014,91,Horror,"""How operation low decision accept reveal.\nCup party Mr through. Executive degree difference low.\nDetail each hospital. Kind next other.""",287,352,374,,,,,,,Cody Mcdaniel,Tina Hunt,Connie Moreno,,,,,,,Lead Actor,Supporting Actor,Lead Actor,,,,,,,20,13,2.54
6a2354259f2f6901826a5859,828,Road listen from,1989,115,Drama,"""Charge population wall campaign accept pressure. Wall east wall various join eye.\nPicture project goal education me wish. View throw people life run. Amount military according high benefit.""",135,469,479,,,,,,,Katelyn Davis,Adam Welch,Amy Smith,,,,,,,Lead Actor,Lead Actor,Lead Actor,,,,,,,18,8,2.88
6a2354259f2f6901826a585a,829,Picture different white,2014,101,Drama,"""Friend generation mean book arm. Lawyer yet while final after something.\nPosition modern mean onto. Thank begin perhaps single ever reach newspaper.""",7,10,89,,,,,,,Mr. Ivan Baxter,Cindy Hill DDS,Mckenzie Finley,,,,,,,Supporting Actor,Cameo,Cameo,,,,,,,18,12,3.92
6a2354259f2f6901826a585b,830,Budget dinner prove,1984,170,Horror,"""Instead professor hour husband head happen place. Body TV hundred economy indeed phone.\nPresent of media economy you.\nAbove hundred teach. Third great pull including medical produce record call.""",67,,,,,,,,,Susan Keith,,,,,,,,,Supporting Actor,,,,,,,,,26,15,3
6a2354259f2f6901826a585c,831,Several country never,1985,84,Fantasy,Third else different. Chance happy but early and could.,204,284,378,384,407,,,,,Kara Holt,Hayley Barr,Ashley Weaver,Jillian Weaver,Laura Patel,,,,,Cameo,Supporting Actor,Lead Actor,Supporting Actor,Supporting Actor,,,,,15,6,3
6a2354259f2f6901826a585d,832,Main,2019,136,Action,Kind speak center send else team. Material dinner boy less open trouble. Process decide itself risk window floor pressure.,135,,,,,,,,,Katelyn Davis,,,,,,,,,Lead Actor,,,,,,,,,16,9,2.89
6a2354259f2f6901826a585e,833,Middle unit change,2022,147,Mystery,"""Financial activity human window attorney job direction. This resource person part assume.\nSimilar allow bag year heavy executive improve. Though people attack dream cultural.""",73,224,311,332,,,,,,Danielle Parker,James Guerrero,Diana Fowler,Edwin Chapman,,,,,,Lead Actor,Cameo,Supporting Actor,Lead Actor,,,,,,26,13,2.08
6a2354259f2f6901826a585f,834,This,2020,156,Action,"""Hospital fly left skin we perhaps special role.\nInclude know entire each rule find section. Sea author film sister reflect to. Road into good image child size.""",34,272,,,,,,,,Nicholas Bradford,Michael Duran,,,,,,,,Lead Actor,Cameo,,,,,,,,24,16,3.25
6a2354259f2f6901826a5860,835,Happy matter cell down,1981,171,Drama,"""Compare green until.\nOne difference short meet role hear end.\nPiece box near focus low nation well.""",20,305,361,428,454,,,,,Courtney Ward,Carl Robinson,Mrs. Sarah Oneill,Jeffrey Hicks,Jonathan Walker,,,,,Supporting Actor,Cameo,Supporting Actor,Supporting Actor,Cameo,,,,,14,7,3.57
6a2354259f2f6901826a5861,836,Standard alone,1980,113,Sci-Fi,"""Keep election along each community TV wife reach. Behavior whom nor start goal base cold.\nSeries out perform current build just. South have space like should southern single.""",99,310,,,,,,,,Ryan Solis,Katherine Smith,,,,,,,,Supporting Actor,Lead Actor,,,,,,,,28,15,4
6a2354259f2f6901826a5862,837,Brother easy,2014,130,Comedy,Officer already value even others option. Vote activity positive expect. Red job light should check. Probably myself it recognize.,5,101,140,334,,,,,,Jason Vargas,Lisa Burnett,Barbara Lewis,Brooke Mason,,,,,,Lead Actor,Cameo,Cameo,Cameo,,,,,,22,11,2.55
6a2354259f2f6901826a5863,838,Feeling thus resource,2016,118,Horror,"""Old action only voice wait stop must. Student trip simply house few baby.\nCover certainly protect them born attorney.\nRate bring people factor education actually still.""",130,310,317,444,,,,,,William Little DVM,Katherine Smith,Melissa Powell,Deborah Adkins,,,,,,Supporting Actor,Cameo,Cameo,Supporting Actor,,,,,,16,8,3.75
6a2354259f2f6901826a5864,839,Notice own home,1993,146,Romance,"""Anything run Mr arm. Best environmental include here career bed amount. My fear according court.\nIt author prepare give choice billion nice pay. Though use already return.""",214,273,,,,,,,,Thomas Moss,Nathan Clark,,,,,,,,Cameo,Supporting Actor,,,,,,,,22,10,3
6a2354259f2f6901826a5865,840,Wrong their,1980,164,Action,Information significant forward summer no cut figure. Major both success sound. Gas situation much summer.,24,,,,,,,,,Vincent Pearson,,,,,,,,,Supporting Actor,,,,,,,,,21,9,3.33
6a2354259f2f6901826a5866,841,Personal hundred,1996,125,Mystery,Admit east happen form. Set improve yes face blue suddenly. Cost coach plan.,55,212,218,354,436,452,,,,Shane Wood,Brandi Garcia,Jeffrey Hensley,Robin Martin,Jamie Franklin,David Aguirre,,,,Lead Actor,Cameo,Supporting Actor,Lead Actor,Lead Actor,Lead Actor,,,,18,5,3.2
6a2354259f2f6901826a5867,842,Prevent range society,2022,156,Adventure,Choose without reality already answer. Really standard machine right through. End whatever parent forget term.,6,,,,,,,,,Amanda Blackburn,,,,,,,,,Cameo,,,,,,,,,18,10,2.9
6a2354259f2f6901826a5868,843,Technology end himself,1981,95,Horror,"""Popular food size keep cup sing appear. Nature near trip beyond across experience.\nQuestion plan land side far people teach. Fine close watch leg. Weight writer plant somebody continue agency face.""",182,323,362,370,,,,,,Chloe Hensley,Cody Mitchell,Trevor Rice,Amy Hammond,,,,,,Lead Actor,Supporting Actor,Lead Actor,Lead Actor,,,,,,15,9,2.67
6a2354259f2f6901826a5869,844,Kind,2019,162,Comedy,Win ability often evening agency event thing. Challenge prepare owner today together. Remain church sport help president. Year fight executive particularly.,116,137,149,249,,,,,,Norma Deleon,Catherine Shelton,Christina Smith,Joseph Henderson,,,,,,Supporting Actor,Supporting Actor,Cameo,Lead Actor,,,,,,28,15,3.2
6a2354259f2f6901826a586a,845,Year green camera factor,1994,112,Mystery,"""Goal real administration several huge. Tonight remain politics fear than.\nPrepare each candidate different series perhaps buy. Indeed data eat participant already after into.""",56,61,246,262,,,,,,Rebecca Huang,Emily Chase,Andrew Morris,Oscar Henry,,,,,,Lead Actor,Lead Actor,Supporting Actor,Cameo,,,,,,26,10,2.7
6a2354259f2f6901826a586b,846,Human from,2004,158,Action,"""Fear cultural building hundred situation. Space close above.\nShe father against senior high. Expert enough happy material bill. Voice environmental over allow.""",45,175,270,473,,,,,,Frederick Bryant,Sonya Jensen,Brandon Carter,Ethan Fletcher,,,,,,Cameo,Cameo,Lead Actor,Supporting Actor,,,,,,14,9,3.56
6a2354259f2f6901826a586c,847,Son send ago,2004,101,Adventure,"""Around pull management. Finally morning movement into system red.\nScientist little would trade just image.\nEverybody official year language walk world. Run kid real reason pretty save then.""",35,105,247,,,,,,,Randy Greene,Wanda Hall,Jennifer Walker,,,,,,,Cameo,Cameo,Supporting Actor,,,,,,,21,13,3.54
6a2354259f2f6901826a586d,848,Beyond themselves will,2021,105,Horror,"""Page seat act discuss. Pass check always.\nSell success day reveal building. Staff into successful style near.\nAfter material this long. Green black unit second as sometimes very.""",133,171,425,,,,,,,Cassie Neal,Dwayne Phillips,Karen Mcgee,,,,,,,Supporting Actor,Supporting Actor,Supporting Actor,,,,,,,20,12,3.25
6a2354259f2f6901826a586e,849,Property gas when,1994,112,Fantasy,"""Fear other list soon writer four my. Mind court hotel environmental machine hospital. Think focus policy fund region major.\nStory send threat himself. Professional full race fill trip cover most.""",284,,,,,,,,,Hayley Barr,,,,,,,,,Supporting Actor,,,,,,,,,25,13,2.77
6a2354259f2f6901826a586f,850,Despite,2014,157,Sci-Fi,Blue vote hot civil will condition forget. No artist more including avoid year detail. Data no record sport fire central station agent.,58,229,354,394,435,439,,,,Krystal Spence,Edward Olsen,Robin Martin,Adrienne Lopez,Ryan Johnson,Margaret Anderson,,,,Supporting Actor,Lead Actor,Cameo,Supporting Actor,Cameo,Supporting Actor,,,,22,13,2.31
6a2354259f2f6901826a5870,851,However,2012,101,Fantasy,Turn move notice order environment people yeah protect. Form TV value answer cold.,433,443,,,,,,,,Michelle Adkins,Gary Lopez,,,,,,,,Supporting Actor,Cameo,,,,,,,,16,8,3
6a2354259f2f6901826a5871,852,Trouble college,2013,101,Romance,"""Piece energy community particularly career floor.\nAgainst computer personal site. Member air media charge establish teach responsibility. Far sort me culture but.""",47,298,410,431,,,,,,Joshua Burke,Amanda Perez,Mark Ramirez,Sandra Krueger,,,,,,Supporting Actor,Cameo,Lead Actor,Supporting Actor,,,,,,19,8,4
6a2354259f2f6901826a5872,853,Pm she individual,1999,147,Sci-Fi,"""To ten similar trouble more. Raise character beautiful network actually manage fall. Company thus knowledge ten.\nYeah section bag arm sing. Wrong account try town rate. Difficult what hear shake.""",491,,,,,,,,,Erica Reed,,,,,,,,,Supporting Actor,,,,,,,,,19,6,3
6a2354259f2f6901826a5873,854,Wind challenge,1992,171,Romance,Almost education anything agency idea single political. Money should we adult federal area computer. Night case occur whom medical director establish.,194,207,215,258,375,,,,,Megan Banks,Stephanie Garcia,Crystal Martinez,Karen Heath,Jay Harrison,,,,,Lead Actor,Supporting Actor,Supporting Actor,Supporting Actor,Cameo,,,,,15,6,2.17
6a2354259f2f6901826a5874,855,Very he,1982,121,Comedy,"""Public amount concern grow mind image run. Itself official pull should.\nImagine major simply name. Happy you both price. Too wind determine space store some foreign.""",86,447,,,,,,,,Chad Mann,Richard Jones,,,,,,,,Supporting Actor,Lead Actor,,,,,,,,28,15,2.4
6a2354259f2f6901826a5875,856,If make human,1987,159,Action,"""Director type public main. Already wide new ever participant middle ask.\nUsually positive perform forget those myself. From foreign would. Light everything case ahead church drive just.""",254,485,,,,,,,,Jorge Smith,Valerie Oneal,,,,,,,,Cameo,Cameo,,,,,,,,24,13,2.92
6a2354259f2f6901826a5876,857,Way,1988,86,Adventure,"""Kid whose class thing from modern. Ok present total according yes nothing perhaps.\nLarge still past. Miss total that energy. Sure scientist born thus.""",25,43,72,76,411,,,,,Mary Robertson,Roy Ware,Elizabeth White,Amy Erickson,Michael Adams,,,,,Lead Actor,Cameo,Supporting Actor,Supporting Actor,Lead Actor,,,,,17,7,3
6a2354259f2f6901826a5877,858,Sit body even,2003,167,Romance,"""Power husband short yourself. Discuss too forward us always.\nIn south skill buy dinner church feel. East born walk star tree. Partner show still analysis reflect policy.""",92,,,,,,,,,Anthony Robinson,,,,,,,,,Cameo,,,,,,,,,14,9,3.11
6a2354259f2f6901826a5878,859,Subject thousand decision,1986,148,Adventure,"""Rock good find. International western project several point party create.\nNone buy range end man son. Our near beyond firm difficult administration.""",97,247,259,421,452,,,,,Angela David,Jennifer Walker,Ruth Lambert,Donald Rivas,David Aguirre,,,,,Supporting Actor,Lead Actor,Cameo,Cameo,Lead Actor,,,,,24,14,2.29
6a2354259f2f6901826a5879,860,Police she,1998,82,Mystery,"""Plant bit responsibility beat. Fall or its difference bar.\nExactly direction any represent newspaper drug send adult. Young second total evening source deal beyond. More hour they paper read board.""",206,,,,,,,,,Karen Leonard,,,,,,,,,Cameo,,,,,,,,,21,14,2.64
6a2354259f2f6901826a587a,861,Fact perhaps,1992,116,Mystery,"""Sometimes democratic example accept force dog.\nGoal into party quite daughter do. At exactly color accept.""",365,,,,,,,,,Kelly Tucker,,,,,,,,,Cameo,,,,,,,,,17,9,3
6a2354259f2f6901826a587b,862,Another space,1981,135,Comedy,"""Cost sell commercial my city. Artist ask key.\nPicture school main another. Agent know meeting middle born speech authority final.\nFigure out smile eye. Game white mean kid word certain industry.""",81,148,479,,,,,,,Richard Thomas,Tracy Mann,Amy Smith,,,,,,,Cameo,Supporting Actor,Supporting Actor,,,,,,,18,9,3.33
6a2354259f2f6901826a587c,863,Budget history west,1981,172,Fantasy,"""Sing risk shake plant across item since memory. News eat read time hand PM.\nUs tree reveal film. Production sport how language piece admit.""",104,147,304,319,,,,,,Nathan White,Katherine Lewis,Chelsea Moore,Aaron Brown,,,,,,Lead Actor,Lead Actor,Supporting Actor,Lead Actor,,,,,,21,10,3.1
6a2354259f2f6901826a587d,864,Option occur,2000,109,Comedy,President threat different sure me will there. Agent much usually beyond few. Begin knowledge hope.,266,462,,,,,,,,Brianna Anthony,Jodi Garcia,,,,,,,,Lead Actor,Lead Actor,,,,,,,,25,9,2.33
6a2354259f2f6901826a587e,865,Real budget back,1984,170,Fantasy,Research father enough available how. Force character within if. Pull enough spring past turn assume would both.,135,425,,,,,,,,Katelyn Davis,Karen Mcgee,,,,,,,,Cameo,Lead Actor,,,,,,,,22,12,2.58
6a2354259f2f6901826a587f,866,Have already should,1980,116,Fantasy,Color goal fly ten eight. Own down song manage success test. Practice language sure put western act. Result low together live walk mother guess.,306,,,,,,,,,Kathleen Yang,,,,,,,,,Cameo,,,,,,,,,19,10,2.5
6a2354259f2f6901826a5880,867,Human participant,1989,113,Action,Republican everyone term too join pretty blood result. Control hour lay senior bring democratic. Culture listen specific city positive throw walk.,44,225,,,,,,,,Tabitha Taylor,Matthew Mayer,,,,,,,,Cameo,Cameo,,,,,,,,20,13,2.92
6a2354259f2f6901826a5881,868,Have just with,2011,120,Adventure,"""Notice prevent owner crime however. In build cold floor situation require party.\nAttack blue artist administration any section degree. Player bar red food since.""",385,419,471,,,,,,,Kathleen Mitchell,Patricia Brown,Evan Nelson,,,,,,,Supporting Actor,Lead Actor,Lead Actor,,,,,,,21,9,3.11
6a2354259f2f6901826a5882,869,Leader production,2006,101,Horror,Or whatever pattern. Perform win attention contain history stay. Actually try eat.,203,346,,,,,,,,Daniel Swanson DDS,Joseph Moore,,,,,,,,Lead Actor,Cameo,,,,,,,,16,12,3.08
6a2354259f2f6901826a5883,870,Type hard industry,2018,141,Drama,"""Must strong official pressure each.\nCouple property shake risk stuff probably the. Human decide range protect amount.""",274,,,,,,,,,Laura Williams,,,,,,,,,Lead Actor,,,,,,,,,20,10,3.3
6a2354259f2f6901826a5884,871,She,1988,174,Comedy,Better they describe film guess agent often. Number recent picture church performance of money. Into tell pick simple door.,125,172,,,,,,,,Casey Leach,Mrs. Maria Lewis,,,,,,,,Lead Actor,Cameo,,,,,,,,21,13,3.38
6a2354259f2f6901826a5885,872,Probably audience,2003,140,Sci-Fi,There more paper single. Add son instead read trouble. Mission stay understand might. Meeting test painting half.,,,,,,,,,,,,,,,,,,,,,,,,,,,,12,6,2.67
6a2354259f2f6901826a5886,873,Challenge beyond,1995,169,Comedy,American base road often part concern staff nor. Imagine house style training interesting staff.,89,355,,,,,,,,Mckenzie Finley,Lisa Bartlett,,,,,,,,Lead Actor,Lead Actor,,,,,,,,17,6,2.67
6a2354259f2f6901826a5887,874,Everybody realize,1989,141,Sci-Fi,"""Town sort meet including. Learn side call meet lay. Your wrong team house stop public agency trade.\nOffer cell level bar per one trial. Theory not establish especially song kid.""",64,81,455,487,,,,,,Nicole Poole,Richard Thomas,Ray Smith,Melissa Rogers,,,,,,Supporting Actor,Supporting Actor,Cameo,Supporting Actor,,,,,,20,10,2.8
6a2354259f2f6901826a5888,875,Security use last,2024,91,Horror,"""Expect decide blue choose Mr. Second challenge left of will Democrat. Affect people fear century blue whose turn word.\nUpon him animal by. Let religious yard financial spring entire.""",112,145,343,395,422,,,,,Howard Riggs,Brandon Lopez,Jessica Cruz,Michael Bennett,Steven Olsen,,,,,Lead Actor,Lead Actor,Supporting Actor,Cameo,Cameo,,,,,21,8,2.75
6a2354259f2f6901826a5889,876,Kind quality baby,2010,115,Sci-Fi,Minute black kind off out really. Identify organization cup section today wish water.,11,176,455,,,,,,,Adam Clarke,Michael Kelley,Ray Smith,,,,,,,Lead Actor,Supporting Actor,Lead Actor,,,,,,,19,9,4
6a2354259f2f6901826a588a,877,Become on,2024,124,Thriller,Detail chance garden middle summer keep. Clearly open close someone begin watch. Fund item collection director per.,30,41,85,159,268,,,,,Jeremy Elliott,Sue Long,Lisa Castro,Richard Gutierrez,Christopher Snyder,,,,,Lead Actor,Lead Actor,Cameo,Supporting Actor,Lead Actor,,,,,19,9,2.78
6a2354259f2f6901826a588b,878,Condition agent,2004,117,Romance,"""Party million artist window right.\nSummer through minute send window never behind can. Feeling list hear rule case born.""",118,,,,,,,,,Andrew Berry,,,,,,,,,Cameo,,,,,,,,,19,11,3.64
6a2354259f2f6901826a588c,879,Thank learn capital,1984,180,Sci-Fi,"""Use wide be yourself. Food pretty organization lose hot.\nThose half tell decade natural but size imagine. Down thus cell nor.\nMorning from age everything garden house center single. Policy upon far.""",25,93,275,,,,,,,Mary Robertson,Kimberly Meza,Joanne Hill,,,,,,,Supporting Actor,Supporting Actor,Supporting Actor,,,,,,,22,13,2.92
6a2354259f2f6901826a588d,880,Law whole expert tend,1997,150,Sci-Fi,Social nothing dinner night various expert. Within wall authority floor want eat nice.,366,,,,,,,,,Elizabeth Hart,,,,,,,,,Supporting Actor,,,,,,,,,20,6,2.67
6a2354259f2f6901826a588e,881,Book way,2013,167,Sci-Fi,"""Ground challenge front open cover ground difficult. His everyone line.\nNotice success however consider market big. Other trip increase write minute page.""",81,,,,,,,,,Richard Thomas,,,,,,,,,Cameo,,,,,,,,,25,12,2.83
6a2354259f2f6901826a588f,882,Positive side a,2018,155,Adventure,Up town just view training since firm with. Compare result training region a executive later.,4,381,386,462,,,,,,Jason Lyons,Kimberly Brown,Joseph Walters,Jodi Garcia,,,,,,Cameo,Supporting Actor,Lead Actor,Supporting Actor,,,,,,19,12,3.67
6a2354259f2f6901826a5890,883,Design little,2022,105,Thriller,"""Beat watch direction ask outside model heavy pretty. Amount fund necessary life effect item. Add water for value message program once cut.\nReason start allow always. Attorney serve camera usually.""",46,294,305,,,,,,,Andrew Smith,Sylvia Nash,Carl Robinson,,,,,,,Lead Actor,Lead Actor,Supporting Actor,,,,,,,22,14,3.43
6a2354259f2f6901826a5891,884,Up friend,2004,168,Romance,Blood money memory situation care. Main total sit section agree of. Arrive truth conference end natural reality.,52,160,399,,,,,,,Michelle Patterson,Alexa Daugherty,Charles Walker,,,,,,,Supporting Actor,Supporting Actor,Lead Actor,,,,,,,12,4,3.25
6a2354259f2f6901826a5892,885,Collection catch century,2023,174,Mystery,"""Prepare cause southern. Vote late my town discover really. Ball financial reflect knowledge structure after black sense.\nWe enough rich skin these term.\nSafe ball summer throw.\nKid coach lot lead.""",8,239,331,377,,,,,,Christopher Mckinney,Brett Hayes,Cindy Russell,Carla Frazier,,,,,,Supporting Actor,Cameo,Lead Actor,Cameo,,,,,,23,12,3.67
6a2354259f2f6901826a5893,886,Another avoid,1997,111,Horror,"""What produce reflect hot many. Risk sister talk interview benefit.\nRock sing fact call practice participant. Open organization music structure agree especially expert.""",,,,,,,,,,,,,,,,,,,,,,,,,,,,23,12,2.92
6a2354259f2f6901826a5894,887,Window quickly kind,1999,83,Thriller,Camera million white economic whose Democrat. Energy herself forget drive support movie book know. Yes total impact cover you particular raise.,184,217,,,,,,,,Adam Case,Eileen Goodwin,,,,,,,,Lead Actor,Cameo,,,,,,,,17,7,2.71
6a2354259f2f6901826a5895,888,Wish everything,2017,144,Drama,"""Imagine raise rather firm father effect.\nAnother serve tonight heart organization feeling third describe. Firm character cold section quite democratic red.""",164,187,245,,,,,,,Kyle Clark,Jodi Day,Emily Keith,,,,,,,Cameo,Cameo,Supporting Actor,,,,,,,24,14,2.79
6a2354259f2f6901826a5896,889,Gun interest example,1983,122,Sci-Fi,"""Professor part way experience stock exactly. Exactly debate school.\nAssume anything friend. Data discover well begin forget far.""",36,42,137,313,406,,,,,Gregory Hawkins,Ashley Callahan,Catherine Shelton,Jamie Wilson,Emma Newton,,,,,Lead Actor,Lead Actor,Cameo,Supporting Actor,Supporting Actor,,,,,27,17,2.71
6a2354259f2f6901826a5897,890,Analysis surface,1998,107,Romance,"""Offer movie beyond occur. Such address happy day laugh pick.\nCollection author late term them think all. East bring activity myself organization need exactly.""",390,,,,,,,,,Tara Harris,,,,,,,,,Cameo,,,,,,,,,22,13,2.15
6a2354259f2f6901826a5898,891,On stop soon about,2018,122,Adventure,"""Employee cost medical wife which. Central executive set across age material.\nHistory maybe purpose wait ever parent ground. Film cost concern service society lay similar article.""",24,161,178,329,,,,,,Vincent Pearson,Felicia Holloway,Shawn Levine,Jeffrey Gutierrez,,,,,,Supporting Actor,Lead Actor,Supporting Actor,Cameo,,,,,,29,17,3
6a2354259f2f6901826a5899,892,Main teacher mouth,2005,115,Mystery,"""Allow well minute however between lawyer. Likely late treatment account phone.\nSkin popular federal enter paper play though.""",201,253,333,488,,,,,,Adam Gutierrez,Nicole Warren,Ricky Cooper II,Robert Hahn,,,,,,Lead Actor,Cameo,Cameo,Supporting Actor,,,,,,10,3,3.33
6a2354259f2f6901826a589a,893,Name level,2010,177,Sci-Fi,Traditional all control public language he audience. So here save management of pick. Affect art why huge adult brother. Difference about democratic form yes hand.,269,327,332,346,,,,,,Wendy Lee,Amanda Nichols,Edwin Chapman,Joseph Moore,,,,,,Lead Actor,Lead Actor,Cameo,Supporting Actor,,,,,,22,11,2.73
6a2354259f2f6901826a589b,894,Ability carry,2011,154,Action,"""Test fall stop air. Crime agree too form in. Old military give somebody.\nOnce off someone environmental before soldier mother. Add attention magazine book.""",87,216,297,,,,,,,Cindy Brown,Tammy Baker,Miguel Jarvis,,,,,,,Supporting Actor,Lead Actor,Lead Actor,,,,,,,26,10,3.5
6a2354259f2f6901826a589c,895,Attention but,2018,149,Fantasy,Father campaign stuff method animal money. Indicate seat next. Arrive less manage resource make help follow.,214,,,,,,,,,Thomas Moss,,,,,,,,,Lead Actor,,,,,,,,,17,7,3.43
6a2354259f2f6901826a589d,896,Dark along,2018,132,Adventure,"""Including stay they fight realize move without.\nChoice surface maybe good cut truth message. Public involve political heavy lead economy.""",159,265,,,,,,,,Richard Gutierrez,Amber Mason,,,,,,,,Lead Actor,Cameo,,,,,,,,29,17,3.18
6a2354259f2f6901826a589e,897,Type kitchen,1981,160,Thriller,"""Able accept value. Available my president popular hour bag education. Box drive red rock choice enough ago.\nGun else soon example four. Project process our moment. Raise generation network subject.""",54,66,186,267,273,,,,,Dr. Anna Hunter,Bobby Lawson,Preston Jones,Elizabeth Welch,Nathan Clark,,,,,Lead Actor,Cameo,Lead Actor,Lead Actor,Cameo,,,,,20,11,2.64
6a2354259f2f6901826a589f,898,Car certain mean,2008,141,Adventure,"""At reflect director because benefit. Quite Mr professional matter she turn.\nAgree like after interesting color. Response conference red edge. Bill society set trade.""",141,170,230,,,,,,,David Martinez,Tanya Fletcher,Kathryn Lopez,,,,,,,Supporting Actor,Lead Actor,Cameo,,,,,,,21,13,2.31
6a2354259f2f6901826a58a0,899,Government skill,1984,113,Comedy,"""Economic want born before staff though report. Entire necessary example identify.\nFind hundred car central member get nor. Consumer continue either half people money different.""",25,74,304,326,,,,,,Mary Robertson,Luis Young,Chelsea Moore,Ashley Campos,,,,,,Lead Actor,Supporting Actor,Supporting Actor,Lead Actor,,,,,,29,13,4.15
6a2354259f2f6901826a58a1,900,Population son,2023,125,Romance,"""Responsibility attack impact service.\nPopulation performance fill. Reveal marriage work father standard. Bill decision at father lot light.""",34,321,,,,,,,,Nicholas Bradford,Jared Hernandez,,,,,,,,Cameo,Supporting Actor,,,,,,,,15,7,3
6a2354259f2f6901826a58a2,901,Such suddenly,2022,175,Comedy,Attention grow simply reveal sort several. During may join goal behavior add main.,47,,,,,,,,,Joshua Burke,,,,,,,,,Supporting Actor,,,,,,,,,24,11,2.27
6a2354259f2f6901826a58a3,902,Sound drug book,1998,124,Sci-Fi,Wrong guy appear away. Cold thousand would see Republican. Out check drive second.,276,348,478,,,,,,,Sheila Zimmerman,Lorraine Hoffman,Claudia Wilson,,,,,,,Supporting Actor,Cameo,Cameo,,,,,,,11,7,2.43
6a2354259f2f6901826a58a4,903,Commercial he you,2013,123,Action,"""Degree whether base huge. Baby build word wrong practice book.\nLeg face environment management economy. Reflect expert example agent move current reveal.""",88,108,198,407,,,,,,Omar Diaz,Rachel Gibson,Juan Robinson,Laura Patel,,,,,,Supporting Actor,Cameo,Supporting Actor,Cameo,,,,,,23,14,3.14
6a2354259f2f6901826a58a5,904,Assume,2009,151,Fantasy,Off about himself either give. Rather never through myself soon weight drive. Positive save fill close. Better rock study cover share her.,9,298,334,,,,,,,Natalie Schultz,Amanda Perez,Brooke Mason,,,,,,,Supporting Actor,Lead Actor,Lead Actor,,,,,,,20,8,3.75
6a2354259f2f6901826a58a6,905,Cold long home,1995,105,Action,Light raise late off. Stage trouble form democratic chair center. Measure draw check drug off.,321,475,,,,,,,,Jared Hernandez,Christopher Noble,,,,,,,,Lead Actor,Lead Actor,,,,,,,,18,9,3.44
6a2354259f2f6901826a58a7,906,Letter force,1989,93,Thriller,"""Physical character medical. Town try force have seek process many.\nArea opportunity data degree. Weight begin safe attorney.""",57,273,274,343,369,,,,,Jesse Morrow,Nathan Clark,Laura Williams,Jessica Cruz,Shane Kelly,,,,,Cameo,Supporting Actor,Supporting Actor,Supporting Actor,Supporting Actor,,,,,20,11,3.18
6a2354259f2f6901826a58a8,907,Call land,1980,128,Mystery,Produce half case age become. Would thousand green up church. So letter notice star all. Employee center sure step effort lawyer head.,149,,,,,,,,,Christina Smith,,,,,,,,,Cameo,,,,,,,,,18,10,3.2
6a2354259f2f6901826a58a9,908,Its budget past,2002,141,Romance,"""Ball because character argue agreement drive long. Up history decision language too song most.\nHeavy improve be talk. War stage task magazine.""",168,273,372,,,,,,,Mrs. Patricia Harrison,Nathan Clark,Darryl Moore,,,,,,,Supporting Actor,Supporting Actor,Lead Actor,,,,,,,16,6,2.5
6a2354259f2f6901826a58aa,909,Cause build we,1983,88,Mystery,"""Nation focus school set. Pull ever young person gas. Alone well suffer leader bit language. Author space fall far together.\nAttention already sell star.""",115,141,272,,,,,,,Benjamin Russo,David Martinez,Michael Duran,,,,,,,Supporting Actor,Supporting Actor,Supporting Actor,,,,,,,22,10,2.9
6a2354259f2f6901826a58ab,910,Human,1985,119,Fantasy,Attention compare summer travel at over. Parent office a buy blue individual perhaps single.,5,147,236,308,,,,,,Jason Vargas,Katherine Lewis,Katelyn Brown,Stephanie Martinez,,,,,,Supporting Actor,Lead Actor,Supporting Actor,Lead Actor,,,,,,19,8,3.5
6a2354259f2f6901826a58ac,911,Sure cut,2025,126,Comedy,"""Up visit hear production go employee particular. Short kitchen speak paper apply year quickly represent.\nPopulation life term. Society specific market push debate.""",376,,,,,,,,,David Noble,,,,,,,,,Lead Actor,,,,,,,,,15,3,2.33
6a2354259f2f6901826a58ad,912,Throughout rather range,1982,92,Sci-Fi,"""Middle institution trouble site evidence.\nMuch job near before enough responsibility decade.""",18,25,68,419,437,,,,,Amy Harris,Mary Robertson,Howard Jones,Patricia Brown,Oscar Delgado,,,,,Lead Actor,Cameo,Lead Actor,Cameo,Supporting Actor,,,,,26,16,2.75
6a2354259f2f6901826a58ae,913,Suddenly manager clear paper,1984,142,Comedy,"""Remember wish up affect. Cultural story difference article all worker pick.\nNone clear across year senior here reach over. Room sea one agree outside.""",315,445,,,,,,,,Kimberly Conrad,Hailey Smith,,,,,,,,Cameo,Supporting Actor,,,,,,,,25,13,3.08
6a2354259f2f6901826a58af,914,Rock general,1998,133,Action,"""Leader drug city security civil. Low process try.\nSkill do degree scene cold. Executive arrive law son stuff. Usually politics Congress produce.""",64,204,483,,,,,,,Nicole Poole,Kara Holt,Megan Schneider,,,,,,,Lead Actor,Cameo,Supporting Actor,,,,,,,19,10,3.1
6a2354259f2f6901826a58b0,915,Class receive,1992,142,Adventure,Party allow table wait system. Catch you mouth six. Scientist old not must generation hot.,184,228,305,446,487,,,,,Adam Case,Nicole Boyd,Carl Robinson,Joseph Armstrong,Melissa Rogers,,,,,Cameo,Supporting Actor,Cameo,Cameo,Lead Actor,,,,,21,10,2.5
6a2354259f2f6901826a58b1,916,System within despite,2002,118,Fantasy,"""Court size about personal current debate. Public bag treatment pattern.\nConcern newspaper dream scientist unit.""",144,177,458,,,,,,,James Charles,Kristine Fox,Amanda Bond,,,,,,,Cameo,Cameo,Supporting Actor,,,,,,,25,12,2.33
6a2354259f2f6901826a58b2,917,Various finish green,1998,88,Comedy,"""Here cell Congress.\nReport leg use shoulder effort agency hotel. Detail former role picture certain before whatever.""",42,81,185,222,310,355,,,,Ashley Callahan,Richard Thomas,Megan Shields,John Hood,Katherine Smith,Lisa Bartlett,,,,Lead Actor,Lead Actor,Supporting Actor,Lead Actor,Cameo,Supporting Actor,,,,11,5,2.2
6a2354259f2f6901826a58b3,918,Finish tonight,1991,177,Action,Name eat if majority five hospital. Senior perform pattern ground could one. While player chair range investment certain. Threat training start worry.,112,185,468,,,,,,,Howard Riggs,Megan Shields,Bridget Burke MD,,,,,,,Supporting Actor,Supporting Actor,Cameo,,,,,,,25,9,2.67
6a2354259f2f6901826a58b4,919,Fish head you,2026,151,Drama,Process mention rest gun. Last full full care well. Hair school various land particular those.,186,238,324,380,416,425,,,,Preston Jones,Amber Floyd,Matthew Gregory,Erica Thompson,Carrie Nash,Karen Mcgee,,,,Cameo,Supporting Actor,Lead Actor,Cameo,Cameo,Cameo,,,,20,9,3.78
6a2354259f2f6901826a58b5,920,Best begin,2026,81,Fantasy,"""Authority away short close at trip. Environmental pattern indicate interview skill. Budget line ask six leader apply really.\nNews investment respond yes.""",116,119,296,310,345,,,,,Norma Deleon,Steven Guerrero,Elizabeth Kent,Katherine Smith,Julie Smith,,,,,Cameo,Lead Actor,Cameo,Supporting Actor,Lead Actor,,,,,9,6,3
6a2354259f2f6901826a58b6,921,That support,2001,157,Mystery,"""Report feeling his wife open address. Term customer nice me.\nMilitary simple western. Play she office as report market official fish.\nTwo player fire big.""",91,102,116,143,191,241,307,329,420,Ashley Foster,Thomas Williams,Norma Deleon,Christopher Soto,Anthony Horton,Brenda Curry,Angela Jackson,Jeffrey Gutierrez,Jake Ellis,Supporting Actor,Supporting Actor,Cameo,Lead Actor,Supporting Actor,Supporting Actor,Cameo,Supporting Actor,Supporting Actor,24,12,3.33
6a2354259f2f6901826a58b7,922,Put pull oil,2012,143,Action,Reduce toward information wide company. State artist personal page method order high. Skill site poor although down door force. Individual laugh lead information which year us.,114,134,,,,,,,,Stephanie Little,Matthew Rose,,,,,,,,Cameo,Supporting Actor,,,,,,,,21,16,3.38
6a2354259f2f6901826a58b8,923,Quickly especially fine,1990,146,Romance,"""Forget main modern lay business cell. House bed example institution between conference discussion.\nNew at leave son. Glass walk major discuss. Like million just poor.""",72,142,,,,,,,,Elizabeth White,John Sanchez,,,,,,,,Lead Actor,Supporting Actor,,,,,,,,15,8,2.75
6a2354259f2f6901826a58b9,924,Speak why,2013,177,Adventure,Available wall ball day leg. Just beat total either age social available memory. Appear eye other political spend fly seat.,356,375,412,,,,,,,Lisa Johnson,Jay Harrison,Jack Smith,,,,,,,Supporting Actor,Supporting Actor,Lead Actor,,,,,,,14,8,3.63
6a2354259f2f6901826a58ba,925,Born,2023,106,Sci-Fi,"""Thank the hundred without wrong both thought. Growth hair store treat world card lay. Laugh story require hotel.\nAnd control matter method against.""",446,,,,,,,,,Joseph Armstrong,,,,,,,,,Supporting Actor,,,,,,,,,27,10,3
6a2354259f2f6901826a58bb,926,Top spring,1983,123,Thriller,"""Station business behind do. Response whose set collection music. Election fund catch scientist single book never purpose.\nTest perform hospital nation. Rest thousand pattern cover now.""",223,,,,,,,,,Christy Morrison,,,,,,,,,Lead Actor,,,,,,,,,25,13,3.46
6a2354259f2f6901826a58bc,927,Mean once,2001,179,Mystery,"""Production respond happen keep religious animal activity alone. Report consumer television.\nFood this know away. Bill stuff fact reality today trade school.""",136,169,284,405,441,,,,,Jesse Wright,Craig Jimenez,Hayley Barr,Teresa Williams,Amy Chen,,,,,Supporting Actor,Supporting Actor,Lead Actor,Supporting Actor,Lead Actor,,,,,27,9,3.56
6a2354259f2f6901826a58bd,928,Do visit,2015,173,Horror,"""Result prevent commercial more operation. Country before develop bar technology.\nThreat center education we. Key soldier maintain despite product agree.""",109,352,385,,,,,,,Laurie Nguyen,Tina Hunt,Kathleen Mitchell,,,,,,,Cameo,Supporting Actor,Lead Actor,,,,,,,21,12,2.92
6a2354259f2f6901826a58be,929,Party director life,2015,92,Mystery,"""Road morning walk group. Very consider own security reflect goal. Above government statement.\nPerformance least thus type store notice. Wife school size necessary.""",126,467,474,,,,,,,Mark Hanson,Charles Dominguez,Kathleen Johnson,,,,,,,Lead Actor,Lead Actor,Cameo,,,,,,,15,13,3.15
6a2354259f2f6901826a58bf,930,As,2008,160,Action,"""First land girl. Community general still list.\nDrive take seek assume result which threat perhaps. Full above right long energy.""",84,145,149,355,421,,,,,Michael Harrison,Brandon Lopez,Christina Smith,Lisa Bartlett,Donald Rivas,,,,,Lead Actor,Supporting Actor,Lead Actor,Lead Actor,Cameo,,,,,16,8,3.38
6a2354259f2f6901826a58c0,931,Admit factor price,1993,133,Adventure,"""Yard increase school rule manage need. Street office sell actually.\nPush agreement cause shoulder middle push produce back. Concern individual keep music firm.""",203,220,365,,,,,,,Daniel Swanson DDS,Jonathan Smith,Kelly Tucker,,,,,,,Lead Actor,Lead Actor,Lead Actor,,,,,,,22,12,3.33
6a2354259f2f6901826a58c1,932,Worry wish go,2004,111,Horror,"""Ever serious nature off whose along. Act coach ready. That draw raise can magazine cup. Reduce police evidence race game.\nProcess describe already.""",57,329,454,487,,,,,,Jesse Morrow,Jeffrey Gutierrez,Jonathan Walker,Melissa Rogers,,,,,,Supporting Actor,Cameo,Cameo,Cameo,,,,,,22,11,2.91
6a2354259f2f6901826a58c2,933,Customer assume,1983,122,Thriller,"""Past senior blue view near. Town sure few. Group occur employee. Seek travel rich seven whose.\nEither young avoid decide blood.""",220,,,,,,,,,Jonathan Smith,,,,,,,,,Lead Actor,,,,,,,,,20,9,3.22
6a2354259f2f6901826a58c3,934,Much,2010,131,Sci-Fi,Discussion field condition want sell. Only baby accept door throughout able camera. Southern loss scene avoid product about series.,124,229,,,,,,,,Joseph Martinez,Edward Olsen,,,,,,,,Supporting Actor,Cameo,,,,,,,,15,5,3.2
6a2354259f2f6901826a58c4,935,Save program,1985,104,Comedy,Support rate fish war seem lawyer maintain. Election line relate.,70,118,181,277,467,,,,,Hannah Bryant,Andrew Berry,John Payne,Spencer Decker,Charles Dominguez,,,,,Supporting Actor,Supporting Actor,Cameo,Supporting Actor,Supporting Actor,,,,,16,7,2.71
6a2354259f2f6901826a58c5,936,Blue out although,2004,171,Romance,Energy product strong down. Before well course again dark. After special area shake scientist organization technology hear.,96,213,,,,,,,,Jill Butler,Nicole Johnson,,,,,,,,Lead Actor,Cameo,,,,,,,,20,8,3.25
6a2354259f2f6901826a58c6,937,Moment wide which later,2004,157,Romance,"""Whatever investment movie matter foot. Cost level stuff various. Call assume year write.\nOwn half whatever down approach apply. Drop matter popular call listen leg.""",203,,,,,,,,,Daniel Swanson DDS,,,,,,,,,Lead Actor,,,,,,,,,14,8,2.63
6a2354259f2f6901826a58c7,938,Forget fill middle,2006,147,Action,"""Process sit apply begin foot memory. Write religious people list green performance.\nMiddle deep almost see cold. Song both appear let student practice most. Almost price although American drop.""",411,464,,,,,,,,Michael Adams,Jeffrey Weeks,,,,,,,,Supporting Actor,Lead Actor,,,,,,,,20,12,3.33
6a2354259f2f6901826a58c8,939,Idea tonight develop,1981,136,Thriller,"""Activity voice law attention skill huge.\nCard form environmental put bed. Congress into while hair. Treatment could success floor hold white dark. Politics commercial hand manage heavy store.""",,,,,,,,,,,,,,,,,,,,,,,,,,,,24,13,3.08
6a2354259f2f6901826a58c9,940,Defense rate southern,1980,164,Horror,"""Catch girl we degree cause. Station million knowledge western hope situation. Lay weight there.\nHand either full. Career fear reality. Race exactly read state despite food.""",10,52,90,156,,,,,,Cindy Hill DDS,Michelle Patterson,Anthony Reed,Rachel Lane,,,,,,Supporting Actor,Lead Actor,Supporting Actor,Supporting Actor,,,,,,21,8,3.13
6a2354259f2f6901826a58ca,941,American water,2026,123,Action,"""Music tell result case building now issue. Finish artist child raise.\nVoice skill similar those health.\nReport north even father dream. Music check along find.\nCultural fly whose grow at career.""",138,193,441,,,,,,,Ryan Nguyen,Matthew Lee,Amy Chen,,,,,,,Cameo,Supporting Actor,Supporting Actor,,,,,,,19,9,2.78
6a2354259f2f6901826a58cb,942,List term month,1996,88,Drama,Movie including beautiful movement action eat. List else agent try time scientist watch. Cost tend growth exist billion leader. Man get likely she company include better.,1,481,,,,,,,,Mr. Steven Newman,Elizabeth Carter,,,,,,,,Supporting Actor,Lead Actor,,,,,,,,21,12,3.08
6a2354259f2f6901826a58cc,943,Music beyond apply,2011,140,Comedy,Significant out southern she stop. Draw finally name more where leg together. Red important describe security.,171,226,255,,,,,,,Dwayne Phillips,Ryan Mcknight,Anthony Shea,,,,,,,Cameo,Supporting Actor,Cameo,,,,,,,24,11,3.18
6a2354259f2f6901826a58cd,944,Usually including,2018,113,Romance,Ten role administration kid. View strategy upon case maintain from. Black hot only pick view method.,321,,,,,,,,,Jared Hernandez,,,,,,,,,Cameo,,,,,,,,,17,12,3.83
6a2354259f2f6901826a58ce,945,Nice investment,1990,105,Thriller,"""Company ten plan church beyond western bit. She bed wish within author a.\nOrder treat check. Commercial keep apply remain husband wonder specific. Everything mind over best citizen to suggest.""",161,317,487,,,,,,,Felicia Holloway,Melissa Powell,Melissa Rogers,,,,,,,Supporting Actor,Supporting Actor,Cameo,,,,,,,22,8,2.5
6a2354259f2f6901826a58cf,946,Me enjoy,2010,93,Action,Better know inside wind. Order pressure section man late back fight. Child resource measure whose stop near. Situation much whose across build which.,343,459,,,,,,,,Jessica Cruz,John Graham,,,,,,,,Supporting Actor,Cameo,,,,,,,,22,14,3.21
6a2354259f2f6901826a58d0,947,Their very or,1980,88,Fantasy,"""Board have light newspaper six.\nCustomer trip out. Research able opportunity shake.\nNetwork recent thus small. Personal clearly black pretty close late nor. Also movie brother resource education.""",14,90,103,323,404,,,,,Linda Carson,Anthony Reed,Christine Alexander,Cody Mitchell,Amanda Day,,,,,Supporting Actor,Lead Actor,Lead Actor,Lead Actor,Cameo,,,,,23,11,2.64
6a2354259f2f6901826a58d1,948,Show maintain moment,1990,88,Action,"""More surface nothing participant message face eat. Heart listen mean choice share address research.\nVisit reduce bed skill. Before never set assume mean major medical.""",46,227,258,,,,,,,Andrew Smith,Melissa Bright,Karen Heath,,,,,,,Cameo,Supporting Actor,Lead Actor,,,,,,,18,7,2.71
6a2354259f2f6901826a58d2,949,Reach hot throw,1984,143,Comedy,"""Quite lay too field enter from answer. Alone yet American. Current me group set article. Off group soldier.\nRespond best floor involve reveal husband against. Easy start under itself.""",82,446,,,,,,,,Clifford Stark,Joseph Armstrong,,,,,,,,Cameo,Supporting Actor,,,,,,,,14,7,3.14
6a2354259f2f6901826a58d3,950,Example tree field,1991,144,Sci-Fi,"""Police see determine. Address finish part serve election up of budget.\nBest easy sport recognize own power moment. Trouble friend bill enough almost game main.""",135,146,158,410,,,,,,Katelyn Davis,Jenny Allen,Joshua Anderson,Mark Ramirez,,,,,,Lead Actor,Supporting Actor,Supporting Actor,Supporting Actor,,,,,,13,7,3.43
6a2354259f2f6901826a58d4,951,Knowledge fight property box,2016,167,Romance,"""Artist into mention under. Whatever billion quickly factor law.\nPay accept realize. Leader left best western quickly home.""",84,135,279,369,,,,,,Michael Harrison,Katelyn Davis,Ryan Thomas,Shane Kelly,,,,,,Cameo,Lead Actor,Supporting Actor,Cameo,,,,,,16,11,2.73
6a2354259f2f6901826a58d5,952,Employee,2019,83,Fantasy,Window poor across thus product. Onto bar decision behind. Small present writer inside than various fly specific.,215,333,438,,,,,,,Crystal Martinez,Ricky Cooper II,Joshua Delgado,,,,,,,Lead Actor,Cameo,Supporting Actor,,,,,,,22,11,3.36
6a2354259f2f6901826a58d6,953,Price you particular week,1989,163,Mystery,"""Citizen evening foot maintain. Under account system she music.\nElection onto phone for cause possible. Each often approach although.""",65,202,305,316,352,,,,,Beverly Farley,Rhonda Trujillo,Carl Robinson,Veronica Young,Tina Hunt,,,,,Lead Actor,Cameo,Lead Actor,Supporting Actor,Cameo,,,,,25,13,2.54
6a2354259f2f6901826a58d7,954,Certain might,1999,127,Adventure,Large these idea positive three out. Simple write return participant staff who can. Seat professional similar over seek north.,40,364,,,,,,,,Brandon Martin,Jeffrey Taylor,,,,,,,,Cameo,Supporting Actor,,,,,,,,19,11,2.91
6a2354259f2f6901826a58d8,955,Physical heart,2014,109,Adventure,"""Lawyer under push us. Late chair east outside trip politics. Job ball recent building.\nSystem night great foreign week. Position organization ask success social talk final.""",23,212,450,459,,,,,,Robin Gutierrez,Brandi Garcia,Joseph Sosa,John Graham,,,,,,Supporting Actor,Supporting Actor,Supporting Actor,Supporting Actor,,,,,,18,7,3
6a2354259f2f6901826a58d9,956,Happy most,2017,109,Mystery,Site people always people drug policy. Many suffer power. Congress real show radio be can explain.,215,,,,,,,,,Crystal Martinez,,,,,,,,,Cameo,,,,,,,,,23,10,3.7
6a2354259f2f6901826a58da,957,Store safe,1989,90,Mystery,Indicate serious follow sell population edge leg. Doctor foot region reduce already. Hard over like collection part.,352,467,,,,,,,,Tina Hunt,Charles Dominguez,,,,,,,,Lead Actor,Supporting Actor,,,,,,,,20,13,3.15
6a2354259f2f6901826a58db,958,Question series once,1987,129,Thriller,Before significant citizen health. Worker customer candidate simply along moment. Certainly think she customer fill fall treatment.,111,228,237,415,443,,,,,Stacy Anderson,Nicole Boyd,Kevin Cook,Diana Carter,Gary Lopez,,,,,Supporting Actor,Supporting Actor,Lead Actor,Cameo,Cameo,,,,,31,13,3.31
6a2354259f2f6901826a58dc,959,Toward both tree,2026,168,Romance,"""Leg two three. International outside daughter team glass.\nAsk be fear part ball. Floor enter but. Never reach risk nearly.\nHold business future. Off certainly miss.""",86,116,432,,,,,,,Chad Mann,Norma Deleon,Garrett Arnold,,,,,,,Lead Actor,Cameo,Cameo,,,,,,,17,7,2.57
6a2354259f2f6901826a58dd,960,Short begin,1990,84,Adventure,"""Simple edge they film fire officer. None change support grow hear.\nRecognize father respond story leader. Probably late determine miss enter eight. Investment whether idea.""",130,271,374,,,,,,,William Little DVM,Natasha Fuller,Connie Moreno,,,,,,,Cameo,Supporting Actor,Lead Actor,,,,,,,22,12,2.92
6a2354259f2f6901826a58de,961,Affect loss teacher,1984,107,Adventure,Feel wife popular lay fund evening international. Force baby several simple believe. Blue significant responsibility pass. May rise true believe head while realize see.,53,133,323,411,,,,,,Gina Dixon,Cassie Neal,Cody Mitchell,Michael Adams,,,,,,Lead Actor,Lead Actor,Supporting Actor,Supporting Actor,,,,,,16,6,2.83
6a2354259f2f6901826a58df,962,Last tend,2011,164,Thriller,Prevent southern half paper level institution can memory. That most staff. Girl support represent down represent size that anyone.,76,113,163,,,,,,,Amy Erickson,Stacy Watson,Lorraine Garrett,,,,,,,Supporting Actor,Cameo,Cameo,,,,,,,15,6,3.17
6a2354259f2f6901826a58e0,963,While change usually,2005,134,Horror,"""Often respond raise boy power produce experience.\nPm seek ever young. Mind not they art return.""",67,154,231,443,453,,,,,Susan Keith,Jesse Mann,Patrick Li,Gary Lopez,Tara Nichols,,,,,Cameo,Lead Actor,Supporting Actor,Cameo,Lead Actor,,,,,22,12,2.33
6a2354259f2f6901826a58e1,964,Rock perhaps,2007,124,Sci-Fi,Share white professional special oil oil take. Power answer perhaps story. Agree sing out quickly debate.,159,,,,,,,,,Richard Gutierrez,,,,,,,,,Supporting Actor,,,,,,,,,25,9,3.22
6a2354259f2f6901826a58e2,965,Population around,1984,132,Adventure,Easy hot recently whatever inside our. Administration least speak believe happy major. At feeling my couple assume administration player thing.,426,,,,,,,,,William Mack,,,,,,,,,Lead Actor,,,,,,,,,16,7,2.57
6a2354259f2f6901826a58e3,966,Put coach open,2014,166,Sci-Fi,Toward education be rock national sense. Prepare she detail build rise my difficult. Draw above interesting onto study.,109,170,300,356,,,,,,Laurie Nguyen,Tanya Fletcher,Patricia West,Lisa Johnson,,,,,,Cameo,Lead Actor,Lead Actor,Cameo,,,,,,25,11,2.64
6a2354259f2f6901826a58e4,967,Develop,2009,135,Horror,"""Because crime debate election could adult computer. Including more live example.\nEither education teacher which whole key. Idea else home.""",430,,,,,,,,,Ronald Wells,,,,,,,,,Supporting Actor,,,,,,,,,20,12,2.5
6a2354259f2f6901826a58e5,968,Receive society series,2019,142,Drama,"""Information become experience time. Usually with fear white relate fire clear well. One score recognize tend create.\nYet coach ten provide say. Message great successful late forward table here.""",39,236,243,398,454,,,,,Phyllis Lopez,Katelyn Brown,Rebecca Stafford,Jordan Phillips,Jonathan Walker,,,,,Lead Actor,Lead Actor,Supporting Actor,Supporting Actor,Supporting Actor,,,,,13,4,3.75
6a2354259f2f6901826a58e6,969,Draw see,1993,153,Romance,"""Quite player population to discover. Another do produce heavy trouble. World big just daughter memory compare act site.\nMust magazine concern sister reduce. Ground human wind where buy.""",85,141,226,242,,,,,,Lisa Castro,David Martinez,Ryan Mcknight,Jonathan Lee,,,,,,Supporting Actor,Lead Actor,Cameo,Supporting Actor,,,,,,20,10,3.4
6a2354259f2f6901826a58e7,970,Face,1984,88,Thriller,"""System bill agree short ready address. Act save much traditional. Community light anyone which what.\nKnowledge tree try design company mother local dark. All guess meet few. Others radio far.""",3,204,271,273,,,,,,Ian Mccann,Kara Holt,Natasha Fuller,Nathan Clark,,,,,,Cameo,Supporting Actor,Cameo,Cameo,,,,,,15,5,3.2
6a2354259f2f6901826a58e8,971,Environmental across,1994,128,Comedy,Population carry television represent tend situation minute. Page turn down him side your consumer leg. Produce tree go discussion admit environmental.,35,102,129,154,376,410,469,498,,Randy Greene,Thomas Williams,Benjamin Mccoy,Jesse Mann,David Noble,Mark Ramirez,Adam Welch,Stephen Jefferson,,Supporting Actor,Lead Actor,Lead Actor,Supporting Actor,Cameo,Cameo,Cameo,Lead Actor,,14,7,3.29
6a2354259f2f6901826a58e9,972,Industry occur,2004,136,Thriller,"""Law now writer report.\nBox sure sure wrong wear. Score party sister produce I.""",87,199,,,,,,,,Cindy Brown,Mr. Austin Johnson Jr.,,,,,,,,Cameo,Lead Actor,,,,,,,,18,6,2.17
6a2354259f2f6901826a58ea,973,Heavy grow effect,2006,122,Comedy,Star sometimes herself each his test. Everything all ask step apply. Support I exist several.,16,64,103,317,412,,,,,Sandra Dunn,Nicole Poole,Christine Alexander,Melissa Powell,Jack Smith,,,,,Lead Actor,Supporting Actor,Lead Actor,Cameo,Supporting Actor,,,,,18,7,2.71
6a2354259f2f6901826a58eb,974,Above news Mrs,2023,121,Action,"""Week style believe true central share. Eat while among his us decision.\nAgo suddenly must large major identify during fine. Factor none western admit.""",159,399,,,,,,,,Richard Gutierrez,Charles Walker,,,,,,,,Lead Actor,Cameo,,,,,,,,22,10,2.7
6a2354259f2f6901826a58ec,975,Answer then yourself,2024,127,Comedy,"""Stock nature decision practice. Stage a play may. Relate bill identify feeling view.\nCourse outside person respond culture. Mind industry me easy stuff sign yard.""",57,,,,,,,,,Jesse Morrow,,,,,,,,,Cameo,,,,,,,,,25,14,3.29
6a2354259f2f6901826a58ed,976,Could moment mission,2007,150,Comedy,Tend argue them break model smile meeting question. Eye there decade involve central market. Soon indicate another quality. Figure quickly lead experience.,67,291,408,425,463,,,,,Susan Keith,Steven Young,Michelle Phillips,Karen Mcgee,Jonathan Randolph,,,,,Lead Actor,Lead Actor,Supporting Actor,Cameo,Lead Actor,,,,,23,13,2.77
6a2354259f2f6901826a58ee,977,Material source,2000,160,Thriller,Discussion serve reduce staff society food baby. Low of both hard. Rich skill yard seek. Democrat maybe resource behind student energy defense.,99,211,238,,,,,,,Ryan Solis,Maxwell Manning,Amber Floyd,,,,,,,Lead Actor,Lead Actor,Lead Actor,,,,,,,23,12,2.83
6a2354259f2f6901826a58ef,978,Sister election,2021,132,Mystery,"""Debate themselves apply gas air sport rest past. Way design bed wide beyond.\nChance role treat season Democrat Mrs think increase. Nor bar boy treat political present.""",407,422,494,,,,,,,Laura Patel,Steven Olsen,Erik Howe,,,,,,,Supporting Actor,Supporting Actor,Cameo,,,,,,,16,9,3.78
6a2354259f2f6901826a58f0,979,Modern,2016,147,Comedy,"""Society piece compare. Project suffer key whatever tax ok. To ago partner because writer century.\nDuring Republican trial house large already. Finish fall car should hospital.""",27,67,95,135,205,362,,,,Robert Soto,Susan Keith,Katherine Burch,Katelyn Davis,Lisa Berry,Trevor Rice,,,,Lead Actor,Supporting Actor,Cameo,Lead Actor,Cameo,Cameo,,,,30,19,2.42
6a2354259f2f6901826a58f1,980,Sea common beautiful,1997,100,Fantasy,"""Yet leader medical close work five other. North consumer they little amount.\nProduction health conference deep. Peace purpose behavior mind. Point total full cold region network goal.""",27,32,232,391,,,,,,Robert Soto,Steven Brock,Jessica Riley,Bob Jordan,,,,,,Supporting Actor,Cameo,Cameo,Cameo,,,,,,20,11,3
6a2354259f2f6901826a58f2,981,Appear stop history,1986,98,Adventure,"""Agent air third. Onto science choose land spring career bed. Avoid else evidence.\nSupport current national mouth five represent light. Present tree white democratic quality leader.""",133,291,,,,,,,,Cassie Neal,Steven Young,,,,,,,,Cameo,Supporting Actor,,,,,,,,29,13,2.77
6a2354259f2f6901826a58f3,982,I someone,1986,169,Horror,Son debate box enjoy management free agreement. Rest ability reality someone. Manage senior beyond daughter reality PM manage.,14,65,287,361,478,,,,,Linda Carson,Beverly Farley,Cody Mcdaniel,Mrs. Sarah Oneill,Claudia Wilson,,,,,Supporting Actor,Cameo,Lead Actor,Lead Actor,Supporting Actor,,,,,25,13,3.08
6a2354259f2f6901826a58f4,983,Professional source particularly,1993,104,Action,Argue his may take type. Few increase matter cold simply how.,311,,,,,,,,,Diana Fowler,,,,,,,,,Lead Actor,,,,,,,,,20,16,2.88
6a2354259f2f6901826a58f5,984,Around shake well,2004,155,Adventure,"""Feeling whatever ground whether.\nReach environment force me case.\nThrough term everything meeting whole onto. Writer address five house.\nAs treat travel. Music either always cost.""",248,264,436,471,,,,,,Brett Flynn,Tanya Mendoza,Jamie Franklin,Evan Nelson,,,,,,Supporting Actor,Cameo,Lead Actor,Cameo,,,,,,23,9,3.22
6a2354259f2f6901826a58f6,985,Spring clear model tree,2021,137,Horror,Expect far behind camera know professional side. Deal ready style structure product nothing new. Administration seat whether someone hard candidate.,73,,,,,,,,,Danielle Parker,,,,,,,,,Cameo,,,,,,,,,23,15,3
6a2354259f2f6901826a58f7,986,Weight,2006,84,Thriller,Reality audience on break town. Argue doctor energy factor direction half. Hundred cup book painting break.,6,78,252,359,,,,,,Amanda Blackburn,Frank Moore,Rebecca Morales,Jennifer Holland,,,,,,Lead Actor,Supporting Actor,Cameo,Lead Actor,,,,,,19,8,3.63
6a2354259f2f6901826a58f8,987,Green husband,1993,175,Adventure,"""As beat paper my school. Somebody program responsibility. Catch laugh American tell.\nQuestion treat along guy land plan. Use hope ask civil follow how size bed.""",18,123,139,155,429,,,,,Amy Harris,Jack Hogan,Michael Barajas,Karen King,James Beard,,,,,Lead Actor,Lead Actor,Cameo,Supporting Actor,Supporting Actor,,,,,21,13,2.77
6a2354259f2f6901826a58f9,988,Leader grow,1981,137,Sci-Fi,"""Trouble ago cover officer responsibility particular item close. Congress under also perhaps. Old main realize clear our current sure.\nWorker low five consider improve activity. Picture animal what.""",32,57,246,293,,,,,,Steven Brock,Jesse Morrow,Andrew Morris,Matthew Washington,,,,,,Cameo,Supporting Actor,Cameo,Supporting Actor,,,,,,16,7,3.29
6a2354259f2f6901826a58fa,989,Eat suffer room explain,1996,162,Drama,"""There increase but book try song.\nLocal build buy. Help case present again or control region those.""",,,,,,,,,,,,,,,,,,,,,,,,,,,,14,7,2.43
6a2354259f2f6901826a58fb,990,Base system doctor,1999,88,Comedy,Enough order present well pull good partner research. Current team lose small exist TV.,196,215,,,,,,,,Richard Campbell,Crystal Martinez,,,,,,,,Cameo,Lead Actor,,,,,,,,27,14,2.86
6a2354259f2f6901826a58fc,991,Low interesting data service,1993,111,Adventure,Identify Republican picture read. Center world hotel growth.,277,371,396,436,,,,,,Spencer Decker,Julie Gomez MD,Nicole Lawson,Jamie Franklin,,,,,,Cameo,Supporting Actor,Cameo,Lead Actor,,,,,,18,8,3.13
6a2354259f2f6901826a58fd,992,Nearly day,2015,146,Sci-Fi,Month artist large analysis. Black firm society fight. Amount production activity nor since. State win industry such.,9,261,314,326,459,,,,,Natalie Schultz,Steven Clark,Jonathan Galvan,Ashley Campos,John Graham,,,,,Supporting Actor,Supporting Actor,Supporting Actor,Cameo,Supporting Actor,,,,,27,14,2.86
6a2354259f2f6901826a58fe,993,Light arrive difference,1982,133,Mystery,"""Quickly all relationship billion standard whatever continue.\nHusband certain economy reduce. Close manager worker military toward firm full. Sound kind occur toward safe.""",211,416,,,,,,,,Maxwell Manning,Carrie Nash,,,,,,,,Lead Actor,Cameo,,,,,,,,22,12,3.08
6a2354259f2f6901826a58ff,994,Certain difficult parent,2001,116,Drama,Until low task key suggest describe produce. Chair actually computer all decade young administration.,380,,,,,,,,,Erica Thompson,,,,,,,,,Cameo,,,,,,,,,18,7,3.57
6a2354259f2f6901826a5900,995,Arm peace hotel,2009,132,Action,Identify today happy save receive than. Culture young teach he write. Walk card but argue.,14,352,458,,,,,,,Linda Carson,Tina Hunt,Amanda Bond,,,,,,,Cameo,Cameo,Supporting Actor,,,,,,,10,6,3.17
6a2354259f2f6901826a5901,996,Bank else,1997,158,Horror,"""Blue appear response rich her civil. Lose hand two form. Number this sure major involve share design.\nPopulation option sell explain friend majority per. Above under responsibility stop network.""",220,,,,,,,,,Jonathan Smith,,,,,,,,,Supporting Actor,,,,,,,,,11,5,2.4
6a2354259f2f6901826a5902,997,Doctor friend,2005,90,Horror,"""Western every bring contain rather. Beyond yeah beautiful receive word past. Through plan yard inside save sort.\nAir process choice nice fall watch. Use heart together. Language prevent per whatever.""",337,,,,,,,,,Colleen Noble,,,,,,,,,Supporting Actor,,,,,,,,,16,8,2.88
6a2354259f2f6901826a5903,998,Require too soldier,2017,165,Adventure,"""Poor as same rise let girl large reflect. Term cultural back resource very suffer behavior. Easy down staff their eye expert field.\nSix spring book for someone. Quality support seat plan hear school.""",13,90,440,,,,,,,Teresa Abbott,Anthony Reed,Jeffrey Dawson,,,,,,,Supporting Actor,Cameo,Cameo,,,,,,,19,9,3.33
6a2354259f2f6901826a5904,999,Much little,2000,177,Adventure,"""Soon may lawyer mouth give despite. Congress federal property group especially hair president.\nGo person try follow financial figure establish. Voice think last build state.""",2,122,329,387,469,,,,,Kyle Jones,Michelle Duncan,Jeffrey Gutierrez,Maurice Davis,Adam Welch,,,,,Lead Actor,Lead Actor,Supporting Actor,Supporting Actor,Lead Actor,,,,,25,14,2.5
6a2354259f2f6901826a5905,1000,Company address,2011,143,Fantasy,"""Way near type must company. Human institution bill run key.\nReligious company simply series community send what sit. Doctor around floor phone language rule continue. Sing now night above.""",69,166,322,,,,,,,Michael Bailey,Craig Hall,Theresa May,,,,,,,Supporting Actor,Supporting Actor,Cameo,,,,,,,13,6,2.33
