_id,userId,fullName,email,dateOfRegistration,userType,totalRentals,totalReviews
6a2354189f2f6901826a4d4e,1,Brandon Taylor DDS,marissahughes@example.net,2026-05-05,Regular,11,4
6a2354189f2f6901826a4d4f,2,Jennifer Chapman,elizabethkeith@example.com,2022-12-23,Regular,12,3
6a2354189f2f6901826a4d50,3,Sharon Welch,kevinsmith@example.net,2023-10-07,Regular,12,3
6a2354189f2f6901826a4d51,4,Cynthia Mcguire,michael83@example.com,2024-10-12,Regular,9,2
6a2354189f2f6901826a4d52,5,Terry Costa,timothyrussell@example.org,2022-05-12,Regular,6,2
6a2354189f2f6901826a4d53,6,John Jones,rgordon@example.net,2024-08-29,Regular,11,4
6a2354189f2f6901826a4d54,7,William Cunningham,bryan40@example.org,2026-03-28,Regular,15,9
6a2354189f2f6901826a4d55,8,Ronald Carroll,christinayoung@example.org,2024-03-25,Regular,11,5
6a2354189f2f6901826a4d56,9,Brett Garcia,jessicanelson@example.org,2022-05-31,Regular,16,4
6a2354189f2f6901826a4d57,10,Richard Lewis,lambertjerry@example.com,2025-02-22,Regular,6,3
6a2354189f2f6901826a4d58,11,Andrew Black,ryan91@example.net,2022-12-07,Regular,9,2
6a2354189f2f6901826a4d59,12,Zachary Garner,thoward@example.com,2023-03-09,Regular,10,4
6a2354189f2f6901826a4d5a,13,Chad Murphy,williebryan@example.com,2022-07-07,Regular,9,4
6a2354189f2f6901826a4d5b,14,Christopher Mccoy,justinkrause@example.com,2023-07-31,Regular,13,10
6a2354189f2f6901826a4d5c,15,Brooke Benson,summerskelly@example.org,2025-03-30,Regular,11,6
6a2354189f2f6901826a4d5d,16,Kimberly Oneill,umacdonald@example.org,2026-03-18,Regular,9,6
6a2354189f2f6901826a4d5e,17,Robin Rosales PhD,nicole40@example.org,2025-02-07,Regular,5,2
6a2354189f2f6901826a4d5f,18,Christopher Johnson,sarah10@example.net,2022-05-12,Regular,11,6
6a2354189f2f6901826a4d60,19,Miguel Mitchell,kylebaker@example.org,2026-06-05,Regular,6,3
6a2354189f2f6901826a4d61,20,Jacqueline Frank,charles66@example.net,2025-05-31,Premium,11,6
6a2354189f2f6901826a4d62,21,Tina Harrington,mchavez@example.com,2025-03-19,Regular,8,4
6a2354189f2f6901826a4d63,22,Mary Young,andrew03@example.org,2024-03-25,Premium,17,9
6a2354189f2f6901826a4d64,23,Benjamin Snyder,alicechang@example.net,2024-11-01,Regular,6,4
6a2354189f2f6901826a4d65,24,Mathew Burton,saundersbilly@example.com,2022-02-23,Regular,7,5
6a2354189f2f6901826a4d66,25,Linda Thomas,sarnold@example.net,2022-08-06,Regular,14,8
6a2354189f2f6901826a4d67,26,Paul Gonzalez,qcarpenter@example.net,2023-11-01,Premium,11,5
6a2354189f2f6901826a4d68,27,Timothy Smith,davidpatterson@example.net,2023-03-26,Regular,10,2
6a2354189f2f6901826a4d69,28,Anthony Morrison,williamsjose@example.com,2022-09-01,Premium,5,2
6a2354189f2f6901826a4d6a,29,Meredith Smith,johnortiz@example.net,2021-10-02,Regular,10,6
6a2354189f2f6901826a4d6b,30,Christopher Campbell,ealvarez@example.org,2025-12-15,Regular,16,8
6a2354189f2f6901826a4d6c,31,Tiffany Martinez,lindabridges@example.net,2021-10-24,Premium,12,7
6a2354189f2f6901826a4d6d,32,Stephen Escobar,joannepatterson@example.org,2024-01-21,Regular,11,6
6a2354189f2f6901826a4d6e,33,Logan Hawkins,littlestephanie@example.com,2022-04-26,Premium,7,3
6a2354189f2f6901826a4d6f,34,Maureen Ryan,mccannrichard@example.com,2022-12-04,Regular,10,8
6a2354189f2f6901826a4d70,35,Steven King,rivastara@example.org,2022-05-22,Regular,8,6
6a2354189f2f6901826a4d71,36,Terry Johnson,lambertstephen@example.org,2025-03-31,Regular,7,5
6a2354189f2f6901826a4d72,37,Alyssa Buck,loriflores@example.org,2024-11-10,Regular,9,5
6a2354189f2f6901826a4d73,38,James Harvey,pamela18@example.org,2022-10-09,Regular,11,7
6a2354189f2f6901826a4d74,39,Heather Taylor,masonsamantha@example.net,2025-01-06,Regular,14,10
6a2354189f2f6901826a4d75,40,Julie Abbott,brandonclark@example.com,2025-06-11,Regular,14,6
6a2354189f2f6901826a4d76,41,Tamara Lyons,contreraskelsey@example.com,2023-11-13,Premium,10,6
6a2354189f2f6901826a4d77,42,Nicolas Watson,brendagarcia@example.net,2025-09-14,Regular,13,7
6a2354189f2f6901826a4d78,43,Adam Wallace,anthonyjackson@example.net,2025-11-03,Regular,6,1
6a2354189f2f6901826a4d79,44,Lori Hanson,manningrobert@example.com,2024-07-28,Regular,12,6
6a2354189f2f6901826a4d7a,45,Kayla Joseph,barbara04@example.org,2023-03-11,Regular,10,6
6a2354189f2f6901826a4d7b,46,Gary Cooper,andrew68@example.org,2025-12-27,Regular,9,5
6a2354189f2f6901826a4d7c,47,Matthew Collins,daniel34@example.com,2022-05-22,Regular,5,3
6a2354189f2f6901826a4d7d,48,Heather Jones,daviddixon@example.net,2023-05-25,Regular,10,5
6a2354189f2f6901826a4d7e,49,Elizabeth Parker,mistysummers@example.com,2025-08-28,Regular,9,7
6a2354189f2f6901826a4d7f,50,Hannah Campos,martinezangela@example.org,2023-03-29,Premium,6,3
6a2354189f2f6901826a4d80,51,Jennifer Hogan,rkramer@example.com,2024-04-02,Regular,14,6
6a2354189f2f6901826a4d81,52,Robert Schmitt,emily11@example.com,2024-05-05,Regular,11,6
6a2354189f2f6901826a4d82,53,Mr. Jerry Drake MD,elainemyers@example.org,2022-07-25,Regular,7,2
6a2354189f2f6901826a4d83,54,Richard Bowman,mckinneyeric@example.org,2026-03-23,Regular,6,5
6a2354189f2f6901826a4d84,55,Judy Jones,amanda78@example.net,2022-07-18,Regular,10,2
6a2354189f2f6901826a4d85,56,Caleb Miller,roachamber@example.org,2023-04-07,Regular,8,2
6a2354189f2f6901826a4d86,57,Richard Roberts,ericmoon@example.net,2025-03-07,Regular,12,5
6a2354189f2f6901826a4d87,58,Diane Strong,kennethmccormick@example.org,2026-01-27,Regular,14,8
6a2354189f2f6901826a4d88,59,Monica Taylor,phelpsjoseph@example.net,2025-08-19,Regular,12,7
6a2354189f2f6901826a4d89,60,Katherine Moore,stricklandmark@example.org,2026-01-18,Premium,8,2
6a2354189f2f6901826a4d8a,61,Amy Higgins DDS,robinsonstephanie@example.org,2025-12-19,Premium,7,3
6a2354189f2f6901826a4d8b,62,Elizabeth Brown,wmurphy@example.net,2023-03-11,Regular,10,5
6a2354189f2f6901826a4d8c,63,Holly Bradley,williamsmadeline@example.com,2025-12-05,Regular,9,4
6a2354189f2f6901826a4d8d,64,Ashley Spears,joyceemily@example.com,2025-09-24,Regular,10,4
6a2354189f2f6901826a4d8e,65,Kara Howe,bakermichael@example.com,2022-10-25,Regular,6,2
6a2354189f2f6901826a4d8f,66,Mrs. Mary Gardner DDS,dpalmer@example.org,2023-05-25,Regular,6,2
6a2354189f2f6901826a4d90,67,Jennifer Mccoy,nguyensandra@example.com,2024-11-07,Regular,13,8
6a2354189f2f6901826a4d91,68,Charlotte Murray,kellyknight@example.org,2023-01-11,Regular,11,7
6a2354189f2f6901826a4d92,69,William Dixon Jr.,vharris@example.org,2024-12-09,Regular,9,3
6a2354189f2f6901826a4d93,70,Brenda Baker,lfleming@example.net,2025-06-09,Regular,4,1
6a2354189f2f6901826a4d94,71,Tyrone Holden,kbrown@example.net,2024-03-22,Premium,12,8
6a2354189f2f6901826a4d95,72,Rachel Carter,lthomas@example.org,2025-06-15,Regular,11,3
6a2354189f2f6901826a4d96,73,Katie Harris,ahickman@example.org,2022-07-22,Regular,12,6
6a2354189f2f6901826a4d97,74,Joanna Mcmahon,wmorgan@example.com,2025-09-30,Regular,14,10
6a2354189f2f6901826a4d98,75,Kelli Vaughn,omendez@example.net,2025-05-03,Regular,4,3
6a2354189f2f6901826a4d99,76,Nichole Sims,thill@example.net,2026-04-12,Regular,10,5
6a2354189f2f6901826a4d9a,77,Monica Fox,kelleyroy@example.net,2025-07-03,Regular,12,7
6a2354189f2f6901826a4d9b,78,Heather Vazquez,ejenkins@example.com,2024-09-18,Premium,11,3
6a2354189f2f6901826a4d9c,79,Richard Kennedy,tammymartinez@example.org,2021-06-12,Premium,11,3
6a2354189f2f6901826a4d9d,80,Sean Banks,zpierce@example.org,2021-11-03,Regular,11,8
6a2354189f2f6901826a4d9e,81,James Farrell,khicks@example.com,2023-12-17,Regular,7,3
6a2354189f2f6901826a4d9f,82,Rebecca Williams,bdunn@example.com,2026-04-06,Regular,9,7
6a2354189f2f6901826a4da0,83,Laura Roberts,jacksonshannon@example.net,2022-06-02,Regular,19,8
6a2354189f2f6901826a4da1,84,Toni Hughes,aalvarez@example.net,2025-08-15,Regular,7,4
6a2354189f2f6901826a4da2,85,Cynthia Parks,copelandholly@example.com,2025-12-27,Regular,12,1
6a2354189f2f6901826a4da3,86,Heather Bartlett,vsharp@example.com,2024-04-30,Regular,9,4
6a2354189f2f6901826a4da4,87,Jonathon Clark,shannonjennifer@example.org,2022-12-14,Regular,12,6
6a2354189f2f6901826a4da5,88,Amanda Miller,teresajames@example.com,2025-05-04,Premium,15,10
6a2354189f2f6901826a4da6,89,Annette Griffin,joelevine@example.net,2022-08-25,Regular,7,2
6a2354189f2f6901826a4da7,90,James Bridges,charles08@example.org,2025-09-28,Regular,10,5
6a2354189f2f6901826a4da8,91,Courtney Flores,ariana40@example.net,2023-02-16,Regular,9,4
6a2354189f2f6901826a4da9,92,Emily Freeman,greenalexandria@example.net,2024-09-20,Regular,5,1
6a2354189f2f6901826a4daa,93,Isaac Hughes,chapmanwilliam@example.org,2025-07-09,Regular,5,2
6a2354189f2f6901826a4dab,94,Robyn Long,creyes@example.org,2024-07-10,Regular,10,8
6a2354189f2f6901826a4dac,95,Adam Meza,jamie78@example.net,2025-04-28,Regular,9,3
6a2354189f2f6901826a4dad,96,Jessica Davis,jhiggins@example.com,2025-01-16,Premium,9,3
6a2354189f2f6901826a4dae,97,Kristin Fowler,tony59@example.com,2022-06-06,Premium,10,4
6a2354189f2f6901826a4daf,98,Frances King,sarah27@example.org,2026-04-30,Regular,5,3
6a2354189f2f6901826a4db0,99,Caitlin Baldwin,qlopez@example.net,2024-01-23,Regular,9,5
6a2354189f2f6901826a4db1,100,Amber Miller,lkelly@example.net,2023-06-28,Regular,11,2
6a2354189f2f6901826a4db2,101,Paul King,gwilliams@example.com,2022-07-25,Regular,8,3
6a2354189f2f6901826a4db3,102,Christina Jackson,rubenmartin@example.com,2021-10-05,Premium,7,4
6a2354189f2f6901826a4db4,103,Reginald Snyder,frank25@example.com,2021-12-28,Regular,9,3
6a2354189f2f6901826a4db5,104,Colton Davis,smithelizabeth@example.com,2023-12-01,Regular,12,6
6a2354189f2f6901826a4db6,105,Julie Barnett,philip43@example.net,2026-06-05,Regular,10,7
6a2354189f2f6901826a4db7,106,Alexander Chavez,susan89@example.com,2022-05-24,Regular,11,6
6a2354189f2f6901826a4db8,107,Cameron Brooks,lindsey83@example.net,2023-06-22,Regular,10,7
6a2354189f2f6901826a4db9,108,Thomas Snyder,kevinmorgan@example.org,2024-10-24,Regular,6,3
6a2354189f2f6901826a4dba,109,Jessica Richard,mccallrebecca@example.net,2022-02-12,Regular,6,3
6a2354189f2f6901826a4dbb,110,Matthew Fuentes,trevor75@example.net,2021-07-17,Regular,12,7
6a2354189f2f6901826a4dbc,111,Michelle Woodard,sarah62@example.net,2025-06-22,Regular,7,4
6a2354189f2f6901826a4dbd,112,Miss Theresa Riley DDS,brandysmith@example.org,2023-02-03,Regular,14,6
6a2354189f2f6901826a4dbe,113,Mr. Matthew Carr DDS,joshua81@example.org,2025-05-26,Regular,9,3
6a2354189f2f6901826a4dbf,114,Taylor Phillips,gene11@example.net,2022-02-20,Premium,13,6
6a2354189f2f6901826a4dc0,115,Michael Yang,andrew56@example.net,2023-08-13,Regular,9,7
6a2354189f2f6901826a4dc1,116,Karen Schneider,jameswyatt@example.com,2024-09-07,Regular,12,6
6a2354189f2f6901826a4dc2,117,Kevin Burke,patrickchapman@example.com,2021-10-20,Regular,12,6
6a2354189f2f6901826a4dc3,118,Catherine Odonnell,jennifer03@example.org,2023-08-09,Regular,10,6
6a2354189f2f6901826a4dc4,119,James White,kevin10@example.com,2024-06-03,Premium,14,5
6a2354189f2f6901826a4dc5,120,Pamela Delgado,millerdonna@example.com,2025-01-13,Regular,11,5
6a2354189f2f6901826a4dc6,121,Thomas Morgan,montessara@example.org,2025-01-12,Premium,8,4
6a2354189f2f6901826a4dc7,122,Lauren Calderon,pclayton@example.org,2025-12-29,Regular,16,8
6a2354189f2f6901826a4dc8,123,Mary Bell,amanda19@example.com,2026-02-19,Regular,12,6
6a2354189f2f6901826a4dc9,124,Steven Anderson,guerrerodenise@example.net,2022-05-19,Regular,8,3
6a2354189f2f6901826a4dca,125,Lori Dominguez,robinsonalexis@example.net,2023-03-30,Regular,9,5
6a2354189f2f6901826a4dcb,126,Brittany Garcia,natalie27@example.org,2025-02-05,Regular,11,8
6a2354189f2f6901826a4dcc,127,Heather Anderson,anthony97@example.com,2025-05-01,Regular,8,6
6a2354189f2f6901826a4dcd,128,Jimmy Allen,welchsean@example.net,2021-08-08,Regular,14,7
6a2354189f2f6901826a4dce,129,Daniel Mitchell,rickwade@example.org,2023-04-27,Regular,15,10
6a2354189f2f6901826a4dcf,130,Alicia Hughes,ncarter@example.org,2022-11-08,Regular,13,5
6a2354189f2f6901826a4dd0,131,Gwendolyn Brady,jacob81@example.com,2021-10-04,Regular,3,3
6a2354189f2f6901826a4dd1,132,Kylie Martinez,john74@example.org,2022-12-09,Regular,7,4
6a2354189f2f6901826a4dd2,133,Katherine Cortez,reyesbradley@example.org,2026-04-06,Regular,8,3
6a2354189f2f6901826a4dd3,134,Rebecca Roberts,joelhuffman@example.net,2025-04-04,Regular,14,6
6a2354189f2f6901826a4dd4,135,Valerie Wilson,howardbrandon@example.net,2024-07-19,Premium,12,8
6a2354189f2f6901826a4dd5,136,Mrs. Donna Gates,srobinson@example.net,2022-05-05,Premium,9,5
6a2354189f2f6901826a4dd6,137,Hannah Wilson,westjoseph@example.org,2023-05-23,Regular,11,6
6a2354189f2f6901826a4dd7,138,Anthony White,esaunders@example.com,2026-06-04,Regular,11,7
6a2354189f2f6901826a4dd8,139,Matthew Smith,zsmith@example.com,2023-04-23,Regular,10,4
6a2354189f2f6901826a4dd9,140,Tristan Walker,grosstimothy@example.org,2024-03-07,Regular,5,4
6a2354189f2f6901826a4dda,141,Lauren Rios DVM,pwilliams@example.net,2026-03-28,Premium,9,2
6a2354189f2f6901826a4ddb,142,Kathy Daniels,christophersmith@example.com,2021-10-19,Regular,12,4
6a2354189f2f6901826a4ddc,143,Jeffrey Jordan,tamara43@example.com,2024-01-03,Regular,6,3
6a2354189f2f6901826a4ddd,144,Jeffrey Hendricks,gonzalesjon@example.net,2025-08-25,Regular,8,3
6a2354189f2f6901826a4dde,145,Patrick Andrews,rebeccapayne@example.com,2021-11-15,Regular,9,8
6a2354189f2f6901826a4ddf,146,Mr. Joshua Arnold,bwatkins@example.org,2026-01-16,Regular,13,7
6a2354189f2f6901826a4de0,147,Laura Smith,nharrison@example.net,2024-11-18,Regular,9,5
6a2354189f2f6901826a4de1,148,Patricia Chung,millssteven@example.net,2022-09-02,Regular,6,4
6a2354189f2f6901826a4de2,149,Sherry Morris,quinnveronica@example.net,2024-04-14,Regular,10,4
6a2354189f2f6901826a4de3,150,Christopher Dougherty,mlopez@example.net,2024-07-24,Regular,9,4
6a2354189f2f6901826a4de4,151,Jessica Carter,kellydeborah@example.com,2025-08-26,Regular,7,3
6a2354189f2f6901826a4de5,152,Jessica Boyd,pclark@example.com,2024-03-22,Regular,7,3
6a2354189f2f6901826a4de6,153,Kelly Lambert,xdiaz@example.net,2025-06-08,Regular,11,3
6a2354189f2f6901826a4de7,154,Adam Sanchez,vlynch@example.com,2022-04-03,Regular,8,5
6a2354189f2f6901826a4de8,155,Kristen Turner,derekdiaz@example.org,2022-03-11,Regular,12,7
6a2354189f2f6901826a4de9,156,Daniel Martin,patelpatricia@example.net,2022-10-25,Regular,7,3
6a2354189f2f6901826a4dea,157,Ruth Harris,carpenterstacy@example.org,2021-12-04,Regular,12,8
6a2354189f2f6901826a4deb,158,Nicole Nelson,rdouglas@example.com,2025-11-07,Regular,10,2
6a2354189f2f6901826a4dec,159,Paul Ferguson,amyholland@example.com,2025-02-23,Regular,9,3
6a2354189f2f6901826a4ded,160,Elizabeth Gilbert,elizabeth62@example.org,2022-08-10,Regular,10,7
6a2354189f2f6901826a4dee,161,Shannon Turner,daryl06@example.net,2022-01-24,Premium,5,2
6a2354189f2f6901826a4def,162,Kenneth Jones,pauldurham@example.org,2024-11-23,Regular,11,8
6a2354189f2f6901826a4df0,163,Dustin Vance,smithmary@example.org,2023-02-22,Premium,4,1
6a2354189f2f6901826a4df1,164,David Porter,youngdouglas@example.org,2022-02-01,Premium,9,4
6a2354189f2f6901826a4df2,165,Gabriel Livingston,heather78@example.net,2022-01-27,Regular,9,3
6a2354189f2f6901826a4df3,166,Dawn Cochran,andrea78@example.com,2024-11-28,Regular,13,4
6a2354189f2f6901826a4df4,167,George Berg,vesparza@example.net,2025-09-27,Regular,14,8
6a2354189f2f6901826a4df5,168,Alexander Friedman,ericroberts@example.net,2026-04-19,Regular,8,3
6a2354189f2f6901826a4df6,169,Sarah Johns,qrosales@example.com,2024-04-21,Regular,8,5
6a2354189f2f6901826a4df7,170,Brittany Chavez,ryoung@example.org,2023-08-05,Regular,14,9
6a2354189f2f6901826a4df8,171,Jesse Watts,craigkim@example.com,2021-10-16,Admin,4,2
6a2354189f2f6901826a4df9,172,Lisa Smith,charles26@example.org,2025-09-09,Regular,11,5
6a2354189f2f6901826a4dfa,173,Michael Nelson,fjohnson@example.org,2023-09-15,Regular,11,7
6a2354189f2f6901826a4dfb,174,William Smith,gallegoskaren@example.org,2021-10-31,Regular,12,9
6a2354189f2f6901826a4dfc,175,Jessica Donaldson,fmassey@example.com,2023-06-03,Regular,9,6
6a2354189f2f6901826a4dfd,176,Debra Hooper,timothy29@example.net,2021-06-13,Premium,11,3
6a2354189f2f6901826a4dfe,177,Joseph Guzman,oshah@example.org,2026-04-27,Regular,14,5
6a2354189f2f6901826a4dff,178,Kaitlyn Reynolds,haley79@example.net,2025-12-18,Regular,12,7
6a2354189f2f6901826a4e00,179,Lisa Sanchez,smithcourtney@example.com,2024-11-18,Regular,9,5
6a2354189f2f6901826a4e01,180,Harold Parrish,colemanmargaret@example.org,2022-10-24,Regular,10,6
6a2354189f2f6901826a4e02,181,Amber Molina,barberjoseph@example.org,2023-08-18,Premium,11,5
6a2354189f2f6901826a4e03,182,Nathaniel Woods,catherinejohns@example.net,2025-07-23,Regular,9,5
6a2354189f2f6901826a4e04,183,Gary Huynh,bcole@example.com,2026-01-20,Regular,11,3
6a2354189f2f6901826a4e05,184,Thomas Coleman,jonescynthia@example.net,2026-05-20,Regular,11,5
6a2354189f2f6901826a4e06,185,Veronica Navarro,theresa58@example.com,2025-04-21,Premium,10,5
6a2354189f2f6901826a4e07,186,Christopher Taylor,jford@example.org,2025-08-24,Regular,6,2
6a2354189f2f6901826a4e08,187,Christopher Patel,johnsonbruce@example.org,2025-01-20,Premium,8,2
6a2354189f2f6901826a4e09,188,Amy Mayer,hebertjoshua@example.com,2025-03-14,Regular,11,6
6a2354189f2f6901826a4e0a,189,Adam Sweeney,sheilagraham@example.net,2023-11-01,Regular,7,5
6a2354189f2f6901826a4e0b,190,Matthew Williams,amyle@example.com,2021-11-16,Regular,10,2
6a2354189f2f6901826a4e0c,191,Michael Donovan,johnsonnicholas@example.net,2022-02-23,Premium,8,6
6a2354189f2f6901826a4e0d,192,Laurie Horton,cassandra17@example.net,2024-02-01,Regular,11,3
6a2354189f2f6901826a4e0e,193,Michael Wood,katelyn62@example.net,2024-06-03,Regular,9,3
6a2354189f2f6901826a4e0f,194,Nicholas Griffin,jamesharris@example.com,2021-12-21,Regular,13,7
6a2354189f2f6901826a4e10,195,Jessica Kelley,michelle05@example.net,2024-02-09,Regular,9,5
6a2354189f2f6901826a4e11,196,Travis Reid,brendabeck@example.net,2023-08-14,Regular,6,1
6a2354189f2f6901826a4e12,197,Jason Beard,poncenicholas@example.com,2024-10-02,Regular,7,2
6a2354189f2f6901826a4e13,198,Steven Cole,gadams@example.org,2023-07-15,Regular,13,5
6a2354189f2f6901826a4e14,199,Robert Rice,agrimes@example.com,2022-11-30,Regular,7,2
6a2354189f2f6901826a4e15,200,Dana Grant,andersonlisa@example.net,2024-07-21,Regular,13,6
6a2354189f2f6901826a4e16,201,Virginia Lopez,gary72@example.net,2024-05-20,Regular,8,6
6a2354189f2f6901826a4e17,202,Lacey Hill,cynthia07@example.net,2022-08-21,Premium,13,6
6a2354189f2f6901826a4e18,203,Amanda Bradley,wilsonanita@example.net,2022-07-30,Regular,7,2
6a2354189f2f6901826a4e19,204,Tammy Melton,burnettshawn@example.com,2023-07-19,Admin,7,4
6a2354189f2f6901826a4e1a,205,Marissa Stanton,nlong@example.net,2022-02-27,Regular,13,6
6a2354189f2f6901826a4e1b,206,Peter Jones,nmoore@example.com,2023-09-26,Regular,10,4
6a2354189f2f6901826a4e1c,207,Kristina Freeman,dewing@example.net,2024-04-18,Regular,6,5
6a2354189f2f6901826a4e1d,208,Bridget Miller,lindsayjackson@example.net,2022-06-27,Regular,11,5
6a2354189f2f6901826a4e1e,209,Anna Duncan,hamiltondakota@example.net,2026-05-24,Regular,6,5
6a2354189f2f6901826a4e1f,210,Tiffany Henderson,craigrios@example.com,2021-06-29,Regular,12,4
6a2354189f2f6901826a4e20,211,Randy Quinn,michael55@example.net,2024-04-29,Regular,13,6
6a2354189f2f6901826a4e21,212,Luke Bell,chunganthony@example.com,2022-05-21,Regular,16,8
6a2354189f2f6901826a4e22,213,Elizabeth Williams,sarah38@example.org,2023-04-03,Regular,8,4
6a2354189f2f6901826a4e23,214,Joshua Rowland,amandacabrera@example.net,2023-01-20,Regular,8,5
6a2354189f2f6901826a4e24,215,Crystal Adams,alvarezedward@example.org,2024-01-17,Regular,10,3
6a2354189f2f6901826a4e25,216,Alejandra Freeman,vincentcollins@example.org,2024-04-29,Regular,11,4
6a2354189f2f6901826a4e26,217,Erin Gregory,perezfrederick@example.org,2021-12-11,Regular,12,7
6a2354189f2f6901826a4e27,218,Michael Harrison,joel41@example.net,2024-11-29,Regular,11,4
6a2354189f2f6901826a4e28,219,Mr. Ronald Ponce,sean18@example.net,2022-11-02,Regular,18,11
6a2354189f2f6901826a4e29,220,Lawrence Gonzalez,thompsoncynthia@example.net,2025-08-02,Regular,13,6
6a2354189f2f6901826a4e2a,221,Megan Richmond,rbaker@example.com,2024-01-14,Premium,14,7
6a2354189f2f6901826a4e2b,222,Bryan Edwards,katherine02@example.net,2024-08-26,Regular,8,3
6a2354189f2f6901826a4e2c,223,Sarah Young,ucantu@example.com,2022-04-30,Regular,10,6
6a2354189f2f6901826a4e2d,224,Shannon Kim,xlevy@example.com,2021-11-16,Regular,7,3
6a2354189f2f6901826a4e2e,225,Jonathan Navarro,sherry15@example.org,2022-03-06,Regular,7,3
6a2354189f2f6901826a4e2f,226,Michael Stevenson,sserrano@example.org,2022-06-06,Regular,13,6
6a2354189f2f6901826a4e30,227,Melanie Underwood,wmedina@example.net,2021-09-15,Regular,13,6
6a2354189f2f6901826a4e31,228,Jason Young,davidsanders@example.net,2023-05-12,Regular,11,7
6a2354189f2f6901826a4e32,229,Tina Brown,vwarren@example.net,2025-02-10,Regular,5,1
6a2354189f2f6901826a4e33,230,Joshua Washington,etran@example.org,2021-11-10,Regular,6,2
6a2354189f2f6901826a4e34,231,James Roberson,ewilliams@example.com,2022-12-25,Premium,4,1
6a2354189f2f6901826a4e35,232,Leah Fernandez,williamstamara@example.net,2024-07-10,Regular,14,7
6a2354189f2f6901826a4e36,233,Miss Patricia Mathis,enguyen@example.net,2021-10-22,Regular,10,2
6a2354189f2f6901826a4e37,234,Tammy Ochoa,forbesannette@example.org,2025-01-04,Regular,8,1
6a2354189f2f6901826a4e38,235,Craig Fleming,hernandezlaura@example.com,2024-04-04,Premium,9,5
6a2354189f2f6901826a4e39,236,Adam Johnson,lindsayreyes@example.org,2024-10-30,Regular,6,3
6a2354189f2f6901826a4e3a,237,Nicole Jones,grahamrenee@example.net,2023-04-06,Regular,6,2
6a2354189f2f6901826a4e3b,238,Katrina Lopez,crobinson@example.org,2026-03-05,Regular,12,6
6a2354189f2f6901826a4e3c,239,Randy Hernandez,tonyabowen@example.org,2022-02-12,Regular,7,5
6a2354189f2f6901826a4e3d,240,Sara Davies,ethanadams@example.org,2023-01-23,Regular,7,3
6a2354189f2f6901826a4e3e,241,Stacie Smith,brownnicholas@example.net,2023-05-29,Regular,11,7
6a2354189f2f6901826a4e3f,242,Jeffery Meyer,miguelpham@example.com,2026-06-05,Regular,13,6
6a2354189f2f6901826a4e40,243,Carrie Gonzalez,robinsmith@example.org,2021-09-11,Regular,9,3
6a2354189f2f6901826a4e41,244,Debra Chambers,michaelwilliams@example.net,2021-07-30,Regular,8,6
6a2354189f2f6901826a4e42,245,Jennifer Leach,morrisjasmine@example.com,2023-02-08,Regular,14,6
6a2354189f2f6901826a4e43,246,Kristi Massey,sgoodman@example.net,2026-05-09,Regular,12,6
6a2354189f2f6901826a4e44,247,Dustin Mullen,mgriffin@example.com,2021-09-05,Regular,14,6
6a2354189f2f6901826a4e45,248,Kimberly Romero,wilkersonbrian@example.com,2022-12-05,Regular,8,5
6a2354189f2f6901826a4e46,249,Brandon Wu,thomas54@example.net,2022-02-02,Regular,13,5
6a2354189f2f6901826a4e47,250,Robert Flores,williamhart@example.net,2022-12-03,Regular,7,5
6a2354189f2f6901826a4e48,251,Nicholas Tran IV,crystalhawkins@example.com,2024-11-20,Regular,5,4
6a2354189f2f6901826a4e49,252,Brandon Stone,michelle42@example.com,2025-06-03,Regular,5,2
6a2354189f2f6901826a4e4a,253,Morgan Rose,sarahli@example.net,2025-05-12,Regular,12,5
6a2354189f2f6901826a4e4b,254,Frances Silva,whitejustin@example.com,2023-11-18,Regular,9,3
6a2354189f2f6901826a4e4c,255,Nathaniel Richardson,victor82@example.com,2025-08-28,Regular,8,3
6a2354189f2f6901826a4e4d,256,Anthony Johnson,lewislori@example.org,2022-12-20,Regular,7,5
6a2354189f2f6901826a4e4e,257,Andrea Lopez,jacksonroberto@example.net,2023-05-26,Regular,8,3
6a2354189f2f6901826a4e4f,258,Erica Smith,bondmichelle@example.org,2022-09-29,Regular,9,4
6a2354189f2f6901826a4e50,259,Mariah Zhang,zfleming@example.com,2026-02-06,Regular,8,7
6a2354189f2f6901826a4e51,260,Shane Bryant,qbass@example.com,2022-09-30,Regular,5,4
6a2354189f2f6901826a4e52,261,Heather Vaughan,eevans@example.net,2023-11-30,Premium,7,2
6a2354189f2f6901826a4e53,262,Sarah Gonzalez,dbernard@example.net,2023-12-13,Regular,11,8
6a2354189f2f6901826a4e54,263,Gary Johnson,qmitchell@example.com,2024-10-27,Regular,9,4
6a2354189f2f6901826a4e55,264,Rebecca Moore,denise19@example.org,2021-12-28,Regular,12,6
6a2354189f2f6901826a4e56,265,Eric White,kimberlylopez@example.net,2024-07-10,Regular,10,6
6a2354189f2f6901826a4e57,266,Victoria Lynch,daviskathleen@example.org,2023-07-29,Regular,7,3
6a2354189f2f6901826a4e58,267,David Sims,brookeelliott@example.org,2026-02-02,Premium,11,8
6a2354189f2f6901826a4e59,268,Patty Austin MD,pnichols@example.com,2024-11-28,Regular,9,7
6a2354189f2f6901826a4e5a,269,Elijah Reeves,priceheather@example.org,2024-09-29,Regular,11,5
6a2354189f2f6901826a4e5b,270,Cynthia Meza,amy68@example.com,2022-08-27,Regular,10,6
6a2354189f2f6901826a4e5c,271,Susan Lee,kathrynclements@example.org,2024-08-22,Premium,10,5
6a2354189f2f6901826a4e5d,272,Elizabeth Mills,lukethompson@example.com,2024-05-19,Regular,3,1
6a2354189f2f6901826a4e5e,273,Christie Espinoza,lawrence95@example.com,2023-09-09,Regular,8,2
6a2354189f2f6901826a4e5f,274,Alyssa Pennington MD,martindebra@example.com,2021-07-30,Admin,14,7
6a2354189f2f6901826a4e60,275,Jennifer Garcia,stephanie14@example.com,2025-04-27,Premium,10,6
6a2354189f2f6901826a4e61,276,Thomas Jackson,bjones@example.net,2023-12-30,Regular,10,5
6a2354189f2f6901826a4e62,277,Zachary Smith,amy12@example.net,2023-11-15,Regular,12,3
6a2354189f2f6901826a4e63,278,Samuel Gonzalez,laurakhan@example.org,2026-03-08,Premium,13,6
6a2354189f2f6901826a4e64,279,Nicholas Washington,michael47@example.net,2023-01-30,Regular,11,6
6a2354189f2f6901826a4e65,280,Michael Martinez,carsonpatricia@example.net,2026-05-30,Regular,11,8
6a2354189f2f6901826a4e66,281,Janet Padilla,jamesphillips@example.net,2025-03-30,Regular,10,5
6a2354189f2f6901826a4e67,282,Natasha Cooley,stephanielee@example.net,2025-04-01,Regular,5,3
6a2354189f2f6901826a4e68,283,Ashley Hernandez,michael46@example.net,2025-05-12,Regular,11,4
6a2354189f2f6901826a4e69,284,Robin Parker,ywalker@example.com,2021-12-26,Premium,13,7
6a2354189f2f6901826a4e6a,285,Jesse Underwood,carolbradley@example.org,2022-12-29,Regular,13,5
6a2354189f2f6901826a4e6b,286,Katherine Griffin,joel95@example.com,2024-03-03,Regular,9,5
6a2354189f2f6901826a4e6c,287,Lori Cross,martinezdanielle@example.net,2022-05-23,Regular,7,4
6a2354189f2f6901826a4e6d,288,Kimberly Mason,lawsonchristine@example.net,2022-07-20,Regular,13,8
6a2354189f2f6901826a4e6e,289,Jennifer Crawford,hernandezdavid@example.net,2022-10-04,Regular,10,7
6a2354189f2f6901826a4e6f,290,Aaron Cook,jessicajuarez@example.com,2022-02-21,Regular,11,8
6a2354189f2f6901826a4e70,291,Leah Maxwell,sotochristine@example.net,2021-11-26,Regular,10,3
6a2354189f2f6901826a4e71,292,Jennifer Wood,fletchermark@example.net,2025-01-02,Regular,6,4
6a2354189f2f6901826a4e72,293,Scott Reynolds,bduncan@example.com,2021-09-18,Regular,11,7
6a2354189f2f6901826a4e73,294,Keith Williams,hornemonica@example.org,2025-09-16,Regular,12,4
6a2354189f2f6901826a4e74,295,Mr. Michael Benjamin,ohudson@example.net,2022-11-24,Regular,13,8
6a2354189f2f6901826a4e75,296,Charles Stevens,jeremywright@example.com,2025-03-13,Regular,10,3
6a2354189f2f6901826a4e76,297,Kristine Wilcox,clarkejesse@example.com,2025-09-09,Regular,8,7
6a2354189f2f6901826a4e77,298,Travis Watts,foxeddie@example.org,2026-01-09,Regular,14,6
6a2354189f2f6901826a4e78,299,Joseph Henderson,erinhorton@example.net,2025-01-12,Regular,15,9
6a2354189f2f6901826a4e79,300,Nathan Cooper,hornekathleen@example.com,2023-05-20,Regular,8,3
6a2354189f2f6901826a4e7a,301,Corey Moore,tanner97@example.net,2022-10-07,Regular,11,7
6a2354189f2f6901826a4e7b,302,Michael Powers,racheljacobs@example.net,2021-10-29,Regular,13,6
6a2354189f2f6901826a4e7c,303,Matthew York,christopher90@example.net,2021-12-27,Regular,9,6
6a2354189f2f6901826a4e7d,304,Daniel Morgan,uallen@example.org,2023-11-25,Regular,8,4
6a2354189f2f6901826a4e7e,305,Craig Lee,umckay@example.net,2024-12-15,Regular,13,6
6a2354189f2f6901826a4e7f,306,Diamond Gutierrez DDS,coletaylor@example.net,2024-06-09,Regular,11,4
6a2354189f2f6901826a4e80,307,Melissa Frank,pinedamichelle@example.com,2022-01-01,Regular,11,3
6a2354189f2f6901826a4e81,308,Dylan White PhD,salazarryan@example.com,2021-10-24,Regular,10,2
6a2354189f2f6901826a4e82,309,Collin Hudson,emelendez@example.net,2023-05-27,Regular,12,6
6a2354189f2f6901826a4e83,310,Michelle Bell,john88@example.net,2022-03-13,Premium,3,1
6a2354189f2f6901826a4e84,311,William Chase,rparker@example.net,2026-01-28,Regular,4,1
6a2354189f2f6901826a4e85,312,Katherine Nielsen,brandonthomas@example.com,2021-12-31,Regular,4,1
6a2354189f2f6901826a4e86,313,Timothy Lewis,richard84@example.com,2022-03-13,Regular,9,2
6a2354189f2f6901826a4e87,314,Ricardo Williams,lopezcindy@example.com,2022-04-29,Regular,11,7
6a2354189f2f6901826a4e88,315,Eric Key,richard60@example.org,2025-06-26,Premium,13,8
6a2354189f2f6901826a4e89,316,Ronald Davis,brownautumn@example.net,2024-12-12,Premium,9,2
6a2354189f2f6901826a4e8a,317,James Marsh MD,ebarnes@example.net,2022-03-02,Regular,8,3
6a2354189f2f6901826a4e8b,318,Alexis Sanchez,kayla39@example.org,2025-07-04,Regular,10,6
6a2354189f2f6901826a4e8c,319,Charles Jones,mariaedwards@example.net,2023-07-01,Regular,8,5
6a2354189f2f6901826a4e8d,320,Douglas Miranda,perezrhonda@example.com,2025-02-19,Admin,10,6
6a2354189f2f6901826a4e8e,321,Sara Sandoval,lhernandez@example.net,2025-08-02,Regular,9,5
6a2354189f2f6901826a4e8f,322,Alyssa Williams,ronaldnorris@example.com,2022-04-26,Regular,9,3
6a2354189f2f6901826a4e90,323,Ana Barker,norman59@example.net,2022-05-01,Premium,12,6
6a2354189f2f6901826a4e91,324,Martha Thompson,nicolewilkins@example.org,2024-03-10,Regular,12,10
6a2354189f2f6901826a4e92,325,Alexandra Soto,orrryan@example.org,2023-03-04,Regular,10,5
6a2354189f2f6901826a4e93,326,Vincent Bauer,albert53@example.com,2026-01-25,Premium,13,6
6a2354189f2f6901826a4e94,327,Jason Jones,valerie73@example.com,2025-12-09,Admin,5,3
6a2354189f2f6901826a4e95,328,Stacy Roberts,scott06@example.net,2021-07-05,Regular,10,9
6a2354189f2f6901826a4e96,329,Deborah Harris,elizabethowens@example.com,2025-08-04,Regular,11,5
6a2354189f2f6901826a4e97,330,Mary Ortiz,eshaffer@example.com,2023-12-17,Regular,7,4
6a2354189f2f6901826a4e98,331,Tamara Wilson,williamhill@example.org,2023-04-13,Regular,5,2
6a2354189f2f6901826a4e99,332,Robert Kelly,hicksshelby@example.org,2022-08-02,Regular,6,4
6a2354189f2f6901826a4e9a,333,Brandon Williams,roycameron@example.org,2022-06-08,Regular,17,5
6a2354189f2f6901826a4e9b,334,Benjamin Turner III,tmorris@example.com,2024-03-11,Regular,13,9
6a2354189f2f6901826a4e9c,335,Erika Wallace,lauren02@example.net,2024-01-03,Premium,15,7
6a2354189f2f6901826a4e9d,336,Sonya Weber,nicholas17@example.com,2021-12-30,Premium,8,0
6a2354189f2f6901826a4e9e,337,Raven Ray,tswanson@example.com,2024-09-29,Regular,12,9
6a2354189f2f6901826a4e9f,338,Nicole Davis,yesenia59@example.org,2022-12-31,Regular,15,9
6a2354189f2f6901826a4ea0,339,Alicia Diaz,heather00@example.org,2022-08-01,Regular,10,2
6a2354189f2f6901826a4ea1,340,Jessica Evans,christopherdouglas@example.org,2021-08-24,Regular,7,4
6a2354189f2f6901826a4ea2,341,Jennifer Perkins,gwilson@example.com,2025-11-18,Premium,12,5
6a2354189f2f6901826a4ea3,342,Gina Mcknight,ashley62@example.com,2024-07-04,Regular,11,3
6a2354189f2f6901826a4ea4,343,Julie Ballard,mejiabethany@example.com,2026-03-12,Regular,13,7
6a2354189f2f6901826a4ea5,344,Dustin Gomez,ramirezandrea@example.com,2024-12-26,Regular,6,4
6a2354189f2f6901826a4ea6,345,Elizabeth Camacho,gharris@example.com,2025-01-09,Premium,4,2
6a2354189f2f6901826a4ea7,346,Mr. Larry Allen Jr.,alexandria13@example.com,2021-08-26,Regular,9,6
6a2354189f2f6901826a4ea8,347,Jacob Thompson MD,michele82@example.net,2023-02-13,Regular,8,4
6a2354189f2f6901826a4ea9,348,Valerie Cunningham,shawn97@example.com,2023-04-05,Regular,12,6
6a2354189f2f6901826a4eaa,349,Leslie Hall,perezaaron@example.com,2022-12-28,Regular,5,4
6a2354189f2f6901826a4eab,350,Matthew Robinson,evelyn54@example.com,2024-09-28,Regular,10,4
6a2354189f2f6901826a4eac,351,Brad Mitchell,linda55@example.org,2021-06-07,Regular,12,4
6a2354189f2f6901826a4ead,352,Nathaniel Chandler,vincent85@example.com,2022-09-29,Regular,7,5
6a2354189f2f6901826a4eae,353,Carlos Baird,aguirrenicholas@example.org,2022-05-19,Regular,13,8
6a2354189f2f6901826a4eaf,354,Michelle Graves,moraelizabeth@example.com,2022-04-30,Regular,18,11
6a2354189f2f6901826a4eb0,355,Randy Campbell,umurillo@example.org,2023-11-18,Regular,10,5
6a2354189f2f6901826a4eb1,356,Carrie Ayala,djones@example.org,2021-12-29,Regular,8,4
6a2354189f2f6901826a4eb2,357,Mark Chen,travisturner@example.org,2025-07-03,Regular,3,2
6a2354189f2f6901826a4eb3,358,James Wells,hholt@example.com,2023-01-30,Premium,8,3
6a2354189f2f6901826a4eb4,359,Jaime Yang,fergusonchristine@example.org,2022-12-01,Regular,13,4
6a2354189f2f6901826a4eb5,360,Makayla Robinson,danielvasquez@example.net,2026-03-06,Premium,9,4
6a2354189f2f6901826a4eb6,361,Andrew Mendoza,zjohnson@example.org,2025-03-22,Regular,10,4
6a2354189f2f6901826a4eb7,362,Krystal Yoder,jenkinstodd@example.com,2025-11-13,Regular,13,4
6a2354189f2f6901826a4eb8,363,Randy Roth,anthony16@example.org,2025-01-01,Regular,6,3
6a2354189f2f6901826a4eb9,364,Lisa Davis,ryanlaura@example.com,2026-03-11,Regular,7,4
6a2354189f2f6901826a4eba,365,Jesus Rubio,kristen24@example.org,2022-08-02,Premium,8,6
6a2354189f2f6901826a4ebb,366,Miss Kelsey Phillips PhD,xpeterson@example.org,2026-03-09,Regular,8,4
6a2354189f2f6901826a4ebc,367,Crystal Reid,jacob76@example.org,2022-01-13,Regular,10,6
6a2354189f2f6901826a4ebd,368,Susan Jennings,jerry72@example.net,2025-07-19,Regular,8,4
6a2354189f2f6901826a4ebe,369,Jeanne Young,novakmorgan@example.com,2024-10-02,Regular,15,9
6a2354189f2f6901826a4ebf,370,Matthew Bennett,xmendez@example.org,2024-10-14,Regular,16,8
6a2354189f2f6901826a4ec0,371,Jonathan Smith,ramirezamanda@example.com,2022-03-21,Regular,10,5
6a2354189f2f6901826a4ec1,372,Mary Butler,erin43@example.org,2024-03-08,Regular,6,3
6a2354189f2f6901826a4ec2,373,Joshua Carter,robertsmatthew@example.org,2025-08-26,Regular,11,4
6a2354189f2f6901826a4ec3,374,Thomas Yu,ehutchinson@example.org,2022-10-25,Regular,7,3
6a2354189f2f6901826a4ec4,375,Randall Perkins,tcarpenter@example.net,2024-04-18,Regular,6,5
6a2354189f2f6901826a4ec5,376,Phillip Burton,alexanderhill@example.org,2026-03-27,Regular,9,4
6a2354189f2f6901826a4ec6,377,Autumn Watts,qfowler@example.net,2025-03-28,Regular,10,5
6a2354189f2f6901826a4ec7,378,Sabrina Jacobson,shahsharon@example.net,2022-12-28,Regular,9,4
6a2354189f2f6901826a4ec8,379,Theresa Cuevas,hernandezchristopher@example.com,2025-10-23,Regular,10,5
6a2354189f2f6901826a4ec9,380,George Bond,doris81@example.net,2022-06-03,Regular,9,5
6a2354189f2f6901826a4eca,381,Isaiah Mata,lisawilson@example.net,2026-01-01,Regular,18,10
6a2354189f2f6901826a4ecb,382,Jeffrey Graham,jacqueline20@example.net,2024-10-29,Regular,15,10
6a2354189f2f6901826a4ecc,383,Danielle Silva,vchristian@example.com,2026-03-29,Premium,16,9
6a2354189f2f6901826a4ecd,384,Lisa Gaines,ofuller@example.org,2025-07-26,Premium,4,3
6a2354189f2f6901826a4ece,385,Megan Evans,harrisearl@example.net,2022-02-16,Regular,11,6
6a2354189f2f6901826a4ecf,386,Billy Weiss MD,josephramos@example.net,2021-12-05,Regular,9,5
6a2354189f2f6901826a4ed0,387,Allison Brown,ericayers@example.com,2025-05-24,Regular,10,5
6a2354189f2f6901826a4ed1,388,Angelica Rose,cory75@example.org,2021-08-22,Regular,12,10
6a2354189f2f6901826a4ed2,389,Kim Frye,kelly90@example.com,2022-10-26,Regular,4,2
6a2354189f2f6901826a4ed3,390,Michael Owens,davisjustin@example.com,2021-11-18,Regular,8,4
6a2354189f2f6901826a4ed4,391,Christina Mcdowell,mendezdebra@example.com,2025-10-21,Regular,9,5
6a2354189f2f6901826a4ed5,392,Bianca Mcbride,anthony87@example.com,2026-05-20,Regular,7,4
6a2354189f2f6901826a4ed6,393,Manuel Morales,laurengrant@example.com,2025-06-14,Regular,9,3
6a2354189f2f6901826a4ed7,394,Brian Woods,staceyowens@example.org,2021-11-16,Regular,8,4
6a2354189f2f6901826a4ed8,395,Alexander Vargas,rpope@example.org,2021-07-12,Regular,6,2
6a2354189f2f6901826a4ed9,396,Sarah Peterson,powellalicia@example.net,2022-05-15,Regular,9,4
6a2354189f2f6901826a4eda,397,Nancy Bryant,logan55@example.com,2023-12-16,Regular,8,3
6a2354189f2f6901826a4edb,398,Michael Brown,robert15@example.net,2025-03-11,Regular,10,4
6a2354189f2f6901826a4edc,399,Brandon Morgan,jimenezshane@example.com,2021-07-22,Premium,15,8
6a2354189f2f6901826a4edd,400,Sabrina Gardner,emily72@example.org,2024-07-19,Premium,11,7
6a2354189f2f6901826a4ede,401,Gary Robinson,ismith@example.org,2024-06-08,Regular,14,7
6a2354189f2f6901826a4edf,402,Jeffery Hall,smithdavid@example.org,2025-07-26,Premium,10,5
6a2354189f2f6901826a4ee0,403,Sarah Brooks,jacksontheresa@example.com,2025-02-07,Regular,8,3
6a2354189f2f6901826a4ee1,404,Dustin Taylor,johnsoneric@example.org,2023-10-27,Regular,9,5
6a2354189f2f6901826a4ee2,405,Jacob Lopez DDS,haydenrebecca@example.com,2024-05-16,Premium,11,5
6a2354189f2f6901826a4ee3,406,Ana Lee,jmcdaniel@example.net,2024-04-21,Regular,8,5
6a2354189f2f6901826a4ee4,407,Robert Newton,nwalker@example.org,2026-02-19,Regular,12,7
6a2354189f2f6901826a4ee5,408,Kayla Keith,kennedyjohn@example.net,2026-06-04,Regular,7,5
6a2354189f2f6901826a4ee6,409,Susan Young,danielsbenjamin@example.com,2024-10-22,Regular,10,5
6a2354189f2f6901826a4ee7,410,Michael Davis,wgonzales@example.org,2024-07-04,Regular,8,4
6a2354189f2f6901826a4ee8,411,Grant Lucas,johnunderwood@example.com,2023-06-17,Regular,10,6
6a2354189f2f6901826a4ee9,412,Rebecca Arnold,edwardreyes@example.net,2025-05-09,Regular,14,5
6a2354189f2f6901826a4eea,413,Sarah Ray,matthewreese@example.org,2021-10-15,Premium,7,4
6a2354189f2f6901826a4eeb,414,Sara Jackson,william65@example.net,2024-12-28,Regular,8,8
6a2354189f2f6901826a4eec,415,Sarah Cochran,jaredmcpherson@example.com,2025-12-06,Regular,11,4
6a2354189f2f6901826a4eed,416,Jonathan Castillo,caseyjacob@example.org,2025-05-04,Regular,12,3
6a2354189f2f6901826a4eee,417,Carol Cardenas,marie35@example.net,2023-01-22,Regular,12,9
6a2354189f2f6901826a4eef,418,Danielle Johnson,michael53@example.com,2021-07-31,Regular,11,4
6a2354189f2f6901826a4ef0,419,Robert Porter,gillespiebrittany@example.com,2024-04-16,Regular,12,3
6a2354189f2f6901826a4ef1,420,Tyler George,kara56@example.org,2023-08-19,Regular,11,3
6a2354189f2f6901826a4ef2,421,Kim Warren,kristen18@example.org,2026-02-12,Regular,8,4
6a2354189f2f6901826a4ef3,422,Gabriela Olson,parkerjoseph@example.org,2024-09-09,Regular,15,5
6a2354189f2f6901826a4ef4,423,Jeffrey Lewis,jesus17@example.com,2025-02-19,Regular,12,6
6a2354189f2f6901826a4ef5,424,Lynn Roman,blakesean@example.com,2024-01-23,Regular,10,5
6a2354189f2f6901826a4ef6,425,Deborah Herrera,lvincent@example.com,2023-10-03,Regular,12,5
6a2354189f2f6901826a4ef7,426,James Rodriguez,martinezbriana@example.net,2025-08-31,Regular,7,5
6a2354189f2f6901826a4ef8,427,Brenda Delgado,kimolsen@example.org,2024-03-24,Regular,1,1
6a2354189f2f6901826a4ef9,428,David Bennett,hancockalyssa@example.com,2025-02-26,Premium,7,4
6a2354189f2f6901826a4efa,429,Travis Gonzalez,sydneyharper@example.org,2021-11-01,Regular,8,3
6a2354189f2f6901826a4efb,430,Mark Glass MD,robinsonjonathan@example.org,2021-07-17,Regular,10,4
6a2354189f2f6901826a4efc,431,Danielle Reyes,hevans@example.net,2024-08-17,Regular,11,4
6a2354189f2f6901826a4efd,432,Joseph Pitts,ryanolson@example.net,2026-05-02,Regular,5,2
6a2354189f2f6901826a4efe,433,Bruce Dougherty,dmathews@example.org,2025-06-16,Regular,4,3
6a2354189f2f6901826a4eff,434,John Holt,curtis65@example.com,2025-11-02,Regular,12,6
6a2354189f2f6901826a4f00,435,Brian Diaz,brandygarcia@example.org,2023-05-17,Regular,5,2
6a2354189f2f6901826a4f01,436,Amber Lopez,brownrebecca@example.net,2022-02-22,Regular,8,4
6a2354189f2f6901826a4f02,437,Todd Becker,natalie54@example.net,2021-12-15,Regular,13,6
6a2354189f2f6901826a4f03,438,Philip Wilkins,johnmoore@example.org,2025-06-20,Premium,11,8
6a2354189f2f6901826a4f04,439,Noah Morgan,lemichael@example.net,2022-05-05,Regular,11,4
6a2354189f2f6901826a4f05,440,Lisa Whitehead,johnsphillip@example.com,2026-01-14,Regular,11,5
6a2354189f2f6901826a4f06,441,Margaret Robinson,nmendoza@example.net,2022-06-16,Regular,8,6
6a2354189f2f6901826a4f07,442,Joshua Gray,kathleenmckee@example.net,2022-07-04,Regular,10,5
6a2354189f2f6901826a4f08,443,Lori Long,nbender@example.org,2024-06-24,Regular,11,5
6a2354189f2f6901826a4f09,444,Joshua Fleming,guerrerolucas@example.net,2024-11-29,Regular,10,6
6a2354189f2f6901826a4f0a,445,Tina Hart,mary81@example.org,2023-12-18,Regular,14,9
6a2354189f2f6901826a4f0b,446,Denise Villarreal,justinmalone@example.org,2022-09-26,Regular,11,6
6a2354189f2f6901826a4f0c,447,Jeffery Marquez,boonechristopher@example.net,2025-02-06,Regular,10,7
6a2354189f2f6901826a4f0d,448,Gabriel Griffith,shawchristine@example.com,2021-09-02,Regular,10,6
6a2354189f2f6901826a4f0e,449,Wesley White,davidgriffin@example.net,2024-12-14,Regular,16,6
6a2354189f2f6901826a4f0f,450,Richard Farley,danielstrong@example.org,2024-02-06,Regular,8,4
6a2354189f2f6901826a4f10,451,Briana Sims,millerjohn@example.org,2025-12-15,Regular,11,8
6a2354189f2f6901826a4f11,452,Alicia Buchanan,nicholsonemily@example.org,2023-09-24,Regular,15,8
6a2354189f2f6901826a4f12,453,Paul Murray,andrewhernandez@example.com,2023-06-18,Regular,6,2
6a2354189f2f6901826a4f13,454,Samantha Jackson,kwaters@example.com,2025-07-27,Regular,9,4
6a2354189f2f6901826a4f14,455,Mark Berry,anthonyryan@example.net,2023-02-02,Regular,9,2
6a2354189f2f6901826a4f15,456,Linda Willis,seanrodriguez@example.org,2025-12-25,Regular,11,5
6a2354189f2f6901826a4f16,457,Barbara Cortez,robert35@example.org,2026-04-18,Regular,13,4
6a2354189f2f6901826a4f17,458,Ryan Brandt,vperez@example.net,2022-10-24,Regular,8,6
6a2354189f2f6901826a4f18,459,Michael Hopkins,ashleyparker@example.net,2021-09-24,Regular,8,3
6a2354189f2f6901826a4f19,460,Brittany Olson,sharonsimmons@example.org,2023-06-23,Regular,9,6
6a2354189f2f6901826a4f1a,461,Timothy Caldwell,amandagarcia@example.net,2026-02-22,Premium,8,1
6a2354189f2f6901826a4f1b,462,Adam Rogers,znelson@example.com,2021-06-28,Regular,9,3
6a2354189f2f6901826a4f1c,463,Michael Roach,sarasilva@example.net,2023-12-26,Regular,9,7
6a2354189f2f6901826a4f1d,464,Larry Garcia,nryan@example.net,2025-07-08,Regular,11,6
6a2354189f2f6901826a4f1e,465,Joshua Adams,christophergibson@example.org,2025-08-27,Regular,17,6
6a2354189f2f6901826a4f1f,466,Brittany Maxwell,watersgina@example.net,2023-04-17,Regular,10,2
6a2354189f2f6901826a4f20,467,Jerry Gutierrez,owenscharles@example.net,2026-01-18,Premium,8,3
6a2354189f2f6901826a4f21,468,Carolyn Hardin,julian77@example.net,2025-08-11,Regular,11,7
6a2354189f2f6901826a4f22,469,Carlos Wood,atkinsonjustin@example.org,2024-08-09,Regular,14,6
6a2354189f2f6901826a4f23,470,Andrew Bullock,zacharywilliamson@example.net,2024-07-27,Regular,13,4
6a2354189f2f6901826a4f24,471,Victoria Cox,tiffanyjohnston@example.org,2026-01-04,Regular,16,8
6a2354189f2f6901826a4f25,472,Hailey Murray,misty10@example.com,2025-02-08,Regular,10,6
6a2354189f2f6901826a4f26,473,Jeremy Thomas,harringtonnatasha@example.net,2022-07-02,Regular,14,10
6a2354189f2f6901826a4f27,474,Samuel Turner,zpadilla@example.com,2023-08-12,Regular,13,9
6a2354189f2f6901826a4f28,475,Angela Watts,michael03@example.net,2024-05-03,Regular,4,4
6a2354189f2f6901826a4f29,476,Michael Martin Jr.,elizabeth66@example.net,2026-01-27,Regular,8,4
6a2354189f2f6901826a4f2a,477,Kristopher Campbell,mendozajustin@example.com,2024-06-27,Regular,10,4
6a2354189f2f6901826a4f2b,478,Justin Contreras,joshua60@example.com,2022-12-30,Regular,10,6
6a2354189f2f6901826a4f2c,479,Robert Hunter,davidshort@example.net,2026-02-08,Premium,6,2
6a2354189f2f6901826a4f2d,480,Denise Harris,blake44@example.net,2026-01-08,Regular,15,7
6a2354189f2f6901826a4f2e,481,Bradley Smith,chasechapman@example.org,2025-10-16,Regular,9,8
6a2354189f2f6901826a4f2f,482,Angela Mejia,richard66@example.org,2023-05-09,Premium,13,7
6a2354189f2f6901826a4f30,483,Elizabeth Flores,ronniesantos@example.org,2023-07-31,Regular,9,7
6a2354189f2f6901826a4f31,484,Theresa Gordon,morgancarlos@example.com,2021-06-05,Regular,7,3
6a2354189f2f6901826a4f32,485,Sara Wilson,higginsjason@example.org,2022-09-18,Regular,8,5
6a2354189f2f6901826a4f33,486,Katherine Williams,ycole@example.com,2023-08-26,Regular,4,3
6a2354189f2f6901826a4f34,487,Rebecca Stein,hamiltonerin@example.net,2025-11-13,Regular,14,4
6a2354189f2f6901826a4f35,488,Lorraine Jackson,thomas38@example.net,2024-09-20,Regular,8,4
6a2354189f2f6901826a4f36,489,Mrs. Nicole Morgan,justin14@example.net,2025-01-21,Premium,12,5
6a2354189f2f6901826a4f37,490,Emily Coleman,youngamber@example.org,2024-08-29,Regular,14,5
6a2354189f2f6901826a4f38,491,John Davis,gregory77@example.org,2022-02-26,Regular,10,6
6a2354189f2f6901826a4f39,492,Debra Fuller,jdavis@example.com,2023-02-27,Regular,12,2
6a2354189f2f6901826a4f3a,493,Craig Collins,austin81@example.com,2023-02-25,Regular,9,4
6a2354189f2f6901826a4f3b,494,Benjamin May,zwagner@example.org,2022-05-06,Regular,7,3
6a2354189f2f6901826a4f3c,495,Maria Wilson,meltonchase@example.net,2021-06-08,Regular,6,3
6a2354189f2f6901826a4f3d,496,Laura Garcia,rthompson@example.net,2023-04-02,Regular,11,5
6a2354189f2f6901826a4f3e,497,Taylor Fritz,aaronmiles@example.org,2021-06-14,Regular,8,3
6a2354189f2f6901826a4f3f,498,Larry Foster,suzanne29@example.com,2021-06-18,Regular,8,5
6a2354189f2f6901826a4f40,499,Eduardo Potter,martinezannette@example.org,2022-09-10,Regular,9,2
6a2354189f2f6901826a4f41,500,Calvin Anderson,swhite@example.org,2025-06-25,Regular,4,1
6a2354189f2f6901826a4f42,501,Jeremy Orr,johnjones@example.net,2024-10-10,Regular,7,5
6a2354189f2f6901826a4f43,502,Brittany Martinez,judith50@example.org,2024-10-19,Regular,7,5
6a2354189f2f6901826a4f44,503,Michael Ruiz,kevin38@example.com,2021-07-12,Premium,9,6
6a2354189f2f6901826a4f45,504,Linda Holt,ghart@example.com,2024-07-24,Regular,9,6
6a2354189f2f6901826a4f46,505,Michael Orozco,zfoster@example.org,2025-08-18,Regular,11,7
6a2354189f2f6901826a4f47,506,Christian Young MD,timothychen@example.net,2021-08-11,Regular,9,6
6a2354189f2f6901826a4f48,507,Sean Carter,kathy18@example.com,2023-09-17,Regular,12,6
6a2354189f2f6901826a4f49,508,Nathan Simon,brittany70@example.com,2026-05-13,Premium,13,9
6a2354189f2f6901826a4f4a,509,Amy Silva,rick87@example.org,2026-05-12,Premium,8,3
6a2354189f2f6901826a4f4b,510,Amanda Lewis,stewartamy@example.com,2021-07-20,Regular,13,5
6a2354189f2f6901826a4f4c,511,Pamela Jackson,uramirez@example.com,2022-03-20,Regular,12,7
6a2354189f2f6901826a4f4d,512,Danielle Quinn,umora@example.com,2023-01-06,Regular,11,4
6a2354189f2f6901826a4f4e,513,Shelly Thomas,livingstonmichelle@example.com,2022-04-18,Regular,12,5
6a2354189f2f6901826a4f4f,514,Christie Sanders,hodgeslaura@example.org,2023-01-15,Regular,6,4
6a2354189f2f6901826a4f50,515,Jimmy Smith,shawna80@example.com,2022-12-20,Regular,11,4
6a2354189f2f6901826a4f51,516,Misty Casey,tamarabutler@example.org,2021-10-22,Regular,10,6
6a2354189f2f6901826a4f52,517,Richard Bailey,vincent92@example.com,2022-08-10,Regular,16,5
6a2354189f2f6901826a4f53,518,Jodi Krueger,aturner@example.org,2023-07-10,Regular,10,9
6a2354189f2f6901826a4f54,519,Linda Franklin,ericjohnson@example.net,2025-04-10,Premium,12,6
6a2354189f2f6901826a4f55,520,Samuel Bradley,kayla89@example.com,2024-09-13,Regular,7,4
6a2354189f2f6901826a4f56,521,Amanda Bass,carterashley@example.net,2025-01-19,Regular,14,7
6a2354189f2f6901826a4f57,522,Susan Holmes,jennifermyers@example.com,2024-04-28,Regular,11,7
6a2354189f2f6901826a4f58,523,Sophia Perkins,ashley40@example.net,2023-10-25,Regular,16,8
6a2354189f2f6901826a4f59,524,Thomas Sexton,gcompton@example.net,2024-04-20,Regular,11,5
6a2354189f2f6901826a4f5a,525,Laura Page MD,jessetodd@example.org,2025-09-17,Premium,10,6
6a2354189f2f6901826a4f5b,526,Thomas Ramos,fitzgeraldnathan@example.org,2021-08-25,Regular,11,5
6a2354189f2f6901826a4f5c,527,Alexander Chan,oscarpatterson@example.net,2025-07-07,Regular,6,3
6a2354189f2f6901826a4f5d,528,Danny Campbell,christopher61@example.org,2021-11-23,Regular,9,4
6a2354189f2f6901826a4f5e,529,Wayne Campbell,rmartinez@example.net,2022-06-26,Premium,10,5
6a2354189f2f6901826a4f5f,530,Wanda Clark DDS,joseph49@example.net,2023-06-16,Regular,6,4
6a2354189f2f6901826a4f60,531,Holly Owens,williamschultz@example.net,2025-12-17,Regular,13,11
6a2354189f2f6901826a4f61,532,Brianna Romero,davidlopez@example.com,2024-09-06,Regular,14,12
6a2354189f2f6901826a4f62,533,Tiffany Mays,ylewis@example.org,2021-09-05,Regular,7,5
6a2354189f2f6901826a4f63,534,Shaun Rivera,rflowers@example.org,2024-03-10,Regular,9,4
6a2354189f2f6901826a4f64,535,Mary Burke,hurstdavid@example.org,2023-03-25,Premium,9,6
6a2354189f2f6901826a4f65,536,Erika Wheeler,sara17@example.net,2024-10-03,Regular,7,3
6a2354189f2f6901826a4f66,537,Anita Beltran,johnbishop@example.org,2022-09-22,Premium,16,6
6a2354189f2f6901826a4f67,538,Crystal Lopez,tgardner@example.net,2026-05-12,Premium,8,4
6a2354189f2f6901826a4f68,539,Paul Jones,wardgloria@example.com,2021-09-11,Regular,14,5
6a2354189f2f6901826a4f69,540,Larry Velazquez,patricia84@example.net,2024-02-22,Premium,8,3
6a2354189f2f6901826a4f6a,541,Michael Cruz II,julie10@example.com,2024-02-23,Premium,6,5
6a2354189f2f6901826a4f6b,542,Laurie Marshall,acostapamela@example.com,2024-07-05,Premium,5,3
6a2354189f2f6901826a4f6c,543,Susan Williams,karenreid@example.net,2023-03-22,Regular,11,6
6a2354189f2f6901826a4f6d,544,Scott Murphy,garciabrandon@example.net,2021-10-15,Regular,11,4
6a2354189f2f6901826a4f6e,545,Craig Fleming,medinaheidi@example.net,2022-02-23,Premium,11,5
6a2354189f2f6901826a4f6f,546,Sara Roth,joyceblackburn@example.org,2025-04-18,Regular,10,6
6a2354189f2f6901826a4f70,547,Danny Nguyen,alexandermarie@example.net,2025-04-27,Regular,12,4
6a2354189f2f6901826a4f71,548,Shannon Ramirez,staffordmadison@example.net,2022-06-12,Premium,13,3
6a2354189f2f6901826a4f72,549,Eric Torres,alexanderwilliam@example.org,2025-02-14,Regular,10,6
6a2354189f2f6901826a4f73,550,Judy Torres,terrencebrown@example.org,2022-03-03,Regular,10,3
6a2354189f2f6901826a4f74,551,Carrie Robinson,hubbardbrandon@example.net,2023-06-20,Regular,8,5
6a2354189f2f6901826a4f75,552,Cindy Moore,kconner@example.org,2026-02-26,Regular,13,6
6a2354189f2f6901826a4f76,553,Daniel Coleman,ycarlson@example.net,2025-07-23,Regular,17,9
6a2354189f2f6901826a4f77,554,Michael Turner,tammycooper@example.com,2024-03-15,Regular,8,4
6a2354189f2f6901826a4f78,555,Tiffany Deleon,jenniferaustin@example.com,2024-05-19,Premium,10,6
6a2354189f2f6901826a4f79,556,Ryan Watkins,lopezjonathan@example.net,2024-08-27,Regular,11,6
6a2354189f2f6901826a4f7a,557,Mathew Humphrey,hdurham@example.com,2022-06-15,Regular,7,2
6a2354189f2f6901826a4f7b,558,Justin Taylor,patriciacarrillo@example.org,2021-11-02,Regular,13,5
6a2354189f2f6901826a4f7c,559,Lisa Hancock,fcalhoun@example.net,2023-10-29,Regular,11,7
6a2354189f2f6901826a4f7d,560,Scott Werner,moorejennifer@example.com,2026-01-11,Regular,8,4
6a2354189f2f6901826a4f7e,561,Amber Mason,smithcourtney@example.org,2025-05-08,Regular,12,8
6a2354189f2f6901826a4f7f,562,Anthony Singh,austin24@example.com,2024-09-28,Regular,13,7
6a2354189f2f6901826a4f80,563,Kristina Ponce,jacksondonald@example.net,2023-05-07,Regular,13,6
6a2354189f2f6901826a4f81,564,Abigail Bates,williambrooks@example.net,2022-07-04,Premium,8,6
6a2354189f2f6901826a4f82,565,James Lopez Jr.,amyrojas@example.net,2021-11-15,Regular,15,2
6a2354189f2f6901826a4f83,566,Julia Owens,leeraymond@example.com,2022-11-30,Premium,9,3
6a2354189f2f6901826a4f84,567,Nathan Vasquez,simsalyssa@example.org,2025-03-07,Regular,9,4
6a2354189f2f6901826a4f85,568,John Williams,rossnatalie@example.org,2022-12-18,Regular,10,3
6a2354189f2f6901826a4f86,569,Ann Camacho,michael23@example.org,2024-08-31,Regular,16,6
6a2354189f2f6901826a4f87,570,Adam Grant,shawnrogers@example.org,2025-04-29,Regular,10,9
6a2354189f2f6901826a4f88,571,Beth Oneal,wbrennan@example.org,2025-03-05,Premium,11,4
6a2354189f2f6901826a4f89,572,Valerie Allen,ealexander@example.org,2025-10-23,Regular,6,3
6a2354189f2f6901826a4f8a,573,Cynthia Kramer,pamelakeller@example.com,2024-07-27,Regular,9,6
6a2354189f2f6901826a4f8b,574,Erika Mooney,porterrobert@example.com,2022-09-20,Regular,14,8
6a2354189f2f6901826a4f8c,575,Jodi Hampton,edward60@example.com,2022-09-08,Premium,18,11
6a2354189f2f6901826a4f8d,576,Maria Young,charlesturner@example.net,2025-11-16,Regular,8,6
6a2354189f2f6901826a4f8e,577,Marc Mcbride,markrussell@example.com,2025-09-05,Regular,11,3
6a2354189f2f6901826a4f8f,578,Alyssa Williams,laura46@example.net,2024-10-02,Regular,7,4
6a2354189f2f6901826a4f90,579,Sabrina Hodges,brandicook@example.net,2025-10-09,Regular,18,5
6a2354189f2f6901826a4f91,580,Adam Barnes,wolfecarrie@example.com,2025-03-03,Regular,14,5
6a2354189f2f6901826a4f92,581,Denise Santana,isaac72@example.net,2024-01-15,Regular,4,2
6a2354189f2f6901826a4f93,582,Mrs. Doris Rodriguez,greenjoshua@example.org,2021-11-01,Regular,6,2
6a2354189f2f6901826a4f94,583,Brooke Stanton,larajason@example.net,2023-07-29,Regular,10,6
6a2354189f2f6901826a4f95,584,Leslie Roberts,justincook@example.net,2023-12-22,Regular,6,4
6a2354189f2f6901826a4f96,585,Robert Franco,kim30@example.net,2025-02-19,Regular,11,3
6a2354189f2f6901826a4f97,586,Christopher Brown,howesheila@example.org,2025-05-27,Regular,6,2
6a2354189f2f6901826a4f98,587,Melvin Singh,hallkevin@example.com,2023-08-17,Regular,11,6
6a2354189f2f6901826a4f99,588,Sierra David,julienelson@example.net,2025-06-21,Regular,13,8
6a2354189f2f6901826a4f9a,589,Albert Garcia,camachomichael@example.com,2023-05-29,Regular,10,3
6a2354189f2f6901826a4f9b,590,Sheila Robinson,whartman@example.com,2026-04-01,Regular,8,2
6a2354189f2f6901826a4f9c,591,James Hudson,diana45@example.org,2023-03-12,Regular,11,3
6a2354189f2f6901826a4f9d,592,Jill Hartman,panderson@example.com,2022-02-06,Premium,7,5
6a2354189f2f6901826a4f9e,593,Kathleen Torres,cunninghamlogan@example.org,2025-12-05,Regular,15,9
6a2354189f2f6901826a4f9f,594,Dawn Perry,mpearson@example.net,2024-04-02,Regular,14,7
6a2354189f2f6901826a4fa0,595,Laura Solis,ericrusso@example.org,2025-06-22,Regular,5,3
6a2354189f2f6901826a4fa1,596,Christine Haynes,rebeccaburke@example.net,2025-07-23,Premium,10,4
6a2354189f2f6901826a4fa2,597,Sally Lopez,zmcdonald@example.com,2023-09-20,Regular,9,3
6a2354189f2f6901826a4fa3,598,John Alexander,michaelrose@example.org,2024-11-21,Regular,9,1
6a2354189f2f6901826a4fa4,599,Cody Wood,brittney26@example.com,2023-12-02,Regular,10,6
6a2354189f2f6901826a4fa5,600,Susan Mendoza,stacy69@example.net,2023-09-08,Regular,13,7
6a2354189f2f6901826a4fa6,601,Julie Stevens,heidi89@example.org,2025-11-03,Premium,10,4
6a2354189f2f6901826a4fa7,602,Penny Taylor,heather33@example.net,2023-11-04,Premium,14,5
6a2354189f2f6901826a4fa8,603,James Davis,mlynch@example.net,2021-08-26,Regular,13,4
6a2354189f2f6901826a4fa9,604,Debbie Sandoval,johnphelps@example.com,2025-01-24,Regular,8,3
6a2354189f2f6901826a4faa,605,Daniel Torres,olsondeborah@example.com,2025-03-12,Regular,8,4
6a2354189f2f6901826a4fab,606,Peter Lambert,reedjulie@example.org,2026-05-28,Regular,5,1
6a2354189f2f6901826a4fac,607,Jessica Kelley,robert62@example.net,2023-06-06,Regular,14,6
6a2354189f2f6901826a4fad,608,Denise Long,kevin94@example.net,2025-02-09,Regular,9,4
6a2354189f2f6901826a4fae,609,Megan Herrera,james76@example.org,2023-12-13,Regular,10,3
6a2354189f2f6901826a4faf,610,Shawn Taylor,lewiswilliam@example.com,2021-12-17,Regular,13,5
6a2354189f2f6901826a4fb0,611,Daniel Phillips,michele24@example.org,2021-08-10,Regular,6,1
6a2354189f2f6901826a4fb1,612,Brandi Meyer,relliott@example.org,2022-12-17,Regular,9,2
6a2354189f2f6901826a4fb2,613,Andrew Delgado,daviddunlap@example.com,2026-01-28,Regular,11,6
6a2354189f2f6901826a4fb3,614,Isabel Davis,acevedocorey@example.org,2023-12-15,Regular,16,11
6a2354189f2f6901826a4fb4,615,Jessica Todd,vasquezmeagan@example.org,2022-10-27,Regular,7,4
6a2354189f2f6901826a4fb5,616,Deborah Petty,mackenzie40@example.com,2025-04-06,Regular,8,4
6a2354189f2f6901826a4fb6,617,Deborah Velez,nicholas56@example.net,2021-12-12,Regular,6,4
6a2354189f2f6901826a4fb7,618,Tanya Simmons,longheidi@example.com,2024-02-07,Regular,10,7
6a2354189f2f6901826a4fb8,619,Emily Watson,rogermcdonald@example.org,2023-05-06,Regular,8,4
6a2354189f2f6901826a4fb9,620,Scott Thompson,lopezkevin@example.net,2024-09-03,Regular,9,4
6a2354189f2f6901826a4fba,621,Madison Collins,michelle23@example.org,2026-01-10,Regular,8,3
6a2354189f2f6901826a4fbb,622,Tanner Green,haguirre@example.org,2022-11-24,Regular,13,6
6a2354189f2f6901826a4fbc,623,Kathleen Hernandez,tburton@example.net,2022-02-20,Regular,11,8
6a2354189f2f6901826a4fbd,624,Derek Tran,jennifer64@example.net,2021-09-28,Regular,7,4
6a2354189f2f6901826a4fbe,625,Anthony Hopkins,nhatfield@example.net,2022-05-23,Regular,12,7
6a2354189f2f6901826a4fbf,626,Michele Howard,shelbylyons@example.com,2023-05-21,Regular,4,1
6a2354189f2f6901826a4fc0,627,Sarah Anderson,wendy88@example.org,2023-11-25,Regular,12,6
6a2354189f2f6901826a4fc1,628,Jonathan Manning,conniebarnes@example.net,2025-01-13,Regular,7,4
6a2354189f2f6901826a4fc2,629,Brandy Smith,johnsonmark@example.com,2024-10-04,Regular,11,5
6a2354189f2f6901826a4fc3,630,Jerome Allen,pallen@example.net,2025-05-27,Regular,14,10
6a2354189f2f6901826a4fc4,631,April Brown,timothybeltran@example.org,2024-12-29,Regular,12,6
6a2354189f2f6901826a4fc5,632,William Boone,kellymooney@example.com,2023-05-30,Regular,10,4
6a2354189f2f6901826a4fc6,633,Tammy Patterson,hartrachel@example.org,2022-01-15,Regular,8,5
6a2354189f2f6901826a4fc7,634,Jack Bruce,colleen98@example.net,2021-08-23,Regular,14,5
6a2354189f2f6901826a4fc8,635,Stephanie Anderson,donovanmitchell@example.com,2024-04-28,Regular,12,6
6a2354189f2f6901826a4fc9,636,Meghan Smith,phoward@example.org,2023-10-06,Regular,10,5
6a2354189f2f6901826a4fca,637,Alvin Williams,michaelreeves@example.org,2023-10-03,Regular,13,5
6a2354189f2f6901826a4fcb,638,Jessica Pearson,lynchcassandra@example.com,2021-08-15,Regular,8,4
6a2354189f2f6901826a4fcc,639,Brian Macias,tkelly@example.com,2022-08-31,Regular,11,3
6a2354189f2f6901826a4fcd,640,Michael Lopez,caitlynsherman@example.net,2025-10-13,Regular,16,4
6a2354189f2f6901826a4fce,641,Mitchell Garcia,micheal73@example.net,2026-04-06,Regular,14,6
6a2354189f2f6901826a4fcf,642,Michael Scott,davischristopher@example.com,2025-11-11,Regular,14,4
6a2354189f2f6901826a4fd0,643,Teresa Perkins,jenglish@example.org,2024-12-25,Regular,9,5
6a2354189f2f6901826a4fd1,644,Brooke Whitaker,yward@example.org,2024-02-12,Regular,8,6
6a2354189f2f6901826a4fd2,645,Darryl Watkins,dorothyhubbard@example.com,2024-08-25,Regular,3,0
6a2354189f2f6901826a4fd3,646,Joan Fox,arusso@example.com,2022-12-15,Regular,16,10
6a2354189f2f6901826a4fd4,647,Nicole Hayes,jsanchez@example.org,2021-11-19,Regular,9,6
6a2354189f2f6901826a4fd5,648,Tonya Davis,jamestrevino@example.com,2026-02-24,Regular,13,9
6a2354189f2f6901826a4fd6,649,Kristen Knox,aarnold@example.org,2025-10-10,Regular,11,6
6a2354189f2f6901826a4fd7,650,Ashlee Prince,emilyallen@example.com,2022-01-17,Regular,14,8
6a2354189f2f6901826a4fd8,651,Jessica Wallace,tylerphillips@example.com,2026-03-28,Regular,11,4
6a2354189f2f6901826a4fd9,652,Lisa Parker,amathis@example.org,2024-06-04,Regular,9,5
6a2354189f2f6901826a4fda,653,Dr. Lisa Cline DDS,bakermichelle@example.org,2024-09-16,Regular,6,3
6a2354189f2f6901826a4fdb,654,Lynn Harper,harrisonjeffrey@example.com,2023-10-26,Regular,7,2
6a2354189f2f6901826a4fdc,655,Brad Bell,kyle93@example.org,2024-10-06,Regular,10,3
6a2354189f2f6901826a4fdd,656,Kristin Powell,smithjessica@example.com,2022-02-27,Premium,8,3
6a2354189f2f6901826a4fde,657,Caitlin Pierce,laurieroberts@example.org,2021-08-24,Regular,10,7
6a2354189f2f6901826a4fdf,658,Anthony Gonzalez,daniellevaldez@example.org,2024-06-12,Premium,14,10
6a2354189f2f6901826a4fe0,659,Andre Porter,brandongonzales@example.net,2022-01-06,Regular,8,3
6a2354189f2f6901826a4fe1,660,Michael Wilson,josephnewman@example.org,2026-01-22,Regular,16,8
6a2354189f2f6901826a4fe2,661,Matthew Franklin,iwashington@example.com,2023-12-10,Regular,8,4
6a2354189f2f6901826a4fe3,662,Michael Reynolds,carrie70@example.net,2024-03-24,Regular,8,4
6a2354189f2f6901826a4fe4,663,Natasha Carr,richardsdana@example.org,2024-11-30,Regular,11,6
6a2354189f2f6901826a4fe5,664,Melissa Obrien,michelle83@example.net,2024-08-18,Regular,8,4
6a2354189f2f6901826a4fe6,665,John Henderson,phull@example.com,2024-12-01,Premium,13,8
6a2354189f2f6901826a4fe7,666,Justin Leonard,riveramichael@example.org,2025-08-08,Regular,6,2
6a2354189f2f6901826a4fe8,667,Christine Smith,michaelhouston@example.com,2024-12-22,Regular,15,8
6a2354189f2f6901826a4fe9,668,Sarah Zimmerman,fknapp@example.com,2021-07-02,Premium,16,6
6a2354189f2f6901826a4fea,669,Dylan Diaz,adaniels@example.org,2024-08-03,Regular,10,3
6a2354189f2f6901826a4feb,670,Beverly Harding,robertparks@example.com,2022-08-30,Premium,8,3
6a2354189f2f6901826a4fec,671,Michael Berger,zcasey@example.org,2022-11-22,Premium,7,4
6a2354189f2f6901826a4fed,672,Jason Dickerson,longsteven@example.net,2022-03-13,Regular,7,4
6a2354189f2f6901826a4fee,673,Ricky Le,joseph88@example.org,2023-10-15,Regular,22,11
6a2354189f2f6901826a4fef,674,Cesar Rojas,jwhitaker@example.com,2024-11-03,Regular,13,5
6a2354189f2f6901826a4ff0,675,Tiffany Macdonald,ngreen@example.org,2022-12-16,Regular,8,4
6a2354189f2f6901826a4ff1,676,Christina Gibson,davidyates@example.com,2023-09-18,Regular,8,5
6a2354189f2f6901826a4ff2,677,Caitlin Montgomery,mguerrero@example.net,2022-06-12,Regular,13,9
6a2354189f2f6901826a4ff3,678,Matthew Hernandez,jobrien@example.org,2026-01-20,Regular,12,7
6a2354189f2f6901826a4ff4,679,Gloria Smith,lindarichard@example.net,2026-01-04,Regular,10,7
6a2354189f2f6901826a4ff5,680,David Powell,herrerajoseph@example.org,2021-11-16,Regular,7,1
6a2354189f2f6901826a4ff6,681,Andrew Harvey,ramirezmark@example.com,2026-05-30,Regular,11,6
6a2354189f2f6901826a4ff7,682,Karen Brown,frank19@example.net,2022-12-29,Regular,7,4
6a2354189f2f6901826a4ff8,683,Kristen Day,copelandannette@example.com,2023-03-27,Regular,12,6
6a2354189f2f6901826a4ff9,684,Cody Hurst,garyhorton@example.com,2023-09-28,Regular,10,5
6a2354189f2f6901826a4ffa,685,Courtney Miller,breyes@example.net,2025-08-19,Regular,13,8
6a2354189f2f6901826a4ffb,686,Anne Cox,abigail71@example.com,2023-12-25,Premium,9,4
6a2354189f2f6901826a4ffc,687,Austin Brown,donald76@example.org,2021-12-28,Regular,8,2
6a2354189f2f6901826a4ffd,688,John Dunn,james58@example.org,2023-03-20,Premium,11,7
6a2354189f2f6901826a4ffe,689,Aaron Burke,harpertina@example.net,2021-06-27,Regular,11,4
6a2354189f2f6901826a4fff,690,Richard White,brendahodges@example.net,2023-01-24,Premium,13,5
6a2354189f2f6901826a5000,691,Melissa Carrillo,ian52@example.net,2023-07-29,Regular,11,2
6a2354189f2f6901826a5001,692,Dr. Tracey Davis,darrelllopez@example.net,2023-05-30,Premium,7,4
6a2354189f2f6901826a5002,693,Joshua Bruce,aeverett@example.com,2022-06-08,Premium,11,5
6a2354189f2f6901826a5003,694,John Hughes,ocarpenter@example.org,2025-12-25,Regular,9,5
6a2354189f2f6901826a5004,695,Adam Lawrence,elizabethmorgan@example.org,2022-02-22,Regular,13,9
6a2354189f2f6901826a5005,696,Arthur Anderson,michelestuart@example.net,2023-07-11,Regular,10,9
6a2354189f2f6901826a5006,697,David Horn,margaretharris@example.org,2022-05-28,Regular,6,3
6a2354189f2f6901826a5007,698,Taylor Scott,tyler78@example.org,2025-04-17,Regular,12,3
6a2354189f2f6901826a5008,699,Allen Collier,gjohnson@example.org,2025-10-29,Regular,10,5
6a2354189f2f6901826a5009,700,Nicholas Allen,kelleradam@example.com,2023-01-14,Regular,15,10
6a2354189f2f6901826a500a,701,Michael Barber,darius61@example.net,2024-12-29,Premium,13,5
6a2354189f2f6901826a500b,702,Krista Williams,ballardjennifer@example.org,2025-02-03,Regular,11,7
6a2354189f2f6901826a500c,703,Jesse Hill,ukennedy@example.com,2026-03-03,Regular,15,7
6a2354189f2f6901826a500d,704,Steven Waller,james02@example.org,2022-03-31,Regular,9,3
6a2354189f2f6901826a500e,705,Joel Cantu,davidkerr@example.org,2023-05-23,Regular,10,5
6a2354189f2f6901826a500f,706,Angela Thompson,michael92@example.org,2024-02-24,Regular,17,9
6a2354189f2f6901826a5010,707,Kristin White,victor56@example.com,2023-07-07,Regular,5,3
6a2354189f2f6901826a5011,708,Johnny Arnold PhD,morenokristen@example.org,2022-02-18,Premium,13,5
6a2354189f2f6901826a5012,709,Christina Schroeder,pdennis@example.org,2026-01-08,Regular,11,4
6a2354189f2f6901826a5013,710,Norma Velasquez,jenniferbrown@example.org,2024-07-01,Regular,8,4
6a2354189f2f6901826a5014,711,Christina Fuller,tina69@example.org,2021-11-16,Regular,18,5
6a2354189f2f6901826a5015,712,Timothy Anderson,jimmy78@example.org,2026-03-10,Regular,14,4
6a2354189f2f6901826a5016,713,Ronald Miller,qbrown@example.net,2025-01-07,Premium,12,7
6a2354189f2f6901826a5017,714,Cheyenne Douglas,qschmidt@example.com,2022-05-18,Regular,9,6
6a2354189f2f6901826a5018,715,Justin Griffin,ryanrivera@example.com,2022-12-03,Regular,9,3
6a2354189f2f6901826a5019,716,Patrick Bowen,matthewrose@example.com,2025-01-29,Regular,13,5
6a2354189f2f6901826a501a,717,Dean Valdez,kyle89@example.net,2026-01-04,Regular,8,6
6a2354189f2f6901826a501b,718,Amanda Salazar,steven45@example.com,2022-05-12,Regular,12,5
6a2354189f2f6901826a501c,719,Elizabeth Waters,dianegibbs@example.net,2023-06-01,Regular,8,4
6a2354189f2f6901826a501d,720,Dr. Rodney Green,cynthia81@example.org,2026-01-29,Regular,10,9
6a2354189f2f6901826a501e,721,Jacob Wilson,sandra00@example.org,2026-01-04,Regular,8,2
6a2354189f2f6901826a501f,722,Travis Montgomery,kimberly90@example.org,2021-07-19,Regular,6,3
6a2354189f2f6901826a5020,723,Mr. Mark Zuniga,frichardson@example.net,2024-10-02,Regular,13,8
6a2354189f2f6901826a5021,724,Brett Ruiz,ramirezdebra@example.com,2024-03-23,Regular,5,3
6a2354189f2f6901826a5022,725,April Harris,zyu@example.org,2025-03-03,Premium,13,5
6a2354189f2f6901826a5023,726,Jack Leblanc,arthur13@example.org,2022-11-25,Regular,7,3
6a2354189f2f6901826a5024,727,Jonathan Miller,christina34@example.org,2025-09-13,Regular,8,7
6a2354189f2f6901826a5025,728,Cynthia Rodriguez,robinsonjoanne@example.com,2024-11-13,Premium,8,5
6a2354189f2f6901826a5026,729,Jose Greene,jball@example.com,2023-08-20,Premium,14,8
6a2354189f2f6901826a5027,730,Jeffrey Garcia,daniel99@example.net,2021-11-22,Regular,9,5
6a2354189f2f6901826a5028,731,Fred Nicholson,mtapia@example.org,2023-02-05,Premium,18,6
6a2354189f2f6901826a5029,732,Christopher Matthews,hwhite@example.net,2023-08-06,Premium,8,4
6a2354189f2f6901826a502a,733,Pamela Kemp,chase38@example.com,2024-06-26,Regular,13,4
6a2354189f2f6901826a502b,734,Samantha Garcia,burnsjoseph@example.net,2023-07-10,Regular,8,5
6a2354189f2f6901826a502c,735,Carol Thompson,carlajohnson@example.com,2025-02-20,Regular,11,8
6a2354189f2f6901826a502d,736,Jerry Gomez,tiffanyrowland@example.com,2025-08-24,Regular,11,6
6a2354189f2f6901826a502e,737,Alejandra Haas,jenniferpayne@example.com,2025-07-12,Regular,10,5
6a2354189f2f6901826a502f,738,Matthew Smith,heatherford@example.org,2026-01-26,Regular,9,4
6a2354189f2f6901826a5030,739,Ryan Thompson,bobby15@example.net,2025-03-24,Regular,12,5
6a2354189f2f6901826a5031,740,Jenna White,thomas62@example.com,2022-04-07,Regular,11,4
6a2354189f2f6901826a5032,741,Jasmine Wilson,williamssarah@example.com,2023-05-06,Regular,8,4
6a2354189f2f6901826a5033,742,Sue Shaw,teresacook@example.org,2025-05-04,Regular,8,3
6a2354189f2f6901826a5034,743,Brianna Wright,davidhowell@example.org,2024-03-24,Regular,11,4
6a2354189f2f6901826a5035,744,Jason Benton,cookbeth@example.com,2021-06-20,Regular,12,8
6a2354189f2f6901826a5036,745,Timothy Johnson,mcguireelizabeth@example.org,2022-03-05,Regular,13,6
6a2354189f2f6901826a5037,746,Kristie Perkins,williamsderek@example.com,2025-10-24,Regular,11,4
6a2354189f2f6901826a5038,747,Lauren Davis,donald75@example.net,2024-01-30,Regular,13,5
6a2354189f2f6901826a5039,748,Terri Farley,valenzuelaruben@example.org,2021-07-24,Regular,10,3
6a2354189f2f6901826a503a,749,Tim Williams,laura30@example.com,2021-12-14,Regular,8,3
6a2354189f2f6901826a503b,750,Sarah Wilkins,morganaustin@example.net,2025-09-28,Regular,12,5
6a2354189f2f6901826a503c,751,Tiffany Scott,emilygreen@example.org,2021-07-11,Regular,7,5
6a2354189f2f6901826a503d,752,David Cox,davistimothy@example.org,2021-12-08,Premium,7,3
6a2354189f2f6901826a503e,753,Jennifer Chambers,richard56@example.net,2023-11-11,Premium,11,7
6a2354189f2f6901826a503f,754,Tiffany Vargas,gabriel79@example.com,2022-04-10,Regular,6,3
6a2354189f2f6901826a5040,755,Jimmy Bryant,stevenyoung@example.com,2024-04-16,Regular,10,6
6a2354189f2f6901826a5041,756,Erik Bell,simmonsjennifer@example.net,2021-06-16,Regular,6,1
6a2354189f2f6901826a5042,757,Jennifer Mccann,sandraanderson@example.com,2021-07-04,Regular,11,6
6a2354189f2f6901826a5043,758,Timothy Simpson,taylordouglas@example.com,2021-06-19,Regular,7,4
6a2354189f2f6901826a5044,759,Ralph Wilson,jacob72@example.com,2024-05-30,Regular,13,7
6a2354189f2f6901826a5045,760,Ray Stephens,qsharp@example.net,2024-12-23,Regular,12,5
6a2354189f2f6901826a5046,761,Jenna Mcguire,zjones@example.net,2022-08-22,Premium,16,7
6a2354189f2f6901826a5047,762,Theresa Clark,pmcgee@example.com,2026-01-23,Regular,7,2
6a2354189f2f6901826a5048,763,Debra Maldonado,lorrainefrench@example.net,2026-03-09,Premium,10,5
6a2354189f2f6901826a5049,764,Dalton Boyd,jgarcia@example.org,2022-12-04,Regular,9,5
6a2354189f2f6901826a504a,765,Kimberly Clark,keith75@example.org,2023-01-12,Premium,15,5
6a2354189f2f6901826a504b,766,Steven Gonzales,theresahernandez@example.net,2025-11-28,Regular,7,4
6a2354189f2f6901826a504c,767,Kaitlyn Lopez,carrkaren@example.org,2023-10-16,Regular,7,1
6a2354189f2f6901826a504d,768,Mindy Reyes,smithamy@example.com,2023-05-19,Regular,7,0
6a2354189f2f6901826a504e,769,Susan Wright,stephensandoval@example.org,2026-01-18,Regular,12,5
6a2354189f2f6901826a504f,770,Samuel Johnson,lwilliams@example.net,2025-05-20,Regular,10,8
6a2354189f2f6901826a5050,771,Michelle Myers,newmankirk@example.com,2021-07-28,Regular,7,3
6a2354189f2f6901826a5051,772,Crystal Lopez,brittanyperez@example.com,2022-03-03,Regular,10,4
6a2354189f2f6901826a5052,773,Gregory Stevenson,mwilkins@example.com,2023-07-03,Regular,7,1
6a2354189f2f6901826a5053,774,Jason Garcia,barnesshannon@example.org,2023-05-12,Regular,9,5
6a2354189f2f6901826a5054,775,Caleb Floyd,elucas@example.com,2022-09-26,Premium,9,8
6a2354189f2f6901826a5055,776,James Clarke,paul82@example.net,2022-10-22,Premium,11,7
6a2354189f2f6901826a5056,777,Michael Wright,uharmon@example.com,2023-04-25,Regular,10,6
6a2354189f2f6901826a5057,778,Mary Nash,michael15@example.com,2022-04-30,Regular,5,1
6a2354189f2f6901826a5058,779,Martin Anderson,nathan03@example.org,2024-07-31,Regular,12,8
6a2354189f2f6901826a5059,780,Megan Smith,ashley85@example.com,2022-06-16,Regular,6,4
6a2354189f2f6901826a505a,781,Julie Robinson,david22@example.com,2023-09-04,Regular,12,7
6a2354189f2f6901826a505b,782,Adam Martin,christina88@example.com,2022-02-03,Regular,10,4
6a2354189f2f6901826a505c,783,Melinda Gibbs,uhampton@example.org,2024-02-05,Regular,13,4
6a2354189f2f6901826a505d,784,Travis Acevedo,glara@example.org,2022-10-12,Regular,12,6
6a2354189f2f6901826a505e,785,Jennifer Sawyer,swells@example.org,2023-10-07,Regular,15,6
6a2354189f2f6901826a505f,786,Sandy Hall,goodwinrobin@example.net,2026-02-24,Regular,11,5
6a2354189f2f6901826a5060,787,Christina Collins,conniewaters@example.net,2021-09-20,Regular,10,6
6a2354189f2f6901826a5061,788,Ryan White,davisryan@example.com,2025-05-06,Regular,12,6
6a2354189f2f6901826a5062,789,Sarah Taylor,jessicayoung@example.net,2024-06-05,Regular,11,6
6a2354189f2f6901826a5063,790,Pamela Perry,summersscott@example.com,2023-12-15,Regular,11,4
6a2354189f2f6901826a5064,791,Brianna Allen,kimberly48@example.org,2025-12-03,Regular,12,6
6a2354189f2f6901826a5065,792,Thomas Galvan,daniel99@example.org,2025-03-27,Regular,14,7
6a2354189f2f6901826a5066,793,Timothy Oconnor,meyerabigail@example.net,2025-08-27,Regular,8,3
6a2354189f2f6901826a5067,794,Jason Ramos,linda28@example.net,2023-12-29,Premium,12,2
6a2354189f2f6901826a5068,795,Heidi Walker,reidkrystal@example.net,2022-07-23,Regular,14,3
6a2354189f2f6901826a5069,796,Rebecca Daniel,bergerheather@example.net,2024-07-04,Premium,7,4
6a2354189f2f6901826a506a,797,Renee Lopez,vaughnethan@example.com,2023-03-17,Regular,8,4
6a2354189f2f6901826a506b,798,Garrett Lambert,jacobguerra@example.org,2023-01-22,Regular,5,1
6a2354189f2f6901826a506c,799,Anna Scott,yferrell@example.net,2025-02-25,Regular,12,8
6a2354189f2f6901826a506d,800,Hector Hunt,renee98@example.net,2025-12-21,Admin,8,3
6a2354189f2f6901826a506e,801,Patrick Mcbride,rachelcunningham@example.com,2026-05-30,Regular,7,3
6a2354189f2f6901826a506f,802,Seth Chase,jamesbryan@example.com,2023-12-23,Regular,11,8
6a2354189f2f6901826a5070,803,Amanda Chambers,austin52@example.net,2025-03-04,Premium,4,1
6a2354189f2f6901826a5071,804,Natalie Ball,eric76@example.org,2025-03-27,Regular,7,1
6a2354189f2f6901826a5072,805,Anthony Kim,nbennett@example.com,2023-09-04,Regular,10,5
6a2354189f2f6901826a5073,806,Connie Taylor,danielhall@example.com,2023-08-31,Regular,12,7
6a2354189f2f6901826a5074,807,Antonio Chan,john84@example.net,2025-07-17,Regular,9,7
6a2354189f2f6901826a5075,808,Blake Ryan,rbray@example.com,2023-01-06,Regular,14,8
6a2354189f2f6901826a5076,809,Todd Arnold,larrycline@example.org,2022-04-07,Regular,13,5
6a2354189f2f6901826a5077,810,Samantha Drake,paulabell@example.org,2026-03-23,Regular,7,3
6a2354189f2f6901826a5078,811,Donna Vasquez,christopherking@example.org,2022-04-12,Regular,10,7
6a2354189f2f6901826a5079,812,Rachel Jackson,thomaspeter@example.net,2025-09-25,Regular,8,3
6a2354189f2f6901826a507a,813,Kelly Fields,michael58@example.com,2023-06-27,Regular,14,11
6a2354189f2f6901826a507b,814,Helen Frank,jimenezmatthew@example.org,2022-05-14,Regular,9,5
6a2354189f2f6901826a507c,815,Lawrence Kennedy,pmoore@example.net,2023-01-26,Regular,10,5
6a2354189f2f6901826a507d,816,Lawrence Miller,julialambert@example.net,2024-10-18,Regular,6,4
6a2354189f2f6901826a507e,817,Jamie Garcia,ronaldhardy@example.org,2025-12-20,Regular,5,2
6a2354189f2f6901826a507f,818,Tracy Norton,amy07@example.com,2024-02-01,Regular,10,4
6a2354189f2f6901826a5080,819,James Williams,amber89@example.com,2024-09-06,Regular,12,7
6a2354189f2f6901826a5081,820,Bill Webster,weeksmary@example.com,2024-06-28,Regular,9,3
6a2354189f2f6901826a5082,821,Dr. Michael Quinn,kristin52@example.net,2023-10-13,Premium,16,7
6a2354189f2f6901826a5083,822,Marcus Patel,harrisjoseph@example.org,2024-05-09,Regular,10,6
6a2354189f2f6901826a5084,823,Crystal Roman,westeric@example.net,2024-04-29,Regular,12,6
6a2354189f2f6901826a5085,824,Danielle Smith,pamela46@example.net,2025-04-05,Regular,9,8
6a2354189f2f6901826a5086,825,Bryan Choi,dianesmith@example.org,2023-02-13,Regular,7,4
6a2354189f2f6901826a5087,826,Shane Morgan,eileen41@example.com,2022-08-10,Regular,11,2
6a2354189f2f6901826a5088,827,Laura Moreno,rowediana@example.org,2022-07-28,Regular,9,5
6a2354189f2f6901826a5089,828,Michelle Rodriguez,monicasheppard@example.org,2025-09-23,Regular,10,2
6a2354189f2f6901826a508a,829,Bobby Christensen,mcguirejeanne@example.net,2022-11-04,Regular,14,6
6a2354189f2f6901826a508b,830,Jason Mccann,donaldharris@example.org,2025-09-15,Regular,9,3
6a2354189f2f6901826a508c,831,Deborah Lawrence,englishmatthew@example.com,2024-10-06,Regular,5,3
6a2354189f2f6901826a508d,832,Kelli Watson,conniejohnson@example.org,2025-08-18,Premium,13,9
6a2354189f2f6901826a508e,833,Briana Williams,ycampbell@example.org,2026-01-10,Regular,11,6
6a2354189f2f6901826a508f,834,Dustin Sanders,tayloranthony@example.com,2025-06-13,Premium,11,8
6a2354189f2f6901826a5090,835,Michael Williams,yrobles@example.com,2022-07-17,Regular,12,5
6a2354189f2f6901826a5091,836,Adriana Harper,harriskathryn@example.com,2023-05-14,Regular,11,6
6a2354189f2f6901826a5092,837,Margaret Walker,emily94@example.org,2026-03-11,Regular,7,5
6a2354189f2f6901826a5093,838,Brian Solomon,lisamoore@example.org,2024-04-10,Regular,12,3
6a2354189f2f6901826a5094,839,Christopher Burke,clarkrobert@example.net,2023-05-12,Regular,11,5
6a2354189f2f6901826a5095,840,Derek Dixon,perrydavid@example.com,2024-10-01,Regular,12,5
6a2354189f2f6901826a5096,841,Lisa Frye,robert89@example.net,2022-07-06,Regular,17,10
6a2354189f2f6901826a5097,842,Katie Scott,grace73@example.org,2021-06-22,Regular,14,5
6a2354189f2f6901826a5098,843,Brianna Murray,scottheather@example.net,2023-06-11,Regular,4,1
6a2354189f2f6901826a5099,844,Carol Chavez,rodriguezchristy@example.com,2022-10-27,Regular,12,3
6a2354189f2f6901826a509a,845,Sierra Campos,dwilliams@example.net,2023-12-09,Regular,9,3
6a2354189f2f6901826a509b,846,Alexis Miller,scott90@example.net,2023-12-01,Regular,12,7
6a2354189f2f6901826a509c,847,Scott Garza,craig04@example.net,2025-05-11,Regular,9,5
6a2354189f2f6901826a509d,848,Michael Thompson,jessica61@example.com,2024-07-22,Regular,10,6
6a2354189f2f6901826a509e,849,Theresa Moses,nbrown@example.com,2022-01-01,Regular,7,3
6a2354189f2f6901826a509f,850,Steven Lee,vjackson@example.org,2024-09-28,Regular,9,7
6a2354189f2f6901826a50a0,851,Jerome Gibbs,ashley92@example.com,2022-08-15,Regular,7,5
6a2354189f2f6901826a50a1,852,Shelly Jackson,kim01@example.com,2025-01-09,Premium,9,2
6a2354189f2f6901826a50a2,853,Jean Bolton,brittany43@example.org,2021-08-01,Regular,4,2
6a2354189f2f6901826a50a3,854,Jason Byrd,henryingram@example.org,2025-05-03,Premium,12,7
6a2354189f2f6901826a50a4,855,Stephanie Melton,nbowers@example.org,2024-08-12,Premium,8,6
6a2354189f2f6901826a50a5,856,Robert Arellano,richardsherman@example.net,2022-09-08,Regular,13,9
6a2354189f2f6901826a50a6,857,Christopher Love,pyang@example.com,2023-03-08,Regular,6,2
6a2354189f2f6901826a50a7,858,Robin Freeman,stefanieperez@example.net,2022-05-24,Regular,9,5
6a2354189f2f6901826a50a8,859,Jonathan Gonzalez,wrightbrandy@example.com,2025-06-15,Premium,8,2
6a2354189f2f6901826a50a9,860,Savannah Miller,rpeterson@example.org,2026-01-13,Regular,8,4
6a2354189f2f6901826a50aa,861,Jeffrey Dawson,ronaldlopez@example.org,2022-04-01,Regular,10,2
6a2354189f2f6901826a50ab,862,Sara Buckley,mochoa@example.com,2022-07-10,Regular,8,5
6a2354189f2f6901826a50ac,863,John Morgan,mcmillansarah@example.com,2023-10-30,Regular,11,4
6a2354189f2f6901826a50ad,864,Amber Nichols,lspencer@example.org,2024-12-03,Regular,15,5
6a2354189f2f6901826a50ae,865,Catherine Lopez,gabrielgutierrez@example.net,2023-06-17,Premium,7,7
6a2354189f2f6901826a50af,866,Joyce Sanchez DVM,sydneydelacruz@example.net,2024-08-15,Regular,6,3
6a2354189f2f6901826a50b0,867,Nathan Moon,jpeters@example.net,2023-02-20,Regular,17,11
6a2354189f2f6901826a50b1,868,Samantha Hutchinson,paul05@example.net,2021-12-29,Regular,10,6
6a2354189f2f6901826a50b2,869,Sylvia Ochoa,matthewstewart@example.org,2022-03-27,Regular,10,7
6a2354189f2f6901826a50b3,870,Toni Barrera,susanmatthews@example.com,2021-06-08,Regular,6,3
6a2354189f2f6901826a50b4,871,Richard Brown,matthew70@example.net,2022-10-07,Regular,9,3
6a2354189f2f6901826a50b5,872,Curtis Howard,ewilliams@example.org,2021-09-26,Regular,11,3
6a2354189f2f6901826a50b6,873,John Ward,catherinedelgado@example.com,2024-06-22,Regular,7,3
6a2354189f2f6901826a50b7,874,Larry Delgado,fletchertheresa@example.net,2022-12-24,Regular,11,3
6a2354189f2f6901826a50b8,875,Hannah Scott,jerry93@example.com,2026-03-07,Premium,9,4
6a2354189f2f6901826a50b9,876,Michael Bush,colleen63@example.com,2024-07-29,Premium,5,2
6a2354189f2f6901826a50ba,877,Richard Harris,lisa16@example.com,2024-04-19,Regular,13,5
6a2354189f2f6901826a50bb,878,Gabriela Smith,browndawn@example.com,2026-06-01,Regular,11,4
6a2354189f2f6901826a50bc,879,Danielle Vasquez,tracey34@example.net,2024-03-11,Regular,11,8
6a2354189f2f6901826a50bd,880,Robert Hammond,seanchoi@example.org,2021-06-20,Regular,8,3
6a2354189f2f6901826a50be,881,Corey Ingram,estesdarrell@example.org,2022-11-04,Regular,12,9
6a2354189f2f6901826a50bf,882,Jesus Miller,psmith@example.net,2022-10-25,Regular,8,5
6a2354189f2f6901826a50c0,883,John Winters,karinashepard@example.com,2021-10-20,Regular,7,5
6a2354189f2f6901826a50c1,884,Alyssa Smith,crystalrobinson@example.org,2021-07-03,Regular,11,4
6a2354189f2f6901826a50c2,885,Jeffrey Gates,mrogers@example.org,2024-01-15,Regular,12,7
6a2354189f2f6901826a50c3,886,James Taylor,evansbrian@example.net,2022-07-22,Regular,6,1
6a2354189f2f6901826a50c4,887,Zachary Allen,bbarton@example.com,2023-01-30,Premium,10,4
6a2354189f2f6901826a50c5,888,Debra Burton,schneidergeoffrey@example.net,2023-01-22,Regular,8,5
6a2354189f2f6901826a50c6,889,Jose Wolf Jr.,phillipskatherine@example.com,2024-09-14,Regular,11,8
6a2354189f2f6901826a50c7,890,Shirley Copeland,felicia15@example.org,2024-02-18,Regular,10,6
6a2354189f2f6901826a50c8,891,Amber Rose,shawna39@example.com,2023-12-27,Regular,11,3
6a2354189f2f6901826a50c9,892,Donald Garza,meganbrennan@example.net,2025-10-30,Regular,8,3
6a2354189f2f6901826a50ca,893,Nancy Dickerson,tfreeman@example.org,2024-11-06,Regular,10,2
6a2354189f2f6901826a50cb,894,Natalie Valentine,tommy34@example.net,2023-09-14,Premium,10,4
6a2354189f2f6901826a50cc,895,Christopher Wagner,chrismontgomery@example.com,2022-06-03,Regular,9,7
6a2354189f2f6901826a50cd,896,Andrea King,kimberlyjones@example.org,2024-07-08,Regular,16,5
6a2354189f2f6901826a50ce,897,Brandon Clark,natalie67@example.com,2022-05-02,Premium,13,8
6a2354189f2f6901826a50cf,898,Helen Johnston DDS,snyderadam@example.com,2022-11-23,Regular,8,2
6a2354189f2f6901826a50d0,899,Tamara Newton,tharrington@example.com,2023-03-08,Regular,13,7
6a2354189f2f6901826a50d1,900,James Haney,davidgonzalez@example.net,2025-09-02,Regular,11,5
6a2354189f2f6901826a50d2,901,David Henderson,jonathanpeters@example.org,2022-04-25,Regular,3,1
6a2354189f2f6901826a50d3,902,Mary Bowers,raylaurie@example.com,2021-12-16,Regular,13,4
6a2354189f2f6901826a50d4,903,Elizabeth Little,hartsamantha@example.net,2021-10-27,Regular,5,4
6a2354189f2f6901826a50d5,904,Michele Nash,carrollian@example.net,2022-04-30,Regular,12,8
6a2354189f2f6901826a50d6,905,Sarah Wolfe,marissamartin@example.com,2021-12-12,Regular,9,5
6a2354189f2f6901826a50d7,906,Tina Gomez,carlybell@example.net,2024-11-03,Regular,10,8
6a2354189f2f6901826a50d8,907,Gregory Johnson Jr.,ellischarles@example.org,2024-04-01,Regular,7,4
6a2354189f2f6901826a50d9,908,Catherine Murphy,mfisher@example.org,2024-09-04,Regular,9,6
6a2354189f2f6901826a50da,909,Scott Bell,washingtonthomas@example.org,2025-09-26,Regular,6,3
6a2354189f2f6901826a50db,910,Eugene Webster,stonealexander@example.com,2025-11-15,Regular,8,6
6a2354189f2f6901826a50dc,911,Brittany Bauer,virginia68@example.com,2024-05-24,Premium,12,4
6a2354189f2f6901826a50dd,912,Sandra Hawkins,timothygonzalez@example.net,2021-11-17,Regular,14,6
6a2354189f2f6901826a50de,913,Sara Turner,craigmonica@example.com,2025-02-28,Regular,16,5
6a2354189f2f6901826a50df,914,Scott Mcbride,aaron14@example.com,2025-07-29,Regular,10,5
6a2354189f2f6901826a50e0,915,Karen Smith,mooredarren@example.org,2022-02-27,Regular,7,4
6a2354189f2f6901826a50e1,916,Douglas Garcia,katherineruiz@example.net,2024-05-04,Premium,7,3
6a2354189f2f6901826a50e2,917,Gary Phillips,blackwellryan@example.org,2024-01-31,Regular,11,5
6a2354189f2f6901826a50e3,918,Jose Johnson,barbara85@example.com,2024-07-14,Regular,10,6
6a2354189f2f6901826a50e4,919,Brittany Stevens,ayu@example.net,2026-03-12,Regular,6,3
6a2354189f2f6901826a50e5,920,Steven Smith,joshua79@example.net,2023-06-14,Regular,4,0
6a2354189f2f6901826a50e6,921,Michael Gonzales,michaellarsen@example.com,2024-09-07,Regular,5,2
6a2354189f2f6901826a50e7,922,Brian Coleman,zcummings@example.com,2025-04-29,Regular,14,8
6a2354189f2f6901826a50e8,923,Lance Francis,vlee@example.com,2022-07-27,Regular,7,5
6a2354189f2f6901826a50e9,924,Timothy Collins,megan72@example.com,2024-05-30,Regular,11,4
6a2354189f2f6901826a50ea,925,Justin Collins,ryan84@example.com,2023-01-18,Regular,11,8
6a2354189f2f6901826a50eb,926,Melissa Allen,ryoder@example.org,2024-04-03,Regular,11,8
6a2354189f2f6901826a50ec,927,Ashley Jones,harrisgabriel@example.org,2021-11-19,Regular,9,2
6a2354189f2f6901826a50ed,928,Mrs. Martha Vega,jason97@example.org,2024-12-11,Premium,14,6
6a2354189f2f6901826a50ee,929,Dennis Beck,jamesconner@example.com,2024-03-27,Regular,8,5
6a2354189f2f6901826a50ef,930,George Griffith,triddle@example.org,2025-08-16,Regular,9,6
6a2354189f2f6901826a50f0,931,Andrea Barron,monicamay@example.net,2026-06-04,Regular,16,7
6a2354189f2f6901826a50f1,932,Eric Simpson,alexanderbrian@example.com,2023-01-21,Regular,11,6
6a2354189f2f6901826a50f2,933,Alice Sellers,david29@example.net,2024-08-11,Regular,7,6
6a2354189f2f6901826a50f3,934,Adrian Lopez,luis19@example.net,2022-10-13,Premium,10,8
6a2354189f2f6901826a50f4,935,Andrea Riley,johnnorris@example.org,2022-04-16,Regular,8,5
6a2354189f2f6901826a50f5,936,Matthew Robinson,stephanie48@example.com,2022-12-29,Premium,11,7
6a2354189f2f6901826a50f6,937,James Arias MD,jacob90@example.net,2025-07-10,Premium,10,5
6a2354189f2f6901826a50f7,938,Allison Copeland,tracycarter@example.net,2022-04-15,Regular,9,3
6a2354189f2f6901826a50f8,939,John Simpson,tarastevens@example.net,2021-10-22,Regular,5,3
6a2354189f2f6901826a50f9,940,Joshua Williams,ismith@example.net,2022-08-12,Regular,10,5
6a2354189f2f6901826a50fa,941,Anna Murray,kpalmer@example.com,2023-08-10,Regular,7,1
6a2354189f2f6901826a50fb,942,Steven Nolan,archercatherine@example.org,2022-06-30,Regular,8,4
6a2354189f2f6901826a50fc,943,Julia Jones,jeffreytodd@example.net,2025-02-10,Regular,14,7
6a2354189f2f6901826a50fd,944,Julia Murphy,qoneal@example.com,2024-02-12,Regular,11,9
6a2354189f2f6901826a50fe,945,Joseph Jones,michael52@example.com,2021-07-15,Premium,9,3
6a2354189f2f6901826a50ff,946,Jared Garrison,aguilartammy@example.com,2025-12-24,Premium,13,7
6a2354189f2f6901826a5100,947,Andrew Phillips,helengalloway@example.net,2023-11-16,Regular,16,7
6a2354189f2f6901826a5101,948,Sharon Thomas,kristi35@example.com,2026-04-05,Regular,14,6
6a2354189f2f6901826a5102,949,Cindy Woods MD,lvaughan@example.com,2023-02-23,Regular,8,5
6a2354189f2f6901826a5103,950,Emily Myers,imartin@example.net,2026-04-07,Regular,18,11
6a2354189f2f6901826a5104,951,Nicole Campbell,uhale@example.com,2024-06-20,Regular,4,2
6a2354189f2f6901826a5105,952,Christian Chavez,rgriffin@example.com,2024-03-11,Regular,16,12
6a2354189f2f6901826a5106,953,Brian Gonzalez,sarahatkinson@example.com,2025-05-11,Regular,10,4
6a2354189f2f6901826a5107,954,Timothy White,brandtjohn@example.com,2025-12-29,Regular,8,6
6a2354189f2f6901826a5108,955,Matthew Larson,mbrooks@example.net,2025-07-14,Regular,8,2
6a2354189f2f6901826a5109,956,Alex Lindsey,monica58@example.org,2023-07-14,Regular,13,6
6a2354189f2f6901826a510a,957,Emily Hernandez DVM,oneillpatricia@example.org,2024-08-14,Premium,5,3
6a2354189f2f6901826a510b,958,Jesse Gonzales,emilyford@example.org,2025-03-21,Regular,9,5
6a2354189f2f6901826a510c,959,Robert Cervantes,traceyroberts@example.net,2025-07-21,Regular,9,5
6a2354189f2f6901826a510d,960,Amber Clark,larry54@example.com,2024-03-24,Regular,6,3
6a2354189f2f6901826a510e,961,Kathy Gonzalez,mwilliams@example.com,2024-01-03,Regular,8,5
6a2354189f2f6901826a510f,962,Jason Hughes,sanchezjacqueline@example.net,2025-01-18,Regular,13,4
6a2354189f2f6901826a5110,963,Shannon Bryant,janet26@example.net,2022-05-17,Regular,10,5
6a2354189f2f6901826a5111,964,Barbara Smith,smithtammy@example.org,2023-11-13,Regular,10,6
6a2354189f2f6901826a5112,965,Sabrina Gallegos,kathleen04@example.net,2025-09-01,Regular,9,3
6a2354189f2f6901826a5113,966,Kelsey Harris,thomasjoseph@example.org,2023-01-16,Regular,12,5
6a2354189f2f6901826a5114,967,Joshua Yang,cellis@example.com,2026-02-24,Regular,11,6
6a2354189f2f6901826a5115,968,Michelle Ross,annettedavis@example.com,2024-11-27,Regular,5,3
6a2354189f2f6901826a5116,969,Billy Wood,lancewheeler@example.org,2025-02-16,Regular,5,1
6a2354189f2f6901826a5117,970,Diamond Lee,wilkinssean@example.org,2023-07-20,Premium,6,3
6a2354189f2f6901826a5118,971,Katie Brandt,alexa26@example.org,2025-03-11,Regular,16,6
6a2354189f2f6901826a5119,972,Madison Ward,john89@example.com,2022-06-13,Regular,9,5
6a2354189f2f6901826a511a,973,Diane Caldwell,pruittmariah@example.com,2022-04-27,Premium,8,3
6a2354189f2f6901826a511b,974,Melissa Flowers,avilla@example.org,2022-10-19,Regular,10,2
6a2354189f2f6901826a511c,975,Bryce Randall,petersenkatrina@example.com,2025-05-30,Regular,13,10
6a2354189f2f6901826a511d,976,Charles Kelly,brandon83@example.org,2023-08-02,Regular,10,8
6a2354189f2f6901826a511e,977,Jeremiah Dunlap,weissthomas@example.org,2025-07-11,Regular,9,5
6a2354189f2f6901826a511f,978,Jessica Mcdonald,christophersimpson@example.net,2026-03-03,Regular,8,4
6a2354189f2f6901826a5120,979,Justin Stephens,aturner@example.net,2025-01-30,Regular,12,7
6a2354189f2f6901826a5121,980,Cynthia Brown,chambersdawn@example.org,2025-12-28,Regular,11,5
6a2354189f2f6901826a5122,981,Tina Cruz,andreabradley@example.com,2023-06-06,Premium,8,1
6a2354189f2f6901826a5123,982,Jennifer Perez,umorgan@example.net,2021-11-09,Regular,15,12
6a2354189f2f6901826a5124,983,Brett Williams,michaelkeller@example.com,2021-09-11,Regular,16,9
6a2354189f2f6901826a5125,984,Lisa Alexander,oprice@example.net,2023-05-23,Regular,8,4
6a2354189f2f6901826a5126,985,Brian Pacheco,wfoster@example.net,2025-04-30,Regular,10,5
6a2354189f2f6901826a5127,986,Bobby Simmons,griffinandrew@example.org,2022-06-21,Regular,9,5
6a2354189f2f6901826a5128,987,Michael Miller,cunninghammorgan@example.com,2025-08-28,Regular,16,5
6a2354189f2f6901826a5129,988,Joseph Smith,scott72@example.org,2023-01-14,Regular,14,8
6a2354189f2f6901826a512a,989,Hannah Berg,ronaldjones@example.com,2022-10-01,Premium,7,5
6a2354189f2f6901826a512b,990,Carrie Perez,gina07@example.com,2026-03-29,Premium,12,7
6a2354189f2f6901826a512c,991,Stephanie Cochran,natalie95@example.org,2023-02-06,Regular,7,3
6a2354189f2f6901826a512d,992,Gina Deleon,mariabailey@example.net,2021-10-27,Admin,7,3
6a2354189f2f6901826a512e,993,Melissa Brown,hrussell@example.com,2026-05-26,Regular,10,8
6a2354189f2f6901826a512f,994,Larry Reynolds,tranmarcus@example.net,2022-02-07,Regular,16,7
6a2354189f2f6901826a5130,995,Nicole Holland,erica29@example.org,2026-05-08,Regular,9,4
6a2354189f2f6901826a5131,996,Ashley Hamilton,ljones@example.net,2022-06-19,Regular,9,3
6a2354189f2f6901826a5132,997,Antonio Costa,yolanda49@example.com,2025-12-07,Regular,14,10
6a2354189f2f6901826a5133,998,Kelly Henry,robertstravis@example.net,2024-07-04,Regular,13,7
6a2354189f2f6901826a5134,999,Kristen Nguyen,jose14@example.net,2022-09-27,Regular,6,2
6a2354189f2f6901826a5135,1000,Chloe Baker,pdickson@example.com,2023-07-29,Regular,13,5
6a2354189f2f6901826a5136,1001,Antonio Pineda,bethrobinson@example.net,2026-05-30,Regular,9,5
6a2354189f2f6901826a5137,1002,Tammy Roberts,bethparker@example.org,2024-01-31,Regular,14,8
6a2354189f2f6901826a5138,1003,James Jackson,monicajones@example.com,2023-04-26,Regular,15,7
6a2354189f2f6901826a5139,1004,Anthony Matthews Jr.,donald13@example.net,2021-11-01,Regular,7,5
6a2354189f2f6901826a513a,1005,Gregory Gonzalez,dickersongary@example.net,2023-06-22,Regular,12,7
6a2354189f2f6901826a513b,1006,Amber Gutierrez,jenniferchen@example.org,2025-10-19,Regular,6,2
6a2354189f2f6901826a513c,1007,James Williams,brittanythomas@example.net,2024-04-13,Regular,8,3
6a2354189f2f6901826a513d,1008,Thomas Rodriguez,ymiranda@example.org,2024-09-05,Regular,14,5
6a2354189f2f6901826a513e,1009,Shannon Robertson,dawn60@example.com,2021-10-11,Regular,11,6
6a2354189f2f6901826a513f,1010,Angela Callahan,fsmith@example.com,2025-07-17,Premium,10,5
6a2354189f2f6901826a5140,1011,Kristen Wilson,thomassara@example.com,2024-05-24,Regular,10,2
6a2354189f2f6901826a5141,1012,Theresa Schneider MD,christina65@example.org,2024-07-21,Regular,5,3
6a2354189f2f6901826a5142,1013,Pamela Daniel,richardssharon@example.net,2023-05-09,Premium,14,8
6a2354189f2f6901826a5143,1014,Jacob Benjamin,ortizsharon@example.org,2023-03-03,Regular,9,4
6a2354189f2f6901826a5144,1015,Rodney Rodriguez,arodgers@example.org,2024-04-22,Regular,8,4
6a2354189f2f6901826a5145,1016,Sara Beard,bmoore@example.com,2025-09-16,Premium,10,5
6a2354189f2f6901826a5146,1017,Anne Rodriguez,ronnieaustin@example.com,2023-10-30,Regular,9,2
6a2354189f2f6901826a5147,1018,Teresa Aguilar,fsilva@example.net,2025-03-27,Regular,8,6
6a2354189f2f6901826a5148,1019,Matthew Weber,smithjennifer@example.net,2024-05-10,Regular,9,6
6a2354189f2f6901826a5149,1020,John White,lindamorales@example.net,2025-11-20,Premium,11,6
6a2354189f2f6901826a514a,1021,James Schultz,tlarson@example.com,2026-05-02,Regular,9,4
6a2354189f2f6901826a514b,1022,Christian Brown,brittneybrooks@example.net,2025-09-16,Regular,12,8
6a2354189f2f6901826a514c,1023,Ryan Griffith,ayalabelinda@example.net,2022-01-10,Premium,7,3
6a2354189f2f6901826a514d,1024,Kathryn Mckay,jacob93@example.net,2025-11-02,Regular,6,4
6a2354189f2f6901826a514e,1025,Sandra Murphy,robert03@example.net,2022-05-11,Regular,9,5
6a2354189f2f6901826a514f,1026,Melissa Stafford,hugheselizabeth@example.com,2021-06-23,Regular,9,5
6a2354189f2f6901826a5150,1027,Rebekah Sanchez,cynthia49@example.com,2023-08-24,Regular,11,8
6a2354189f2f6901826a5151,1028,Emily Cain,michael05@example.org,2024-12-11,Regular,7,5
6a2354189f2f6901826a5152,1029,David Rivera,ataylor@example.net,2026-02-28,Regular,12,5
6a2354189f2f6901826a5153,1030,Anthony Shelton,hollygraham@example.net,2025-05-24,Regular,7,3
6a2354189f2f6901826a5154,1031,Scott Charles,brenda10@example.net,2023-09-11,Regular,8,3
6a2354189f2f6901826a5155,1032,Valerie Brown,qevans@example.net,2024-03-21,Regular,11,5
6a2354189f2f6901826a5156,1033,Jonathan Gardner,lisamorton@example.net,2025-12-08,Regular,12,5
6a2354189f2f6901826a5157,1034,Timothy Lloyd,tarmstrong@example.net,2021-09-03,Regular,22,11
6a2354189f2f6901826a5158,1035,Leslie Ramos,dylan83@example.net,2021-08-16,Regular,11,4
6a2354189f2f6901826a5159,1036,James Lyons,lisalee@example.org,2022-09-29,Regular,14,9
6a2354189f2f6901826a515a,1037,Miguel Glover,mbrown@example.com,2021-12-06,Regular,8,4
6a2354189f2f6901826a515b,1038,Matthew Pierce,whitneyvictoria@example.com,2025-08-04,Regular,9,1
6a2354189f2f6901826a515c,1039,Scott Wilson,uhicks@example.com,2022-12-21,Regular,11,6
6a2354189f2f6901826a515d,1040,Roy Lawrence,ericwoods@example.org,2023-10-09,Premium,10,4
6a2354189f2f6901826a515e,1041,Victoria Ibarra,johnsonwilliam@example.org,2022-05-09,Premium,8,2
6a2354189f2f6901826a515f,1042,Sheila Rivas,patricia01@example.com,2023-11-18,Regular,9,2
6a2354189f2f6901826a5160,1043,Scott Lane,cbrown@example.com,2022-01-28,Regular,13,5
6a2354189f2f6901826a5161,1044,Eric Reeves,maciasgerald@example.org,2023-12-27,Premium,14,4
6a2354189f2f6901826a5162,1045,David Hendrix,susanfritz@example.com,2024-01-02,Regular,13,7
6a2354189f2f6901826a5163,1046,Harold Caldwell,opowell@example.org,2025-03-27,Regular,12,8
6a2354189f2f6901826a5164,1047,John Hebert,watsonlauren@example.net,2026-05-04,Regular,15,10
6a2354189f2f6901826a5165,1048,Carol Burch,gregory90@example.com,2021-07-18,Regular,10,6
6a2354189f2f6901826a5166,1049,Kari Trujillo,nsmith@example.org,2023-08-24,Regular,8,4
6a2354189f2f6901826a5167,1050,Steven Guerrero,michelle60@example.org,2025-01-01,Regular,12,7
6a2354189f2f6901826a5168,1051,Jesse Jenkins,lauraevans@example.com,2024-12-18,Regular,12,4
6a2354189f2f6901826a5169,1052,Amanda Esparza,kblair@example.net,2021-08-18,Regular,5,3
6a2354189f2f6901826a516a,1053,Geoffrey Rhodes,mpittman@example.org,2022-06-10,Premium,10,5
6a2354189f2f6901826a516b,1054,Karen Gomez,alison26@example.net,2022-07-23,Regular,10,8
6a2354189f2f6901826a516c,1055,Alicia Walton,fowlerjordan@example.org,2024-06-07,Regular,11,6
6a2354189f2f6901826a516d,1056,Alexandra Smith,brandonbass@example.org,2026-02-07,Regular,8,4
6a2354189f2f6901826a516e,1057,Jordan Lin,pmarquez@example.com,2025-06-29,Premium,23,14
6a2354189f2f6901826a516f,1058,Angela Yu,john55@example.com,2026-02-01,Regular,14,6
6a2354189f2f6901826a5170,1059,Brandon Reyes,jocelyn75@example.com,2022-04-17,Premium,9,6
6a2354189f2f6901826a5171,1060,Jessica Rivera,thunt@example.org,2024-11-09,Regular,9,5
6a2354189f2f6901826a5172,1061,Travis Murray,stephanie95@example.org,2023-11-24,Premium,6,2
6a2354189f2f6901826a5173,1062,Greg Rodriguez,klane@example.net,2025-10-11,Regular,11,5
6a2354189f2f6901826a5174,1063,Gary Knight,brandon00@example.net,2026-01-03,Regular,9,7
6a2354189f2f6901826a5175,1064,Timothy Skinner,wreed@example.org,2024-07-11,Regular,8,7
6a2354189f2f6901826a5176,1065,Jared Ortiz,hansontravis@example.com,2024-04-06,Regular,5,2
6a2354189f2f6901826a5177,1066,Travis Obrien,catherinemueller@example.org,2023-10-22,Regular,10,3
6a2354189f2f6901826a5178,1067,James Thompson,ytran@example.net,2025-05-21,Premium,8,3
6a2354189f2f6901826a5179,1068,Caroline Combs,sweeneyedward@example.org,2024-03-13,Regular,8,3
6a2354189f2f6901826a517a,1069,John Sparks,hebertjoel@example.org,2025-01-27,Premium,4,2
6a2354189f2f6901826a517b,1070,Lauren Lane,blakesimpson@example.com,2026-04-28,Regular,8,7
6a2354189f2f6901826a517c,1071,Pamela Smith,krausedalton@example.net,2025-04-26,Regular,8,5
6a2354189f2f6901826a517d,1072,Mrs. Debra Owens DDS,jacquelineortiz@example.com,2025-11-16,Regular,10,3
6a2354189f2f6901826a517e,1073,Joseph Evans,natalie49@example.net,2023-02-03,Premium,11,5
6a2354189f2f6901826a517f,1074,Martin Rhodes,jimenezbrian@example.org,2024-08-06,Regular,11,7
6a2354189f2f6901826a5180,1075,Brandon Conner,christinamills@example.net,2021-11-22,Regular,8,6
6a2354189f2f6901826a5181,1076,Elizabeth Dunlap,waltermichael@example.org,2023-10-11,Regular,12,7
6a2354189f2f6901826a5182,1077,Elizabeth Benitez,gibbsjeffrey@example.org,2022-10-08,Regular,9,3
6a2354189f2f6901826a5183,1078,Melissa Hogan,lindseybrown@example.net,2021-10-03,Regular,11,5
6a2354189f2f6901826a5184,1079,Craig Valencia,laura29@example.net,2022-01-30,Regular,10,3
6a2354189f2f6901826a5185,1080,Marcus Nguyen,bhamilton@example.com,2026-04-02,Regular,8,4
6a2354189f2f6901826a5186,1081,William Graham,mwalters@example.net,2022-11-24,Regular,8,2
6a2354189f2f6901826a5187,1082,Katie Clark,dwhite@example.com,2021-06-15,Regular,7,5
6a2354189f2f6901826a5188,1083,Roberto Andrews,fescobar@example.net,2025-02-12,Regular,13,3
6a2354189f2f6901826a5189,1084,Sarah Young,xwillis@example.com,2021-09-09,Regular,9,5
6a2354189f2f6901826a518a,1085,Mr. Andrew Garcia MD,tyang@example.net,2023-08-23,Regular,10,3
6a2354189f2f6901826a518b,1086,David Smith,richard14@example.net,2023-10-23,Regular,12,7
6a2354189f2f6901826a518c,1087,Stephanie Hanson,brianna86@example.org,2021-10-18,Regular,7,4
6a2354189f2f6901826a518d,1088,David Vazquez,brendapeterson@example.org,2022-07-17,Regular,8,4
6a2354189f2f6901826a518e,1089,Mark Barber,preed@example.com,2024-09-27,Premium,8,6
6a2354189f2f6901826a518f,1090,Shelly Richards,lori35@example.net,2021-11-15,Regular,17,4
6a2354189f2f6901826a5190,1091,Dana Garrett,agonzalez@example.com,2025-04-15,Regular,15,11
6a2354189f2f6901826a5191,1092,Angela Hill,mary14@example.net,2021-11-22,Regular,7,4
6a2354189f2f6901826a5192,1093,Alexandra Serrano,jbaxter@example.com,2025-10-23,Regular,12,4
6a2354189f2f6901826a5193,1094,Tammy Fernandez,angela26@example.org,2026-03-21,Regular,8,5
6a2354189f2f6901826a5194,1095,Rebecca Clark,rodneyjordan@example.net,2023-09-27,Premium,15,8
6a2354189f2f6901826a5195,1096,Marissa Taylor,ryan11@example.net,2023-01-06,Regular,9,4
6a2354189f2f6901826a5196,1097,Linda Rose,mistymaldonado@example.org,2023-10-21,Regular,8,4
6a2354189f2f6901826a5197,1098,Connie Nelson,cameron86@example.net,2022-09-16,Regular,9,3
6a2354189f2f6901826a5198,1099,Caitlin Lopez,nmendoza@example.org,2024-08-11,Regular,12,8
6a2354189f2f6901826a5199,1100,Kathryn Christian,estewart@example.com,2023-09-07,Regular,12,8
6a2354189f2f6901826a519a,1101,Christopher Escobar,bruce42@example.net,2025-08-29,Regular,10,4
6a2354189f2f6901826a519b,1102,Christopher Mclaughlin,charleneedwards@example.com,2025-08-19,Regular,15,10
6a2354189f2f6901826a519c,1103,Alex Nelson,wilsonjamie@example.com,2025-12-22,Regular,6,3
6a2354189f2f6901826a519d,1104,Sharon Bishop,josewatson@example.com,2023-02-17,Regular,10,2
6a2354189f2f6901826a519e,1105,Nicholas Johnson,ashleyscott@example.net,2025-09-28,Regular,8,6
6a2354189f2f6901826a519f,1106,Kari Harvey,jamesmorgan@example.org,2025-08-27,Regular,9,6
6a2354189f2f6901826a51a0,1107,Jose Murphy,hannasharon@example.com,2022-07-23,Regular,6,3
6a2354189f2f6901826a51a1,1108,Angela Booth,thomasruiz@example.org,2025-12-02,Regular,5,4
6a2354189f2f6901826a51a2,1109,Darrell Smith,richardsonjacqueline@example.com,2024-03-03,Regular,7,3
6a2354189f2f6901826a51a3,1110,Dominique Taylor,bryansutton@example.net,2025-05-28,Regular,11,8
6a2354189f2f6901826a51a4,1111,Elizabeth Guerrero,triggs@example.org,2023-03-29,Regular,9,5
6a2354189f2f6901826a51a5,1112,Luis Clayton,marisasmith@example.net,2023-10-25,Regular,15,7
6a2354189f2f6901826a51a6,1113,Calvin Mcdonald,gfowler@example.com,2026-02-19,Premium,12,4
6a2354189f2f6901826a51a7,1114,Nancy Cox,dawn27@example.org,2021-09-24,Regular,11,5
6a2354189f2f6901826a51a8,1115,Troy Campbell,awells@example.org,2024-10-21,Regular,8,6
6a2354189f2f6901826a51a9,1116,Jared Taylor,scottphillips@example.com,2023-02-17,Regular,12,6
6a2354189f2f6901826a51aa,1117,Kayla Day,cherylarroyo@example.net,2023-02-11,Regular,8,3
6a2354189f2f6901826a51ab,1118,Scott Gomez,garciarobert@example.net,2023-09-03,Regular,14,6
6a2354189f2f6901826a51ac,1119,John Morgan,margaretrowe@example.net,2024-12-17,Premium,7,3
6a2354189f2f6901826a51ad,1120,Kimberly Brown,shanevaughan@example.net,2023-10-02,Regular,9,6
6a2354189f2f6901826a51ae,1121,Nicholas Hawkins,jonathan55@example.org,2023-04-02,Regular,10,4
6a2354189f2f6901826a51af,1122,Jason Aguirre,woodsmelissa@example.org,2026-02-05,Regular,7,5
6a2354189f2f6901826a51b0,1123,Katherine Young,francisco24@example.net,2025-05-02,Regular,10,3
6a2354189f2f6901826a51b1,1124,Brittany Mason,patrickmartinez@example.org,2026-01-07,Regular,3,1
6a2354189f2f6901826a51b2,1125,Sabrina Brooks,cookgregg@example.net,2025-06-12,Regular,6,3
6a2354189f2f6901826a51b3,1126,Leslie Cobb,calebflores@example.net,2021-11-19,Regular,7,4
6a2354189f2f6901826a51b4,1127,Ms. Denise Parker,dstewart@example.org,2023-02-11,Regular,11,7
6a2354189f2f6901826a51b5,1128,Amber Mitchell,martinezmarilyn@example.com,2022-08-24,Regular,14,7
6a2354189f2f6901826a51b6,1129,Todd Thompson,jason69@example.com,2023-01-09,Regular,9,4
6a2354189f2f6901826a51b7,1130,Carla Griffith,william21@example.org,2025-11-28,Regular,12,7
6a2354189f2f6901826a51b8,1131,David Flores,phillipstrickland@example.com,2023-12-22,Regular,8,3
6a2354189f2f6901826a51b9,1132,Daniel Lowery,zoe38@example.org,2026-03-22,Admin,11,3
6a2354189f2f6901826a51ba,1133,Kelly Peterson,stepheneverett@example.com,2025-03-31,Regular,5,4
6a2354189f2f6901826a51bb,1134,Samantha Williams,bdean@example.org,2026-03-18,Regular,7,5
6a2354189f2f6901826a51bc,1135,Erica Hayden,jennifer53@example.net,2022-03-24,Premium,8,6
6a2354189f2f6901826a51bd,1136,Stephen Poole,marksjohn@example.com,2021-09-17,Premium,12,7
6a2354189f2f6901826a51be,1137,Peter Ward,pattersoncarl@example.org,2024-08-16,Regular,7,3
6a2354189f2f6901826a51bf,1138,Joseph Madden,terrirobinson@example.net,2022-10-11,Regular,5,3
6a2354189f2f6901826a51c0,1139,Nicole Chavez,kennethshepherd@example.com,2023-04-15,Regular,10,4
6a2354189f2f6901826a51c1,1140,Gregory Waller,kfernandez@example.net,2025-04-01,Regular,12,4
6a2354189f2f6901826a51c2,1141,Steven Hester,brandon70@example.com,2021-08-12,Regular,15,10
6a2354189f2f6901826a51c3,1142,Brenda Brock,oibarra@example.com,2025-04-22,Regular,15,9
6a2354189f2f6901826a51c4,1143,Sherri Knapp,sarah86@example.com,2026-01-01,Regular,11,5
6a2354189f2f6901826a51c5,1144,Barbara Leonard,jbrennan@example.com,2024-09-20,Regular,9,7
6a2354189f2f6901826a51c6,1145,William Gallagher,darrell69@example.com,2023-06-09,Regular,11,7
6a2354189f2f6901826a51c7,1146,Jeffrey Levy,evanstracy@example.org,2023-08-16,Regular,11,6
6a2354189f2f6901826a51c8,1147,Bobby Cox,sdixon@example.net,2024-04-13,Regular,9,4
6a2354189f2f6901826a51c9,1148,Kelly Martinez,johnsonedward@example.net,2023-07-05,Regular,10,4
6a2354189f2f6901826a51ca,1149,Felicia Le,cabbott@example.net,2021-11-02,Regular,11,5
6a2354189f2f6901826a51cb,1150,Allen Brown,uking@example.com,2022-03-15,Regular,11,5
6a2354189f2f6901826a51cc,1151,Dr. Billy Pace IV,ashleycampbell@example.com,2024-10-29,Regular,13,9
6a2354189f2f6901826a51cd,1152,Wendy Rodriguez,tylerwashington@example.com,2024-06-25,Regular,13,2
6a2354189f2f6901826a51ce,1153,Adam Munoz,boyddesiree@example.net,2025-05-08,Regular,11,5
6a2354189f2f6901826a51cf,1154,Jonathan Rogers,dominic14@example.org,2023-07-28,Regular,8,5
6a2354189f2f6901826a51d0,1155,Karen Russell,andrea10@example.net,2021-08-27,Regular,10,5
6a2354189f2f6901826a51d1,1156,Robert Vaughn,hectorhicks@example.org,2024-05-12,Regular,13,7
6a2354189f2f6901826a51d2,1157,Jeff Davis,rswanson@example.net,2025-07-17,Regular,16,8
6a2354189f2f6901826a51d3,1158,Mary Mahoney DDS,sharon98@example.com,2024-09-27,Premium,8,3
6a2354189f2f6901826a51d4,1159,Jennifer Munoz,katiehaynes@example.org,2022-01-01,Regular,7,4
6a2354189f2f6901826a51d5,1160,Carmen Anderson,abarnes@example.com,2023-05-04,Regular,14,6
6a2354189f2f6901826a51d6,1161,Kathy Smith,jermaineferguson@example.org,2026-01-10,Regular,5,1
6a2354189f2f6901826a51d7,1162,Matthew Olsen,uaguirre@example.org,2021-08-06,Regular,11,6
6a2354189f2f6901826a51d8,1163,Jared Page,aguirresteven@example.org,2022-05-10,Regular,9,4
6a2354189f2f6901826a51d9,1164,Nancy Hughes,ladams@example.org,2025-05-03,Regular,13,8
6a2354189f2f6901826a51da,1165,Alyssa French,tracy10@example.com,2023-02-06,Premium,8,4
6a2354189f2f6901826a51db,1166,Patrick Sullivan,bradley46@example.com,2026-02-02,Regular,10,7
6a2354189f2f6901826a51dc,1167,Dr. Paul Martinez,brittany51@example.net,2024-06-30,Regular,13,9
6a2354189f2f6901826a51dd,1168,Scott Hunter,kennethbenjamin@example.org,2024-10-20,Premium,10,5
6a2354189f2f6901826a51de,1169,John Hutchinson,mariaewing@example.net,2022-10-13,Regular,10,9
6a2354189f2f6901826a51df,1170,Kimberly Bell,dcurtis@example.org,2021-10-14,Regular,12,5
6a2354189f2f6901826a51e0,1171,Kristi Garcia,stephaniewright@example.com,2021-06-06,Regular,8,6
6a2354189f2f6901826a51e1,1172,Julie Foster,astuart@example.com,2024-08-28,Premium,13,7
6a2354189f2f6901826a51e2,1173,Julie Murphy,fwilson@example.net,2022-12-20,Premium,10,4
6a2354189f2f6901826a51e3,1174,Antonio Aguilar,maynardchristina@example.net,2026-04-19,Regular,11,2
6a2354189f2f6901826a51e4,1175,Alan Dillon,jonesbrandy@example.net,2021-06-28,Regular,13,7
6a2354189f2f6901826a51e5,1176,Michelle Jackson,chaveznicholas@example.org,2025-11-28,Regular,7,4
6a2354189f2f6901826a51e6,1177,Laura Burns,florestrevor@example.org,2023-12-05,Regular,3,0
6a2354189f2f6901826a51e7,1178,Jordan Baker,cmcintyre@example.org,2023-08-23,Regular,8,5
6a2354189f2f6901826a51e8,1179,Matthew Robinson,alejandro84@example.net,2023-06-02,Regular,12,5
6a2354189f2f6901826a51e9,1180,Eric Sanders,usnyder@example.net,2024-02-15,Regular,11,3
6a2354189f2f6901826a51ea,1181,Rebecca Mathews,gliu@example.org,2023-03-22,Regular,9,5
6a2354189f2f6901826a51eb,1182,Larry Long,webstertracy@example.net,2021-08-22,Regular,9,6
6a2354189f2f6901826a51ec,1183,Mrs. Felicia Quinn,mercedesdoyle@example.com,2023-10-08,Regular,6,3
6a2354189f2f6901826a51ed,1184,Mark Perez,daniel38@example.org,2025-01-18,Regular,7,2
6a2354189f2f6901826a51ee,1185,Edwin Peters,ygonzales@example.org,2023-11-26,Regular,10,3
6a2354189f2f6901826a51ef,1186,Christy Graves,christinawaters@example.org,2022-12-08,Regular,6,5
6a2354189f2f6901826a51f0,1187,Amber Sutton,dgreene@example.net,2025-04-10,Regular,7,5
6a2354189f2f6901826a51f1,1188,John Hall,masonkaren@example.com,2025-08-10,Regular,15,8
6a2354189f2f6901826a51f2,1189,Kimberly Moreno,imaldonado@example.com,2021-07-12,Regular,11,2
6a2354189f2f6901826a51f3,1190,Dylan Duran,madams@example.org,2024-12-04,Regular,10,8
6a2354189f2f6901826a51f4,1191,Donna Foster DDS,connie60@example.net,2022-04-08,Regular,2,1
6a2354189f2f6901826a51f5,1192,Karen Mclaughlin,angelabryant@example.org,2023-01-05,Regular,13,8
6a2354189f2f6901826a51f6,1193,Jasmin Miller,lindsaywood@example.com,2026-03-24,Regular,3,2
6a2354189f2f6901826a51f7,1194,Tyler Martinez,susangarcia@example.com,2024-08-30,Premium,10,6
6a2354189f2f6901826a51f8,1195,Jeff Tucker,sullivansusan@example.com,2024-12-27,Regular,15,8
6a2354189f2f6901826a51f9,1196,Kevin Horne,qbrown@example.com,2022-10-03,Premium,9,5
6a2354189f2f6901826a51fa,1197,Alison Merritt,sjones@example.com,2022-07-17,Regular,5,2
6a2354189f2f6901826a51fb,1198,John Chang,rsilva@example.net,2021-10-27,Regular,9,6
6a2354189f2f6901826a51fc,1199,Justin Bowers,martinhernandez@example.com,2025-06-20,Regular,11,8
6a2354189f2f6901826a51fd,1200,Melissa Waters,collinsrichard@example.net,2025-04-04,Regular,7,4
6a2354189f2f6901826a51fe,1201,Shannon Decker,dberry@example.org,2023-12-17,Premium,12,8
6a2354189f2f6901826a51ff,1202,Jessica Wiley,wolfjonathan@example.net,2025-09-24,Regular,8,2
6a2354189f2f6901826a5200,1203,Jessica Bray,rpatterson@example.org,2026-03-06,Regular,16,8
6a2354189f2f6901826a5201,1204,Connie Roberts,zfrey@example.com,2026-03-13,Regular,9,4
6a2354189f2f6901826a5202,1205,Adam Russo,nhorn@example.com,2025-09-13,Premium,6,5
6a2354189f2f6901826a5203,1206,Taylor Thomas,amanda94@example.org,2024-08-28,Regular,12,8
6a2354189f2f6901826a5204,1207,Christopher Hall,jonathan71@example.com,2025-11-07,Regular,8,5
6a2354189f2f6901826a5205,1208,David Brady,smithlaura@example.com,2026-03-18,Regular,15,6
6a2354189f2f6901826a5206,1209,Michael King,peterleon@example.net,2024-06-02,Premium,6,2
6a2354189f2f6901826a5207,1210,Emily Martin,rodriguezmegan@example.com,2023-03-03,Regular,7,3
6a2354189f2f6901826a5208,1211,Alan Murphy,conniemartin@example.net,2023-08-22,Regular,13,7
6a2354189f2f6901826a5209,1212,Samantha Tyler,lisaking@example.org,2021-11-05,Regular,10,4
6a2354189f2f6901826a520a,1213,Alicia Griffin,timothyrodriguez@example.com,2025-03-10,Regular,12,8
6a2354189f2f6901826a520b,1214,Theresa Stanley,hopkinsdan@example.org,2023-10-10,Regular,14,7
6a2354189f2f6901826a520c,1215,Ricky Dominguez,udavis@example.org,2022-08-26,Regular,9,4
6a2354189f2f6901826a520d,1216,Alexis Avila,floydtimothy@example.net,2023-10-13,Regular,14,7
6a2354189f2f6901826a520e,1217,Casey Hanson,daniellecollins@example.com,2023-10-05,Regular,14,7
6a2354189f2f6901826a520f,1218,Tabitha Hart,michellehurley@example.net,2023-03-22,Regular,14,10
6a2354189f2f6901826a5210,1219,Katherine Fields,harperronald@example.com,2026-02-27,Regular,8,4
6a2354189f2f6901826a5211,1220,Rebecca Rivera,timothy54@example.org,2022-12-11,Regular,11,2
6a2354189f2f6901826a5212,1221,Albert Bradley,mark77@example.com,2022-03-10,Regular,8,4
6a2354189f2f6901826a5213,1222,Robert Fleming,aharris@example.net,2025-04-04,Regular,10,6
6a2354189f2f6901826a5214,1223,Christine Holmes,cirwin@example.com,2025-05-25,Regular,13,6
6a2354189f2f6901826a5215,1224,Brenda Torres,brendale@example.org,2022-12-08,Regular,10,4
6a2354189f2f6901826a5216,1225,Michael Rivas,thomasderek@example.net,2022-07-29,Regular,11,6
6a2354189f2f6901826a5217,1226,Elizabeth Davies,nielsenbrenda@example.com,2024-04-21,Regular,10,4
6a2354189f2f6901826a5218,1227,Mary Gibson,martinezmichael@example.org,2025-06-16,Regular,14,8
6a2354189f2f6901826a5219,1228,John White,lori56@example.net,2025-06-06,Regular,7,2
6a2354189f2f6901826a521a,1229,David Peters,melinda17@example.org,2024-04-08,Regular,8,2
6a2354189f2f6901826a521b,1230,Michael Waters,kristen91@example.net,2022-10-19,Premium,8,6
6a2354189f2f6901826a521c,1231,Christopher Donovan,melissa41@example.com,2024-04-26,Regular,5,2
6a2354189f2f6901826a521d,1232,Heather Silva,dianecruz@example.org,2021-08-30,Regular,12,7
6a2354189f2f6901826a521e,1233,Edward Levine,christopherkelly@example.com,2025-10-23,Regular,11,7
6a2354189f2f6901826a521f,1234,Patricia Berg,alexandragonzalez@example.net,2024-12-02,Regular,13,8
6a2354189f2f6901826a5220,1235,Denise Rodriguez,hodgebrittany@example.net,2022-04-15,Regular,12,7
6a2354189f2f6901826a5221,1236,David Johnson,alexandertaylor@example.org,2023-02-04,Premium,14,7
6a2354189f2f6901826a5222,1237,Donald Thomas,hallshelby@example.org,2023-08-05,Regular,7,5
6a2354189f2f6901826a5223,1238,Tara Moore,annettelong@example.org,2022-09-05,Regular,8,3
6a2354189f2f6901826a5224,1239,Taylor Davis,strongjennifer@example.org,2022-02-18,Regular,8,4
6a2354189f2f6901826a5225,1240,Randy Singh,bradley25@example.org,2021-08-19,Regular,9,4
6a2354189f2f6901826a5226,1241,Melissa Carter,andrew44@example.net,2021-10-18,Regular,10,7
6a2354189f2f6901826a5227,1242,Danielle Crawford,lbennett@example.net,2023-03-04,Regular,10,7
6a2354189f2f6901826a5228,1243,Juan Cabrera,martinmathew@example.org,2025-07-03,Regular,7,3
6a2354189f2f6901826a5229,1244,Regina Hopkins,ebryant@example.net,2023-11-02,Premium,10,3
6a2354189f2f6901826a522a,1245,Lonnie Cunningham,lisaparker@example.net,2021-07-18,Regular,7,4
6a2354189f2f6901826a522b,1246,Veronica Stone,fmartin@example.com,2025-08-18,Regular,5,2
6a2354189f2f6901826a522c,1247,Courtney Paul,espinozacarlos@example.org,2025-06-13,Premium,13,7
6a2354189f2f6901826a522d,1248,Ryan Ramirez,diane27@example.org,2022-09-24,Premium,9,2
6a2354189f2f6901826a522e,1249,Justin Hood,melaniehernandez@example.com,2025-03-20,Regular,16,6
6a2354189f2f6901826a522f,1250,Jennifer Jones,elliottamanda@example.org,2025-12-18,Regular,12,4
6a2354189f2f6901826a5230,1251,Amber Bowers,lisa33@example.com,2025-07-31,Regular,9,6
6a2354189f2f6901826a5231,1252,Cynthia Mcconnell,melaniejones@example.net,2024-08-25,Premium,10,4
6a2354189f2f6901826a5232,1253,Nathan Ray,dgarza@example.org,2024-04-24,Regular,7,5
6a2354189f2f6901826a5233,1254,Amanda French,david17@example.com,2025-08-09,Premium,10,5
6a2354189f2f6901826a5234,1255,Tina Carpenter,thompsonbrian@example.org,2026-03-10,Regular,13,6
6a2354189f2f6901826a5235,1256,Haley Lara,jesseyates@example.com,2022-07-23,Regular,11,8
6a2354189f2f6901826a5236,1257,Jose Jones,amandachapman@example.org,2023-01-01,Regular,11,7
6a2354189f2f6901826a5237,1258,Devon Kidd,kevinlewis@example.org,2022-12-08,Regular,7,3
6a2354189f2f6901826a5238,1259,Kara Alexander,tayloranthony@example.org,2021-12-30,Regular,11,2
6a2354189f2f6901826a5239,1260,Patrick Martinez,emilychristian@example.org,2022-06-21,Premium,12,7
6a2354189f2f6901826a523a,1261,Jessica Kennedy,hayeskyle@example.com,2024-02-12,Regular,9,5
6a2354189f2f6901826a523b,1262,Margaret Morrow,bsanders@example.net,2024-07-15,Regular,13,9
6a2354189f2f6901826a523c,1263,Tiffany Cooper,stonethomas@example.com,2022-11-15,Regular,8,1
6a2354189f2f6901826a523d,1264,Lori Thomas,christinadennis@example.net,2024-02-22,Regular,13,6
6a2354189f2f6901826a523e,1265,Adam Wood,hannahvelasquez@example.net,2023-10-07,Regular,11,8
6a2354189f2f6901826a523f,1266,James Cabrera,christine80@example.net,2022-02-19,Regular,8,5
6a2354189f2f6901826a5240,1267,Jeffrey Clark,hubermichael@example.net,2025-06-12,Premium,14,9
6a2354189f2f6901826a5241,1268,Lori Mayo,ronald92@example.org,2022-04-25,Regular,15,7
6a2354189f2f6901826a5242,1269,Robert Tate,davidwilliams@example.org,2024-03-10,Regular,11,6
6a2354189f2f6901826a5243,1270,Christopher Davis,cneal@example.org,2024-01-28,Regular,9,5
6a2354189f2f6901826a5244,1271,Amy Campbell,mooreashley@example.org,2026-03-26,Regular,8,4
6a2354189f2f6901826a5245,1272,David Mcbride,ybutler@example.com,2024-01-07,Regular,10,2
6a2354189f2f6901826a5246,1273,Scott Jordan,thomasrobert@example.org,2022-02-05,Regular,8,3
6a2354189f2f6901826a5247,1274,Kaitlin Kane,xcrawford@example.net,2021-06-11,Regular,7,5
6a2354189f2f6901826a5248,1275,Ashley Byrd,egonzalez@example.org,2023-02-10,Regular,7,2
6a2354189f2f6901826a5249,1276,Elizabeth Douglas,jillfisher@example.com,2025-07-18,Regular,9,3
6a2354189f2f6901826a524a,1277,Diana May,mark64@example.net,2024-09-30,Regular,5,3
6a2354189f2f6901826a524b,1278,Angela Reynolds,saraclark@example.com,2024-09-13,Regular,8,5
6a2354189f2f6901826a524c,1279,Samantha Taylor,kimberlytucker@example.net,2022-10-21,Regular,9,4
6a2354189f2f6901826a524d,1280,Jennifer Graves,lcurtis@example.net,2025-04-20,Regular,13,6
6a2354189f2f6901826a524e,1281,Karen Dawson,kmyers@example.org,2023-03-20,Regular,16,8
6a2354189f2f6901826a524f,1282,Brian Jacobson,cjones@example.org,2023-06-10,Regular,8,5
6a2354189f2f6901826a5250,1283,Anne Arnold,gmeyer@example.net,2023-08-21,Regular,16,4
6a2354189f2f6901826a5251,1284,Jessica Shaw,victor33@example.org,2025-12-04,Regular,10,2
6a2354189f2f6901826a5252,1285,Austin Velasquez,rodneylewis@example.net,2022-06-07,Regular,10,6
6a2354189f2f6901826a5253,1286,Gabriela Knight,williamsalexander@example.com,2022-08-22,Regular,15,9
6a2354189f2f6901826a5254,1287,Samuel Fletcher,spencerrachel@example.com,2024-08-22,Regular,3,0
6a2354189f2f6901826a5255,1288,Darin Bryan,rgray@example.com,2025-10-12,Regular,6,4
6a2354189f2f6901826a5256,1289,Paula Riley,larrybruce@example.net,2025-03-11,Regular,6,4
6a2354189f2f6901826a5257,1290,Mary Williams,denisearcher@example.net,2022-03-05,Regular,9,3
6a2354189f2f6901826a5258,1291,Mrs. Cynthia Cline,elee@example.net,2024-12-28,Regular,15,10
6a2354189f2f6901826a5259,1292,Ashley King,jessicawalters@example.org,2026-02-11,Regular,8,5
6a2354189f2f6901826a525a,1293,Michelle Lopez,spencercurtis@example.com,2025-11-18,Premium,5,2
6a2354189f2f6901826a525b,1294,Cynthia Brown,dawn76@example.com,2021-08-16,Regular,13,7
6a2354189f2f6901826a525c,1295,David Carroll,scotttimothy@example.net,2021-11-26,Regular,10,4
6a2354189f2f6901826a525d,1296,Patricia Torres,josephgamble@example.com,2023-09-17,Regular,12,5
6a2354189f2f6901826a525e,1297,Sarah Allen,wallsedwin@example.org,2023-05-31,Regular,19,9
6a2354189f2f6901826a525f,1298,Nathan Montoya,marthaaguilar@example.net,2025-06-10,Regular,8,6
6a2354189f2f6901826a5260,1299,Erin Acevedo,rosejimmy@example.org,2021-06-11,Regular,7,2
6a2354189f2f6901826a5261,1300,Russell Roth,vdoyle@example.com,2025-03-28,Regular,11,5
6a2354189f2f6901826a5262,1301,Brian Brady,jimmyerickson@example.org,2025-05-21,Regular,11,7
6a2354189f2f6901826a5263,1302,Joseph Hale,kimjustin@example.org,2021-12-01,Regular,12,8
6a2354189f2f6901826a5264,1303,Hector Torres,ericsmith@example.com,2024-06-04,Regular,17,11
6a2354189f2f6901826a5265,1304,Angela Gill,stoutdavid@example.org,2024-06-30,Regular,8,3
6a2354189f2f6901826a5266,1305,April Anderson,randynunez@example.com,2025-05-02,Regular,16,10
6a2354189f2f6901826a5267,1306,Stephanie Hayes,dixonrobert@example.net,2021-11-07,Regular,16,9
6a2354189f2f6901826a5268,1307,Christopher Bell,cbrown@example.net,2024-08-29,Premium,10,4
6a2354189f2f6901826a5269,1308,James Pacheco,jennifermichael@example.com,2022-04-04,Regular,4,1
6a2354189f2f6901826a526a,1309,Steven Zimmerman,bryanwilliam@example.org,2025-03-04,Regular,16,8
6a2354189f2f6901826a526b,1310,Eileen Reyes,marquezdavid@example.org,2023-09-20,Regular,10,6
6a2354189f2f6901826a526c,1311,Brandi Stephens,karla66@example.com,2023-10-01,Premium,9,6
6a2354189f2f6901826a526d,1312,Miranda Gordon,jeremy05@example.org,2026-03-25,Regular,8,4
6a2354189f2f6901826a526e,1313,Michelle Leon,jameslopez@example.org,2021-11-04,Regular,13,8
6a2354189f2f6901826a526f,1314,Amy Cherry,frojas@example.com,2025-01-14,Regular,13,7
6a2354189f2f6901826a5270,1315,Jennifer James,aperez@example.org,2022-05-28,Regular,5,3
6a2354189f2f6901826a5271,1316,Sandra Nichols,ruiztimothy@example.net,2023-01-05,Regular,6,5
6a2354189f2f6901826a5272,1317,Tyler Adams,lhart@example.com,2023-06-13,Premium,9,4
6a2354189f2f6901826a5273,1318,John Waters,ahester@example.org,2022-05-28,Regular,9,4
6a2354189f2f6901826a5274,1319,Felicia Mccarthy,john25@example.net,2022-10-02,Regular,13,6
6a2354189f2f6901826a5275,1320,Louis Morris DDS,jeromeparks@example.net,2025-01-14,Regular,13,5
6a2354189f2f6901826a5276,1321,Vanessa Phelps MD,robertoduncan@example.net,2025-04-23,Regular,3,1
6a2354189f2f6901826a5277,1322,Erin Perry,vgreer@example.net,2026-02-24,Regular,8,4
6a2354189f2f6901826a5278,1323,David White,ashleyroberts@example.com,2023-05-06,Regular,12,9
6a2354189f2f6901826a5279,1324,Mark Wilson,qpeterson@example.com,2022-10-24,Premium,14,5
6a2354189f2f6901826a527a,1325,James Mcdonald,olara@example.org,2025-12-24,Regular,4,1
6a2354189f2f6901826a527b,1326,Mrs. Sarah Price DDS,brianmeyer@example.org,2021-12-25,Regular,8,4
6a2354189f2f6901826a527c,1327,Joshua Herman,tracey63@example.com,2021-12-01,Regular,6,1
6a2354189f2f6901826a527d,1328,Kristen Peck,mooredanielle@example.com,2022-01-05,Regular,11,5
6a2354189f2f6901826a527e,1329,Peter Williams,dunndavid@example.org,2025-04-09,Regular,14,10
6a2354189f2f6901826a527f,1330,Brenda Flores,stephanie82@example.com,2021-12-30,Regular,10,6
6a2354189f2f6901826a5280,1331,Sydney Mendez,umontgomery@example.net,2024-10-30,Regular,5,4
6a2354189f2f6901826a5281,1332,Michele Jackson,michaelmeyer@example.net,2023-01-26,Regular,15,8
6a2354189f2f6901826a5282,1333,Mark Bailey,lopezjamie@example.com,2022-11-25,Regular,16,8
6a2354189f2f6901826a5283,1334,Julia Tanner,gonzalestina@example.net,2023-03-20,Premium,8,3
6a2354189f2f6901826a5284,1335,Brandon Perry,tfitzgerald@example.org,2024-07-10,Regular,4,1
6a2354189f2f6901826a5285,1336,Ross Page,robertgallegos@example.com,2025-06-01,Regular,7,5
6a2354189f2f6901826a5286,1337,Kristie Johnson,patriciawalton@example.com,2025-09-16,Regular,6,5
6a2354189f2f6901826a5287,1338,James Dixon,yrodriguez@example.net,2025-07-01,Regular,15,7
6a2354189f2f6901826a5288,1339,James House,maddoxdustin@example.com,2022-08-29,Premium,12,4
6a2354189f2f6901826a5289,1340,Adam Ruiz,brichardson@example.net,2023-04-22,Regular,16,8
6a2354189f2f6901826a528a,1341,Krista Diaz,curtis45@example.com,2025-05-11,Regular,13,7
6a2354189f2f6901826a528b,1342,Bryan Ramos,zmorales@example.net,2023-09-22,Premium,15,5
6a2354189f2f6901826a528c,1343,Chad Lin,rushchristopher@example.net,2025-10-31,Regular,10,7
6a2354189f2f6901826a528d,1344,Kyle Davidson,acollier@example.net,2023-03-21,Regular,8,2
6a2354189f2f6901826a528e,1345,Eric Melton,tricia06@example.com,2025-02-01,Regular,14,8
6a2354189f2f6901826a528f,1346,Kathy Moore,afischer@example.org,2021-08-19,Regular,10,6
6a2354189f2f6901826a5290,1347,Ashley Taylor MD,katie90@example.com,2022-08-25,Regular,8,4
6a2354189f2f6901826a5291,1348,Krista Williams,christystein@example.org,2022-06-19,Regular,15,9
6a2354189f2f6901826a5292,1349,Christine Fields,caitlinmitchell@example.com,2022-03-08,Regular,10,6
6a2354189f2f6901826a5293,1350,Kristen Peterson,amarshall@example.org,2022-08-04,Premium,6,2
6a2354189f2f6901826a5294,1351,Emily Thompson,aaronjones@example.org,2023-06-04,Regular,6,5
6a2354189f2f6901826a5295,1352,Christopher Flowers,andrew91@example.com,2024-06-01,Premium,7,3
6a2354189f2f6901826a5296,1353,Melissa White,pclay@example.net,2025-09-18,Regular,13,5
6a2354189f2f6901826a5297,1354,Tyler White,esmith@example.org,2022-02-02,Regular,11,9
6a2354189f2f6901826a5298,1355,Rebecca Gomez,xlynch@example.net,2026-02-03,Regular,8,2
6a2354189f2f6901826a5299,1356,Sharon Foley,jill56@example.com,2023-11-08,Regular,12,6
6a2354189f2f6901826a529a,1357,Kyle Hahn,valeriehoward@example.com,2023-09-19,Regular,9,4
6a2354189f2f6901826a529b,1358,Ryan Adkins,hunter96@example.org,2023-12-27,Regular,12,5
6a2354189f2f6901826a529c,1359,Donna Duffy,myerscrystal@example.com,2024-06-28,Premium,10,4
6a2354189f2f6901826a529d,1360,Joann Briggs,vcollins@example.net,2024-03-26,Regular,8,4
6a2354189f2f6901826a529e,1361,Nichole Boyd,gburns@example.com,2025-02-03,Regular,10,6
6a2354189f2f6901826a529f,1362,Kim Burgess,turnerjoan@example.org,2023-09-22,Regular,10,5
6a2354189f2f6901826a52a0,1363,Kimberly Gallagher,christinahernandez@example.org,2025-12-12,Premium,11,7
6a2354189f2f6901826a52a1,1364,Chris Schroeder,jodyhoffman@example.net,2024-10-22,Regular,13,5
6a2354189f2f6901826a52a2,1365,Tracy Hall,pagelisa@example.org,2021-10-09,Regular,5,2
6a2354189f2f6901826a52a3,1366,Candace Brown,hernandezgregory@example.org,2023-08-02,Premium,7,5
6a2354189f2f6901826a52a4,1367,Christopher Bird,williamspatricia@example.net,2024-07-29,Premium,9,5
6a2354189f2f6901826a52a5,1368,Sherry Hodge,jenkinstimothy@example.com,2022-07-30,Regular,14,7
6a2354189f2f6901826a52a6,1369,Jorge Gilbert,hrasmussen@example.com,2023-09-23,Regular,6,0
6a2354189f2f6901826a52a7,1370,Alison Mason PhD,isullivan@example.net,2024-10-15,Regular,13,8
6a2354189f2f6901826a52a8,1371,Kevin Underwood,samuel63@example.net,2025-03-12,Premium,8,2
6a2354189f2f6901826a52a9,1372,Matthew Ramirez,lindsaywarner@example.net,2024-09-04,Regular,11,6
6a2354189f2f6901826a52aa,1373,Paul Sanchez,david16@example.net,2024-10-12,Regular,13,7
6a2354189f2f6901826a52ab,1374,Kenneth Collins,aaronbell@example.org,2025-06-06,Regular,12,3
6a2354189f2f6901826a52ac,1375,April Hernandez,sheilacarney@example.net,2023-10-15,Regular,12,6
6a2354189f2f6901826a52ad,1376,Ariana Coleman,whitemolly@example.com,2024-01-07,Regular,11,8
6a2354189f2f6901826a52ae,1377,Lisa Sutton,foxjames@example.net,2021-08-21,Regular,5,2
6a2354189f2f6901826a52af,1378,Candice Brown,chapmanrobert@example.com,2025-10-25,Regular,7,3
6a2354189f2f6901826a52b0,1379,Veronica Knox,klevine@example.net,2026-02-18,Regular,13,7
6a2354189f2f6901826a52b1,1380,Ricky Bass,michael68@example.org,2021-09-09,Regular,13,9
6a2354189f2f6901826a52b2,1381,Paul White,brandonryan@example.com,2024-08-15,Premium,13,6
6a2354189f2f6901826a52b3,1382,Rachael Mcknight,cberger@example.org,2021-10-03,Regular,12,7
6a2354189f2f6901826a52b4,1383,Michael Allen,jamescollier@example.org,2025-03-15,Regular,7,7
6a2354189f2f6901826a52b5,1384,Jacqueline Hernandez,michaeldudley@example.net,2025-06-14,Regular,8,6
6a2354189f2f6901826a52b6,1385,Aaron Richardson,mcdanielbrian@example.net,2025-06-17,Regular,12,9
6a2354189f2f6901826a52b7,1386,Jacob Nguyen,hilldarren@example.com,2022-06-21,Regular,7,4
6a2354189f2f6901826a52b8,1387,Angela Golden,anthony01@example.com,2026-06-04,Regular,8,6
6a2354189f2f6901826a52b9,1388,Mario Mills,fcarroll@example.com,2021-06-10,Regular,7,0
6a2354189f2f6901826a52ba,1389,Justin Wright,seanspencer@example.com,2024-02-28,Regular,11,5
6a2354189f2f6901826a52bb,1390,Mrs. Jennifer Cantu MD,ellistiffany@example.com,2021-07-03,Regular,11,5
6a2354189f2f6901826a52bc,1391,Haley Smith,nolankatherine@example.com,2022-12-11,Regular,10,6
6a2354189f2f6901826a52bd,1392,Susan Phillips,brittneyobrien@example.net,2025-11-25,Regular,11,6
6a2354189f2f6901826a52be,1393,Elizabeth Medina,zrojas@example.org,2023-12-01,Regular,8,6
6a2354189f2f6901826a52bf,1394,Marcia Jackson,reyesmatthew@example.com,2022-06-17,Regular,7,4
6a2354189f2f6901826a52c0,1395,Michael Thomas,tonyanelson@example.org,2023-08-14,Regular,7,4
6a2354189f2f6901826a52c1,1396,Samuel Hall,raymondmccormick@example.org,2023-04-08,Regular,12,6
6a2354189f2f6901826a52c2,1397,Anthony Hawkins,smithkevin@example.net,2024-06-07,Regular,9,6
6a2354189f2f6901826a52c3,1398,Victoria Wells,ramseyjerry@example.org,2023-06-15,Regular,4,2
6a2354189f2f6901826a52c4,1399,Stephanie Alvarado,murphycrystal@example.net,2022-04-01,Regular,10,6
6a2354189f2f6901826a52c5,1400,Dean Fowler,lori20@example.org,2022-02-13,Regular,8,5
6a2354189f2f6901826a52c6,1401,Dr. Stephanie Snyder,ruizkim@example.org,2022-08-04,Premium,12,7
6a2354189f2f6901826a52c7,1402,Tiffany Schroeder,michaelacalhoun@example.net,2026-04-03,Regular,6,4
6a2354189f2f6901826a52c8,1403,Derek Mcmillan,patellaurie@example.com,2023-01-29,Regular,16,12
6a2354189f2f6901826a52c9,1404,Andrew Barber,ryan10@example.org,2024-03-04,Premium,9,7
6a2354189f2f6901826a52ca,1405,Thomas Williams,lisamahoney@example.com,2023-11-01,Regular,13,9
6a2354189f2f6901826a52cb,1406,Miranda Holland,sarah48@example.com,2024-02-14,Regular,14,6
6a2354189f2f6901826a52cc,1407,Grace Bryant,lroberts@example.com,2024-11-12,Regular,16,8
6a2354189f2f6901826a52cd,1408,Mrs. Crystal Kirby DDS,meghanrichard@example.org,2026-02-15,Regular,6,3
6a2354189f2f6901826a52ce,1409,John Brown,masseyjennifer@example.net,2023-01-02,Regular,6,3
6a2354189f2f6901826a52cf,1410,Arthur Parker,alexandrasanchez@example.com,2024-05-06,Regular,18,7
6a2354189f2f6901826a52d0,1411,Matthew Anderson,daniel93@example.com,2025-04-21,Regular,9,7
6a2354189f2f6901826a52d1,1412,Karen Harris,bflores@example.org,2022-01-08,Regular,11,4
6a2354189f2f6901826a52d2,1413,Jennifer Johnson,ajohnson@example.net,2026-04-14,Regular,10,4
6a2354189f2f6901826a52d3,1414,Jason Freeman,jennifermcbride@example.net,2024-06-10,Regular,6,3
6a2354189f2f6901826a52d4,1415,Pamela Mckinney,dmitchell@example.org,2021-10-21,Regular,12,5
6a2354189f2f6901826a52d5,1416,Tracey Nichols,esingh@example.org,2025-06-17,Regular,13,6
6a2354189f2f6901826a52d6,1417,Carlos Decker,ldelgado@example.com,2021-08-14,Regular,9,5
6a2354189f2f6901826a52d7,1418,Donald White,laurenyu@example.org,2021-06-26,Regular,11,3
6a2354189f2f6901826a52d8,1419,James Khan,pedrowatkins@example.com,2022-02-28,Regular,12,4
6a2354189f2f6901826a52d9,1420,David Campbell,chelsea30@example.com,2025-05-06,Regular,8,3
6a2354189f2f6901826a52da,1421,Scott Sutton,stephanie49@example.net,2023-02-03,Regular,12,9
6a2354189f2f6901826a52db,1422,Jennifer Parker,samantha81@example.org,2023-07-21,Premium,7,4
6a2354189f2f6901826a52dc,1423,Christopher Dennis,hernandezbrandon@example.org,2022-05-02,Regular,16,5
6a2354189f2f6901826a52dd,1424,Jamie Floyd,duncanjeremy@example.com,2025-10-31,Regular,13,2
6a2354189f2f6901826a52de,1425,Emily Ramos,aliciawhite@example.com,2022-03-13,Premium,8,6
6a2354189f2f6901826a52df,1426,Michelle Wang,qgraham@example.org,2023-07-02,Regular,7,2
6a2354189f2f6901826a52e0,1427,Anne Ponce,johnsontimothy@example.net,2023-10-21,Premium,15,4
6a2354189f2f6901826a52e1,1428,Elizabeth Wall,guzmanerik@example.org,2022-04-20,Regular,6,3
6a2354189f2f6901826a52e2,1429,Adam Carter,juliebuckley@example.net,2022-12-07,Regular,11,5
6a2354189f2f6901826a52e3,1430,Eric Guerra,james83@example.org,2022-05-30,Regular,2,2
6a2354189f2f6901826a52e4,1431,Chris Johnson,john69@example.org,2022-01-09,Regular,10,6
6a2354189f2f6901826a52e5,1432,Devon Harrison,nicole07@example.net,2025-06-02,Regular,14,7
6a2354189f2f6901826a52e6,1433,Bryan Garcia,jessicalawrence@example.net,2024-06-14,Regular,5,2
6a2354189f2f6901826a52e7,1434,Ian Castro,nwilliams@example.com,2024-12-30,Premium,8,3
6a2354189f2f6901826a52e8,1435,Dr. Anthony Perez Jr.,robert48@example.com,2021-12-18,Premium,11,4
6a2354189f2f6901826a52e9,1436,Christopher Wright,alexandrawalker@example.org,2026-01-19,Premium,14,9
6a2354189f2f6901826a52ea,1437,Nicholas Parsons,michael91@example.org,2022-03-12,Premium,11,3
6a2354189f2f6901826a52eb,1438,Claudia Glenn,dmartin@example.com,2025-12-05,Premium,12,6
6a2354189f2f6901826a52ec,1439,Sherry Simpson,ricedaniel@example.com,2022-06-11,Regular,14,7
6a2354189f2f6901826a52ed,1440,Melanie Williams,gregory96@example.com,2025-07-02,Premium,13,9
6a2354189f2f6901826a52ee,1441,Billy Klein,uhuffman@example.com,2023-09-23,Regular,8,4
6a2354189f2f6901826a52ef,1442,Robert Thompson,garymann@example.org,2025-02-18,Regular,12,4
6a2354189f2f6901826a52f0,1443,Gabriella Frank,howardstefanie@example.net,2023-11-09,Regular,11,3
6a2354189f2f6901826a52f1,1444,Keith Fisher,hholt@example.net,2022-05-12,Regular,10,6
6a2354189f2f6901826a52f2,1445,Shawn Hernandez,ballisaiah@example.net,2024-01-31,Regular,15,8
6a2354189f2f6901826a52f3,1446,Ryan Fields,meyersmolly@example.org,2026-01-01,Regular,14,10
6a2354189f2f6901826a52f4,1447,Adam Floyd,susangonzalez@example.com,2021-10-30,Regular,8,5
6a2354189f2f6901826a52f5,1448,Kristen Johnson,longerika@example.org,2023-03-08,Regular,8,4
6a2354189f2f6901826a52f6,1449,Janice Weber,christopherjohnson@example.org,2025-09-03,Regular,11,4
6a2354189f2f6901826a52f7,1450,Jennifer Meyers,kellyyoung@example.net,2023-09-15,Regular,16,6
6a2354189f2f6901826a52f8,1451,Lisa Booker,turnerwilliam@example.net,2024-12-19,Regular,10,4
6a2354189f2f6901826a52f9,1452,Donna Campbell,guy93@example.net,2022-01-24,Regular,8,6
6a2354189f2f6901826a52fa,1453,David Burgess,carla62@example.com,2022-04-29,Regular,8,5
6a2354189f2f6901826a52fb,1454,Jonathan Davis,elizabethdavis@example.org,2024-11-09,Premium,11,4
6a2354189f2f6901826a52fc,1455,Donald Castaneda,aalvarez@example.org,2022-12-31,Regular,7,3
6a2354189f2f6901826a52fd,1456,Emily Garza,ltaylor@example.com,2026-02-18,Regular,9,5
6a2354189f2f6901826a52fe,1457,Ethan Owens,jfernandez@example.net,2024-10-08,Premium,13,7
6a2354189f2f6901826a52ff,1458,Debra Tran,alvarezlauren@example.org,2023-09-02,Regular,6,4
6a2354189f2f6901826a5300,1459,Christopher Berger,thomasmorales@example.net,2022-01-02,Regular,3,1
6a2354189f2f6901826a5301,1460,Patrick Stewart,jeffreybarajas@example.com,2024-07-02,Regular,8,5
6a2354189f2f6901826a5302,1461,Audrey Bautista,karen52@example.com,2023-09-18,Regular,10,3
6a2354189f2f6901826a5303,1462,Steven Marshall,rileyjessica@example.org,2025-05-30,Regular,10,5
6a2354189f2f6901826a5304,1463,Andrew Johnson,klambert@example.net,2025-03-01,Regular,10,6
6a2354189f2f6901826a5305,1464,Tracey Spencer,ashleycarter@example.org,2023-12-22,Regular,9,5
6a2354189f2f6901826a5306,1465,David Barnes,mhenry@example.net,2025-03-02,Regular,13,8
6a2354189f2f6901826a5307,1466,Elizabeth Hernandez,solomonmichael@example.org,2023-08-05,Regular,12,5
6a2354189f2f6901826a5308,1467,Sarah Hawkins,jacobcurtis@example.com,2023-07-02,Regular,7,6
6a2354189f2f6901826a5309,1468,Travis Neal,stevenjones@example.net,2024-10-15,Regular,10,6
6a2354189f2f6901826a530a,1469,Jennifer Hernandez,gregory52@example.net,2023-12-15,Regular,7,4
6a2354189f2f6901826a530b,1470,Ashlee Hoffman,bishoppenny@example.com,2024-06-04,Regular,11,7
6a2354189f2f6901826a530c,1471,Darrell Hernandez,yerickson@example.net,2022-06-23,Regular,12,6
6a2354189f2f6901826a530d,1472,Sandra Wells,munozjasmine@example.net,2024-09-13,Regular,15,4
6a2354189f2f6901826a530e,1473,Sabrina Nelson,phillipswhitney@example.org,2021-06-06,Regular,15,7
6a2354189f2f6901826a530f,1474,Laura Andrews,tonya29@example.org,2022-06-15,Premium,8,4
6a2354189f2f6901826a5310,1475,Robert Brown,jonesjason@example.net,2021-06-16,Regular,12,5
6a2354189f2f6901826a5311,1476,Robert Martinez,fosterthomas@example.org,2022-12-03,Regular,10,6
6a2354189f2f6901826a5312,1477,Linda Gutierrez,ashleylong@example.org,2021-10-04,Regular,10,6
6a2354189f2f6901826a5313,1478,James Mathis,velezanthony@example.org,2022-06-24,Regular,9,5
6a2354189f2f6901826a5314,1479,Jared Washington,jamieburgess@example.org,2023-08-28,Regular,8,2
6a2354189f2f6901826a5315,1480,Kelsey Romero,cdavenport@example.net,2025-01-06,Regular,7,0
6a2354189f2f6901826a5316,1481,Marie Barnett,rrobinson@example.net,2022-10-17,Regular,7,3
6a2354189f2f6901826a5317,1482,Kim Norman,hmendez@example.org,2023-03-14,Regular,6,2
6a2354189f2f6901826a5318,1483,Michelle Allen,luiswilliamson@example.com,2025-06-01,Regular,11,5
6a2354189f2f6901826a5319,1484,Jillian Adams,patrickmichael@example.com,2025-08-15,Regular,7,4
6a2354189f2f6901826a531a,1485,Chad Anderson,samuel79@example.net,2023-03-18,Regular,10,5
6a2354189f2f6901826a531b,1486,Alicia Haynes,haynescarla@example.net,2023-07-17,Regular,9,3
6a2354189f2f6901826a531c,1487,Scott Preston,susan11@example.com,2022-11-08,Premium,7,3
6a2354189f2f6901826a531d,1488,Andrew Allen,sheila96@example.com,2026-04-11,Regular,12,8
6a2354189f2f6901826a531e,1489,Bryan Wright MD,juliewilliams@example.org,2021-07-18,Regular,9,4
6a2354189f2f6901826a531f,1490,Laura Martinez,karen82@example.org,2024-08-12,Regular,4,3
6a2354189f2f6901826a5320,1491,Amanda Garcia,edwinjones@example.com,2022-06-06,Regular,13,4
6a2354189f2f6901826a5321,1492,Matthew Frederick,ethanjackson@example.com,2024-02-14,Regular,7,3
6a2354189f2f6901826a5322,1493,Alexander Cook,rebeccasimon@example.net,2025-10-02,Premium,10,5
6a2354189f2f6901826a5323,1494,Lee Barnes,lauraparker@example.net,2024-10-05,Regular,8,6
6a2354189f2f6901826a5324,1495,Jordan Sanchez,matthewgonzalez@example.com,2026-05-13,Regular,7,6
6a2354189f2f6901826a5325,1496,Stephen Nelson,sarah38@example.net,2025-05-22,Regular,9,4
6a2354189f2f6901826a5326,1497,Timothy Johnson,yolanda76@example.com,2025-11-20,Regular,9,4
6a2354189f2f6901826a5327,1498,Brittany Erickson,moraleswilliam@example.com,2026-02-03,Regular,5,3
6a2354189f2f6901826a5328,1499,Andrea Anderson,kwolfe@example.net,2024-09-28,Regular,6,2
6a2354189f2f6901826a5329,1500,Jesus Reyes,vwilson@example.com,2025-08-25,Regular,7,2
6a2354189f2f6901826a532a,1501,Thomas Parker,catkins@example.com,2021-06-14,Regular,9,6
6a2354189f2f6901826a532b,1502,Jessica Hubbard,phughes@example.org,2024-01-23,Premium,15,9
6a2354189f2f6901826a532c,1503,Aimee Sweeney,amy21@example.org,2022-04-24,Regular,12,7
6a2354189f2f6901826a532d,1504,Andrew Dunn,crystal31@example.org,2022-01-31,Regular,10,3
6a2354189f2f6901826a532e,1505,Ethan Lee,kbanks@example.net,2023-09-18,Regular,5,4
6a2354189f2f6901826a532f,1506,David Martin,dennisbarbara@example.com,2022-10-26,Regular,6,4
6a2354189f2f6901826a5330,1507,Andrew Smith,matthewking@example.org,2025-03-02,Regular,15,6
6a2354189f2f6901826a5331,1508,Ellen Williams,robinsonbethany@example.org,2022-12-16,Regular,13,4
6a2354189f2f6901826a5332,1509,Wendy Shaw,nlopez@example.org,2023-09-08,Regular,12,5
6a2354189f2f6901826a5333,1510,Steven Dyer,justin28@example.net,2021-08-20,Regular,10,3
6a2354189f2f6901826a5334,1511,Joseph West,lesliegeorge@example.com,2021-12-13,Regular,10,1
6a2354189f2f6901826a5335,1512,Jonathan Jones,parkalison@example.net,2025-03-23,Regular,14,7
6a2354189f2f6901826a5336,1513,Steven Lewis,mark33@example.org,2025-09-18,Regular,12,9
6a2354189f2f6901826a5337,1514,David Cherry,shale@example.org,2023-07-27,Regular,14,9
6a2354189f2f6901826a5338,1515,Tony Davis,timothybryant@example.net,2026-03-12,Regular,11,5
6a2354189f2f6901826a5339,1516,Scott Ross,ievans@example.org,2026-02-04,Regular,12,8
6a2354189f2f6901826a533a,1517,Kimberly Christensen,timothyknox@example.net,2022-05-03,Regular,9,5
6a2354189f2f6901826a533b,1518,Julie Silva,greernatalie@example.org,2022-03-04,Regular,14,11
6a2354189f2f6901826a533c,1519,Gregory French,mking@example.org,2025-06-30,Regular,7,4
6a2354189f2f6901826a533d,1520,Kelsey Thomas,evansamy@example.org,2023-03-01,Regular,12,5
6a2354189f2f6901826a533e,1521,Lori Fowler,jenniferhuerta@example.net,2022-05-01,Regular,12,6
6a2354189f2f6901826a533f,1522,Johnny Brooks,ccurtis@example.com,2022-10-31,Regular,7,4
6a2354189f2f6901826a5340,1523,Carolyn Medina,hubbardsamantha@example.com,2025-05-15,Regular,13,8
6a2354189f2f6901826a5341,1524,Tracy Dillon,ogeorge@example.com,2022-02-18,Regular,9,5
6a2354189f2f6901826a5342,1525,Theresa Tran,careybrian@example.org,2023-02-27,Regular,10,4
6a2354189f2f6901826a5343,1526,Michelle Barrett,shirley68@example.net,2025-11-29,Regular,9,5
6a2354189f2f6901826a5344,1527,Levi Donaldson,brownmichael@example.org,2022-06-21,Regular,7,3
6a2354189f2f6901826a5345,1528,Kim Lewis,mirandanelson@example.com,2024-09-14,Regular,5,1
6a2354189f2f6901826a5346,1529,Rachael Obrien,sheila90@example.net,2022-03-04,Regular,14,8
6a2354189f2f6901826a5347,1530,Edward Jacobs,katelyngonzalez@example.com,2023-03-22,Regular,12,4
6a2354189f2f6901826a5348,1531,Janet Hernandez,kingmark@example.org,2024-06-25,Regular,17,10
6a2354189f2f6901826a5349,1532,George Griffin,michael00@example.com,2024-04-18,Regular,5,5
6a2354189f2f6901826a534a,1533,Matthew Smith,jonathananderson@example.net,2022-11-19,Regular,11,7
6a2354189f2f6901826a534b,1534,Jillian Delgado,robinsonkenneth@example.com,2025-10-06,Regular,7,3
6a2354189f2f6901826a534c,1535,Kelsey Long,jmiller@example.com,2025-11-01,Regular,9,4
6a2354189f2f6901826a534d,1536,Robert Ford,katrinawebb@example.com,2023-11-02,Regular,8,3
6a2354189f2f6901826a534e,1537,Jessica Lynch,smithanthony@example.org,2021-08-17,Regular,10,4
6a2354189f2f6901826a534f,1538,Antonio Ortega,handerson@example.net,2024-02-19,Regular,8,4
6a2354189f2f6901826a5350,1539,Linda Huff,walkerjohn@example.com,2025-10-20,Regular,6,5
6a2354189f2f6901826a5351,1540,Kenneth Todd,jonesjulie@example.com,2025-02-10,Premium,8,3
6a2354189f2f6901826a5352,1541,Teresa Fitzgerald,james91@example.net,2024-03-31,Regular,11,7
6a2354189f2f6901826a5353,1542,Mario Molina,tmiranda@example.org,2022-07-31,Regular,14,9
6a2354189f2f6901826a5354,1543,Stephanie Cervantes,martinezjoseph@example.net,2024-08-14,Regular,9,7
6a2354189f2f6901826a5355,1544,Michelle Fletcher,trevinopaige@example.net,2025-12-15,Regular,11,7
6a2354189f2f6901826a5356,1545,Melissa Williams,lindseyyates@example.com,2025-08-18,Regular,10,3
6a2354189f2f6901826a5357,1546,Tracey Lopez,careyscott@example.com,2025-03-22,Regular,13,7
6a2354189f2f6901826a5358,1547,Christopher Gibson,rogersrobert@example.org,2024-11-22,Premium,16,9
6a2354189f2f6901826a5359,1548,Hannah Horn,nelsonjackie@example.com,2024-10-28,Regular,8,5
6a2354189f2f6901826a535a,1549,Katie Cross,pamela04@example.org,2025-03-05,Regular,8,2
6a2354189f2f6901826a535b,1550,Lawrence Taylor,bowmanchristopher@example.com,2026-04-02,Regular,7,3
6a2354189f2f6901826a535c,1551,Jonathan Kim,isharp@example.org,2025-06-23,Premium,14,9
6a2354189f2f6901826a535d,1552,Kelly Gregory,qbecker@example.com,2025-12-10,Regular,7,4
6a2354189f2f6901826a535e,1553,Robert Williams,spetersen@example.net,2024-10-11,Regular,15,6
6a2354189f2f6901826a535f,1554,David West,whitakershawn@example.org,2025-11-21,Regular,7,5
6a2354189f2f6901826a5360,1555,Anthony Roy,jsmith@example.net,2025-09-21,Regular,12,3
6a2354189f2f6901826a5361,1556,Leslie Bond,njames@example.net,2022-10-26,Premium,13,6
6a2354189f2f6901826a5362,1557,Dawn Carrillo,wrivera@example.com,2025-06-16,Regular,11,6
6a2354189f2f6901826a5363,1558,Gabriela Myers,erin28@example.org,2026-04-15,Premium,12,6
6a2354189f2f6901826a5364,1559,Joshua Williams MD,rodneyhaynes@example.net,2022-06-03,Regular,8,5
6a2354189f2f6901826a5365,1560,Linda Moore,johnsonterri@example.com,2022-04-12,Regular,11,6
6a2354189f2f6901826a5366,1561,Danielle Mcguire,qward@example.org,2025-05-14,Regular,12,7
6a2354189f2f6901826a5367,1562,Ryan Walsh,crystal13@example.com,2022-03-27,Premium,10,8
6a2354189f2f6901826a5368,1563,Jeffrey Willis,sheltonmelissa@example.net,2025-07-27,Regular,13,8
6a2354189f2f6901826a5369,1564,Alexis Stephenson,xstevens@example.com,2022-09-11,Premium,8,2
6a2354189f2f6901826a536a,1565,Andrea Ramirez,reyesryan@example.net,2022-06-18,Regular,7,1
6a2354189f2f6901826a536b,1566,Kari Campos,mullencaitlin@example.com,2024-10-24,Regular,11,5
6a2354189f2f6901826a536c,1567,Julia Burton,amyparsons@example.net,2025-04-03,Regular,11,4
6a2354189f2f6901826a536d,1568,Justin Nunez,owensyvonne@example.org,2022-09-04,Regular,12,5
6a2354189f2f6901826a536e,1569,Troy Villegas,jsmith@example.org,2021-08-24,Premium,8,4
6a2354189f2f6901826a536f,1570,Alexis Allen,pcarpenter@example.com,2024-01-15,Regular,5,3
6a2354189f2f6901826a5370,1571,Kelly Stevenson,floreskayla@example.net,2025-05-12,Regular,4,2
6a2354189f2f6901826a5371,1572,Tamara Smith,blackwellrichard@example.com,2021-08-28,Regular,5,3
6a2354189f2f6901826a5372,1573,Claire Kent,lmiller@example.org,2024-10-24,Regular,9,4
6a2354189f2f6901826a5373,1574,Dr. Michael Lee,katherine72@example.org,2021-07-21,Premium,5,3
6a2354189f2f6901826a5374,1575,Tammy Roberts,victorianorman@example.org,2024-06-20,Regular,4,0
6a2354189f2f6901826a5375,1576,Jerome Pratt,alechill@example.com,2025-06-25,Regular,12,6
6a2354189f2f6901826a5376,1577,Jacqueline Sanchez,tmaxwell@example.net,2024-08-30,Regular,11,6
6a2354189f2f6901826a5377,1578,Anita Castro,amy78@example.org,2024-11-03,Premium,13,6
6a2354189f2f6901826a5378,1579,Lisa Gonzales,julie99@example.net,2023-12-24,Regular,13,7
6a2354189f2f6901826a5379,1580,Katie Williams,rshepherd@example.com,2024-03-06,Regular,7,3
6a2354189f2f6901826a537a,1581,Michael Mcneil,joecline@example.net,2025-09-29,Regular,7,3
6a2354189f2f6901826a537b,1582,Madison Perkins,marissa86@example.com,2026-02-13,Premium,4,3
6a2354189f2f6901826a537c,1583,Carl Long,hluna@example.org,2023-09-27,Regular,11,5
6a2354189f2f6901826a537d,1584,Scott Hayes,cookeashlee@example.net,2022-05-26,Regular,9,5
6a2354189f2f6901826a537e,1585,Lonnie Soto,wagnerkimberly@example.net,2022-01-07,Regular,10,4
6a2354189f2f6901826a537f,1586,Anthony Schmidt,brittanyalexander@example.org,2025-03-23,Regular,4,0
6a2354189f2f6901826a5380,1587,Alexander Parsons,douglas07@example.com,2025-05-21,Regular,15,5
6a2354189f2f6901826a5381,1588,Douglas Lyons,khawkins@example.org,2022-01-27,Premium,12,6
6a2354189f2f6901826a5382,1589,Kellie Wagner,mmccormick@example.org,2022-08-12,Regular,12,5
6a2354189f2f6901826a5383,1590,Justin Chang,andrewhunt@example.com,2024-09-07,Regular,7,2
6a2354189f2f6901826a5384,1591,Amanda Hill,edwinraymond@example.org,2024-11-20,Regular,10,3
6a2354189f2f6901826a5385,1592,Pamela Hutchinson,donald44@example.com,2023-01-26,Regular,13,7
6a2354189f2f6901826a5386,1593,Heather Davis,jashley@example.com,2022-09-30,Regular,16,11
6a2354189f2f6901826a5387,1594,Peter Jackson,carol98@example.net,2024-12-05,Regular,8,5
6a2354189f2f6901826a5388,1595,Anna Perez,cmitchell@example.net,2025-06-19,Regular,12,6
6a2354189f2f6901826a5389,1596,Sheila Stein,brian11@example.org,2025-12-15,Regular,9,8
6a2354189f2f6901826a538a,1597,Jason Donaldson,dustinwaters@example.net,2023-09-20,Regular,8,6
6a2354189f2f6901826a538b,1598,Brittany Todd,hannah69@example.com,2025-04-25,Regular,5,3
6a2354189f2f6901826a538c,1599,Christian Daniels,owhite@example.org,2025-09-29,Regular,12,7
6a2354189f2f6901826a538d,1600,Fernando Gutierrez,jessica03@example.net,2025-11-04,Regular,8,7
6a2354189f2f6901826a538e,1601,Benjamin Hodge,erusso@example.org,2023-06-21,Regular,13,2
6a2354189f2f6901826a538f,1602,Claire Durham,cdixon@example.org,2022-04-10,Regular,14,5
6a2354189f2f6901826a5390,1603,Scott Hill,krystal84@example.net,2023-12-25,Regular,9,5
6a2354189f2f6901826a5391,1604,Mary Casey,angel63@example.com,2024-04-06,Regular,5,4
6a2354189f2f6901826a5392,1605,Amy Blair,benjamin60@example.org,2025-07-02,Premium,7,5
6a2354189f2f6901826a5393,1606,Bill Young,kenneth52@example.org,2025-07-30,Regular,8,6
6a2354189f2f6901826a5394,1607,John Parrish,melissaanderson@example.net,2023-09-16,Regular,11,7
6a2354189f2f6901826a5395,1608,Nicholas Williams,martinezjoel@example.net,2024-06-22,Regular,11,2
6a2354189f2f6901826a5396,1609,Lynn Berg,villanuevajohn@example.com,2023-03-11,Regular,12,7
6a2354189f2f6901826a5397,1610,Anthony Green,chandlerlisa@example.org,2023-05-07,Premium,6,4
6a2354189f2f6901826a5398,1611,Theresa Rose,lindagonzalez@example.net,2023-09-03,Regular,12,7
6a2354189f2f6901826a5399,1612,Daniel Stewart,doylekristen@example.com,2026-03-23,Regular,19,10
6a2354189f2f6901826a539a,1613,Alyssa Miller,wadebonnie@example.com,2025-02-24,Regular,8,1
6a2354189f2f6901826a539b,1614,Jill Barron,zharper@example.com,2021-07-12,Regular,10,5
6a2354189f2f6901826a539c,1615,Renee Jones,carlsonmaria@example.org,2025-06-08,Regular,8,2
6a2354189f2f6901826a539d,1616,Joshua Hughes,ucruz@example.org,2021-06-14,Premium,6,2
6a2354189f2f6901826a539e,1617,Allison Long,johnsonashley@example.net,2026-01-13,Regular,11,7
6a2354189f2f6901826a539f,1618,Marc James,johnjordan@example.net,2022-06-01,Regular,9,4
6a2354189f2f6901826a53a0,1619,Donald Lawrence,laura39@example.com,2026-01-23,Regular,3,2
6a2354189f2f6901826a53a1,1620,Eduardo Odom,andreparrish@example.net,2023-09-03,Regular,15,6
6a2354189f2f6901826a53a2,1621,Dennis Rose,uhernandez@example.net,2021-07-24,Premium,6,3
6a2354189f2f6901826a53a3,1622,Sierra Gonzalez,valdezdaniel@example.net,2023-04-10,Premium,11,7
6a2354189f2f6901826a53a4,1623,Joseph Gutierrez,sethcarey@example.org,2023-06-21,Premium,13,5
6a2354189f2f6901826a53a5,1624,Jared Stone,lori45@example.org,2022-06-19,Regular,11,5
6a2354189f2f6901826a53a6,1625,Amanda Jones,jacksonjeremy@example.net,2025-11-18,Regular,10,7
6a2354189f2f6901826a53a7,1626,Christopher Morales,sharmon@example.org,2025-05-26,Regular,9,4
6a2354189f2f6901826a53a8,1627,Jacob Horne,ncoleman@example.org,2023-07-19,Regular,12,10
6a2354189f2f6901826a53a9,1628,David Chang,andersonfernando@example.com,2023-12-13,Regular,11,7
6a2354189f2f6901826a53aa,1629,George Martinez,bdaugherty@example.org,2025-08-10,Regular,18,10
6a2354189f2f6901826a53ab,1630,Charles Jones,collierdavid@example.com,2023-12-11,Regular,6,4
6a2354189f2f6901826a53ac,1631,Corey Pena,afitzgerald@example.com,2025-04-23,Regular,7,3
6a2354189f2f6901826a53ad,1632,Amber Figueroa,erik49@example.net,2025-05-23,Regular,9,5
6a2354189f2f6901826a53ae,1633,Kevin Martinez,scohen@example.net,2024-06-07,Regular,10,4
6a2354189f2f6901826a53af,1634,Ryan Edwards,hudsonjennifer@example.net,2023-01-13,Regular,14,6
6a2354189f2f6901826a53b0,1635,Jennifer Harrison,aramos@example.net,2024-12-19,Premium,17,8
6a2354189f2f6901826a53b1,1636,Samantha King,john18@example.com,2023-05-24,Premium,7,4
6a2354189f2f6901826a53b2,1637,Ashley Gonzales,briana66@example.org,2021-11-19,Regular,13,9
6a2354189f2f6901826a53b3,1638,James Morris,alice75@example.com,2023-05-23,Regular,10,2
6a2354189f2f6901826a53b4,1639,Dawn Taylor,ygriffin@example.net,2024-03-30,Regular,9,4
6a2354189f2f6901826a53b5,1640,Jonathan Cobb DVM,tinadominguez@example.net,2023-08-29,Regular,8,3
6a2354189f2f6901826a53b6,1641,Nicholas Mccarthy,jeffrey44@example.net,2022-10-08,Regular,11,7
6a2354189f2f6901826a53b7,1642,Brooke White,carolynrichardson@example.net,2026-05-13,Regular,11,4
6a2354189f2f6901826a53b8,1643,Steven Butler,antoniogarza@example.com,2024-07-06,Regular,9,4
6a2354189f2f6901826a53b9,1644,Angela Blackburn,robertdillon@example.com,2025-11-21,Regular,9,4
6a2354189f2f6901826a53ba,1645,Kelly Davis MD,nancy43@example.com,2025-05-03,Regular,11,3
6a2354189f2f6901826a53bb,1646,Marcus Liu,mariele@example.net,2026-03-28,Regular,12,5
6a2354189f2f6901826a53bc,1647,David Dickson,katiemorrison@example.org,2024-05-05,Regular,9,4
6a2354189f2f6901826a53bd,1648,Scott Wilson,cjacobs@example.net,2026-02-17,Regular,12,4
6a2354189f2f6901826a53be,1649,Morgan Johnson,michaelcooper@example.net,2021-08-19,Regular,7,2
6a2354189f2f6901826a53bf,1650,Marissa Daniel,mpayne@example.org,2022-09-13,Premium,12,7
6a2354189f2f6901826a53c0,1651,Derrick Garcia,jennifer78@example.org,2024-07-06,Regular,9,7
6a2354189f2f6901826a53c1,1652,Thomas Noble,christina40@example.org,2026-02-07,Premium,11,5
6a2354189f2f6901826a53c2,1653,Charles Ramos,dalexander@example.net,2021-12-25,Regular,6,3
6a2354189f2f6901826a53c3,1654,Toni Miranda,pday@example.net,2022-05-19,Regular,10,7
6a2354189f2f6901826a53c4,1655,Mark Cherry,mikelam@example.net,2023-09-07,Regular,7,0
6a2354189f2f6901826a53c5,1656,Lori Fields,jstanton@example.net,2023-04-10,Premium,11,7
6a2354189f2f6901826a53c6,1657,Jeanette Gonzalez,kennethmartin@example.org,2025-12-25,Regular,14,8
6a2354189f2f6901826a53c7,1658,Rachel Mills,rlopez@example.org,2021-09-07,Regular,12,8
6a2354189f2f6901826a53c8,1659,William Garcia,johnsullivan@example.com,2025-01-05,Regular,9,4
6a2354189f2f6901826a53c9,1660,Melissa Mays,nmartinez@example.net,2025-12-05,Regular,12,3
6a2354189f2f6901826a53ca,1661,Todd Rosario,btaylor@example.net,2025-11-03,Regular,8,2
6a2354189f2f6901826a53cb,1662,Robert Hancock,lauren78@example.com,2024-01-18,Regular,9,4
6a2354189f2f6901826a53cc,1663,Jessica Fletcher,paul01@example.net,2025-05-09,Regular,7,5
6a2354189f2f6901826a53cd,1664,Matthew Ramsey,matthew16@example.org,2022-09-14,Regular,6,4
6a2354189f2f6901826a53ce,1665,Shannon Wilkins,mark90@example.com,2021-10-04,Regular,11,2
6a2354189f2f6901826a53cf,1666,Lisa Mcclain,darrenpoole@example.com,2024-04-22,Regular,16,11
6a2354189f2f6901826a53d0,1667,Jerry Armstrong,hmelton@example.com,2025-07-22,Regular,10,3
6a2354189f2f6901826a53d1,1668,Robert Williams,qbrewer@example.net,2025-06-24,Regular,10,4
6a2354189f2f6901826a53d2,1669,Andrew Stevens,denniswarner@example.org,2022-10-04,Premium,10,6
6a2354189f2f6901826a53d3,1670,Brittany Murray,nicholsonelizabeth@example.net,2024-05-21,Regular,6,2
6a2354189f2f6901826a53d4,1671,Richard Miller,qfletcher@example.org,2025-09-07,Regular,13,3
6a2354189f2f6901826a53d5,1672,Robert Brown,reyesjeremy@example.org,2021-06-28,Regular,13,7
6a2354189f2f6901826a53d6,1673,Richard Morris,amyparker@example.org,2024-07-22,Premium,14,6
6a2354189f2f6901826a53d7,1674,Alyssa Jones,barkermary@example.com,2025-07-11,Regular,15,6
6a2354189f2f6901826a53d8,1675,Maria Rice,jamessmith@example.org,2024-06-14,Regular,5,1
6a2354189f2f6901826a53d9,1676,Benjamin Rodriguez,ericjones@example.org,2024-11-25,Regular,4,0
6a2354189f2f6901826a53da,1677,Michelle Cortez,zhangpeter@example.org,2023-09-17,Premium,12,9
6a2354189f2f6901826a53db,1678,Corey Carter,dbenton@example.com,2021-10-10,Regular,10,4
6a2354189f2f6901826a53dc,1679,Shannon Boyer,aguirrerobert@example.org,2022-03-08,Regular,6,5
6a2354189f2f6901826a53dd,1680,Kimberly Smith,willisdiane@example.net,2024-01-02,Regular,13,7
6a2354189f2f6901826a53de,1681,Amanda Webb,tyler29@example.org,2021-10-15,Regular,10,5
6a2354189f2f6901826a53df,1682,David Hays,ediaz@example.net,2025-04-13,Regular,10,5
6a2354189f2f6901826a53e0,1683,Michelle Glover,melissafowler@example.com,2023-06-14,Premium,11,4
6a2354189f2f6901826a53e1,1684,Lori Lowery PhD,mendozamichael@example.net,2021-08-02,Regular,10,3
6a2354189f2f6901826a53e2,1685,Heather Smith,anthony36@example.com,2026-03-30,Premium,9,2
6a2354189f2f6901826a53e3,1686,Catherine Frazier,linchelsea@example.com,2023-10-30,Regular,16,7
6a2354189f2f6901826a53e4,1687,Paul Lee,lsmith@example.net,2023-03-26,Regular,8,7
6a2354189f2f6901826a53e5,1688,Candace Orozco,renee22@example.com,2022-01-26,Regular,10,8
6a2354189f2f6901826a53e6,1689,Michael Butler,lbarnett@example.com,2022-09-23,Regular,10,4
6a2354189f2f6901826a53e7,1690,Roberto Ramos,sylviabarker@example.org,2024-04-19,Regular,9,5
6a2354189f2f6901826a53e8,1691,Jennifer Smith,angela94@example.net,2025-10-17,Regular,6,4
6a2354189f2f6901826a53e9,1692,Michael Gomez,jeremywilson@example.net,2024-03-06,Regular,14,8
6a2354189f2f6901826a53ea,1693,Tammie Nielsen,ryan18@example.com,2022-05-06,Premium,13,9
6a2354189f2f6901826a53eb,1694,Ana Nichols,linda84@example.com,2021-11-29,Regular,10,6
6a2354189f2f6901826a53ec,1695,Dawn Grimes,gillespiewendy@example.net,2022-10-14,Regular,7,4
6a2354189f2f6901826a53ed,1696,Donna Wilson,sarahjones@example.com,2026-01-28,Regular,11,7
6a2354189f2f6901826a53ee,1697,Morgan Wiley,jmurillo@example.net,2022-11-02,Regular,20,12
6a2354189f2f6901826a53ef,1698,Jesse Gonzalez,mmartinez@example.com,2021-12-06,Regular,11,8
6a2354189f2f6901826a53f0,1699,Christopher Hunter,heather02@example.net,2022-07-05,Regular,9,5
6a2354189f2f6901826a53f1,1700,Christine Brady,scottadrian@example.net,2022-08-24,Regular,13,5
6a2354189f2f6901826a53f2,1701,Kyle Thompson,griffithmadison@example.com,2022-03-01,Regular,8,5
6a2354189f2f6901826a53f3,1702,Ryan Stevenson,petersjulia@example.org,2025-01-21,Regular,13,8
6a2354189f2f6901826a53f4,1703,Angela Taylor,irodriguez@example.com,2022-07-30,Regular,8,2
6a2354189f2f6901826a53f5,1704,Christina Fernandez,jessica98@example.com,2026-04-17,Regular,10,4
6a2354189f2f6901826a53f6,1705,Kathy Houston MD,amy18@example.com,2025-04-05,Regular,9,2
6a2354189f2f6901826a53f7,1706,Christopher Vargas,salascrystal@example.com,2021-10-04,Regular,16,12
6a2354189f2f6901826a53f8,1707,Carol Jackson,kelly72@example.com,2022-05-11,Premium,9,3
6a2354189f2f6901826a53f9,1708,Thomas Mcclure,brandimeyers@example.com,2023-11-13,Regular,12,4
6a2354189f2f6901826a53fa,1709,Sara Hill,bschwartz@example.com,2024-03-13,Regular,7,5
6a2354189f2f6901826a53fb,1710,Nicholas Valenzuela,pamelarodgers@example.net,2022-11-19,Regular,14,7
6a2354189f2f6901826a53fc,1711,April Young,svance@example.com,2025-11-05,Regular,11,3
6a2354189f2f6901826a53fd,1712,Charles White,davidrangel@example.net,2026-04-07,Regular,13,5
6a2354189f2f6901826a53fe,1713,Rachel Gomez,danielle30@example.com,2022-09-10,Regular,10,6
6a2354189f2f6901826a53ff,1714,Christine Romero,hortiz@example.com,2022-03-30,Regular,9,5
6a2354189f2f6901826a5400,1715,Alan Kelley,nichole68@example.org,2023-04-19,Regular,3,1
6a2354189f2f6901826a5401,1716,Frank Haynes,harristhomas@example.org,2025-02-02,Regular,10,6
6a2354189f2f6901826a5402,1717,Mr. Aaron Nelson,michaelwade@example.com,2026-05-05,Regular,13,7
6a2354189f2f6901826a5403,1718,Jillian Vargas,shannon52@example.org,2023-09-05,Regular,18,9
6a2354189f2f6901826a5404,1719,Benjamin Rosales,karen48@example.com,2021-07-07,Regular,5,3
6a2354189f2f6901826a5405,1720,Madison Rhodes,danielle00@example.com,2022-05-14,Regular,17,7
6a2354189f2f6901826a5406,1721,Robert Diaz,phorn@example.net,2025-09-22,Regular,9,3
6a2354189f2f6901826a5407,1722,William Delacruz,jonathan78@example.org,2024-06-27,Premium,10,3
6a2354189f2f6901826a5408,1723,Danielle Scott,flong@example.com,2022-10-15,Regular,17,10
6a2354189f2f6901826a5409,1724,Wayne Anderson,mjones@example.org,2021-06-28,Regular,9,6
6a2354189f2f6901826a540a,1725,Rachel Campbell,coreyscott@example.org,2021-12-01,Regular,13,4
6a2354189f2f6901826a540b,1726,Nicholas Petersen,kristymorales@example.net,2022-03-20,Regular,7,4
6a2354189f2f6901826a540c,1727,Becky Ortega,timgraves@example.com,2021-10-17,Regular,7,3
6a2354189f2f6901826a540d,1728,Richard Barker,deborah52@example.org,2023-07-22,Regular,9,9
6a2354189f2f6901826a540e,1729,Cameron Gregory,julian73@example.org,2025-04-08,Regular,9,3
6a2354189f2f6901826a540f,1730,James Richmond,adam44@example.com,2024-09-07,Premium,13,6
6a2354189f2f6901826a5410,1731,Ashlee Riddle,juliareid@example.net,2024-06-02,Regular,10,3
6a2354189f2f6901826a5411,1732,James Smith,lamerica@example.net,2026-03-16,Regular,8,6
6a2354189f2f6901826a5412,1733,Matthew Collins,emills@example.net,2024-11-13,Admin,11,6
6a2354189f2f6901826a5413,1734,Kevin Coffey,sean04@example.com,2025-08-19,Regular,18,9
6a2354189f2f6901826a5414,1735,Samantha Smith,vduncan@example.com,2024-12-10,Regular,13,9
6a2354189f2f6901826a5415,1736,Denise Sanchez,gatkinson@example.com,2021-09-27,Regular,7,3
6a2354189f2f6901826a5416,1737,Sarah Rogers,sandovalgavin@example.net,2022-03-22,Regular,9,2
6a2354189f2f6901826a5417,1738,Rachel Morris,mbryant@example.net,2022-05-19,Premium,14,4
6a2354189f2f6901826a5418,1739,Donna Rodriguez,fernandezsharon@example.net,2022-03-29,Regular,9,4
6a2354189f2f6901826a5419,1740,Kenneth Johnson,satkins@example.com,2024-08-06,Admin,13,8
6a2354189f2f6901826a541a,1741,William Black,allen61@example.net,2024-12-21,Regular,10,6
6a2354189f2f6901826a541b,1742,Janet Roth,jerrythompson@example.com,2025-11-01,Regular,6,3
6a2354189f2f6901826a541c,1743,John Johnson,williamslori@example.net,2025-04-15,Regular,14,7
6a2354189f2f6901826a541d,1744,Kevin Daniel,danameyer@example.net,2025-11-09,Regular,13,7
6a2354189f2f6901826a541e,1745,Brittany Tanner,xhuffman@example.org,2025-02-02,Regular,16,7
6a2354189f2f6901826a541f,1746,Tammy Chavez,jessica01@example.com,2022-12-23,Premium,7,4
6a2354189f2f6901826a5420,1747,Candace Gregory,tylercobb@example.org,2024-01-08,Regular,5,3
6a2354189f2f6901826a5421,1748,Juan Baxter,stevenrivera@example.org,2023-09-09,Regular,6,3
6a2354189f2f6901826a5422,1749,Stephanie Mitchell,connie10@example.net,2022-03-26,Regular,9,6
6a2354189f2f6901826a5423,1750,Rebecca Stout,patricia15@example.com,2021-12-30,Regular,5,2
6a2354189f2f6901826a5424,1751,Kelly Reynolds,jsingh@example.com,2024-11-08,Regular,14,6
6a2354189f2f6901826a5425,1752,Nicholas Powell,nicole55@example.com,2023-04-14,Regular,9,2
6a2354189f2f6901826a5426,1753,Morgan Barrera,nicole80@example.net,2025-02-25,Regular,13,6
6a2354189f2f6901826a5427,1754,Amanda Schneider,kdunlap@example.com,2022-09-02,Regular,4,0
6a2354189f2f6901826a5428,1755,Kelly Rowland,joel47@example.net,2023-10-25,Regular,10,4
6a2354189f2f6901826a5429,1756,Veronica Campbell,marcgonzales@example.com,2023-06-05,Regular,7,0
6a2354189f2f6901826a542a,1757,Susan Bishop,lewisrebecca@example.net,2022-03-30,Premium,9,4
6a2354189f2f6901826a542b,1758,Colin Dyer,bobby87@example.com,2024-08-19,Regular,15,8
6a2354189f2f6901826a542c,1759,Tracy Ramirez,robinbanks@example.com,2025-05-06,Regular,8,6
6a2354189f2f6901826a542d,1760,Amy Pierce,peter34@example.net,2022-11-29,Regular,11,7
6a2354189f2f6901826a542e,1761,Michael Dixon,jonathan91@example.org,2022-05-18,Regular,10,7
6a2354189f2f6901826a542f,1762,Diane Porter,susan13@example.org,2025-02-15,Premium,13,3
6a2354189f2f6901826a5430,1763,John Benton,allenamy@example.org,2025-08-01,Regular,10,6
6a2354189f2f6901826a5431,1764,Alisha Morse,pross@example.com,2021-11-12,Regular,17,12
6a2354189f2f6901826a5432,1765,Alan Gomez,hsullivan@example.org,2024-12-26,Regular,7,6
6a2354189f2f6901826a5433,1766,Daniel Adams,fraziermegan@example.org,2023-10-27,Regular,9,4
6a2354189f2f6901826a5434,1767,Margaret Johnson,nelsonandre@example.net,2025-09-24,Premium,8,5
6a2354189f2f6901826a5435,1768,Danielle Diaz,frostjustin@example.net,2021-09-03,Regular,16,5
6a2354189f2f6901826a5436,1769,Tyler Mendoza,lmontgomery@example.com,2022-08-06,Regular,13,6
6a2354189f2f6901826a5437,1770,Robert Anderson,rosemichelle@example.com,2024-06-07,Regular,9,3
6a2354189f2f6901826a5438,1771,Deanna Morgan,christine32@example.net,2022-11-12,Regular,8,6
6a2354189f2f6901826a5439,1772,Corey King,tinamiddleton@example.net,2025-06-23,Regular,8,8
6a2354189f2f6901826a543a,1773,Gabriel Brown,david43@example.com,2025-12-20,Regular,7,1
6a2354189f2f6901826a543b,1774,Amber Murray,henrysandra@example.org,2025-01-29,Premium,17,9
6a2354189f2f6901826a543c,1775,Angela Jackson,jessica60@example.com,2023-12-09,Regular,5,1
6a2354189f2f6901826a543d,1776,Kari Hickman,wilsonbenjamin@example.com,2023-04-26,Regular,7,4
6a2354189f2f6901826a543e,1777,Robert Smith,osborneerica@example.net,2025-08-09,Regular,15,7
6a2354189f2f6901826a543f,1778,Rachael Martin,tyler55@example.net,2023-02-06,Regular,4,3
6a2354189f2f6901826a5440,1779,Paul Vazquez,adamlloyd@example.net,2025-06-16,Regular,7,4
6a2354189f2f6901826a5441,1780,Michael West,jasonhernandez@example.net,2021-09-07,Regular,9,2
6a2354189f2f6901826a5442,1781,Todd Campbell,shaneweaver@example.net,2025-09-25,Regular,11,6
6a2354189f2f6901826a5443,1782,Rodney Clark,scottcowan@example.com,2024-03-11,Regular,6,5
6a2354189f2f6901826a5444,1783,Nicole Richards,nramirez@example.net,2025-05-18,Regular,8,4
6a2354189f2f6901826a5445,1784,Alexander Woods,harrisbryan@example.org,2024-10-21,Regular,10,7
6a2354189f2f6901826a5446,1785,Gabrielle Henderson,jacksonnoah@example.com,2024-02-08,Regular,10,6
6a2354189f2f6901826a5447,1786,Geoffrey Daugherty,gsweeney@example.org,2023-11-29,Premium,7,4
6a2354189f2f6901826a5448,1787,Joshua Myers,singhtaylor@example.com,2024-06-01,Regular,9,4
6a2354189f2f6901826a5449,1788,Joseph Miller,mjimenez@example.net,2021-07-07,Premium,8,4
6a2354189f2f6901826a544a,1789,Alicia Richard,john79@example.org,2026-02-25,Regular,7,2
6a2354189f2f6901826a544b,1790,Megan James,robbinsaaron@example.net,2021-06-10,Regular,9,6
6a2354189f2f6901826a544c,1791,Laura White,kristensanchez@example.com,2022-08-20,Regular,6,2
6a2354189f2f6901826a544d,1792,Eric Smith,allenpatty@example.net,2021-08-21,Regular,14,6
6a2354189f2f6901826a544e,1793,Jose Fisher,powellrebecca@example.com,2024-01-10,Regular,7,5
6a2354189f2f6901826a544f,1794,Katrina Williams,martinezvictoria@example.org,2023-02-06,Regular,11,7
6a2354189f2f6901826a5450,1795,Virginia Saunders,fchandler@example.org,2022-09-29,Regular,8,3
6a2354189f2f6901826a5451,1796,Debbie Mclaughlin,casejustin@example.com,2022-12-11,Regular,12,6
6a2354189f2f6901826a5452,1797,Joel Villarreal,pereznathaniel@example.org,2024-11-27,Regular,7,3
6a2354189f2f6901826a5453,1798,John Harris,danielhines@example.org,2023-12-10,Regular,9,7
6a2354189f2f6901826a5454,1799,John Howell,garzagregory@example.org,2025-10-20,Regular,11,5
6a2354189f2f6901826a5455,1800,Adam Hayes,kristine78@example.org,2025-03-05,Regular,20,8
6a2354189f2f6901826a5456,1801,Dawn Wright,michael24@example.net,2024-11-24,Regular,16,9
6a2354189f2f6901826a5457,1802,Mallory Henderson,lovestephanie@example.com,2025-12-03,Regular,14,8
6a2354189f2f6901826a5458,1803,Mrs. Jacqueline Robinson,destiny27@example.net,2022-12-07,Regular,8,4
6a2354189f2f6901826a5459,1804,Anna Jordan,alicia62@example.org,2022-06-02,Regular,7,3
6a2354189f2f6901826a545a,1805,Stacey Morris,linda92@example.org,2022-05-04,Premium,8,2
6a2354189f2f6901826a545b,1806,Angela Miller,wayne93@example.org,2026-02-06,Premium,5,2
6a2354189f2f6901826a545c,1807,Benjamin Stevens,brittneybooker@example.org,2022-03-27,Regular,9,5
6a2354189f2f6901826a545d,1808,Edward Randolph,mmorris@example.org,2026-02-05,Regular,8,5
6a2354189f2f6901826a545e,1809,Joseph Rodriguez,hollygates@example.com,2025-04-23,Regular,8,6
6a2354189f2f6901826a545f,1810,Alex Bishop,charlesnunez@example.org,2022-12-06,Regular,8,2
6a2354189f2f6901826a5460,1811,Maria Davis,henry72@example.net,2022-10-27,Regular,9,5
6a2354189f2f6901826a5461,1812,Thomas Foster,davidharrison@example.net,2026-02-01,Regular,12,7
6a2354189f2f6901826a5462,1813,Steven Brown,ahayden@example.com,2021-10-25,Regular,7,3
6a2354189f2f6901826a5463,1814,Antonio Huynh,brianmartin@example.org,2026-04-03,Regular,11,8
6a2354189f2f6901826a5464,1815,Kristin Nolan,morrownancy@example.org,2025-06-08,Regular,8,5
6a2354189f2f6901826a5465,1816,Tonya Hoover,lorifarrell@example.com,2024-11-01,Regular,13,6
6a2354189f2f6901826a5466,1817,Ms. Samantha Schwartz,brownjared@example.com,2025-03-11,Regular,14,3
6a2354189f2f6901826a5467,1818,Jodi Mcdaniel,zavalafrank@example.net,2023-03-06,Regular,13,5
6a2354189f2f6901826a5468,1819,Richard Hill,erin13@example.net,2026-05-23,Regular,11,5
6a2354189f2f6901826a5469,1820,Robert Nelson,lianna@example.com,2024-05-13,Regular,5,3
6a2354189f2f6901826a546a,1821,Samuel Fletcher,masonweaver@example.com,2025-01-21,Regular,9,3
6a2354189f2f6901826a546b,1822,Christopher Johnson,hooverjeremy@example.net,2026-02-15,Regular,17,9
6a2354189f2f6901826a546c,1823,Janice Boyd,osbornedonna@example.com,2024-09-01,Regular,15,8
6a2354189f2f6901826a546d,1824,Derek Forbes,manninggregory@example.com,2025-05-11,Regular,14,4
6a2354189f2f6901826a546e,1825,Samantha Perez,imyers@example.net,2021-10-12,Regular,11,7
6a2354189f2f6901826a546f,1826,Johnny Carpenter,martinezdonald@example.com,2023-11-08,Regular,7,5
6a2354189f2f6901826a5470,1827,Tina Shea,anthony70@example.net,2025-05-09,Regular,13,5
6a2354189f2f6901826a5471,1828,John Garrett,dmendoza@example.net,2026-04-29,Regular,9,6
6a2354189f2f6901826a5472,1829,Wanda Salazar,fjones@example.org,2021-07-03,Regular,9,5
6a2354189f2f6901826a5473,1830,Joseph Gonzalez,ashleykramer@example.org,2024-08-22,Regular,8,7
6a2354189f2f6901826a5474,1831,David Acevedo,bruceharris@example.org,2024-06-28,Regular,8,3
6a2354189f2f6901826a5475,1832,Lori Nguyen,andrewrichards@example.org,2026-04-22,Regular,13,7
6a2354189f2f6901826a5476,1833,Christopher Reynolds,frank65@example.org,2025-10-08,Premium,16,10
6a2354189f2f6901826a5477,1834,Sabrina Miller,scott12@example.com,2021-07-06,Regular,8,1
6a2354189f2f6901826a5478,1835,Kimberly Owens,mark47@example.net,2023-10-07,Regular,4,1
6a2354189f2f6901826a5479,1836,Natalie Wilson,qsmith@example.com,2024-01-30,Regular,8,5
6a2354189f2f6901826a547a,1837,Robert Walker,nicoleanderson@example.org,2023-03-16,Regular,12,6
6a2354189f2f6901826a547b,1838,Jeffery Walker,juliejohnson@example.com,2021-11-28,Regular,10,7
6a2354189f2f6901826a547c,1839,Kevin Williams,kennedyaaron@example.net,2025-12-27,Regular,9,4
6a2354189f2f6901826a547d,1840,Alexander Fitzgerald,mcneilchristopher@example.net,2026-01-05,Regular,9,4
6a2354189f2f6901826a547e,1841,Matthew Salazar,vlewis@example.org,2024-05-25,Regular,7,3
6a2354189f2f6901826a547f,1842,James Mccoy,fosterricardo@example.com,2022-12-11,Premium,9,4
6a2354189f2f6901826a5480,1843,Tammy Wilcox,cranelinda@example.org,2026-05-28,Regular,12,4
6a2354189f2f6901826a5481,1844,Nicole Mcgee,anthonymiller@example.net,2024-11-17,Regular,13,7
6a2354189f2f6901826a5482,1845,Sandra Richardson,fanderson@example.com,2026-04-24,Regular,10,4
6a2354189f2f6901826a5483,1846,Michelle Brewer,alowe@example.com,2025-05-26,Regular,6,2
6a2354189f2f6901826a5484,1847,Michael Weiss,harristyler@example.net,2025-08-10,Regular,8,4
6a2354189f2f6901826a5485,1848,Ryan Smith,angelastewart@example.net,2022-10-24,Regular,6,4
6a2354189f2f6901826a5486,1849,Donald Powell,sweeneyjeremiah@example.org,2022-01-17,Regular,7,3
6a2354189f2f6901826a5487,1850,Travis Flynn,wpowell@example.org,2022-06-23,Regular,9,6
6a2354189f2f6901826a5488,1851,Christopher Daniel,aedwards@example.org,2021-09-30,Premium,9,1
6a2354189f2f6901826a5489,1852,Dr. Catherine Lang,kelsey53@example.org,2025-07-29,Regular,17,11
6a2354189f2f6901826a548a,1853,Sean Klein,wjensen@example.net,2023-04-09,Premium,6,2
6a2354189f2f6901826a548b,1854,Gregory Johnson,pjackson@example.org,2025-10-15,Regular,11,3
6a2354189f2f6901826a548c,1855,Cody Jones,rmercado@example.net,2022-07-15,Regular,7,4
6a2354189f2f6901826a548d,1856,Selena Collins,coltonsalazar@example.net,2025-01-10,Regular,9,5
6a2354189f2f6901826a548e,1857,Mrs. Jessica Reed,jane81@example.net,2022-04-08,Regular,4,4
6a2354189f2f6901826a548f,1858,April Mitchell,kellyperry@example.net,2023-09-29,Regular,6,3
6a2354189f2f6901826a5490,1859,Christina Willis,cmolina@example.com,2021-10-01,Regular,11,5
6a2354189f2f6901826a5491,1860,James Adams,johnathan16@example.com,2023-12-13,Regular,14,2
6a2354189f2f6901826a5492,1861,Brianna Norris,archermark@example.net,2023-06-01,Regular,9,3
6a2354189f2f6901826a5493,1862,Colin Johnson,ellissharon@example.net,2022-04-09,Regular,10,5
6a2354189f2f6901826a5494,1863,Erika Henderson,ubrown@example.org,2022-06-26,Regular,12,8
6a2354189f2f6901826a5495,1864,Kevin Cox,wallacewesley@example.com,2021-09-24,Regular,10,6
6a2354189f2f6901826a5496,1865,Lisa Watson,lesliecortez@example.com,2021-10-14,Regular,13,7
6a2354189f2f6901826a5497,1866,Justin Mcguire,odavid@example.net,2022-02-19,Regular,12,6
6a2354189f2f6901826a5498,1867,Diana Lee,sandra81@example.net,2022-05-30,Regular,11,4
6a2354189f2f6901826a5499,1868,Sarah Gaines,kimberly59@example.org,2026-02-07,Premium,7,4
6a2354189f2f6901826a549a,1869,Brianna Thompson,davisjason@example.org,2024-08-24,Regular,19,10
6a2354189f2f6901826a549b,1870,Larry Lawrence,ntaylor@example.org,2026-02-06,Regular,11,6
6a2354189f2f6901826a549c,1871,Sabrina Munoz,michelle44@example.org,2026-03-18,Regular,11,7
6a2354189f2f6901826a549d,1872,John Harris,barbaracollier@example.net,2025-10-21,Premium,8,4
6a2354189f2f6901826a549e,1873,Kendra Solis,christopher41@example.net,2024-04-17,Regular,13,5
6a2354189f2f6901826a549f,1874,Andrew Pham,tasha79@example.net,2024-07-07,Regular,8,4
6a2354189f2f6901826a54a0,1875,Ryan Sanchez,kyle57@example.com,2024-07-31,Regular,13,6
6a2354189f2f6901826a54a1,1876,Stephanie Bennett,barbarawilliams@example.org,2023-05-17,Regular,9,4
6a2354189f2f6901826a54a2,1877,Terry Gray,srussell@example.com,2021-08-11,Regular,9,7
6a2354189f2f6901826a54a3,1878,Tonya Smith,agarza@example.org,2021-11-05,Regular,13,8
6a2354189f2f6901826a54a4,1879,Melissa Wallace,brandon88@example.org,2025-01-02,Regular,11,5
6a2354189f2f6901826a54a5,1880,Matthew Dixon,george34@example.net,2021-12-05,Regular,8,4
6a2354189f2f6901826a54a6,1881,Robert Avila,tosborne@example.net,2025-01-15,Regular,9,2
6a2354189f2f6901826a54a7,1882,Robert Ochoa,dsloan@example.com,2021-11-28,Admin,11,5
6a2354189f2f6901826a54a8,1883,Hayden Sparks,yolanda56@example.org,2024-07-08,Regular,10,5
6a2354189f2f6901826a54a9,1884,Chelsea Coffey,paynekathy@example.com,2024-05-28,Regular,10,2
6a2354189f2f6901826a54aa,1885,Eric Anderson,mooremitchell@example.com,2021-11-03,Regular,6,2
6a2354189f2f6901826a54ab,1886,Nicholas Ryan,scottwalker@example.net,2021-08-27,Regular,7,4
6a2354189f2f6901826a54ac,1887,Cheryl Martin,seancox@example.com,2026-03-10,Regular,10,3
6a2354189f2f6901826a54ad,1888,Jacob Green,welchrandall@example.net,2022-11-11,Regular,7,3
6a2354189f2f6901826a54ae,1889,Cynthia Santos,jessicaclark@example.net,2025-04-02,Regular,11,8
6a2354189f2f6901826a54af,1890,Tammy Watson,qdalton@example.com,2022-04-17,Premium,7,5
6a2354189f2f6901826a54b0,1891,Wesley Knapp,alexandra48@example.com,2026-02-02,Regular,9,5
6a2354189f2f6901826a54b1,1892,Amber Coleman,sneal@example.org,2025-03-07,Regular,11,6
6a2354189f2f6901826a54b2,1893,Linda Shepherd,hannah06@example.net,2024-12-13,Regular,13,6
6a2354189f2f6901826a54b3,1894,Jason Rodriguez,chelseatravis@example.org,2023-07-11,Regular,7,5
6a2354189f2f6901826a54b4,1895,Melissa Wilcox,rachael75@example.net,2022-07-07,Regular,6,4
6a2354189f2f6901826a54b5,1896,Donald Beltran,qtodd@example.org,2022-05-30,Regular,12,5
6a2354189f2f6901826a54b6,1897,Veronica Porter,sarah69@example.net,2022-11-27,Regular,12,4
6a2354189f2f6901826a54b7,1898,Thomas Rojas,carlos51@example.net,2022-03-23,Regular,8,3
6a2354189f2f6901826a54b8,1899,Rebecca Dougherty,michaelhood@example.org,2025-10-06,Regular,11,4
6a2354189f2f6901826a54b9,1900,Michael Thompson,pknight@example.org,2023-06-28,Regular,10,3
6a2354189f2f6901826a54ba,1901,William Martinez,sandraholmes@example.com,2022-01-18,Regular,14,7
6a2354189f2f6901826a54bb,1902,Paul Sharp,imiller@example.org,2025-01-19,Regular,8,5
6a2354189f2f6901826a54bc,1903,Elizabeth Harrell,dale54@example.com,2025-11-24,Regular,15,9
6a2354189f2f6901826a54bd,1904,Jacqueline Rodgers,rmiller@example.net,2023-01-25,Regular,16,8
6a2354189f2f6901826a54be,1905,Heather Hancock,brianwatts@example.net,2024-04-25,Premium,11,6
6a2354189f2f6901826a54bf,1906,Steven Meyer,eric67@example.org,2023-12-04,Regular,3,3
6a2354189f2f6901826a54c0,1907,Nathaniel Medina,ramirezjames@example.net,2024-03-02,Regular,12,6
6a2354189f2f6901826a54c1,1908,Scott Howe,nstein@example.net,2021-08-01,Regular,9,4
6a2354189f2f6901826a54c2,1909,Sarah Butler,ericwalters@example.org,2024-03-13,Regular,9,4
6a2354189f2f6901826a54c3,1910,Bruce Mendoza,josephwalsh@example.org,2022-02-20,Regular,8,5
6a2354189f2f6901826a54c4,1911,Dennis Evans,martinmaynard@example.net,2021-10-20,Premium,14,5
6a2354189f2f6901826a54c5,1912,Andre Nelson,roberthenry@example.com,2025-02-27,Regular,8,5
6a2354189f2f6901826a54c6,1913,Nancy Bell,qreyes@example.org,2023-08-12,Regular,10,8
6a2354189f2f6901826a54c7,1914,Lori Nichols,ronald39@example.net,2023-09-25,Regular,13,4
6a2354189f2f6901826a54c8,1915,Matthew Wilkins,brian76@example.com,2022-07-05,Regular,9,2
6a2354189f2f6901826a54c9,1916,Samuel Price,cmendez@example.org,2023-12-28,Regular,14,8
6a2354189f2f6901826a54ca,1917,Lisa Cline,jamesblack@example.net,2026-03-14,Regular,9,6
6a2354189f2f6901826a54cb,1918,Katie Hendricks,mtaylor@example.org,2024-07-04,Regular,17,10
6a2354189f2f6901826a54cc,1919,Mariah Johnson,jgreen@example.org,2022-04-01,Regular,8,4
6a2354189f2f6901826a54cd,1920,Jason Mason,mark32@example.net,2022-10-27,Regular,10,6
6a2354189f2f6901826a54ce,1921,Steven Anderson,victorpierce@example.org,2025-02-23,Regular,14,6
6a2354189f2f6901826a54cf,1922,David Rogers,annehernandez@example.org,2024-03-05,Regular,10,5
6a2354189f2f6901826a54d0,1923,Christina Huffman,danielle26@example.net,2026-05-19,Regular,8,6
6a2354189f2f6901826a54d1,1924,Lauren Mills,dkidd@example.net,2025-04-12,Regular,11,5
6a2354189f2f6901826a54d2,1925,Erik Dixon,kelleytimothy@example.net,2022-11-15,Regular,8,4
6a2354189f2f6901826a54d3,1926,Sarah Blackburn DDS,vasquezsophia@example.net,2022-05-20,Regular,13,6
6a2354189f2f6901826a54d4,1927,Aaron Hensley,susan56@example.org,2021-06-06,Regular,11,4
6a2354189f2f6901826a54d5,1928,Sean Garcia,bwong@example.org,2024-04-15,Regular,10,5
6a2354189f2f6901826a54d6,1929,Matthew Bradford,tracykirk@example.net,2025-08-11,Regular,4,3
6a2354189f2f6901826a54d7,1930,Wesley Coleman,contrerasjoseph@example.net,2025-11-14,Regular,11,8
6a2354189f2f6901826a54d8,1931,Jose Williams,dburgess@example.com,2021-08-18,Premium,10,5
6a2354189f2f6901826a54d9,1932,Daniel Murray,michaelcox@example.com,2025-05-13,Regular,7,4
6a2354189f2f6901826a54da,1933,Jessica Curtis,beckgary@example.org,2022-02-03,Regular,7,3
6a2354189f2f6901826a54db,1934,Ronald Sparks,chelseypeterson@example.com,2024-09-13,Regular,11,6
6a2354189f2f6901826a54dc,1935,Michael Bell,gloria60@example.net,2025-01-27,Regular,9,6
6a2354189f2f6901826a54dd,1936,Devin Wilson,bryan82@example.com,2021-06-20,Regular,10,7
6a2354189f2f6901826a54de,1937,John Mcdonald,tylermyers@example.org,2026-04-01,Regular,3,1
6a2354189f2f6901826a54df,1938,Ryan Young,ryanallen@example.org,2022-03-09,Premium,18,6
6a2354189f2f6901826a54e0,1939,Christine Escobar,masonkevin@example.net,2023-10-17,Premium,12,5
6a2354189f2f6901826a54e1,1940,Don Petersen,epatrick@example.com,2025-08-08,Regular,9,4
6a2354189f2f6901826a54e2,1941,Cynthia Fischer,hfoster@example.net,2025-02-17,Regular,8,5
6a2354189f2f6901826a54e3,1942,Craig Quinn,anne96@example.net,2023-03-27,Regular,12,7
6a2354189f2f6901826a54e4,1943,Deborah Gonzalez,kelsey83@example.net,2026-03-22,Regular,12,9
6a2354189f2f6901826a54e5,1944,Scott Roberts,kellyturner@example.net,2022-06-15,Regular,4,4
6a2354189f2f6901826a54e6,1945,Kelly Frye MD,asmith@example.com,2025-05-13,Regular,7,4
6a2354189f2f6901826a54e7,1946,Gary Conner,david98@example.com,2024-08-28,Premium,18,8
6a2354189f2f6901826a54e8,1947,Samuel Rodriguez,cynthiamartinez@example.org,2025-07-29,Regular,3,2
6a2354189f2f6901826a54e9,1948,Raymond Rodriguez,clarkdawn@example.org,2021-12-09,Regular,13,11
6a2354189f2f6901826a54ea,1949,Jordan Davis,austinjensen@example.org,2023-10-25,Regular,7,3
6a2354189f2f6901826a54eb,1950,Laura Harrington,michaelhernandez@example.org,2021-08-21,Regular,14,4
6a2354189f2f6901826a54ec,1951,Virginia Taylor,cunninghammargaret@example.net,2025-02-22,Regular,12,7
6a2354189f2f6901826a54ed,1952,Judy Walsh,ronaldpineda@example.net,2021-10-14,Regular,8,4
6a2354189f2f6901826a54ee,1953,David Norton,traci30@example.com,2025-12-15,Regular,9,4
6a2354189f2f6901826a54ef,1954,Alexandra Walker,tyler09@example.org,2022-07-05,Regular,13,5
6a2354189f2f6901826a54f0,1955,Justin Rowe,ypowell@example.org,2022-04-24,Regular,17,9
6a2354189f2f6901826a54f1,1956,James Hall,angie94@example.org,2023-02-19,Regular,9,4
6a2354189f2f6901826a54f2,1957,Mitchell Warren,sonya52@example.net,2024-05-01,Regular,8,5
6a2354189f2f6901826a54f3,1958,Keith Yoder,aguirredavid@example.net,2024-01-08,Regular,17,7
6a2354189f2f6901826a54f4,1959,Jessica Fleming,lauren47@example.org,2025-10-16,Regular,13,10
6a2354189f2f6901826a54f5,1960,Taylor Morgan,lisawatson@example.org,2023-03-01,Premium,10,5
6a2354189f2f6901826a54f6,1961,Walter Brown,whammond@example.org,2024-11-23,Regular,8,5
6a2354189f2f6901826a54f7,1962,Jasmine Thompson,ochoakyle@example.com,2023-04-12,Regular,11,4
6a2354189f2f6901826a54f8,1963,Mary Chandler,tina78@example.net,2023-04-21,Regular,10,3
6a2354189f2f6901826a54f9,1964,Thomas Sanchez,ohouston@example.com,2025-10-24,Regular,14,8
6a2354189f2f6901826a54fa,1965,Peter Henry,perezchristopher@example.com,2022-02-14,Regular,8,7
6a2354189f2f6901826a54fb,1966,Kristin Williams,caitlinfuller@example.com,2023-09-05,Regular,9,5
6a2354189f2f6901826a54fc,1967,Ashley Fox,jennifer48@example.org,2025-03-04,Regular,7,3
6a2354189f2f6901826a54fd,1968,Donna Hunt,noah64@example.com,2025-03-13,Premium,9,4
6a2354189f2f6901826a54fe,1969,Taylor Walker,jonesjoseph@example.net,2023-04-05,Regular,8,7
6a2354189f2f6901826a54ff,1970,Clinton Bennett,thomaschristine@example.com,2023-03-21,Regular,14,6
6a2354189f2f6901826a5500,1971,Joanne Vaughn,katiemiller@example.net,2025-11-18,Regular,9,5
6a2354189f2f6901826a5501,1972,Lisa Marshall,jodiaz@example.com,2024-08-28,Premium,5,2
6a2354189f2f6901826a5502,1973,Tyler Henderson,kathryn60@example.org,2026-05-04,Admin,12,9
6a2354189f2f6901826a5503,1974,Theresa Kidd,zbenson@example.com,2025-08-08,Regular,6,3
6a2354189f2f6901826a5504,1975,Heidi Mccarty,lbarrett@example.net,2023-06-29,Regular,8,4
6a2354189f2f6901826a5505,1976,Shawn Johnson,curryalbert@example.com,2025-05-15,Regular,13,7
6a2354189f2f6901826a5506,1977,Douglas Mahoney,raymondriley@example.net,2024-02-26,Regular,12,5
6a2354189f2f6901826a5507,1978,Bridget Scott,ndonaldson@example.com,2022-04-18,Regular,10,4
6a2354189f2f6901826a5508,1979,Wendy Browning,lisagonzales@example.net,2022-08-22,Regular,7,3
6a2354189f2f6901826a5509,1980,Mary Lopez,moralescourtney@example.net,2023-04-25,Regular,9,4
6a2354189f2f6901826a550a,1981,Gary Delgado,rileychase@example.org,2026-03-03,Regular,7,5
6a2354189f2f6901826a550b,1982,Harry Walker,mark47@example.com,2023-03-31,Regular,11,6
6a2354189f2f6901826a550c,1983,Nathaniel Burke,ritabrown@example.com,2024-03-23,Regular,8,2
6a2354189f2f6901826a550d,1984,Jennifer Mcdowell,schroederheather@example.net,2023-08-10,Premium,9,4
6a2354189f2f6901826a550e,1985,Chelsea Robertson,lynn39@example.net,2023-03-01,Regular,7,3
6a2354189f2f6901826a550f,1986,John Jackson DDS,walkersarah@example.org,2024-08-08,Regular,11,4
6a2354189f2f6901826a5510,1987,Matthew Terry,johnsonmatthew@example.org,2024-09-03,Premium,9,3
6a2354189f2f6901826a5511,1988,Patrick Black,longjulia@example.com,2022-12-15,Regular,7,2
6a2354189f2f6901826a5512,1989,Ryan Santos,annette69@example.net,2023-06-26,Regular,7,3
6a2354189f2f6901826a5513,1990,Bradley Walker,halljohnny@example.org,2022-02-14,Regular,7,4
6a2354189f2f6901826a5514,1991,Christopher Jones,gjordan@example.com,2024-11-04,Regular,13,10
6a2354189f2f6901826a5515,1992,Natalie Krueger,barnesjacob@example.org,2022-10-26,Regular,9,4
6a2354189f2f6901826a5516,1993,Krystal Peters,kennethford@example.net,2023-02-16,Regular,13,8
6a2354189f2f6901826a5517,1994,Nicholas Stewart,virginia85@example.com,2022-09-16,Premium,11,3
6a2354189f2f6901826a5518,1995,Robert Bradley,emilywallace@example.com,2025-09-14,Regular,12,7
6a2354189f2f6901826a5519,1996,David Koch,courtney22@example.org,2025-02-22,Regular,11,4
6a2354189f2f6901826a551a,1997,Richard Moore,yblackwell@example.org,2023-12-05,Regular,8,6
6a2354189f2f6901826a551b,1998,Jillian Williams,pamela49@example.com,2025-06-28,Regular,10,6
6a2354189f2f6901826a551c,1999,Jessica Jones,jay83@example.com,2026-02-19,Premium,7,2
6a2354189f2f6901826a551d,2000,Patricia Sexton,joshuavillanueva@example.com,2023-03-24,Regular,14,5
