RentalID,UserID,MovieID,RentalDate,ReturnDate,RentalStatus
1,1700,904,2023-11-02,2024-01-02,Returned
2,211,457,2023-09-14,2025-02-03,Returned
3,39,965,2024-06-23,2024-08-18,Returned
4,151,742,2023-10-16,2024-04-03,Returned
5,1275,308,2025-07-01,2026-05-15,Returned
6,1196,64,2024-07-07,2025-12-27,Returned
7,1813,55,2025-07-06,2025-09-12,Returned
8,1797,435,2023-07-15,2023-09-28,Returned
9,1363,121,2024-06-14,2025-11-23,Returned
10,1923,268,2025-01-02,2025-02-19,Returned
11,663,126,2024-09-18,2026-03-09,Returned
12,576,179,2024-10-03,2025-03-05,Returned
13,1680,108,2024-11-09,2026-03-05,Returned
14,1373,94,2025-04-29,2025-07-10,Returned
15,711,630,2025-09-09,2026-06-02,Returned
16,568,585,2025-06-08,2026-02-13,Returned
17,1099,324,2025-10-02,2025-10-22,Returned
18,1931,654,2026-03-22,2026-05-09,Returned
19,1720,583,2023-12-25,2025-05-29,Returned
20,530,767,2023-09-29,2024-07-01,Returned
21,812,642,2024-07-15,2026-05-27,Returned
22,1139,734,2026-02-05,2026-02-25,Returned
23,905,640,2026-03-26,2026-04-17,Returned
24,690,190,2024-10-26,2026-05-05,Returned
25,626,331,2023-10-22,,Late
26,5,750,2024-11-14,2026-06-04,Returned
27,1210,354,2024-01-15,2024-10-22,Returned
28,1654,678,2025-01-12,2025-07-10,Returned
29,1445,542,2024-10-31,2025-10-19,Returned
30,1761,825,2026-02-25,2026-05-11,Returned
31,1113,216,2024-01-26,2026-05-26,Returned
32,1128,237,2025-12-12,2026-02-05,Returned
33,602,284,2024-11-11,2025-10-08,Returned
34,401,694,2025-01-21,2025-04-14,Returned
35,1020,577,2024-11-17,2025-03-09,Returned
36,849,794,2026-02-15,2026-05-26,Returned
37,396,147,2024-01-06,2025-12-26,Returned
38,1623,181,2024-12-11,2026-04-04,Returned
39,1374,842,2024-06-11,2026-04-28,Returned
40,410,258,2025-10-23,2025-12-08,Returned
41,736,768,2025-05-29,2025-11-20,Returned
42,1469,479,2026-02-01,2026-05-28,Returned
43,510,43,2025-09-30,2026-05-16,Returned
44,1397,480,2025-11-20,2026-01-16,Returned
45,636,357,2025-12-09,2026-02-13,Returned
46,560,191,2023-08-21,2024-11-07,Returned
47,1125,911,2025-11-18,,Active
48,358,466,2024-11-10,2025-05-03,Returned
49,446,192,2024-09-22,,Active
50,617,876,2024-04-21,,Active
51,811,942,2024-06-01,2025-11-15,Returned
52,1497,530,2024-04-19,,Active
53,1150,873,2024-03-02,,Active
54,368,375,2023-11-17,2023-11-28,Returned
55,803,134,2024-01-01,2024-12-09,Returned
56,742,1000,2023-07-03,2024-09-13,Returned
57,1685,312,2025-08-09,2026-02-05,Returned
58,323,703,2024-07-05,2026-01-31,Returned
59,793,346,2024-12-15,2025-07-20,Returned
60,930,783,2023-09-30,2024-11-03,Returned
61,1662,517,2024-07-19,2025-05-31,Returned
62,448,289,2023-11-27,,Late
63,171,802,2024-07-02,2025-05-27,Returned
64,1721,179,2025-07-25,2025-10-28,Returned
65,1228,918,2025-01-12,2026-04-09,Returned
66,264,655,2024-03-24,2024-05-31,Returned
67,910,63,2024-12-05,2025-02-28,Returned
68,1040,303,2023-09-11,2025-03-23,Returned
69,29,121,2026-03-23,,Active
70,1082,60,2023-09-07,2025-11-17,Returned
71,1093,415,2025-11-06,2026-05-27,Returned
72,1927,947,2024-08-22,2025-12-27,Returned
73,1783,638,2026-01-06,2026-02-08,Returned
74,531,512,2023-12-31,2026-03-11,Returned
75,1951,186,2025-11-26,2026-02-20,Returned
76,1334,22,2024-11-08,2025-10-21,Returned
77,65,795,2025-09-27,2025-11-02,Returned
78,1294,848,2024-03-19,2026-04-19,Returned
79,711,670,2026-04-02,2026-04-02,Returned
80,1727,469,2025-02-08,2025-10-21,Returned
81,1695,11,2026-03-12,2026-04-04,Returned
82,977,724,2026-04-23,2026-04-25,Returned
83,949,268,2024-06-08,2025-06-07,Returned
84,211,919,2024-01-23,2025-01-12,Returned
85,1766,830,2023-09-02,2024-11-27,Returned
86,78,119,2025-01-13,2025-10-18,Returned
87,744,166,2024-03-22,2026-04-16,Returned
88,519,347,2025-05-25,2025-07-08,Returned
89,1758,350,2025-03-07,2026-05-08,Returned
90,1411,323,2026-06-02,,Late
91,1181,507,2023-12-11,2024-04-10,Returned
92,970,941,2024-04-06,2024-08-17,Returned
93,1550,220,2023-09-07,,Late
94,1687,900,2023-12-27,2026-04-06,Returned
95,726,828,2025-01-05,,Late
96,1114,605,2025-01-28,2025-09-29,Returned
97,839,349,2025-12-27,2026-03-19,Returned
98,1279,51,2023-11-08,2024-08-09,Returned
99,1649,718,2023-09-04,2023-11-06,Returned
100,1177,705,2024-02-06,2024-07-17,Returned
101,1884,430,2025-09-11,,Active
102,535,96,2023-10-09,2025-03-28,Returned
103,1424,927,2025-02-24,2025-06-01,Returned
104,1829,783,2024-06-12,2025-08-24,Returned
105,879,293,2025-05-16,2026-03-30,Returned
106,481,434,2023-07-28,2025-04-20,Returned
107,1399,824,2023-12-29,2024-06-02,Returned
108,1482,241,2025-01-28,2025-07-11,Returned
109,821,465,2025-09-03,,Active
110,1245,82,2024-02-03,2024-03-18,Returned
111,1445,814,2025-07-10,2026-03-27,Returned
112,1511,426,2025-03-04,2025-08-03,Returned
113,411,166,2023-08-21,,Active
114,451,112,2025-09-15,2026-02-03,Returned
115,537,732,2025-08-13,2026-05-24,Returned
116,1531,292,2025-05-28,2025-12-28,Returned
117,1253,752,2024-12-09,,Active
118,1827,32,2024-02-09,2024-06-01,Returned
119,290,622,2025-09-14,2026-03-11,Returned
120,570,508,2024-01-19,2025-03-27,Returned
121,1233,541,2026-05-05,2026-05-12,Returned
122,1228,936,2026-04-27,2026-05-22,Returned
123,1908,976,2025-01-22,2025-08-18,Returned
124,264,92,2024-12-31,,Active
125,151,468,2025-12-29,2026-01-06,Returned
126,743,189,2024-06-24,2024-08-31,Returned
127,1495,157,2025-05-31,2025-08-02,Returned
128,15,997,2024-10-08,2025-05-17,Returned
129,1962,727,2025-12-31,2026-01-05,Returned
130,217,717,2026-03-30,2026-04-09,Returned
131,1174,826,2023-08-03,2024-08-16,Returned
132,1973,700,2025-02-05,2026-05-16,Returned
133,195,616,2024-10-26,2024-11-24,Returned
134,1946,77,2024-06-29,2026-02-24,Returned
135,161,965,2025-12-25,2026-01-21,Returned
136,103,472,2026-02-01,2026-03-10,Returned
137,1917,612,2025-12-08,,Active
138,737,371,2025-06-21,,Active
139,400,781,2025-11-14,2025-12-02,Returned
140,1368,444,2025-04-24,2025-06-19,Returned
141,336,996,2024-01-30,2025-04-11,Returned
142,1152,38,2024-08-04,2024-08-13,Returned
143,960,554,2026-01-26,2026-03-25,Returned
144,1692,907,2026-05-09,2026-05-12,Returned
145,1228,892,2024-10-13,2025-06-30,Returned
146,1561,335,2025-11-13,2026-02-16,Returned
147,617,323,2024-08-18,2026-04-13,Returned
148,1214,949,2024-01-16,2024-02-09,Returned
149,1437,872,2024-11-01,2025-01-27,Returned
150,765,626,2024-04-24,2024-07-11,Returned
151,1948,914,2024-08-11,2024-12-13,Returned
152,1450,877,2023-06-15,2026-02-08,Returned
153,1493,847,2025-10-11,2025-11-16,Returned
154,1966,730,2025-06-06,2025-08-27,Returned
155,1883,238,2025-09-18,2026-05-08,Returned
156,1988,658,2024-09-13,2024-10-09,Returned
157,431,230,2024-01-29,2025-02-16,Returned
158,856,912,2025-02-09,2025-09-01,Returned
159,1472,385,2023-08-11,2025-06-15,Returned
160,30,851,2023-09-17,2025-01-29,Returned
161,1417,173,2024-02-01,2024-08-14,Returned
162,330,840,2024-06-29,2025-09-21,Returned
163,1456,737,2024-07-18,2026-05-06,Returned
164,1818,759,2023-08-07,2024-10-09,Returned
165,1593,844,2026-06-05,2026-06-06,Returned
166,314,388,2024-06-20,2025-02-01,Returned
167,786,303,2024-01-03,,Active
168,1767,939,2024-12-04,2025-12-15,Returned
169,218,924,2024-08-18,2024-10-02,Returned
170,1962,637,2024-05-30,2026-05-16,Returned
171,1816,326,2024-04-28,2024-10-01,Returned
172,1414,100,2025-01-30,2025-10-27,Returned
173,561,712,2026-02-23,2026-05-26,Returned
174,489,551,2023-11-15,2025-07-13,Returned
175,1184,638,2024-08-09,2024-09-10,Returned
176,1053,374,2024-10-28,2025-09-29,Returned
177,205,923,2024-09-13,2024-09-20,Returned
178,1954,214,2025-09-03,2026-04-26,Returned
179,721,519,2024-03-31,2025-09-22,Returned
180,148,235,2025-01-23,2025-02-10,Returned
181,385,850,2023-11-06,2024-01-25,Returned
182,1109,258,2024-12-31,2026-02-03,Returned
183,589,719,2026-05-03,2026-05-04,Returned
184,1838,352,2024-10-24,2026-03-15,Returned
185,1375,926,2025-10-15,2026-03-09,Returned
186,463,713,2024-05-20,2024-12-13,Returned
187,1830,131,2026-04-06,2026-05-13,Returned
188,1797,714,2026-02-20,2026-03-30,Returned
189,1160,205,2026-05-04,2026-06-04,Returned
190,217,888,2024-03-20,,Late
191,1493,91,2024-09-22,2025-05-04,Returned
192,236,30,2025-11-29,2026-05-05,Returned
193,1891,274,2024-08-03,2025-04-17,Returned
194,1572,54,2025-01-25,2025-09-11,Returned
195,1424,11,2023-11-14,2025-09-13,Returned
196,1190,135,2026-05-03,2026-05-25,Returned
197,1798,31,2025-08-25,2026-02-24,Returned
198,539,795,2023-07-03,2026-04-05,Returned
199,1054,543,2024-08-28,,Active
200,1682,375,2024-04-04,2025-05-19,Returned
201,1525,972,2025-12-30,2026-01-28,Returned
202,1353,77,2024-06-21,2025-11-02,Returned
203,322,557,2025-03-03,2025-07-29,Returned
204,213,626,2024-05-25,2025-06-07,Returned
205,1082,255,2024-03-05,2026-05-01,Returned
206,1696,610,2024-11-25,2026-01-31,Returned
207,1128,901,2025-12-10,2025-12-21,Returned
208,1553,939,2024-01-18,2024-07-27,Returned
209,886,957,2026-06-05,2026-06-05,Returned
210,102,986,2026-06-05,2026-06-06,Returned
211,927,467,2026-02-26,2026-05-20,Returned
212,154,942,2026-01-20,2026-05-01,Returned
213,191,763,2026-05-05,2026-05-19,Returned
214,1291,12,2025-01-14,2025-08-11,Returned
215,1621,636,2024-12-07,2026-01-12,Returned
216,1354,785,2023-12-18,,Active
217,138,43,2026-03-22,2026-05-17,Returned
218,878,636,2025-10-21,2026-03-30,Returned
219,1122,897,2024-12-21,2025-03-05,Returned
220,1997,199,2024-02-17,2025-12-07,Returned
221,545,929,2026-03-30,2026-04-28,Returned
222,1847,756,2025-12-05,2025-12-09,Returned
223,827,701,2026-05-01,2026-05-12,Returned
224,1209,776,2023-12-04,2025-11-30,Returned
225,1747,280,2025-05-02,2025-09-26,Returned
226,290,615,2023-06-10,,Active
227,867,228,2024-01-31,2024-12-18,Returned
228,1916,888,2023-06-14,2025-08-15,Returned
229,267,655,2024-05-14,2024-08-04,Returned
230,912,726,2023-11-08,2026-05-11,Returned
231,10,523,2024-05-29,2025-08-05,Returned
232,1115,676,2025-05-13,2026-02-12,Returned
233,1398,330,2025-12-10,2026-04-22,Returned
234,1021,923,2024-08-20,2026-02-16,Returned
235,1523,334,2024-11-30,,Active
236,1963,304,2023-11-29,2026-03-04,Returned
237,1489,519,2025-05-14,2025-12-09,Returned
238,1898,940,2025-05-26,2026-03-01,Returned
239,1862,849,2024-05-14,2026-05-05,Returned
240,1948,140,2025-09-22,2025-12-28,Returned
241,1915,55,2026-06-06,,Active
242,1485,827,2026-05-23,2026-05-27,Returned
243,954,737,2024-01-14,2024-01-27,Returned
244,1255,753,2025-06-28,,Active
245,405,69,2026-04-13,2026-04-22,Returned
246,1865,887,2024-04-01,,Active
247,1354,779,2024-02-25,,Active
248,1414,272,2024-08-26,2026-01-23,Returned
249,1970,458,2026-01-14,2026-03-23,Returned
250,1307,24,2025-01-04,2025-02-09,Returned
251,1253,118,2024-03-17,2026-06-03,Returned
252,1577,323,2026-06-03,2026-06-04,Returned
253,577,660,2023-10-24,2024-10-10,Returned
254,811,118,2025-03-18,2025-05-23,Returned
255,117,156,2024-02-09,2025-03-20,Returned
256,1189,781,2024-07-29,,Active
257,71,630,2023-12-01,2023-12-29,Returned
258,1887,24,2024-12-28,2025-01-07,Returned
259,1343,298,2025-09-27,,Active
260,187,717,2024-01-02,2024-10-19,Returned
261,444,821,2025-12-10,,Active
262,135,129,2025-09-27,2026-04-21,Returned
263,56,974,2024-09-06,2025-05-18,Returned
264,1091,910,2025-09-15,2025-12-23,Returned
265,1885,279,2023-06-26,2023-09-28,Returned
266,220,977,2026-03-28,2026-06-06,Returned
267,1395,174,2023-09-19,,Active
268,453,338,2023-10-16,2024-09-10,Returned
269,1255,568,2024-03-31,2025-08-28,Returned
270,1072,388,2024-12-15,2025-10-12,Returned
271,1662,78,2023-10-09,2025-12-20,Returned
272,1223,331,2025-03-20,2025-05-01,Returned
273,1536,654,2024-11-18,2025-03-17,Returned
274,1126,281,2024-10-29,2025-04-27,Returned
275,1461,29,2025-04-29,,Active
276,762,892,2024-09-17,2025-02-15,Returned
277,851,743,2025-03-19,2025-05-10,Returned
278,1081,952,2024-01-18,2026-06-05,Returned
279,829,907,2023-06-11,,Active
280,1966,61,2026-03-11,2026-03-26,Returned
281,433,101,2023-08-08,2024-07-24,Returned
282,122,244,2026-01-28,2026-03-15,Returned
283,529,211,2025-07-17,2025-12-13,Returned
284,767,873,2024-09-25,2025-11-06,Returned
285,813,145,2024-12-23,2025-11-14,Returned
286,1036,533,2024-12-11,2025-02-05,Returned
287,1412,809,2024-02-06,2024-08-19,Returned
288,751,614,2024-05-02,2026-04-23,Returned
289,224,957,2024-11-02,2025-04-24,Returned
290,1827,483,2026-02-26,2026-02-27,Returned
291,1143,359,2025-08-29,2026-05-21,Returned
292,614,934,2024-08-08,2025-01-16,Returned
293,330,773,2024-08-24,2025-02-17,Returned
294,1245,238,2025-09-23,2025-09-29,Returned
295,1829,225,2026-01-16,2026-05-01,Returned
296,86,199,2023-12-31,2024-12-14,Returned
297,773,202,2024-02-07,2025-01-04,Returned
298,1104,72,2024-03-14,2026-06-05,Returned
299,687,420,2025-11-14,2026-03-29,Returned
300,1775,454,2026-06-02,2026-06-06,Returned
301,1782,585,2024-03-04,,Active
302,1586,947,2023-12-08,2026-05-21,Returned
303,1500,407,2023-07-16,2024-05-10,Returned
304,467,385,2024-08-06,2025-10-15,Returned
305,118,218,2025-06-21,2025-12-17,Returned
306,531,136,2025-05-27,2025-10-27,Returned
307,1132,478,2023-12-03,2026-04-29,Returned
308,1856,170,2025-11-22,2025-12-05,Returned
309,288,984,2025-03-05,2025-10-28,Returned
310,1993,412,2024-07-13,2024-11-25,Returned
311,590,167,2024-11-06,,Late
312,311,46,2026-05-02,2026-05-09,Returned
313,1588,548,2023-12-22,2024-07-17,Returned
314,142,999,2026-05-03,2026-06-04,Returned
315,1126,850,2024-04-14,2025-09-10,Returned
316,1623,45,2024-12-20,2025-08-09,Returned
317,576,602,2026-04-03,2026-05-27,Returned
318,1186,260,2023-11-27,2023-12-24,Returned
319,1266,419,2023-10-24,2024-11-08,Returned
320,195,229,2023-07-31,2026-04-21,Returned
321,935,767,2026-05-02,2026-05-17,Returned
322,906,496,2024-03-18,2025-12-25,Returned
323,156,267,2024-11-29,2025-07-21,Returned
324,1843,779,2024-01-08,2024-11-22,Returned
325,1286,846,2025-10-04,2025-12-23,Returned
326,949,169,2023-06-19,2025-12-28,Returned
327,1863,196,2024-02-23,2025-10-19,Returned
328,1866,823,2024-12-13,2026-02-03,Returned
329,1883,644,2026-06-04,2026-06-06,Returned
330,191,111,2025-05-07,2026-03-30,Returned
331,742,814,2023-07-09,2023-10-15,Returned
332,704,988,2023-12-29,2025-05-23,Returned
333,1504,536,2023-10-11,2026-03-27,Returned
334,1712,599,2023-11-22,2024-07-12,Returned
335,1750,868,2024-10-30,2025-07-16,Returned
336,179,803,2023-07-13,2023-08-26,Returned
337,1483,101,2024-12-15,2025-06-07,Returned
338,508,258,2024-11-28,2025-01-07,Returned
339,1004,113,2026-04-11,2026-04-11,Returned
340,251,781,2025-11-27,2026-04-02,Returned
341,712,525,2025-02-27,2025-09-23,Returned
342,80,6,2026-02-23,2026-03-26,Returned
343,546,798,2024-10-12,2026-03-04,Returned
344,51,51,2026-04-24,,Active
345,537,367,2023-07-19,2024-02-19,Returned
346,1520,546,2024-03-30,2024-12-24,Returned
347,1512,630,2025-01-30,,Late
348,1225,984,2025-04-16,2025-07-06,Returned
349,1009,601,2025-11-09,2026-05-21,Returned
350,1156,379,2025-02-05,2026-02-12,Returned
351,164,929,2023-08-24,2026-05-20,Returned
352,1163,87,2023-09-25,2024-10-10,Returned
353,991,628,2025-05-02,2025-05-02,Returned
354,301,201,2023-07-24,2024-10-08,Returned
355,1171,435,2025-08-03,2026-03-11,Returned
356,1099,346,2025-01-31,2025-07-08,Returned
357,1367,990,2025-12-02,2026-04-03,Returned
358,766,282,2023-11-09,,Late
359,1721,363,2025-06-28,2025-11-22,Returned
360,999,239,2025-01-09,,Active
361,259,537,2024-03-20,2025-06-26,Returned
362,1039,505,2024-09-11,2025-09-21,Returned
363,785,578,2025-11-27,2025-11-30,Returned
364,1513,576,2026-01-06,2026-03-21,Returned
365,1520,494,2026-05-17,2026-06-02,Returned
366,1082,6,2026-06-04,2026-06-04,Returned
367,1776,451,2025-12-18,2026-01-07,Returned
368,1993,301,2025-02-18,2025-12-27,Returned
369,275,705,2025-08-18,2026-01-03,Returned
370,252,569,2025-01-08,2025-10-12,Returned
371,784,504,2026-03-14,,Active
372,1641,986,2026-03-01,2026-03-26,Returned
373,823,301,2024-08-21,2024-11-21,Returned
374,651,432,2025-01-25,,Active
375,219,477,2025-03-03,2025-08-02,Returned
376,353,890,2025-11-13,2026-01-17,Returned
377,1091,390,2025-09-18,2025-10-02,Returned
378,1265,29,2024-08-25,2024-09-10,Returned
379,397,356,2025-10-03,2026-01-14,Returned
380,201,184,2023-09-18,2024-04-14,Returned
381,1453,314,2024-07-13,2026-05-04,Returned
382,934,155,2023-12-24,2024-07-10,Returned
383,1263,162,2024-11-18,2025-09-01,Returned
384,1983,318,2023-07-10,2025-12-24,Returned
385,1941,402,2025-11-19,2026-04-20,Returned
386,795,699,2025-10-25,2026-01-30,Returned
387,77,614,2023-10-01,2023-12-05,Returned
388,359,563,2025-08-16,2025-11-22,Returned
389,1486,682,2024-08-12,2024-10-27,Returned
390,1188,180,2023-12-29,2024-03-01,Returned
391,87,363,2025-12-28,2026-01-27,Returned
392,1176,771,2024-02-07,2025-04-03,Returned
393,57,158,2024-09-18,2026-02-20,Returned
394,1445,308,2024-11-22,2025-09-10,Returned
395,766,43,2024-07-04,2025-05-26,Returned
396,1583,829,2025-09-13,,Active
397,1741,474,2025-02-03,2026-01-12,Returned
398,796,227,2026-01-07,2026-04-10,Returned
399,608,59,2024-06-11,2025-08-06,Returned
400,698,162,2025-10-01,2025-11-01,Returned
401,1020,634,2023-08-20,2024-04-18,Returned
402,1607,738,2024-09-27,,Active
403,239,48,2025-02-26,2025-07-25,Returned
404,871,885,2025-03-01,,Active
405,517,705,2023-08-16,2025-02-23,Returned
406,1130,498,2026-05-04,2026-05-13,Returned
407,1644,582,2025-11-25,,Active
408,550,457,2024-03-07,2024-03-09,Returned
409,1986,705,2025-10-14,2026-05-03,Returned
410,1359,456,2024-03-13,2026-02-06,Returned
411,1579,566,2023-07-05,2025-07-09,Returned
412,838,187,2025-12-02,2026-01-18,Returned
413,1586,92,2024-02-03,2024-05-06,Returned
414,189,820,2024-09-10,2026-03-22,Returned
415,972,271,2026-05-17,2026-05-21,Returned
416,837,166,2024-12-27,2025-07-23,Returned
417,1281,201,2026-01-31,2026-02-16,Returned
418,1619,1000,2024-02-19,2024-09-19,Returned
419,1961,857,2024-04-23,2024-07-04,Returned
420,50,948,2025-07-19,,Active
421,1456,387,2025-04-24,2025-09-06,Returned
422,1652,882,2026-04-29,2026-05-23,Returned
423,1152,325,2023-12-03,2026-03-24,Returned
424,8,198,2025-10-22,2026-04-14,Returned
425,1154,167,2024-01-28,2024-03-30,Returned
426,527,236,2024-07-19,2025-12-29,Returned
427,208,348,2025-09-03,2026-05-31,Returned
428,1681,389,2025-10-03,,Active
429,843,523,2025-05-09,2025-06-07,Returned
430,18,344,2024-09-22,2025-10-24,Returned
431,800,869,2024-04-03,,Active
432,839,755,2024-10-19,,Late
433,597,21,2024-08-22,2025-01-02,Returned
434,96,228,2023-07-05,2024-08-04,Returned
435,63,782,2025-10-28,2025-11-03,Returned
436,689,255,2026-02-26,2026-05-18,Returned
437,541,101,2024-09-24,2025-03-14,Returned
438,929,481,2024-05-15,2025-05-25,Returned
439,57,386,2023-10-15,2025-02-07,Returned
440,195,612,2026-02-25,2026-05-22,Returned
441,451,523,2024-10-05,2025-02-19,Returned
442,1073,201,2026-05-07,2026-05-08,Returned
443,1994,888,2024-06-06,2025-06-21,Returned
444,427,470,2023-11-27,2026-04-13,Returned
445,424,330,2025-01-12,2025-06-29,Returned
446,352,287,2024-09-27,2025-07-12,Returned
447,259,558,2025-11-22,2026-05-30,Returned
448,1946,942,2026-03-29,,Active
449,1351,298,2025-01-18,2026-01-15,Returned
450,1234,240,2025-05-17,2026-03-02,Returned
451,1610,8,2025-03-17,2026-04-29,Returned
452,1709,724,2025-11-11,,Active
453,215,60,2024-05-02,2024-06-22,Returned
454,579,491,2024-07-05,2025-08-28,Returned
455,1266,516,2026-02-22,,Late
456,1752,64,2023-12-30,2024-12-10,Returned
457,553,155,2025-05-31,2025-08-28,Returned
458,197,609,2025-09-01,2025-12-14,Returned
459,581,13,2025-04-30,2025-09-12,Returned
460,142,950,2024-09-19,2026-01-13,Returned
461,736,602,2024-10-03,2025-08-06,Returned
462,563,25,2025-12-18,2026-02-15,Returned
463,1711,177,2023-12-28,2025-01-22,Returned
464,1260,815,2024-04-21,2025-08-15,Returned
465,1667,456,2024-07-08,,Active
466,1676,140,2024-05-29,2025-03-31,Returned
467,824,824,2024-07-15,2025-08-28,Returned
468,1428,340,2024-03-02,2024-06-08,Returned
469,322,452,2025-03-13,2025-10-31,Returned
470,352,762,2025-01-15,2026-01-13,Returned
471,936,735,2025-12-15,2026-05-08,Returned
472,394,313,2023-09-01,2026-04-28,Returned
473,897,650,2025-08-30,2025-11-05,Returned
474,371,735,2026-01-10,2026-05-24,Returned
475,1821,479,2024-01-02,2026-01-17,Returned
476,1052,509,2025-03-04,2025-10-26,Returned
477,1135,537,2025-06-16,2025-12-27,Returned
478,467,764,2023-10-22,,Active
479,16,714,2025-01-26,2025-09-05,Returned
480,208,716,2024-03-16,2026-04-01,Returned
481,988,33,2025-12-22,2026-05-14,Returned
482,1466,614,2024-07-17,2026-03-04,Returned
483,1238,762,2024-08-26,2025-03-29,Returned
484,1049,264,2025-10-04,,Active
485,1495,221,2023-12-07,2025-06-01,Returned
486,1809,953,2025-05-03,2025-08-02,Returned
487,936,811,2023-08-14,2025-08-29,Returned
488,934,783,2024-11-09,2025-04-06,Returned
489,328,355,2025-05-04,2025-07-28,Returned
490,1112,255,2024-12-30,2025-02-18,Returned
491,997,334,2025-08-11,2025-10-20,Returned
492,847,123,2025-06-01,2026-02-06,Returned
493,1520,790,2024-01-20,2024-06-04,Returned
494,966,257,2023-07-15,2026-03-04,Returned
495,1966,969,2024-06-23,2026-04-27,Returned
496,1510,169,2024-04-11,,Late
497,1798,346,2023-09-12,2024-12-26,Returned
498,18,527,2023-06-11,2026-04-04,Returned
499,409,276,2025-05-05,2025-06-04,Returned
500,995,666,2025-08-08,2026-04-05,Returned
501,1900,928,2025-11-17,2026-03-16,Returned
502,1015,297,2026-03-11,2026-06-04,Returned
503,711,395,2024-06-06,2024-07-11,Returned
504,92,47,2024-05-12,2024-11-21,Returned
505,1389,116,2026-03-13,2026-05-02,Returned
506,261,699,2026-01-17,2026-05-28,Returned
507,1416,942,2025-08-18,2025-12-15,Returned
508,1709,854,2023-10-09,2026-01-19,Returned
509,1998,716,2026-05-21,2026-06-06,Returned
510,703,586,2023-12-31,2026-02-10,Returned
511,272,371,2024-04-20,,Active
512,915,361,2023-09-11,2024-07-28,Returned
513,1458,712,2025-10-01,,Active
514,962,372,2023-09-17,,Late
515,266,305,2025-01-13,,Late
516,1569,467,2023-11-22,2026-04-11,Returned
517,1258,970,2023-08-13,,Late
518,93,283,2024-11-24,2026-01-02,Returned
519,1274,427,2024-02-17,2025-01-08,Returned
520,1115,930,2025-07-26,2026-02-28,Returned
521,753,86,2026-04-29,,Late
522,1920,893,2025-05-13,2025-11-28,Returned
523,1340,275,2025-04-30,,Active
524,1441,382,2023-10-14,2024-05-16,Returned
525,261,40,2024-02-06,2024-09-20,Returned
526,1311,975,2026-04-24,2026-05-30,Returned
527,902,249,2024-01-27,2024-02-10,Returned
528,54,610,2024-09-16,2025-08-21,Returned
529,131,459,2025-03-15,2026-05-11,Returned
530,1194,943,2024-08-08,2025-07-12,Returned
531,173,9,2024-08-29,2024-12-04,Returned
532,1182,430,2024-03-17,2025-03-05,Returned
533,824,948,2026-04-12,2026-04-17,Returned
534,735,699,2025-09-04,2026-04-08,Returned
535,834,299,2023-08-29,2026-05-21,Returned
536,743,253,2023-09-16,,Active
537,1845,70,2024-01-09,,Late
538,593,959,2023-07-08,2023-10-13,Returned
539,750,255,2023-06-09,2024-10-02,Returned
540,1879,83,2024-07-24,2025-03-31,Returned
541,639,837,2023-09-12,2024-01-21,Returned
542,340,642,2024-02-08,2026-04-09,Returned
543,1369,379,2026-05-02,2026-05-31,Returned
544,573,506,2024-09-19,,Active
545,1798,843,2023-12-01,,Late
546,680,487,2025-01-24,2025-10-31,Returned
547,1939,695,2025-02-13,2025-05-28,Returned
548,1835,681,2025-03-18,2026-06-05,Returned
549,69,80,2026-06-03,2026-06-04,Returned
550,1429,506,2023-08-02,,Active
551,1896,917,2026-01-27,2026-02-12,Returned
552,1459,166,2024-10-22,2026-03-18,Returned
553,823,696,2025-07-14,2025-11-29,Returned
554,1425,306,2023-09-12,2024-01-19,Returned
555,852,578,2025-08-17,,Late
556,1771,730,2025-07-19,2026-05-22,Returned
557,73,433,2024-04-22,2024-11-05,Returned
558,1170,414,2025-04-26,2026-03-15,Returned
559,48,879,2024-04-22,2024-04-26,Returned
560,1391,430,2026-05-30,2026-06-04,Returned
561,238,17,2024-09-02,2024-10-18,Returned
562,19,504,2026-04-15,,Active
563,316,913,2025-12-18,2026-05-21,Returned
564,307,652,2026-05-24,2026-05-31,Returned
565,908,430,2024-06-30,2026-06-03,Returned
566,1434,768,2025-12-04,,Active
567,1779,251,2026-01-06,2026-04-08,Returned
568,536,526,2024-12-27,2025-01-10,Returned
569,1284,196,2024-01-17,,Active
570,1913,140,2025-04-17,2025-06-23,Returned
571,1521,886,2024-12-10,2026-01-23,Returned
572,455,145,2026-04-27,2026-04-30,Returned
573,314,809,2024-12-30,2025-12-06,Returned
574,1175,87,2025-12-01,2026-03-16,Returned
575,887,305,2026-06-06,2026-06-06,Returned
576,998,311,2025-07-17,,Late
577,1396,561,2025-02-11,2025-05-23,Returned
578,652,475,2025-01-03,,Active
579,1158,192,2026-01-06,2026-03-23,Returned
580,786,326,2023-08-26,2025-06-14,Returned
581,1322,700,2026-04-09,2026-05-19,Returned
582,1157,231,2024-03-25,2024-06-16,Returned
583,648,929,2024-08-19,2024-08-19,Returned
584,1875,287,2026-01-18,2026-03-12,Returned
585,1793,166,2025-12-16,2026-02-16,Returned
586,1391,505,2023-10-15,,Late
587,931,518,2023-12-15,2025-06-02,Returned
588,297,243,2024-10-10,2024-12-13,Returned
589,996,59,2025-12-12,2026-05-13,Returned
590,348,960,2025-04-17,2026-01-17,Returned
591,1743,680,2024-05-26,2026-01-04,Returned
592,252,149,2024-03-20,2026-02-03,Returned
593,1327,748,2024-04-07,2025-05-30,Returned
594,1882,304,2023-07-25,2024-08-01,Returned
595,727,307,2024-09-13,,Late
596,905,103,2024-08-24,2024-10-07,Returned
597,47,996,2023-09-10,2025-04-03,Returned
598,1995,702,2026-03-16,2026-05-18,Returned
599,11,546,2024-04-08,2025-01-27,Returned
600,1527,610,2026-03-20,2026-05-10,Returned
601,1171,870,2026-05-08,,Active
602,615,231,2026-03-26,2026-04-14,Returned
603,1835,634,2024-05-25,2025-10-01,Returned
604,1003,755,2025-12-16,2026-01-23,Returned
605,367,395,2025-08-28,2026-06-04,Returned
606,690,403,2025-05-10,2026-05-12,Returned
607,803,25,2025-05-12,2026-06-01,Returned
608,1977,47,2025-04-22,,Active
609,1298,791,2026-01-06,2026-02-08,Returned
610,317,43,2024-02-13,2025-09-02,Returned
611,1850,172,2024-04-01,2025-12-07,Returned
612,1058,803,2024-07-01,,Active
613,1274,823,2025-09-24,2025-10-28,Returned
614,1591,979,2024-12-11,2025-12-09,Returned
615,1903,147,2024-06-26,2025-01-07,Returned
616,587,642,2025-10-12,2026-01-29,Returned
617,350,186,2026-02-16,2026-05-09,Returned
618,202,831,2025-12-19,,Active
619,1518,899,2023-08-14,2025-08-23,Returned
620,1844,580,2024-12-02,2025-10-01,Returned
621,1260,679,2024-04-11,2026-05-17,Returned
622,509,831,2024-10-18,2025-12-15,Returned
623,1792,137,2023-11-26,2024-09-09,Returned
624,474,554,2023-07-16,2025-06-26,Returned
625,1187,264,2023-08-22,2023-11-08,Returned
626,1649,693,2025-04-12,2025-05-13,Returned
627,1859,880,2026-06-02,2026-06-04,Returned
628,663,371,2024-07-18,,Late
629,227,925,2023-12-28,2026-01-16,Returned
630,1864,901,2023-12-19,2025-07-16,Returned
631,88,120,2025-04-15,2026-03-07,Returned
632,1976,216,2025-11-26,2025-12-25,Returned
633,105,146,2025-08-31,2026-05-11,Returned
634,1109,981,2024-05-10,2025-09-18,Returned
635,43,147,2024-04-05,2024-09-07,Returned
636,203,260,2024-09-19,2026-02-24,Returned
637,534,177,2026-04-07,2026-06-06,Returned
638,218,915,2024-02-12,2024-06-02,Returned
639,1754,631,2026-05-28,2026-06-04,Returned
640,10,830,2024-03-31,2026-06-02,Returned
641,782,88,2026-02-25,2026-04-20,Returned
642,558,616,2024-06-08,2025-07-04,Returned
643,351,742,2025-03-13,2025-09-01,Returned
644,1208,882,2024-07-31,2024-12-29,Returned
645,1287,526,2026-05-12,2026-06-02,Returned
646,1310,94,2023-06-07,2024-11-26,Returned
647,1717,940,2025-01-23,2026-06-02,Returned
648,1497,273,2024-06-30,2024-11-30,Returned
649,937,936,2026-01-14,,Active
650,127,399,2025-05-16,2025-05-30,Returned
651,523,130,2025-06-13,2026-02-01,Returned
652,660,722,2024-07-19,2025-08-20,Returned
653,263,430,2023-12-19,2024-10-15,Returned
654,383,340,2024-03-18,2025-06-03,Returned
655,647,822,2025-12-27,2026-05-10,Returned
656,1428,484,2025-11-07,2026-02-28,Returned
657,1580,686,2026-04-17,2026-05-26,Returned
658,560,592,2025-12-20,,Late
659,231,694,2024-06-16,2026-03-05,Returned
660,241,486,2025-06-08,2025-11-06,Returned
661,1985,823,2024-02-12,2026-02-02,Returned
662,1947,582,2025-01-04,2025-09-04,Returned
663,1362,78,2023-08-01,2025-06-11,Returned
664,1239,830,2025-08-29,2026-05-26,Returned
665,253,516,2025-02-05,2026-03-25,Returned
666,1673,690,2026-01-20,2026-02-22,Returned
667,709,625,2023-08-24,2026-03-26,Returned
668,1197,286,2024-08-27,2025-04-26,Returned
669,682,878,2026-03-31,2026-05-13,Returned
670,116,275,2025-06-02,2025-08-26,Returned
671,241,706,2023-12-19,2025-11-16,Returned
672,1934,583,2024-06-12,2025-03-27,Returned
673,989,322,2023-10-07,2023-12-14,Returned
674,283,573,2025-03-23,2025-04-07,Returned
675,1689,913,2026-04-28,2026-05-07,Returned
676,1409,776,2024-09-12,2024-11-10,Returned
677,1739,858,2026-04-10,2026-04-10,Returned
678,688,473,2026-04-01,2026-06-03,Returned
679,1330,154,2026-02-09,2026-04-13,Returned
680,413,910,2025-08-31,2025-11-05,Returned
681,106,672,2024-08-13,2026-04-28,Returned
682,250,289,2023-07-01,,Late
683,1258,40,2026-03-20,2026-04-30,Returned
684,1461,862,2026-03-23,2026-04-22,Returned
685,821,610,2023-10-05,2026-05-10,Returned
686,210,496,2025-11-27,2025-12-25,Returned
687,1193,255,2025-12-17,2026-04-28,Returned
688,1864,230,2026-03-15,,Active
689,931,458,2024-01-26,2025-04-14,Returned
690,431,623,2023-07-15,2024-09-25,Returned
691,1699,756,2023-09-17,2026-05-03,Returned
692,1085,834,2025-11-24,2026-05-03,Returned
693,1311,45,2026-04-13,2026-05-17,Returned
694,1327,944,2024-10-24,2025-01-03,Returned
695,1754,944,2024-12-18,2026-03-05,Returned
696,846,769,2023-11-24,,Late
697,1526,64,2024-02-19,2024-04-11,Returned
698,907,748,2024-08-11,2025-06-10,Returned
699,256,919,2024-11-19,2025-02-19,Returned
700,646,751,2023-08-23,2025-07-11,Returned
701,1954,258,2023-12-11,2026-04-07,Returned
702,1886,883,2026-03-05,2026-05-21,Returned
703,1634,51,2024-03-03,2026-04-25,Returned
704,421,706,2025-05-04,2025-09-10,Returned
705,707,841,2025-08-27,2026-02-06,Returned
706,1754,223,2024-12-03,2025-09-29,Returned
707,381,963,2025-09-03,2025-09-28,Returned
708,371,416,2023-12-27,2025-03-20,Returned
709,1350,87,2025-06-14,,Active
710,187,746,2026-02-20,2026-02-25,Returned
711,855,743,2024-02-17,2026-04-10,Returned
712,1947,726,2025-05-03,2026-03-07,Returned
713,1216,545,2026-01-06,2026-05-23,Returned
714,1593,958,2024-03-23,,Late
715,978,664,2024-05-16,2025-01-15,Returned
716,1233,770,2024-11-13,2025-05-22,Returned
717,365,619,2025-02-11,2025-07-15,Returned
718,1384,350,2026-02-27,2026-05-01,Returned
719,526,972,2025-09-27,2026-05-07,Returned
720,815,894,2025-05-06,2025-05-22,Returned
721,897,765,2025-11-29,2026-03-06,Returned
722,298,41,2024-07-29,2026-01-08,Returned
723,1378,185,2025-03-27,2026-04-23,Returned
724,976,38,2023-09-12,2024-03-12,Returned
725,809,913,2024-11-18,2025-01-04,Returned
726,368,262,2024-12-29,2026-03-09,Returned
727,1967,622,2025-04-06,2025-11-13,Returned
728,1447,513,2025-08-23,2026-03-13,Returned
729,1129,765,2023-11-15,2026-05-31,Returned
730,1130,415,2024-12-25,2025-10-05,Returned
731,1453,570,2025-03-23,2025-08-20,Returned
732,716,489,2025-04-01,2026-02-05,Returned
733,176,92,2025-06-19,2025-07-27,Returned
734,752,117,2023-06-11,,Late
735,1354,614,2023-12-06,2025-01-05,Returned
736,294,924,2023-08-01,2023-08-20,Returned
737,916,688,2025-12-26,2026-02-01,Returned
738,1908,501,2024-08-13,,Active
739,545,591,2025-07-24,2026-02-03,Returned
740,61,202,2024-02-28,2025-01-07,Returned
741,1870,600,2024-12-30,2025-11-10,Returned
742,1000,136,2026-02-17,2026-04-20,Returned
743,1255,953,2023-07-19,2024-08-30,Returned
744,923,295,2025-05-25,2026-01-15,Returned
745,1248,539,2026-02-24,2026-04-09,Returned
746,1808,121,2026-03-01,2026-05-05,Returned
747,1300,923,2024-08-16,2025-02-10,Returned
748,1651,220,2025-09-30,,Active
749,317,17,2025-05-05,2025-11-05,Returned
750,465,197,2026-04-29,2026-05-29,Returned
751,509,740,2026-01-15,2026-01-23,Returned
752,1296,21,2025-11-13,2025-12-06,Returned
753,1154,776,2025-01-05,2025-12-28,Returned
754,926,499,2023-12-10,2025-11-02,Returned
755,1673,699,2023-12-21,2024-05-31,Returned
756,28,779,2025-09-21,2026-05-18,Returned
757,528,661,2025-12-06,2025-12-31,Returned
758,1280,96,2025-11-18,,Late
759,1421,653,2024-05-03,2024-05-30,Returned
760,163,286,2024-12-15,2025-01-05,Returned
761,731,928,2025-03-08,2025-03-12,Returned
762,207,564,2024-08-30,2025-05-14,Returned
763,402,69,2025-05-07,2025-05-29,Returned
764,1731,728,2023-12-05,2024-02-20,Returned
765,1424,57,2024-11-12,2025-12-11,Returned
766,1702,489,2025-01-16,2025-05-20,Returned
767,476,340,2023-11-22,2024-03-13,Returned
768,580,85,2025-07-21,2026-05-12,Returned
769,13,709,2025-11-09,,Active
770,1510,977,2026-05-13,2026-05-15,Returned
771,290,407,2025-02-13,2025-07-27,Returned
772,752,526,2023-08-07,,Active
773,1624,423,2024-07-18,2025-08-28,Returned
774,69,809,2026-01-18,2026-05-31,Returned
775,1249,565,2024-02-04,,Active
776,1364,757,2024-10-15,2025-11-26,Returned
777,1389,392,2024-07-24,2024-11-18,Returned
778,933,215,2023-06-20,2026-03-12,Returned
779,1470,217,2024-05-16,,Active
780,345,859,2024-08-06,2026-03-04,Returned
781,73,823,2024-08-17,,Active
782,29,58,2023-09-04,2024-04-03,Returned
783,1520,233,2026-01-17,2026-04-25,Returned
784,147,581,2024-06-07,2024-09-01,Returned
785,1683,15,2025-11-16,2025-11-25,Returned
786,1331,33,2024-08-29,,Late
787,1940,72,2026-05-12,2026-05-27,Returned
788,1586,428,2026-05-13,,Active
789,1902,767,2024-05-06,2024-08-08,Returned
790,606,947,2024-02-13,2024-02-15,Returned
791,1538,68,2025-02-26,2025-12-08,Returned
792,1246,924,2023-11-26,,Late
793,181,408,2026-02-14,2026-05-05,Returned
794,1831,348,2025-03-31,2026-02-13,Returned
795,701,178,2025-02-13,2025-08-20,Returned
796,521,985,2024-06-10,2024-11-04,Returned
797,32,675,2025-11-04,2025-11-28,Returned
798,304,422,2023-10-25,2024-08-19,Returned
799,1560,322,2024-09-13,2026-05-08,Returned
800,1597,758,2025-08-29,2025-09-01,Returned
801,1367,35,2024-10-11,2026-04-28,Returned
802,1448,909,2026-03-29,2026-06-02,Returned
803,923,184,2025-11-06,2026-05-18,Returned
804,317,973,2024-09-04,2026-05-16,Returned
805,1098,419,2024-05-08,2024-10-27,Returned
806,1382,794,2024-07-29,2024-12-15,Returned
807,243,419,2026-01-29,2026-06-02,Returned
808,1305,186,2023-08-21,2023-12-22,Returned
809,1010,635,2024-09-10,2025-05-30,Returned
810,1860,966,2024-09-12,,Late
811,912,596,2023-08-30,2024-11-14,Returned
812,37,436,2026-04-07,2026-04-19,Returned
813,1475,264,2023-10-14,2024-09-08,Returned
814,125,380,2024-03-19,2025-11-05,Returned
815,1117,156,2026-06-04,2026-06-06,Returned
816,1646,696,2024-09-26,,Active
817,698,761,2023-10-20,2024-11-01,Returned
818,139,8,2024-11-08,,Active
819,44,355,2023-11-04,2025-03-19,Returned
820,1885,45,2024-03-02,2026-03-06,Returned
821,1868,617,2026-05-23,2026-06-02,Returned
822,487,406,2024-11-24,2025-03-01,Returned
823,758,119,2025-09-28,2025-11-28,Returned
824,206,820,2024-12-30,2026-02-23,Returned
825,1957,158,2026-03-31,2026-06-06,Returned
826,884,477,2026-02-26,2026-03-29,Returned
827,557,784,2025-08-07,2026-03-20,Returned
828,973,237,2026-02-09,2026-03-08,Returned
829,453,777,2025-04-01,2026-01-02,Returned
830,441,73,2024-01-13,2024-05-29,Returned
831,692,445,2024-02-19,2026-02-03,Returned
832,333,40,2025-08-27,2025-12-04,Returned
833,1889,886,2024-07-22,2025-05-09,Returned
834,842,502,2024-02-14,2025-11-27,Returned
835,1243,859,2025-01-23,2025-08-22,Returned
836,1164,936,2024-04-17,2025-03-27,Returned
837,1540,939,2024-09-09,2024-09-22,Returned
838,1214,361,2024-02-16,2024-11-20,Returned
839,518,556,2025-07-19,2026-03-18,Returned
840,699,109,2024-08-13,2024-10-04,Returned
841,1079,579,2024-03-19,2025-09-29,Returned
842,66,127,2023-09-06,2026-01-16,Returned
843,1655,287,2025-09-07,2026-03-31,Returned
844,1321,917,2026-02-28,2026-04-27,Returned
845,1568,617,2025-01-17,2025-07-30,Returned
846,1570,736,2026-01-14,2026-03-19,Returned
847,199,19,2023-08-19,2025-05-16,Returned
848,215,459,2024-10-05,2025-05-31,Returned
849,1000,583,2026-05-17,2026-06-05,Returned
850,1809,312,2024-09-08,2025-07-21,Returned
851,865,336,2024-02-24,2025-06-17,Returned
852,115,600,2025-03-12,2025-12-08,Returned
853,1343,748,2023-12-23,2026-05-30,Returned
854,882,289,2024-07-24,2024-08-14,Returned
855,89,978,2026-05-02,2026-06-06,Returned
856,1151,298,2026-05-30,2026-06-02,Returned
857,527,342,2025-05-07,2026-05-05,Returned
858,1980,244,2023-11-07,2026-02-27,Returned
859,326,675,2024-10-19,2026-03-28,Returned
860,1300,731,2024-06-08,2024-08-31,Returned
861,628,796,2026-03-17,2026-04-06,Returned
862,1670,416,2023-09-04,2025-08-22,Returned
863,130,543,2024-11-18,2025-06-27,Returned
864,100,128,2026-04-12,2026-05-23,Returned
865,1489,613,2026-02-07,,Active
866,1366,984,2023-10-04,2025-02-09,Returned
867,1522,746,2025-04-19,2025-12-17,Returned
868,420,597,2025-09-20,2026-05-14,Returned
869,1501,796,2024-08-29,2025-08-06,Returned
870,1141,760,2026-01-04,2026-04-08,Returned
871,565,955,2026-04-02,2026-06-03,Returned
872,1828,77,2024-04-25,2024-07-15,Returned
873,1225,47,2024-07-05,2025-12-15,Returned
874,824,333,2023-12-14,2025-02-26,Returned
875,1218,134,2024-11-20,2025-06-27,Returned
876,1634,608,2025-06-18,2025-09-13,Returned
877,1519,316,2024-02-15,2026-01-14,Returned
878,779,582,2024-08-01,2025-09-14,Returned
879,485,855,2025-07-06,2025-10-04,Returned
880,1909,199,2025-03-25,,Late
881,1002,820,2023-11-07,,Active
882,1935,734,2026-05-17,2026-05-22,Returned
883,976,303,2024-07-07,2025-04-17,Returned
884,410,249,2025-09-26,2025-11-16,Returned
885,1966,35,2023-11-15,,Active
886,382,291,2025-07-13,,Active
887,1007,556,2024-06-27,2025-01-09,Returned
888,1215,25,2023-12-24,2024-06-19,Returned
889,458,759,2023-09-06,2025-10-25,Returned
890,937,595,2025-02-06,2025-10-13,Returned
891,1822,743,2026-03-30,2026-06-05,Returned
892,1930,256,2026-01-27,2026-05-25,Returned
893,1592,921,2025-04-08,2025-12-02,Returned
894,106,690,2024-12-12,2024-12-19,Returned
895,823,950,2026-01-13,2026-04-03,Returned
896,233,57,2024-10-03,2025-01-07,Returned
897,1891,933,2024-09-03,2024-12-02,Returned
898,180,569,2024-03-16,2024-05-29,Returned
899,1801,746,2026-05-18,2026-06-01,Returned
900,1805,542,2025-02-01,2026-02-28,Returned
901,453,223,2024-10-26,2025-01-17,Returned
902,160,379,2024-12-13,2026-01-12,Returned
903,936,825,2024-03-12,2025-04-23,Returned
904,902,548,2025-11-11,2025-11-16,Returned
905,744,515,2023-10-27,2025-03-14,Returned
906,1549,63,2024-09-02,2025-08-25,Returned
907,1154,975,2025-08-29,2026-03-29,Returned
908,1474,597,2024-12-06,2025-11-10,Returned
909,1430,725,2026-05-14,2026-05-14,Returned
910,750,912,2026-05-19,2026-05-31,Returned
911,913,186,2026-01-20,2026-03-13,Returned
912,413,97,2023-07-22,2026-02-24,Returned
913,1947,472,2026-04-09,,Late
914,1285,122,2025-04-02,2025-12-27,Returned
915,532,717,2026-01-29,2026-04-19,Returned
916,1900,99,2025-03-15,2025-10-05,Returned
917,776,259,2025-05-07,2025-11-12,Returned
918,1234,25,2025-06-19,2025-12-01,Returned
919,1772,568,2023-09-26,2026-04-11,Returned
920,966,114,2024-04-30,2024-10-23,Returned
921,143,742,2025-06-07,2025-07-06,Returned
922,350,123,2024-10-17,2025-09-26,Returned
923,777,709,2024-01-30,2024-05-18,Returned
924,1451,724,2024-07-20,2025-03-04,Returned
925,418,437,2025-11-15,2026-05-03,Returned
926,1484,764,2024-06-30,2025-01-29,Returned
927,1438,343,2025-02-24,2026-04-03,Returned
928,849,98,2025-04-05,2026-05-20,Returned
929,998,327,2024-08-13,2025-12-17,Returned
930,1836,978,2024-09-09,2025-03-06,Returned
931,1517,425,2023-11-15,2025-11-29,Returned
932,355,945,2024-05-18,2025-10-24,Returned
933,5,482,2026-01-27,2026-02-08,Returned
934,1855,814,2024-12-14,2025-03-29,Returned
935,1120,868,2024-12-15,2026-01-06,Returned
936,140,311,2024-05-01,2024-09-21,Returned
937,1796,558,2025-08-06,2026-02-21,Returned
938,453,919,2026-02-27,2026-03-29,Returned
939,941,990,2024-10-28,2026-03-27,Returned
940,1872,601,2025-04-11,2026-03-03,Returned
941,1077,309,2025-11-25,2025-11-30,Returned
942,560,882,2026-03-02,2026-04-03,Returned
943,1186,524,2026-04-22,2026-05-14,Returned
944,1301,294,2023-08-12,2026-04-20,Returned
945,1066,41,2026-02-13,,Active
946,1949,268,2025-06-04,2025-10-18,Returned
947,1327,814,2025-07-08,2025-10-18,Returned
948,17,720,2025-03-18,2025-09-05,Returned
949,1329,318,2023-09-27,2026-04-06,Returned
950,1230,806,2024-03-10,2024-04-14,Returned
951,284,859,2024-11-04,2026-01-22,Returned
952,338,248,2025-10-12,2025-11-21,Returned
953,1852,705,2024-08-21,2024-09-06,Returned
954,1501,656,2025-05-02,2025-06-13,Returned
955,1916,28,2024-12-13,2026-05-28,Returned
956,1763,33,2024-05-12,2025-12-28,Returned
957,1075,394,2025-08-23,,Late
958,733,629,2026-04-25,2026-05-31,Returned
959,1022,132,2024-09-13,2026-02-22,Returned
960,1425,820,2024-06-17,,Active
961,1140,917,2024-11-23,,Active
962,880,320,2024-10-27,2026-06-06,Returned
963,281,752,2023-10-24,2025-10-26,Returned
964,1051,409,2024-01-31,2024-07-24,Returned
965,764,484,2025-09-09,2025-10-21,Returned
966,1229,628,2023-10-08,2025-08-30,Returned
967,1693,330,2026-01-07,2026-02-05,Returned
968,1709,145,2026-03-10,2026-05-28,Returned
969,1322,693,2025-02-26,2026-03-04,Returned
970,1577,748,2026-02-15,,Active
971,676,511,2024-06-18,2026-02-04,Returned
972,356,12,2025-12-01,2026-04-04,Returned
973,963,84,2024-02-23,2024-03-19,Returned
974,1929,330,2023-12-16,2024-12-16,Returned
975,1242,606,2023-11-18,2025-03-24,Returned
976,1039,148,2026-03-28,2026-03-29,Returned
977,1348,577,2023-09-06,2025-01-30,Returned
978,90,933,2024-12-07,2026-04-27,Returned
979,1536,931,2023-07-18,2024-07-22,Returned
980,1396,917,2025-02-02,2025-08-28,Returned
981,1865,769,2024-01-14,2024-09-24,Returned
982,230,606,2024-09-27,,Active
983,1095,225,2024-08-01,2026-02-14,Returned
984,536,568,2025-01-27,2025-11-23,Returned
985,1932,276,2024-01-07,2024-06-11,Returned
986,1202,807,2024-10-11,2025-12-27,Returned
987,342,692,2023-11-12,2024-12-03,Returned
988,270,234,2024-09-21,2025-10-22,Returned
989,743,691,2025-04-09,2025-12-26,Returned
990,1124,436,2024-03-22,2024-06-20,Returned
991,770,125,2026-04-07,2026-04-21,Returned
992,1946,480,2025-01-02,2025-08-13,Returned
993,388,789,2023-06-13,2026-04-23,Returned
994,668,685,2026-05-19,2026-06-02,Returned
995,748,895,2026-04-18,2026-05-22,Returned
996,17,326,2026-02-12,2026-04-03,Returned
997,1503,644,2024-05-13,2025-11-06,Returned
998,994,271,2024-09-09,2024-09-28,Returned
999,553,241,2025-05-02,2026-03-29,Returned
1000,902,929,2023-12-21,2024-08-28,Returned
1001,1160,876,2025-03-02,2025-10-14,Returned
1002,1886,798,2025-02-22,2025-04-14,Returned
1003,1541,19,2024-08-08,2025-12-30,Returned
1004,1772,947,2024-05-08,2024-05-19,Returned
1005,221,350,2026-03-07,2026-04-24,Returned
1006,794,203,2023-10-31,2024-11-22,Returned
1007,217,14,2025-01-30,2026-04-08,Returned
1008,1798,343,2023-07-12,,Late
1009,184,946,2025-02-17,2026-02-15,Returned
1010,1967,879,2025-11-16,2026-01-16,Returned
1011,1393,731,2023-08-25,2025-04-09,Returned
1012,247,237,2025-08-03,2026-05-09,Returned
1013,406,451,2024-10-19,2025-10-20,Returned
1014,578,623,2024-02-03,2024-05-23,Returned
1015,1836,708,2025-03-09,2025-04-24,Returned
1016,909,208,2025-12-13,2025-12-30,Returned
1017,1417,744,2024-07-31,2024-11-23,Returned
1018,1365,201,2024-01-17,2025-09-17,Returned
1019,23,304,2024-05-19,2026-01-12,Returned
1020,1083,934,2025-11-14,2026-05-26,Returned
1021,1398,290,2025-11-19,2026-01-10,Returned
1022,1028,75,2023-08-18,2023-11-14,Returned
1023,816,772,2025-04-07,,Active
1024,512,313,2026-04-17,2026-04-25,Returned
1025,1955,225,2025-10-18,2026-04-21,Returned
1026,1890,491,2024-11-27,2024-11-28,Returned
1027,997,164,2023-07-25,2024-04-17,Returned
1028,1013,633,2024-10-10,2025-10-17,Returned
1029,394,751,2024-03-23,,Active
1030,4,529,2024-08-02,2026-04-11,Returned
1031,1060,193,2024-05-20,2024-11-29,Returned
1032,1554,237,2025-03-25,2026-01-18,Returned
1033,2000,497,2024-10-28,,Active
1034,466,68,2025-06-03,2025-11-24,Returned
1035,1757,810,2024-04-21,,Active
1036,1573,615,2025-02-28,,Late
1037,337,458,2025-03-12,2025-08-17,Returned
1038,1491,156,2024-08-02,2025-12-31,Returned
1039,201,588,2023-09-29,2023-11-06,Returned
1040,306,5,2026-03-12,2026-04-05,Returned
1041,184,840,2025-12-03,2026-03-23,Returned
1042,211,420,2025-12-03,2025-12-20,Returned
1043,1749,449,2024-12-31,2025-05-18,Returned
1044,1489,585,2026-02-25,2026-05-21,Returned
1045,1706,262,2023-06-20,,Active
1046,1099,425,2024-12-04,,Active
1047,1373,668,2025-01-19,2025-01-26,Returned
1048,53,57,2023-07-19,,Active
1049,1343,497,2024-10-04,2025-09-12,Returned
1050,1874,329,2025-03-11,2026-05-14,Returned
1051,1824,181,2025-10-24,2026-02-28,Returned
1052,741,47,2026-05-31,2026-06-01,Returned
1053,419,425,2023-07-09,,Active
1054,1859,2,2024-04-10,2025-05-30,Returned
1055,1921,92,2025-01-03,2026-03-03,Returned
1056,1743,168,2026-04-10,,Active
1057,1156,2,2024-02-15,2025-09-09,Returned
1058,1404,737,2023-07-21,2024-06-09,Returned
1059,443,788,2023-08-05,2023-09-29,Returned
1060,1058,781,2023-10-26,,Active
1061,1756,533,2024-01-24,2026-05-27,Returned
1062,396,802,2025-01-26,2025-10-08,Returned
1063,221,569,2025-01-08,,Active
1064,66,323,2023-06-21,2025-01-10,Returned
1065,713,811,2024-06-29,2024-07-30,Returned
1066,614,690,2024-07-11,2025-04-13,Returned
1067,1523,570,2024-10-27,2025-11-16,Returned
1068,1846,633,2026-03-07,2026-05-21,Returned
1069,1605,453,2025-12-05,2026-02-10,Returned
1070,1266,251,2024-10-15,2025-08-17,Returned
1071,1011,538,2026-02-09,2026-05-07,Returned
1072,1262,135,2025-03-30,2025-07-27,Returned
1073,1570,802,2025-12-19,2026-02-26,Returned
1074,130,319,2026-02-01,2026-05-13,Returned
1075,1913,26,2024-10-06,2025-05-30,Returned
1076,1483,92,2024-06-13,2025-01-14,Returned
1077,10,85,2026-02-02,2026-05-06,Returned
1078,1088,753,2025-05-19,2025-07-31,Returned
1079,1134,271,2023-10-21,2025-01-14,Returned
1080,1288,331,2024-09-01,2026-01-13,Returned
1081,1691,611,2024-11-10,2026-02-22,Returned
1082,749,826,2025-09-17,,Active
1083,412,798,2025-12-31,2026-04-25,Returned
1084,781,530,2024-05-02,2024-09-26,Returned
1085,589,57,2026-01-24,,Late
1086,1304,685,2023-07-10,2024-05-21,Returned
1087,1316,505,2026-02-25,2026-04-15,Returned
1088,427,953,2025-01-05,2025-10-08,Returned
1089,970,541,2024-12-24,2026-03-10,Returned
1090,1756,61,2026-01-17,2026-02-17,Returned
1091,1079,678,2025-09-23,2025-09-25,Returned
1092,1433,673,2024-02-07,2025-04-22,Returned
1093,1220,557,2024-06-05,,Active
1094,1566,229,2023-12-26,2026-03-23,Returned
1095,1602,633,2026-04-23,2026-05-17,Returned
1096,1340,983,2023-08-07,2024-02-24,Returned
1097,1289,287,2023-06-12,2025-01-12,Returned
1098,1316,165,2025-09-12,2026-01-18,Returned
1099,126,98,2024-01-10,2025-01-16,Returned
1100,161,905,2024-12-07,2025-10-16,Returned
1101,799,494,2024-12-16,2025-08-23,Returned
1102,1077,765,2023-12-13,2024-07-25,Returned
1103,285,34,2026-02-04,2026-04-01,Returned
1104,329,524,2023-10-20,2024-01-15,Returned
1105,1790,577,2025-10-25,2026-02-13,Returned
1106,635,231,2026-02-09,2026-03-10,Returned
1107,1661,597,2026-04-20,2026-05-05,Returned
1108,93,953,2024-07-16,2024-10-01,Returned
1109,258,105,2024-07-01,2025-03-12,Returned
1110,340,714,2026-04-15,2026-05-17,Returned
1111,1128,893,2024-03-08,2026-03-16,Returned
1112,1609,232,2025-02-18,2025-09-05,Returned
1113,1178,815,2024-12-25,2026-03-08,Returned
1114,1211,397,2025-03-09,2026-05-31,Returned
1115,1354,622,2024-11-12,2025-10-11,Returned
1116,1043,707,2025-02-27,2025-04-05,Returned
1117,1824,282,2024-04-03,2025-09-08,Returned
1118,1650,626,2025-01-12,2025-07-04,Returned
1119,1450,50,2024-04-11,2025-07-17,Returned
1120,1083,193,2025-03-18,2025-11-05,Returned
1121,1950,296,2023-11-24,2025-10-16,Returned
1122,1069,152,2024-10-08,2026-03-07,Returned
1123,1485,777,2025-02-19,2025-07-01,Returned
1124,1083,312,2024-10-18,2025-11-10,Returned
1125,295,999,2024-07-22,2024-09-04,Returned
1126,675,19,2024-11-29,2024-12-12,Returned
1127,1920,627,2024-03-07,2026-05-31,Returned
1128,802,262,2025-06-12,2025-08-01,Returned
1129,201,921,2025-02-26,2025-12-05,Returned
1130,420,963,2024-06-04,2025-03-17,Returned
1131,251,896,2023-12-21,2025-03-20,Returned
1132,971,285,2025-11-24,,Active
1133,1740,246,2023-10-13,2024-10-10,Returned
1134,1496,619,2025-01-02,2025-08-24,Returned
1135,34,257,2026-03-20,2026-04-05,Returned
1136,294,605,2024-03-19,2026-06-04,Returned
1137,596,389,2026-05-17,2026-05-17,Returned
1138,688,818,2023-07-02,2024-04-25,Returned
1139,981,812,2025-11-07,2026-04-22,Returned
1140,1568,721,2026-01-21,2026-02-17,Returned
1141,714,91,2024-08-13,2025-12-11,Returned
1142,154,987,2023-06-09,2025-04-26,Returned
1143,1462,147,2024-09-19,,Active
1144,1058,545,2023-10-28,2026-04-10,Returned
1145,1916,430,2025-06-17,2025-07-08,Returned
1146,612,28,2023-12-07,2025-03-20,Returned
1147,1845,335,2023-12-01,2025-06-10,Returned
1148,777,92,2023-10-18,2024-12-21,Returned
1149,1228,389,2024-08-26,2026-03-03,Returned
1150,1194,914,2024-11-08,2025-02-10,Returned
1151,922,310,2024-07-10,2024-12-23,Returned
1152,486,723,2025-09-22,2025-10-21,Returned
1153,1218,835,2026-04-21,2026-05-09,Returned
1154,1914,156,2026-04-08,,Active
1155,411,434,2025-12-14,2026-03-30,Returned
1156,1703,460,2026-05-03,,Late
1157,373,472,2025-09-19,2025-11-12,Returned
1158,946,964,2025-11-07,2025-12-21,Returned
1159,581,50,2025-09-13,2026-05-08,Returned
1160,821,770,2026-06-04,2026-06-04,Returned
1161,919,410,2024-02-29,2025-03-27,Returned
1162,1680,282,2024-11-01,2026-01-24,Returned
1163,24,500,2025-11-06,2026-01-28,Returned
1164,1241,315,2024-12-29,2026-02-26,Returned
1165,1011,780,2024-11-16,2025-09-07,Returned
1166,372,891,2025-07-18,2026-05-03,Returned
1167,747,302,2024-07-14,2025-11-19,Returned
1168,1921,466,2025-08-02,2026-03-04,Returned
1169,1080,739,2024-10-29,2026-04-26,Returned
1170,671,244,2025-03-02,2025-03-06,Returned
1171,938,189,2024-05-12,2024-08-01,Returned
1172,1832,162,2025-03-08,2026-01-14,Returned
1173,1970,1000,2023-07-19,,Late
1174,968,807,2025-10-19,,Active
1175,1689,489,2025-08-14,2025-11-03,Returned
1176,627,15,2024-02-03,2025-10-13,Returned
1177,220,920,2025-09-26,2025-10-12,Returned
1178,913,628,2025-08-05,2025-10-21,Returned
1179,297,116,2025-04-13,2025-10-19,Returned
1180,1085,482,2024-06-30,2024-11-18,Returned
1181,757,817,2023-08-26,2024-05-12,Returned
1182,1160,107,2024-01-03,,Active
1183,193,474,2024-07-21,2026-03-02,Returned
1184,1048,622,2025-06-26,,Active
1185,144,713,2025-04-04,2025-11-28,Returned
1186,1935,848,2025-10-25,2026-05-02,Returned
1187,1353,143,2025-08-14,2026-01-02,Returned
1188,1861,945,2023-06-26,2025-10-14,Returned
1189,1186,693,2025-04-21,2026-05-04,Returned
1190,201,807,2023-06-23,2025-07-16,Returned
1191,360,275,2025-05-26,2025-11-26,Returned
1192,428,616,2025-04-02,2026-02-06,Returned
1193,792,145,2026-03-13,2026-04-21,Returned
1194,935,510,2023-11-04,,Late
1195,783,669,2026-04-24,2026-05-07,Returned
1196,1933,952,2026-01-05,2026-04-05,Returned
1197,541,378,2025-03-31,2026-02-09,Returned
1198,1059,164,2024-12-10,2025-08-06,Returned
1199,630,787,2024-08-27,2026-03-28,Returned
1200,1605,898,2024-06-06,2024-06-24,Returned
1201,431,819,2025-10-03,2026-01-13,Returned
1202,1098,588,2025-12-22,2026-03-05,Returned
1203,455,557,2023-12-20,2024-09-02,Returned
1204,1585,746,2023-12-26,2024-09-08,Returned
1205,628,804,2026-01-18,2026-05-01,Returned
1206,334,945,2026-05-19,2026-05-22,Returned
1207,1257,701,2024-12-15,,Active
1208,865,855,2025-10-01,2025-12-02,Returned
1209,1943,951,2025-01-28,2025-08-16,Returned
1210,319,992,2024-01-31,2024-04-16,Returned
1211,1295,80,2023-10-20,2024-01-18,Returned
1212,937,618,2025-11-21,2026-03-20,Returned
1213,457,257,2024-11-30,2025-06-14,Returned
1214,270,851,2026-04-16,2026-05-21,Returned
1215,509,949,2025-11-26,2026-03-01,Returned
1216,539,570,2025-12-22,2026-05-27,Returned
1217,376,310,2025-06-06,2025-09-05,Returned
1218,733,929,2024-12-26,,Active
1219,1523,910,2025-11-19,2025-12-07,Returned
1220,1785,937,2024-07-02,2026-04-11,Returned
1221,1020,803,2024-12-17,2025-10-27,Returned
1222,1938,717,2025-02-20,2026-01-28,Returned
1223,1497,652,2024-02-25,2025-07-24,Returned
1224,1213,51,2025-07-16,2026-02-22,Returned
1225,1591,933,2024-09-21,2025-05-07,Returned
1226,1153,401,2024-11-08,2025-02-16,Returned
1227,487,818,2026-05-06,2026-05-22,Returned
1228,358,755,2024-10-07,2024-11-23,Returned
1229,1093,820,2026-05-21,2026-05-28,Returned
1230,688,283,2025-06-24,2025-10-15,Returned
1231,926,334,2023-09-06,2025-12-31,Returned
1232,1022,203,2025-04-05,,Late
1233,319,794,2024-02-28,2026-05-31,Returned
1234,296,390,2024-04-20,2025-07-29,Returned
1235,830,603,2026-04-02,2026-04-22,Returned
1236,1952,470,2025-05-10,2025-09-27,Returned
1237,670,30,2024-02-10,2024-07-09,Returned
1238,1662,293,2024-01-19,2026-06-04,Returned
1239,1904,401,2026-04-08,2026-04-20,Returned
1240,612,51,2024-03-17,2024-06-16,Returned
1241,78,794,2026-03-13,2026-03-31,Returned
1242,547,945,2024-04-10,2025-01-29,Returned
1243,992,36,2025-03-31,,Late
1244,1303,891,2023-11-07,2024-10-19,Returned
1245,1480,812,2025-04-05,2026-06-02,Returned
1246,955,586,2026-06-06,2026-06-06,Returned
1247,1570,180,2024-12-31,2026-01-25,Returned
1248,1898,170,2023-09-22,2025-12-17,Returned
1249,533,449,2025-11-15,2025-12-13,Returned
1250,634,34,2024-02-03,2026-04-21,Returned
1251,324,301,2024-12-12,2026-04-06,Returned
1252,946,889,2025-03-20,2025-04-29,Returned
1253,1488,830,2024-08-16,2026-02-19,Returned
1254,148,73,2024-03-16,2025-02-24,Returned
1255,1654,975,2023-09-29,,Active
1256,690,36,2024-12-19,2026-04-17,Returned
1257,1936,847,2025-07-06,2026-05-21,Returned
1258,607,870,2024-09-12,2025-08-07,Returned
1259,187,332,2024-01-06,2024-02-03,Returned
1260,1386,712,2024-02-22,2025-06-23,Returned
1261,877,834,2023-09-08,2024-10-22,Returned
1262,1286,146,2025-10-15,2026-03-15,Returned
1263,1071,591,2024-05-25,2025-08-23,Returned
1264,1015,719,2025-03-07,2026-03-22,Returned
1265,1009,133,2025-06-13,,Active
1266,679,705,2024-10-04,2025-06-17,Returned
1267,824,169,2024-04-13,2025-05-06,Returned
1268,1344,160,2023-12-27,2024-10-02,Returned
1269,1787,578,2024-06-15,2026-02-28,Returned
1270,1751,531,2025-02-07,,Active
1271,535,156,2025-04-20,2025-05-05,Returned
1272,596,248,2023-07-08,2025-09-11,Returned
1273,413,619,2026-04-01,2026-05-07,Returned
1274,1338,261,2024-09-06,2025-08-14,Returned
1275,1248,804,2026-03-28,,Late
1276,765,757,2023-08-14,2024-07-31,Returned
1277,832,433,2024-01-05,2025-05-05,Returned
1278,759,742,2024-01-25,2025-02-21,Returned
1279,1652,340,2025-02-14,2025-09-04,Returned
1280,467,205,2026-03-07,2026-05-04,Returned
1281,1120,34,2025-04-11,2025-09-28,Returned
1282,1163,512,2024-06-02,2026-02-22,Returned
1283,764,571,2026-02-11,2026-02-27,Returned
1284,567,875,2024-11-19,2025-05-03,Returned
1285,1418,20,2024-07-23,2024-10-23,Returned
1286,778,641,2025-06-07,2025-06-14,Returned
1287,942,640,2025-07-02,2026-01-06,Returned
1288,1100,757,2024-02-07,2025-05-13,Returned
1289,701,665,2025-07-07,2026-04-27,Returned
1290,356,581,2024-05-18,2026-01-04,Returned
1291,616,677,2025-05-25,2025-06-03,Returned
1292,570,220,2025-01-14,2025-03-16,Returned
1293,1936,676,2024-06-23,2025-01-15,Returned
1294,822,831,2023-06-10,2024-03-24,Returned
1295,356,796,2025-11-02,2025-11-14,Returned
1296,547,487,2026-03-31,2026-04-08,Returned
1297,845,636,2024-04-10,2025-07-14,Returned
1298,484,506,2023-10-03,2026-05-10,Returned
1299,1214,450,2026-05-25,2026-05-27,Returned
1300,217,567,2024-10-18,2025-01-10,Returned
1301,793,32,2023-08-17,2024-04-30,Returned
1302,754,421,2023-09-04,2025-10-27,Returned
1303,860,39,2025-05-31,,Late
1304,815,570,2026-03-20,2026-04-28,Returned
1305,182,346,2025-12-02,2026-05-19,Returned
1306,1950,930,2026-04-22,2026-05-08,Returned
1307,1713,189,2025-08-27,2025-10-24,Returned
1308,1211,496,2024-09-06,2024-12-05,Returned
1309,255,771,2024-01-28,2025-06-14,Returned
1310,1413,862,2026-01-20,2026-06-02,Returned
1311,228,19,2024-07-30,2025-07-13,Returned
1312,1200,808,2025-08-10,2026-06-05,Returned
1313,355,98,2024-07-08,2025-08-21,Returned
1314,1623,203,2025-04-04,2025-07-08,Returned
1315,114,863,2023-10-05,2024-09-18,Returned
1316,1527,331,2025-12-13,2026-06-02,Returned
1317,1988,541,2025-08-27,2026-01-31,Returned
1318,1899,183,2024-07-09,2025-04-17,Returned
1319,551,53,2026-04-01,2026-04-06,Returned
1320,35,270,2025-12-09,2025-12-14,Returned
1321,1552,882,2023-10-06,2024-11-27,Returned
1322,854,956,2025-07-12,2025-08-25,Returned
1323,794,269,2024-09-17,2024-11-13,Returned
1324,1744,272,2025-01-12,,Late
1325,347,999,2025-04-21,,Active
1326,324,290,2024-07-03,2025-09-25,Returned
1327,488,637,2025-11-20,2026-02-26,Returned
1328,961,415,2025-07-28,2026-04-08,Returned
1329,1199,758,2024-05-01,2024-09-27,Returned
1330,1932,829,2025-07-07,2025-08-20,Returned
1331,616,792,2025-08-11,2026-04-24,Returned
1332,1192,594,2025-07-01,2025-12-24,Returned
1333,1997,73,2024-01-04,,Active
1334,505,701,2025-06-02,2026-04-02,Returned
1335,253,358,2026-05-09,2026-05-29,Returned
1336,319,698,2024-06-08,2024-09-17,Returned
1337,1633,602,2025-08-11,2026-04-24,Returned
1338,884,485,2026-03-16,2026-04-17,Returned
1339,191,914,2025-09-23,2025-10-07,Returned
1340,994,712,2024-07-23,2025-07-22,Returned
1341,1763,576,2026-03-05,2026-04-05,Returned
1342,1788,564,2026-02-23,2026-04-10,Returned
1343,475,685,2023-11-07,2024-10-08,Returned
1344,629,247,2025-03-03,2025-07-13,Returned
1345,1800,553,2024-08-24,2024-09-01,Returned
1346,66,778,2023-11-20,2024-01-30,Returned
1347,674,310,2024-10-28,2025-05-28,Returned
1348,233,662,2025-04-23,2025-10-12,Returned
1349,1742,284,2023-07-28,2025-03-28,Returned
1350,125,415,2023-08-24,2024-04-29,Returned
1351,576,537,2025-01-22,2025-06-11,Returned
1352,154,504,2023-10-03,2025-06-21,Returned
1353,202,86,2024-05-09,2025-07-13,Returned
1354,215,214,2025-09-02,2026-03-12,Returned
1355,195,614,2025-03-18,2025-06-13,Returned
1356,927,667,2024-07-11,,Active
1357,1821,475,2025-04-25,2025-08-31,Returned
1358,1999,582,2024-06-09,2024-07-06,Returned
1359,708,560,2023-07-23,2025-02-21,Returned
1360,1677,354,2024-10-08,2024-10-16,Returned
1361,702,335,2023-08-15,2024-08-30,Returned
1362,1278,44,2024-09-30,2026-03-27,Returned
1363,523,173,2026-02-09,2026-04-12,Returned
1364,1134,694,2023-08-20,2024-05-29,Returned
1365,1475,243,2026-04-08,,Active
1366,627,564,2023-08-04,2025-11-14,Returned
1367,1935,49,2026-04-10,2026-04-23,Returned
1368,742,247,2024-03-07,2025-12-30,Returned
1369,107,710,2024-12-07,2025-01-20,Returned
1370,384,284,2024-03-03,2025-02-05,Returned
1371,641,718,2025-03-29,,Late
1372,1528,96,2026-04-07,2026-04-10,Returned
1373,1736,559,2025-06-11,2025-09-10,Returned
1374,1097,870,2026-03-26,2026-03-26,Returned
1375,1625,60,2026-03-06,2026-06-04,Returned
1376,1601,782,2025-06-07,2025-10-08,Returned
1377,1783,362,2024-02-29,2024-12-11,Returned
1378,730,785,2024-09-06,2024-12-19,Returned
1379,183,562,2024-09-08,2025-10-17,Returned
1380,877,127,2024-07-17,2025-12-01,Returned
1381,1195,987,2026-01-01,2026-04-18,Returned
1382,463,590,2024-08-26,2025-05-22,Returned
1383,1103,283,2024-01-14,2025-08-22,Returned
1384,1121,756,2024-11-30,2025-04-16,Returned
1385,1274,145,2024-02-11,2024-04-23,Returned
1386,143,836,2024-11-22,2024-11-30,Returned
1387,1644,590,2024-04-05,2025-01-02,Returned
1388,416,498,2025-07-24,2026-02-04,Returned
1389,1593,532,2025-07-20,2025-09-04,Returned
1390,1545,542,2024-11-22,2025-03-09,Returned
1391,1256,755,2023-07-18,2023-08-02,Returned
1392,416,422,2025-09-23,2026-03-10,Returned
1393,1834,526,2024-01-11,2024-12-03,Returned
1394,1815,950,2024-11-01,2024-11-09,Returned
1395,1216,926,2024-08-06,2025-10-25,Returned
1396,783,85,2025-11-25,2026-05-31,Returned
1397,65,434,2024-04-06,2025-06-25,Returned
1398,285,627,2026-04-19,2026-05-04,Returned
1399,1540,737,2026-04-14,2026-04-22,Returned
1400,1954,365,2024-07-26,2024-10-06,Returned
1401,1804,328,2024-09-08,2025-02-18,Returned
1402,263,766,2026-04-01,2026-05-30,Returned
1403,198,226,2026-02-10,2026-06-06,Returned
1404,477,940,2026-02-03,2026-04-07,Returned
1405,1724,405,2024-05-13,2024-09-02,Returned
1406,1006,471,2024-09-27,2025-04-10,Returned
1407,626,430,2025-03-27,2025-07-09,Returned
1408,1504,819,2023-06-25,2026-05-22,Returned
1409,420,543,2024-11-23,2025-04-10,Returned
1410,1447,193,2025-09-26,2025-10-26,Returned
1411,1239,657,2024-12-07,2025-03-14,Returned
1412,1433,772,2023-09-30,2025-03-17,Returned
1413,587,34,2023-10-26,2025-08-20,Returned
1414,1470,440,2024-11-22,,Active
1415,620,805,2025-07-17,,Active
1416,171,34,2025-12-02,,Active
1417,1080,625,2024-04-12,2024-10-16,Returned
1418,653,129,2024-08-01,2025-08-10,Returned
1419,450,981,2024-11-29,2025-08-31,Returned
1420,975,872,2025-01-16,2026-01-12,Returned
1421,751,32,2025-08-13,,Active
1422,376,331,2024-10-11,,Late
1423,1809,773,2025-11-13,2026-05-16,Returned
1424,41,983,2024-01-19,2024-06-26,Returned
1425,429,106,2025-09-22,2026-03-16,Returned
1426,846,9,2024-08-10,2025-02-08,Returned
1427,1080,868,2024-04-16,2025-02-02,Returned
1428,760,256,2025-03-03,2025-11-25,Returned
1429,422,839,2026-05-04,,Active
1430,1392,989,2025-03-21,2026-05-01,Returned
1431,931,339,2025-01-26,2026-05-08,Returned
1432,420,787,2023-07-31,2023-12-26,Returned
1433,514,351,2026-02-16,2026-03-18,Returned
1434,1537,315,2024-06-26,2025-08-22,Returned
1435,1081,218,2023-12-23,2024-07-04,Returned
1436,17,263,2026-03-18,2026-05-07,Returned
1437,1444,84,2025-09-22,2026-01-17,Returned
1438,976,547,2025-12-21,2026-03-05,Returned
1439,1064,528,2025-11-16,2026-03-25,Returned
1440,1910,491,2025-03-04,2026-02-13,Returned
1441,1087,95,2026-05-10,2026-06-06,Returned
1442,321,561,2023-10-07,,Active
1443,889,468,2025-06-26,2026-05-04,Returned
1444,558,84,2025-06-25,2025-07-30,Returned
1445,708,164,2023-07-10,2025-05-07,Returned
1446,1462,240,2025-01-26,2025-08-15,Returned
1447,1747,670,2025-08-01,2026-04-25,Returned
1448,1116,342,2026-02-25,2026-04-14,Returned
1449,648,373,2025-12-05,,Active
1450,650,878,2023-10-30,2024-04-24,Returned
1451,275,894,2024-07-20,2025-07-08,Returned
1452,1393,812,2025-02-25,2025-06-10,Returned
1453,1207,756,2026-01-17,,Active
1454,230,806,2025-09-11,2026-03-05,Returned
1455,892,556,2026-03-28,2026-05-30,Returned
1456,275,38,2025-04-17,2025-08-28,Returned
1457,256,385,2023-09-12,2024-07-23,Returned
1458,178,908,2023-12-01,2025-11-08,Returned
1459,1843,147,2024-12-12,2025-11-30,Returned
1460,1588,342,2025-03-04,2025-03-17,Returned
1461,1038,305,2023-07-12,2025-11-22,Returned
1462,1183,797,2024-11-09,2025-09-07,Returned
1463,1041,240,2025-09-30,2026-01-27,Returned
1464,203,720,2024-05-24,2025-07-18,Returned
1465,1259,795,2023-07-24,2024-07-24,Returned
1466,48,457,2025-09-27,,Active
1467,1275,211,2025-03-18,2025-12-04,Returned
1468,171,737,2023-07-31,2025-05-03,Returned
1469,1841,840,2025-07-05,2026-01-24,Returned
1470,1469,121,2026-02-17,2026-05-24,Returned
1471,855,636,2023-11-07,2024-07-31,Returned
1472,890,982,2025-06-15,2025-06-17,Returned
1473,1827,840,2024-09-13,2024-09-25,Returned
1474,531,729,2025-09-04,2026-01-11,Returned
1475,1343,826,2024-06-22,2024-12-10,Returned
1476,670,51,2024-08-17,2025-07-28,Returned
1477,871,94,2023-10-07,2024-07-05,Returned
1478,296,817,2024-11-05,2026-05-12,Returned
1479,1954,428,2023-12-19,2025-02-04,Returned
1480,977,433,2024-09-12,2025-10-16,Returned
1481,193,560,2024-12-05,2025-06-11,Returned
1482,736,922,2024-09-15,2025-01-18,Returned
1483,1918,50,2023-08-16,2025-06-16,Returned
1484,1454,643,2026-03-06,2026-05-28,Returned
1485,1583,953,2026-02-11,2026-02-14,Returned
1486,255,147,2026-04-02,2026-04-24,Returned
1487,1760,650,2024-01-22,2025-11-24,Returned
1488,94,363,2025-07-13,2026-04-13,Returned
1489,1093,706,2025-06-15,2026-05-18,Returned
1490,1485,296,2024-10-25,2025-12-10,Returned
1491,1679,418,2023-06-16,2024-03-26,Returned
1492,1231,138,2023-12-05,,Late
1493,1630,835,2025-12-13,2026-02-04,Returned
1494,1447,162,2024-02-13,2024-09-07,Returned
1495,1454,118,2025-07-31,2026-02-10,Returned
1496,335,58,2024-06-27,2025-10-02,Returned
1497,573,702,2025-09-04,2026-05-21,Returned
1498,333,818,2023-09-04,2025-06-24,Returned
1499,1107,369,2023-12-22,2025-06-22,Returned
1500,1685,584,2025-11-28,2026-02-19,Returned
1501,1924,888,2023-11-07,2025-11-18,Returned
1502,1502,165,2024-04-17,2025-06-01,Returned
1503,113,810,2025-08-28,2026-04-29,Returned
1504,1170,714,2023-08-31,2025-03-28,Returned
1505,308,643,2025-02-03,2025-05-18,Returned
1506,401,938,2024-11-26,2026-05-30,Returned
1507,1502,634,2025-05-23,2026-01-03,Returned
1508,796,937,2023-11-01,,Late
1509,5,874,2024-12-05,2026-01-02,Returned
1510,408,433,2023-07-31,2025-05-01,Returned
1511,1166,311,2025-06-03,2025-12-04,Returned
1512,715,931,2025-03-25,2025-08-22,Returned
1513,351,573,2024-12-21,,Late
1514,843,416,2024-04-08,2024-11-12,Returned
1515,204,320,2023-11-02,2024-02-21,Returned
1516,1243,115,2025-02-05,2025-12-11,Returned
1517,1505,397,2025-11-15,2026-01-31,Returned
1518,1937,885,2026-06-01,,Late
1519,1661,463,2025-08-16,2025-12-17,Returned
1520,1111,24,2024-09-12,2025-07-19,Returned
1521,1177,433,2023-11-21,2026-01-26,Returned
1522,15,371,2026-02-06,2026-04-02,Returned
1523,1211,824,2023-08-08,2025-06-22,Returned
1524,289,220,2024-07-10,2025-01-22,Returned
1525,1396,780,2024-09-09,2025-03-12,Returned
1526,1279,847,2026-01-03,2026-02-21,Returned
1527,1438,774,2025-07-11,2025-11-17,Returned
1528,872,976,2025-07-15,2025-11-23,Returned
1529,1901,253,2026-02-23,,Active
1530,1816,623,2023-12-03,2024-07-13,Returned
1531,729,546,2024-08-15,2025-08-24,Returned
1532,1816,597,2024-12-29,2025-06-03,Returned
1533,1574,22,2023-08-09,2025-09-30,Returned
1534,618,934,2024-04-17,2024-06-18,Returned
1535,35,444,2024-11-03,2025-01-06,Returned
1536,1396,604,2024-04-21,2024-06-21,Returned
1537,1116,413,2024-10-07,2026-02-11,Returned
1538,1507,597,2024-09-25,2025-01-03,Returned
1539,1520,836,2024-02-02,2024-07-03,Returned
1540,85,150,2023-07-02,2024-11-03,Returned
1541,175,546,2025-08-09,2025-10-05,Returned
1542,1363,521,2025-10-16,,Active
1543,1625,723,2023-09-06,2023-12-11,Returned
1544,670,780,2025-01-16,2025-06-25,Returned
1545,1181,349,2023-11-03,,Late
1546,205,43,2024-04-20,2024-11-23,Returned
1547,561,417,2023-06-16,2023-12-08,Returned
1548,296,746,2026-05-14,2026-06-03,Returned
1549,633,260,2024-05-15,2024-06-08,Returned
1550,1666,619,2024-06-12,2025-04-11,Returned
1551,941,623,2025-06-11,,Late
1552,844,132,2024-05-11,2026-03-30,Returned
1553,12,770,2025-12-28,2026-05-21,Returned
1554,355,849,2026-03-29,2026-03-31,Returned
1555,646,673,2024-05-08,2024-07-03,Returned
1556,694,201,2025-10-16,2026-05-17,Returned
1557,488,612,2025-11-12,2025-12-05,Returned
1558,642,91,2024-11-21,2025-10-06,Returned
1559,219,147,2023-09-28,2025-09-29,Returned
1560,1611,300,2025-02-02,2026-04-10,Returned
1561,1909,701,2024-12-27,2025-10-01,Returned
1562,540,117,2024-03-10,2026-05-03,Returned
1563,791,834,2024-11-17,2025-05-15,Returned
1564,298,904,2024-07-18,2026-05-20,Returned
1565,780,621,2025-12-22,2026-04-07,Returned
1566,1086,445,2025-09-25,2026-04-23,Returned
1567,855,912,2025-10-02,2026-03-06,Returned
1568,40,567,2023-11-16,2024-08-30,Returned
1569,339,981,2024-10-12,2025-12-22,Returned
1570,1423,984,2026-03-10,2026-04-08,Returned
1571,1578,731,2024-10-17,2025-02-09,Returned
1572,284,333,2023-07-24,2026-05-29,Returned
1573,343,343,2024-05-15,2026-01-05,Returned
1574,673,119,2023-10-02,2025-05-29,Returned
1575,1096,34,2025-09-19,2026-05-04,Returned
1576,1050,133,2026-05-29,,Active
1577,90,273,2024-12-30,2025-12-08,Returned
1578,1024,639,2023-06-14,2024-10-03,Returned
1579,1593,521,2026-04-16,2026-05-04,Returned
1580,1413,27,2025-10-27,2026-06-01,Returned
1581,109,293,2024-10-03,2026-03-14,Returned
1582,570,243,2023-12-09,2026-06-01,Returned
1583,1391,242,2025-05-19,2026-02-04,Returned
1584,1236,116,2026-01-26,,Active
1585,1545,982,2026-03-23,2026-03-27,Returned
1586,1441,669,2024-09-24,2025-08-05,Returned
1587,225,3,2024-07-23,2025-08-13,Returned
1588,865,492,2025-04-25,,Late
1589,1793,765,2025-01-09,2025-09-29,Returned
1590,1591,756,2024-10-28,,Active
1591,696,409,2025-08-19,2025-11-20,Returned
1592,1927,616,2025-02-09,2025-03-28,Returned
1593,591,374,2024-07-17,2026-01-11,Returned
1594,1559,249,2025-11-30,2026-02-18,Returned
1595,687,704,2026-04-27,2026-05-30,Returned
1596,216,904,2025-10-28,2026-03-02,Returned
1597,630,407,2025-07-11,2026-05-19,Returned
1598,639,94,2024-08-18,,Late
1599,1266,43,2024-03-05,2024-10-03,Returned
1600,602,444,2024-08-18,2025-12-12,Returned
1601,1309,508,2025-01-30,2025-09-21,Returned
1602,520,975,2024-11-19,2025-06-29,Returned
1603,989,861,2024-02-27,2024-12-14,Returned
1604,1548,621,2024-11-18,2026-06-03,Returned
1605,1915,567,2024-01-05,2024-12-07,Returned
1606,1319,613,2025-12-01,2026-04-09,Returned
1607,419,502,2023-06-28,2024-04-05,Returned
1608,185,60,2024-12-25,,Active
1609,1221,503,2026-03-12,2026-05-16,Returned
1610,1644,931,2024-11-13,2025-02-19,Returned
1611,844,193,2026-01-22,2026-04-07,Returned
1612,1004,752,2023-12-06,2024-03-02,Returned
1613,1326,705,2024-08-19,2024-12-16,Returned
1614,1375,207,2025-08-06,2026-01-02,Returned
1615,1343,735,2026-02-26,2026-03-29,Returned
1616,1440,641,2025-11-05,2025-11-22,Returned
1617,542,257,2025-08-15,2025-10-29,Returned
1618,783,893,2025-02-02,2026-01-23,Returned
1619,1944,973,2025-02-15,2026-05-10,Returned
1620,1310,362,2024-02-10,2025-07-26,Returned
1621,351,304,2023-06-13,2025-11-17,Returned
1622,901,460,2023-10-24,2023-11-13,Returned
1623,1666,387,2024-03-06,2024-08-26,Returned
1624,822,864,2026-03-01,2026-04-29,Returned
1625,1198,565,2025-10-13,2025-12-18,Returned
1626,722,468,2025-02-21,2025-11-27,Returned
1627,1696,64,2023-10-15,2024-04-13,Returned
1628,1214,165,2024-07-07,2025-07-08,Returned
1629,900,297,2025-01-08,2025-06-10,Returned
1630,133,218,2024-05-30,2024-11-12,Returned
1631,1415,639,2025-05-01,2025-08-15,Returned
1632,519,266,2024-02-25,2024-07-31,Returned
1633,1231,492,2026-04-28,2026-05-28,Returned
1634,1247,20,2023-07-29,,Active
1635,676,60,2026-01-19,2026-05-02,Returned
1636,1936,987,2025-09-09,2026-01-25,Returned
1637,130,736,2024-05-18,2025-06-19,Returned
1638,1900,132,2024-05-25,,Late
1639,609,402,2024-08-11,2026-03-17,Returned
1640,1555,274,2025-03-24,2025-11-20,Returned
1641,910,52,2023-06-17,2025-10-05,Returned
1642,1583,614,2026-01-25,2026-02-04,Returned
1643,68,725,2026-01-05,,Active
1644,1456,666,2025-05-19,2026-02-03,Returned
1645,1662,661,2024-08-11,2025-11-21,Returned
1646,1240,836,2023-09-15,2024-09-18,Returned
1647,1063,114,2024-04-17,2025-08-07,Returned
1648,1600,279,2024-04-20,,Late
1649,946,777,2025-12-12,2026-04-06,Returned
1650,1537,717,2026-01-23,2026-02-14,Returned
1651,1225,687,2024-11-14,2026-03-17,Returned
1652,646,954,2026-03-13,2026-03-19,Returned
1653,530,900,2026-03-25,2026-05-11,Returned
1654,475,853,2023-06-16,,Late
1655,1593,64,2023-09-16,2023-12-09,Returned
1656,1786,740,2025-11-12,2026-02-16,Returned
1657,1878,635,2024-01-24,2024-12-04,Returned
1658,150,84,2025-03-14,2025-04-21,Returned
1659,1150,875,2026-02-16,2026-05-13,Returned
1660,302,824,2025-05-21,2026-03-02,Returned
1661,783,779,2024-02-01,2025-12-23,Returned
1662,1926,475,2025-11-19,,Active
1663,857,60,2026-03-15,2026-04-03,Returned
1664,784,795,2023-12-14,2026-01-14,Returned
1665,1536,284,2024-06-06,2024-09-27,Returned
1666,957,523,2026-04-06,2026-04-14,Returned
1667,571,101,2025-07-02,2025-12-21,Returned
1668,847,664,2026-05-03,2026-05-23,Returned
1669,167,274,2023-08-01,2026-02-26,Returned
1670,9,643,2024-11-15,2024-12-20,Returned
1671,1903,333,2023-11-07,2024-12-09,Returned
1672,535,244,2026-02-12,2026-03-01,Returned
1673,898,548,2025-09-07,2025-11-17,Returned
1674,387,414,2025-01-27,2025-10-10,Returned
1675,868,421,2024-04-21,2026-05-10,Returned
1676,1211,410,2023-09-25,2025-12-15,Returned
1677,1885,616,2024-05-07,2025-05-23,Returned
1678,1080,469,2023-06-25,2023-10-27,Returned
1679,722,759,2024-05-26,2024-10-12,Returned
1680,1388,554,2024-08-27,2026-04-21,Returned
1681,714,968,2024-11-20,2026-01-16,Returned
1682,660,425,2025-03-31,2025-10-12,Returned
1683,1208,8,2024-11-09,2024-11-29,Returned
1684,1135,284,2026-01-18,2026-01-29,Returned
1685,1261,827,2025-08-01,2026-01-12,Returned
1686,687,227,2024-03-01,2026-03-15,Returned
1687,1886,801,2024-06-12,2025-05-30,Returned
1688,1546,945,2023-10-15,2024-09-11,Returned
1689,414,799,2024-01-21,2024-04-13,Returned
1690,230,942,2025-06-03,2025-09-01,Returned
1691,972,797,2026-02-23,2026-03-01,Returned
1692,172,393,2023-09-20,2025-08-16,Returned
1693,805,146,2023-08-02,2023-09-10,Returned
1694,1997,264,2025-10-18,,Active
1695,1393,263,2025-11-19,2026-02-23,Returned
1696,1696,508,2025-11-17,2025-12-12,Returned
1697,1452,98,2025-11-18,2026-04-09,Returned
1698,468,825,2025-07-28,2026-03-07,Returned
1699,800,846,2025-05-21,2025-12-12,Returned
1700,380,953,2025-04-19,,Late
1701,1933,834,2025-04-26,2026-01-14,Returned
1702,1064,505,2023-12-20,2025-05-03,Returned
1703,856,85,2025-11-22,2025-12-04,Returned
1704,202,528,2024-12-10,2026-05-28,Returned
1705,2,877,2024-06-08,2024-07-26,Returned
1706,1447,109,2026-04-07,2026-05-20,Returned
1707,380,883,2025-01-23,,Active
1708,402,766,2026-04-27,2026-06-04,Returned
1709,738,505,2023-11-29,,Active
1710,645,52,2026-06-01,2026-06-04,Returned
1711,42,757,2024-07-25,2026-04-12,Returned
1712,1766,828,2024-06-19,2025-10-21,Returned
1713,891,489,2024-01-02,2024-03-12,Returned
1714,1046,76,2024-03-03,2025-08-04,Returned
1715,722,589,2023-07-22,2024-05-30,Returned
1716,742,676,2026-03-21,2026-03-25,Returned
1717,582,371,2023-11-16,,Active
1718,1113,811,2024-05-12,2025-03-08,Returned
1719,856,667,2024-03-18,2024-04-23,Returned
1720,1570,946,2024-11-21,2025-09-01,Returned
1721,1398,584,2024-01-02,2025-11-10,Returned
1722,1954,732,2024-07-04,2025-02-15,Returned
1723,256,328,2025-01-07,2025-06-13,Returned
1724,1198,820,2024-07-18,,Late
1725,317,533,2024-09-29,2024-12-11,Returned
1726,786,917,2025-12-03,2025-12-10,Returned
1727,1720,418,2025-02-11,2025-06-29,Returned
1728,985,42,2025-11-30,2026-01-12,Returned
1729,1875,165,2025-12-12,,Active
1730,1418,727,2026-03-31,2026-04-15,Returned
1731,928,260,2024-05-24,,Late
1732,1117,231,2024-09-26,2026-03-21,Returned
1733,1931,565,2024-07-29,2026-05-10,Returned
1734,900,97,2026-05-29,2026-06-05,Returned
1735,647,633,2024-09-17,2025-02-13,Returned
1736,1682,920,2026-03-20,2026-03-28,Returned
1737,1630,745,2026-03-31,2026-04-10,Returned
1738,1801,208,2023-11-22,,Late
1739,484,274,2025-06-29,2025-07-11,Returned
1740,1655,762,2026-06-04,2026-06-04,Returned
1741,249,102,2023-06-28,2024-10-11,Returned
1742,1254,635,2023-08-29,2025-05-27,Returned
1743,566,697,2025-01-31,2025-07-09,Returned
1744,1256,716,2025-07-31,2026-04-23,Returned
1745,773,568,2023-11-19,2025-11-30,Returned
1746,792,820,2024-04-12,,Active
1747,1065,106,2023-12-17,2025-12-31,Returned
1748,1917,54,2025-07-05,2025-08-11,Returned
1749,421,754,2024-11-24,2025-06-15,Returned
1750,41,548,2024-12-16,2025-02-03,Returned
1751,1672,459,2023-12-05,2024-03-13,Returned
1752,945,794,2025-02-23,,Active
1753,1450,73,2024-06-27,2024-09-13,Returned
1754,1210,613,2025-11-15,2026-05-10,Returned
1755,355,675,2024-02-23,2025-06-12,Returned
1756,718,378,2023-12-27,2026-01-24,Returned
1757,723,344,2024-01-13,2024-09-30,Returned
1758,888,50,2024-07-02,2024-08-01,Returned
1759,1487,384,2025-02-06,2025-10-16,Returned
1760,1946,207,2025-08-08,2025-10-22,Returned
1761,42,426,2025-07-16,2026-02-08,Returned
1762,1659,642,2024-12-14,2026-04-05,Returned
1763,420,803,2025-12-20,2026-04-18,Returned
1764,682,426,2024-06-23,,Late
1765,1250,519,2024-01-07,2025-10-30,Returned
1766,1276,555,2024-03-30,2024-07-21,Returned
1767,1207,183,2024-05-29,2026-04-11,Returned
1768,1665,737,2023-10-08,2025-07-25,Returned
1769,1543,626,2024-05-20,2025-11-05,Returned
1770,163,290,2023-08-20,2024-01-02,Returned
1771,162,105,2025-09-23,2025-10-15,Returned
1772,487,709,2024-12-01,2025-03-27,Returned
1773,56,179,2025-02-10,2026-02-28,Returned
1774,1988,956,2024-05-21,2025-11-04,Returned
1775,1156,453,2025-12-05,2026-04-07,Returned
1776,705,769,2026-03-30,2026-04-29,Returned
1777,1938,267,2023-07-15,,Active
1778,1650,959,2024-11-30,,Late
1779,75,581,2024-10-12,2026-04-24,Returned
1780,360,361,2023-12-22,2025-07-25,Returned
1781,1879,695,2024-01-03,2025-09-20,Returned
1782,1878,240,2024-02-20,2024-10-03,Returned
1783,385,283,2024-01-27,2025-08-09,Returned
1784,1988,391,2023-06-25,2025-11-17,Returned
1785,1435,593,2023-06-13,2025-07-30,Returned
1786,1541,532,2026-05-15,2026-05-28,Returned
1787,1153,593,2025-09-03,2026-02-13,Returned
1788,1802,732,2025-12-02,2026-03-08,Returned
1789,207,671,2025-03-15,2025-06-10,Returned
1790,895,5,2023-09-04,2025-09-01,Returned
1791,1095,804,2026-03-26,2026-04-07,Returned
1792,573,270,2024-07-23,2024-09-01,Returned
1793,605,677,2025-08-13,2026-01-10,Returned
1794,1909,465,2026-02-17,2026-03-03,Returned
1795,1333,654,2024-10-16,2026-02-14,Returned
1796,447,911,2025-10-07,2025-11-28,Returned
1797,1377,572,2024-06-20,2024-07-29,Returned
1798,358,847,2026-02-09,2026-02-11,Returned
1799,358,30,2024-11-12,2026-05-12,Returned
1800,1377,831,2025-12-05,2026-02-20,Returned
1801,1472,112,2023-09-01,2024-10-11,Returned
1802,348,935,2025-08-23,2025-10-25,Returned
1803,317,138,2026-02-09,2026-05-15,Returned
1804,1395,630,2023-09-27,2025-08-12,Returned
1805,993,844,2023-07-08,2024-11-04,Returned
1806,256,453,2024-07-02,2025-09-25,Returned
1807,1049,689,2025-01-23,2026-01-20,Returned
1808,811,148,2026-06-03,2026-06-04,Returned
1809,1556,895,2026-03-29,2026-04-07,Returned
1810,1455,969,2025-02-04,2025-06-17,Returned
1811,1562,991,2025-10-30,,Active
1812,1691,327,2024-11-22,2026-02-24,Returned
1813,956,905,2024-01-07,2025-12-20,Returned
1814,1398,752,2024-06-19,2026-01-02,Returned
1815,450,868,2024-09-17,2025-07-14,Returned
1816,6,608,2025-07-08,2026-03-19,Returned
1817,1423,17,2026-03-12,2026-05-16,Returned
1818,1423,952,2024-03-08,2025-01-05,Returned
1819,1283,996,2025-05-15,,Late
1820,1554,706,2025-07-14,2026-03-19,Returned
1821,58,6,2024-06-19,2025-10-03,Returned
1822,1856,181,2026-04-01,,Late
1823,1937,806,2025-07-10,2025-10-09,Returned
1824,1211,44,2025-11-15,2026-04-18,Returned
1825,1532,124,2026-03-29,2026-04-17,Returned
1826,1517,721,2025-02-07,2026-05-12,Returned
1827,401,812,2025-11-02,2026-03-07,Returned
1828,320,50,2026-03-04,2026-05-28,Returned
1829,546,50,2025-05-09,2026-03-17,Returned
1830,1263,614,2024-06-03,2026-03-11,Returned
1831,1748,433,2025-01-06,2026-05-23,Returned
1832,68,714,2023-12-31,2025-01-25,Returned
1833,888,928,2024-06-20,2026-01-06,Returned
1834,1317,424,2025-01-06,2026-03-02,Returned
1835,1289,92,2025-04-13,,Late
1836,1301,492,2026-02-09,2026-03-11,Returned
1837,1173,97,2024-11-01,2026-01-10,Returned
1838,174,529,2023-08-20,2025-09-20,Returned
1839,470,604,2024-10-17,2026-05-18,Returned
1840,1952,671,2024-11-04,2026-02-28,Returned
1841,319,616,2023-12-09,2025-04-02,Returned
1842,1085,846,2024-12-15,2026-03-23,Returned
1843,1008,424,2026-01-06,2026-05-24,Returned
1844,416,920,2024-04-05,2024-04-07,Returned
1845,1399,668,2025-06-29,,Active
1846,273,964,2025-10-15,,Active
1847,1768,325,2024-10-16,2024-12-01,Returned
1848,1892,958,2025-05-18,2026-01-13,Returned
1849,1504,156,2024-04-12,2024-04-30,Returned
1850,1477,589,2026-05-24,2026-06-05,Returned
1851,663,236,2026-05-21,2026-05-23,Returned
1852,972,754,2024-07-16,2026-05-08,Returned
1853,1882,938,2024-06-02,2024-11-22,Returned
1854,293,92,2023-10-11,2024-04-17,Returned
1855,330,443,2024-03-29,2025-09-29,Returned
1856,861,508,2024-08-11,,Active
1857,1936,218,2024-04-04,2025-03-24,Returned
1858,426,322,2026-06-05,2026-06-06,Returned
1859,717,593,2023-06-19,2023-11-20,Returned
1860,931,926,2024-07-22,2025-09-05,Returned
1861,1336,844,2023-12-01,2025-12-21,Returned
1862,196,662,2024-03-02,2026-02-28,Returned
1863,1924,137,2023-06-26,2024-04-10,Returned
1864,334,84,2023-08-01,2025-03-07,Returned
1865,1128,861,2025-05-07,2026-03-18,Returned
1866,190,161,2023-11-16,2024-10-24,Returned
1867,917,118,2024-06-17,2025-02-26,Returned
1868,304,187,2025-04-09,2025-08-22,Returned
1869,1573,656,2025-04-07,2025-09-24,Returned
1870,675,114,2024-11-06,2025-08-12,Returned
1871,1805,829,2023-10-12,2024-10-06,Returned
1872,974,141,2026-05-09,2026-05-30,Returned
1873,664,704,2025-10-24,2026-03-18,Returned
1874,324,471,2023-09-02,2026-04-04,Returned
1875,706,946,2026-05-16,2026-06-03,Returned
1876,1238,950,2025-01-13,2026-04-07,Returned
1877,629,694,2024-05-27,2026-01-23,Returned
1878,807,785,2024-10-07,,Active
1879,1795,82,2024-02-22,2025-02-26,Returned
1880,1668,710,2023-11-05,2024-11-30,Returned
1881,1009,917,2025-10-04,,Active
1882,1402,968,2024-10-02,2026-04-10,Returned
1883,1291,559,2023-07-13,2023-12-20,Returned
1884,652,40,2023-11-03,2024-12-21,Returned
1885,1474,341,2025-01-05,2025-08-16,Returned
1886,1959,17,2025-11-10,2025-11-18,Returned
1887,968,571,2024-05-31,2024-07-27,Returned
1888,1764,636,2025-11-29,2026-01-09,Returned
1889,1891,447,2025-03-18,2025-06-30,Returned
1890,1471,112,2024-10-12,2025-12-03,Returned
1891,1439,362,2023-09-11,2024-09-06,Returned
1892,98,57,2026-03-05,2026-03-23,Returned
1893,143,308,2023-07-30,2025-04-04,Returned
1894,957,923,2024-01-31,,Active
1895,1262,60,2025-07-26,2026-01-04,Returned
1896,1640,976,2024-09-06,2025-08-22,Returned
1897,1422,62,2024-10-29,2026-02-19,Returned
1898,1205,297,2024-01-14,2025-11-15,Returned
1899,53,952,2023-11-15,2024-09-14,Returned
1900,623,508,2024-02-04,2026-01-28,Returned
1901,1483,78,2025-12-24,2026-02-10,Returned
1902,1244,466,2024-10-30,2025-08-02,Returned
1903,1288,493,2024-04-10,,Active
1904,738,548,2025-12-04,2026-01-21,Returned
1905,1035,614,2025-04-25,2026-03-20,Returned
1906,1819,96,2023-10-13,2023-10-19,Returned
1907,1933,936,2023-08-05,2025-09-10,Returned
1908,327,490,2024-03-05,2024-07-02,Returned
1909,1211,407,2025-12-12,2026-03-17,Returned
1910,1407,315,2023-11-28,2025-10-30,Returned
1911,1893,612,2025-01-04,2025-04-14,Returned
1912,1009,193,2024-06-06,2024-11-19,Returned
1913,1164,117,2026-04-23,2026-04-23,Returned
1914,1520,799,2023-11-08,2024-09-04,Returned
1915,497,25,2024-05-24,2025-08-02,Returned
1916,1462,67,2025-10-22,2025-11-03,Returned
1917,1445,49,2025-04-12,2025-10-04,Returned
1918,1968,285,2024-09-25,,Late
1919,637,37,2025-05-24,2026-02-11,Returned
1920,1022,752,2024-04-26,,Active
1921,319,605,2024-10-02,2026-04-18,Returned
1922,1982,473,2024-08-08,2024-11-30,Returned
1923,1007,685,2024-01-10,2026-04-06,Returned
1924,186,682,2025-05-21,2026-05-09,Returned
1925,475,18,2025-07-27,2025-10-06,Returned
1926,1294,712,2025-09-13,,Late
1927,749,180,2025-10-28,2025-12-18,Returned
1928,252,137,2023-07-22,2024-09-06,Returned
1929,565,294,2024-06-27,2026-02-10,Returned
1930,1570,18,2025-05-12,2025-12-21,Returned
1931,729,898,2023-06-25,2024-05-11,Returned
1932,1374,408,2024-03-02,2024-12-31,Returned
1933,469,435,2024-11-08,2024-11-30,Returned
1934,929,671,2024-10-07,2025-12-15,Returned
1935,750,806,2025-08-25,2025-08-31,Returned
1936,202,591,2024-05-16,2025-07-02,Returned
1937,362,48,2024-12-30,2025-03-08,Returned
1938,780,712,2024-06-22,2025-10-11,Returned
1939,917,782,2025-05-05,,Active
1940,1826,73,2025-12-10,2026-02-12,Returned
1941,1198,640,2023-06-10,2024-01-08,Returned
1942,1706,253,2024-05-02,2025-10-19,Returned
1943,1898,48,2026-03-16,2026-04-19,Returned
1944,177,964,2026-01-13,2026-01-18,Returned
1945,1755,852,2024-08-25,2026-05-19,Returned
1946,947,578,2023-07-09,2023-08-24,Returned
1947,1152,552,2025-01-26,2026-04-17,Returned
1948,1576,380,2024-08-18,2025-11-22,Returned
1949,1139,458,2026-04-08,2026-06-04,Returned
1950,272,575,2025-02-19,2025-04-19,Returned
1951,314,404,2024-03-14,2024-07-12,Returned
1952,213,999,2025-05-17,2026-01-12,Returned
1953,1242,547,2024-05-18,2024-11-04,Returned
1954,987,239,2026-03-27,,Active
1955,878,276,2026-04-13,2026-05-08,Returned
1956,238,856,2024-07-05,,Active
1957,434,737,2023-11-10,2025-07-17,Returned
1958,1494,788,2026-04-26,2026-05-02,Returned
1959,177,925,2026-04-03,2026-04-15,Returned
1960,1052,980,2025-05-01,2025-07-30,Returned
1961,1445,697,2024-01-23,,Active
1962,1091,877,2026-06-04,2026-06-04,Returned
1963,1766,904,2026-01-01,2026-03-12,Returned
1964,690,853,2025-08-23,,Active
1965,449,509,2026-04-24,2026-04-27,Returned
1966,1200,976,2024-06-08,2024-06-19,Returned
1967,525,518,2023-08-18,,Active
1968,548,322,2024-12-07,2025-11-05,Returned
1969,669,471,2026-02-11,2026-03-29,Returned
1970,1095,543,2025-11-01,2025-11-01,Returned
1971,819,556,2025-02-09,2026-02-10,Returned
1972,1700,130,2025-04-29,2025-09-20,Returned
1973,844,768,2023-07-03,2024-05-05,Returned
1974,542,414,2025-02-25,2026-01-29,Returned
1975,1223,80,2024-04-10,2024-10-31,Returned
1976,1558,376,2025-07-31,2025-10-26,Returned
1977,1790,495,2023-10-29,2025-04-17,Returned
1978,41,381,2024-06-24,2025-03-08,Returned
1979,122,567,2026-01-19,2026-04-03,Returned
1980,467,46,2025-06-07,2025-11-20,Returned
1981,202,952,2023-08-29,2024-07-27,Returned
1982,1655,180,2025-08-28,2026-02-11,Returned
1983,985,29,2025-08-04,2026-05-17,Returned
1984,1818,96,2024-09-23,2026-01-29,Returned
1985,127,108,2026-03-11,2026-05-04,Returned
1986,655,755,2025-09-28,2025-10-15,Returned
1987,1324,286,2025-05-28,2026-02-07,Returned
1988,28,764,2024-08-23,2025-06-03,Returned
1989,1398,702,2024-12-23,2025-01-07,Returned
1990,239,299,2025-01-20,2025-12-07,Returned
1991,1089,330,2025-12-17,2026-04-16,Returned
1992,413,53,2026-03-04,2026-03-21,Returned
1993,713,830,2024-02-11,2024-06-01,Returned
1994,1594,963,2023-10-15,2025-03-23,Returned
1995,1562,401,2024-02-25,2025-03-28,Returned
1996,949,843,2023-07-26,2024-12-25,Returned
1997,27,77,2024-05-22,2025-11-01,Returned
1998,823,4,2023-07-10,2025-09-24,Returned
1999,211,827,2023-10-02,2025-08-24,Returned
2000,212,387,2025-05-10,2025-09-22,Returned
2001,316,535,2025-06-07,2026-02-17,Returned
2002,781,258,2024-01-03,2025-12-07,Returned
2003,1613,466,2026-01-05,2026-03-07,Returned
2004,1149,829,2023-12-30,2025-06-16,Returned
2005,1411,666,2026-04-19,2026-05-22,Returned
2006,234,445,2026-04-18,2026-05-03,Returned
2007,957,770,2025-01-04,2026-01-02,Returned
2008,1839,869,2024-10-17,2025-02-23,Returned
2009,533,302,2024-09-07,2026-05-14,Returned
2010,1914,744,2023-06-30,2026-04-26,Returned
2011,1612,775,2023-12-04,2025-09-06,Returned
2012,1971,151,2025-11-19,,Active
2013,1559,999,2025-12-07,2026-04-07,Returned
2014,552,257,2024-05-13,2024-09-05,Returned
2015,701,871,2025-07-13,,Late
2016,729,153,2025-04-06,2025-11-07,Returned
2017,1877,925,2024-09-17,2026-02-15,Returned
2018,723,991,2026-04-02,,Late
2019,774,229,2023-07-02,2025-04-08,Returned
2020,1884,543,2025-03-09,2025-06-18,Returned
2021,1998,404,2025-04-08,2025-07-08,Returned
2022,1141,748,2023-08-08,2025-06-29,Returned
2023,1801,19,2024-12-20,2026-01-22,Returned
2024,749,432,2023-12-21,2025-05-08,Returned
2025,1698,570,2023-12-08,2025-10-11,Returned
2026,306,373,2025-02-12,2025-11-26,Returned
2027,803,290,2025-03-24,,Active
2028,1165,510,2025-02-17,2025-07-31,Returned
2029,1061,337,2025-09-20,,Late
2030,763,248,2024-04-14,2026-01-28,Returned
2031,237,256,2023-12-19,2026-03-21,Returned
2032,712,34,2026-03-03,,Late
2033,404,805,2025-10-15,2026-03-04,Returned
2034,1376,437,2026-04-11,2026-04-25,Returned
2035,6,466,2026-05-27,2026-05-28,Returned
2036,1782,41,2024-02-18,2025-07-12,Returned
2037,64,317,2025-08-21,2026-01-11,Returned
2038,836,479,2025-12-07,2026-02-25,Returned
2039,1320,879,2023-08-29,2024-04-12,Returned
2040,823,798,2024-01-16,2024-08-21,Returned
2041,838,186,2023-08-18,2023-11-28,Returned
2042,849,788,2025-08-13,2026-05-30,Returned
2043,341,116,2026-02-01,2026-02-13,Returned
2044,85,992,2024-09-26,2026-02-18,Returned
2045,631,129,2024-05-12,2025-02-25,Returned
2046,364,705,2026-01-03,2026-03-31,Returned
2047,1470,30,2025-08-14,2025-10-24,Returned
2048,236,322,2023-07-26,2024-12-03,Returned
2049,1359,544,2025-07-05,2025-10-24,Returned
2050,547,770,2025-05-31,2025-06-21,Returned
2051,38,936,2026-03-01,2026-03-20,Returned
2052,323,644,2024-02-07,2025-02-27,Returned
2053,505,619,2024-07-08,2025-10-16,Returned
2054,316,272,2025-01-29,2025-05-10,Returned
2055,412,723,2023-09-13,,Active
2056,1769,596,2024-10-14,2025-10-12,Returned
2057,1200,591,2026-03-20,2026-05-14,Returned
2058,939,248,2025-11-25,2026-05-13,Returned
2059,707,667,2023-09-03,,Late
2060,1211,845,2025-07-28,2026-04-13,Returned
2061,126,96,2025-11-10,2025-11-26,Returned
2062,553,147,2025-02-17,2025-11-14,Returned
2063,254,210,2026-05-17,,Active
2064,1489,169,2026-04-05,2026-04-15,Returned
2065,1788,743,2025-08-03,2026-04-06,Returned
2066,377,203,2024-09-28,2024-12-28,Returned
2067,1765,941,2024-10-04,2025-01-15,Returned
2068,917,124,2025-08-09,2026-05-27,Returned
2069,1834,88,2024-02-24,2024-11-17,Returned
2070,1465,471,2024-02-05,2025-03-21,Returned
2071,1595,986,2024-01-26,2026-05-28,Returned
2072,1771,456,2024-07-13,2026-05-24,Returned
2073,844,357,2023-06-24,2024-10-01,Returned
2074,171,820,2024-08-28,2024-10-10,Returned
2075,398,142,2026-01-11,2026-03-16,Returned
2076,887,895,2024-10-04,2024-11-26,Returned
2077,270,340,2026-05-30,2026-06-01,Returned
2078,196,321,2024-04-23,2025-09-27,Returned
2079,1432,173,2024-06-09,2026-02-04,Returned
2080,1207,544,2025-01-10,,Active
2081,908,374,2026-02-13,2026-02-15,Returned
2082,688,751,2023-06-17,2026-01-21,Returned
2083,1004,548,2025-12-23,2026-03-28,Returned
2084,733,722,2025-04-22,2026-01-18,Returned
2085,228,134,2025-07-31,2026-05-23,Returned
2086,553,40,2025-05-17,2026-03-12,Returned
2087,648,570,2024-08-24,,Active
2088,575,179,2026-03-21,2026-05-21,Returned
2089,1380,789,2024-03-24,2026-02-18,Returned
2090,487,625,2024-11-22,2026-05-26,Returned
2091,1295,101,2024-03-17,,Active
2092,741,150,2024-07-18,2026-01-16,Returned
2093,1293,505,2023-12-01,2025-01-09,Returned
2094,543,287,2023-11-18,2024-07-19,Returned
2095,871,999,2025-01-28,,Active
2096,1832,995,2023-09-22,2026-03-17,Returned
2097,1605,732,2024-05-16,2024-08-14,Returned
2098,105,708,2025-06-08,,Late
2099,1571,23,2024-08-03,2025-08-01,Returned
2100,1613,498,2024-01-01,2025-08-05,Returned
2101,1409,682,2026-04-03,2026-04-16,Returned
2102,1902,522,2025-01-27,2025-07-12,Returned
2103,833,527,2025-01-01,2025-08-28,Returned
2104,1292,392,2026-01-16,2026-04-14,Returned
2105,702,26,2024-10-28,2025-12-28,Returned
2106,1561,107,2026-02-08,2026-04-16,Returned
2107,1091,662,2024-06-10,2025-06-09,Returned
2108,1813,354,2025-03-10,2025-08-09,Returned
2109,996,841,2024-12-10,2025-05-30,Returned
2110,750,606,2025-06-02,,Active
2111,488,643,2023-12-29,,Late
2112,1730,653,2024-03-02,2026-01-02,Returned
2113,1719,295,2025-09-04,2025-12-21,Returned
2114,452,275,2023-06-10,2024-08-04,Returned
2115,1460,198,2024-07-06,2025-03-28,Returned
2116,1793,16,2024-12-29,2025-07-21,Returned
2117,1178,258,2024-02-29,2025-04-27,Returned
2118,1849,171,2025-03-20,2025-10-15,Returned
2119,1282,974,2026-04-16,2026-05-26,Returned
2120,1181,29,2024-11-08,,Late
2121,534,8,2024-05-15,2025-08-11,Returned
2122,996,965,2025-06-25,2025-11-01,Returned
2123,770,481,2024-09-11,2024-09-16,Returned
2124,752,522,2026-03-10,2026-04-13,Returned
2125,1616,170,2025-08-03,2026-06-06,Returned
2126,399,953,2026-03-14,2026-03-31,Returned
2127,144,48,2023-11-10,,Late
2128,696,916,2023-12-22,2024-07-30,Returned
2129,1178,272,2025-05-05,2025-05-16,Returned
2130,570,960,2024-01-03,2025-12-16,Returned
2131,247,358,2024-08-15,2026-04-04,Returned
2132,1956,125,2024-11-04,2025-12-31,Returned
2133,214,311,2025-06-21,2025-08-31,Returned
2134,469,113,2025-07-16,2026-04-02,Returned
2135,1561,420,2026-05-30,2026-06-04,Returned
2136,1316,151,2024-04-04,2025-06-25,Returned
2137,779,625,2024-01-11,,Active
2138,1002,719,2026-02-28,2026-04-18,Returned
2139,998,189,2025-06-15,2026-04-17,Returned
2140,1117,831,2025-05-01,2025-07-22,Returned
2141,277,401,2025-04-23,2025-05-18,Returned
2142,464,48,2024-06-08,2024-12-13,Returned
2143,1966,134,2026-04-13,2026-05-19,Returned
2144,668,866,2023-08-10,,Late
2145,353,583,2025-10-11,2026-02-03,Returned
2146,1875,790,2025-08-25,2025-11-18,Returned
2147,1044,141,2024-07-08,2024-08-19,Returned
2148,872,863,2024-10-19,2025-04-03,Returned
2149,379,811,2025-12-16,,Active
2150,742,282,2023-07-07,,Late
2151,224,219,2025-06-26,2026-01-27,Returned
2152,939,976,2023-06-16,2024-07-08,Returned
2153,455,106,2025-08-02,2026-03-09,Returned
2154,1831,186,2023-07-02,2024-04-10,Returned
2155,429,281,2025-06-10,2025-09-21,Returned
2156,971,668,2025-09-19,2025-12-27,Returned
2157,1916,213,2024-12-06,2025-11-24,Returned
2158,855,611,2026-01-16,2026-03-10,Returned
2159,686,174,2025-11-26,2026-05-16,Returned
2160,931,476,2024-01-01,2024-06-03,Returned
2161,746,115,2024-12-16,,Active
2162,631,573,2026-03-20,2026-06-05,Returned
2163,1460,981,2023-07-06,2025-11-23,Returned
2164,597,765,2024-06-12,2025-11-11,Returned
2165,153,238,2023-09-05,2025-06-13,Returned
2166,625,540,2024-08-02,2026-05-22,Returned
2167,1593,673,2025-11-01,2026-04-12,Returned
2168,1917,856,2026-05-28,2026-05-28,Returned
2169,90,737,2024-03-06,2025-06-01,Returned
2170,1245,239,2023-06-15,2023-11-01,Returned
2171,1518,803,2024-04-06,2025-09-03,Returned
2172,771,776,2024-10-12,,Late
2173,1666,736,2023-06-12,2024-09-04,Returned
2174,1407,223,2024-02-07,2024-05-24,Returned
2175,533,345,2023-10-05,2023-12-08,Returned
2176,1001,19,2026-02-28,2026-05-22,Returned
2177,315,971,2025-07-04,,Active
2178,1495,861,2025-01-15,2025-04-04,Returned
2179,46,282,2026-03-12,2026-05-27,Returned
2180,1767,561,2024-05-20,2025-11-10,Returned
2181,1076,581,2024-06-04,,Active
2182,1111,531,2026-02-10,2026-02-20,Returned
2183,176,241,2024-04-22,,Active
2184,337,79,2025-07-11,2026-05-12,Returned
2185,11,914,2025-03-18,2025-07-23,Returned
2186,103,996,2024-05-12,2025-11-07,Returned
2187,549,547,2023-08-27,2026-05-06,Returned
2188,14,133,2025-04-03,2025-06-21,Returned
2189,907,704,2024-03-15,2025-03-07,Returned
2190,1264,901,2025-08-14,2026-05-06,Returned
2191,1720,263,2025-05-13,2025-12-24,Returned
2192,1228,524,2025-02-14,2025-08-30,Returned
2193,1106,116,2026-04-16,2026-05-04,Returned
2194,280,478,2024-01-22,2025-12-23,Returned
2195,1510,155,2024-02-25,2024-08-03,Returned
2196,1392,113,2025-02-02,2025-11-06,Returned
2197,1719,468,2025-06-22,2026-05-30,Returned
2198,272,412,2024-05-03,2025-10-13,Returned
2199,1600,28,2024-11-28,2026-04-04,Returned
2200,1286,647,2024-02-14,2025-03-22,Returned
2201,525,380,2025-12-24,2026-01-29,Returned
2202,988,709,2026-02-25,2026-03-06,Returned
2203,914,812,2024-06-21,2026-03-25,Returned
2204,1210,176,2025-07-18,2026-06-05,Returned
2205,641,567,2023-09-26,2025-06-10,Returned
2206,1758,893,2023-11-16,,Active
2207,1715,947,2024-02-24,2026-01-02,Returned
2208,451,515,2023-12-11,2025-05-01,Returned
2209,698,340,2024-09-11,2024-11-02,Returned
2210,998,347,2023-11-16,2023-12-21,Returned
2211,792,417,2026-05-28,2026-06-06,Returned
2212,1110,985,2023-12-19,2025-04-20,Returned
2213,1802,451,2024-06-12,,Active
2214,982,768,2023-11-13,2026-05-23,Returned
2215,249,329,2024-12-21,2025-05-27,Returned
2216,1094,337,2025-11-11,2026-05-05,Returned
2217,1079,584,2024-11-16,2025-10-04,Returned
2218,279,207,2024-02-29,2026-03-04,Returned
2219,1309,849,2024-03-13,2024-07-09,Returned
2220,1075,318,2025-12-22,2026-04-30,Returned
2221,562,650,2025-03-08,2025-10-06,Returned
2222,549,654,2025-10-10,2026-02-21,Returned
2223,1457,47,2024-06-15,2025-09-10,Returned
2224,1195,787,2025-04-29,2026-03-11,Returned
2225,265,147,2024-09-04,2026-02-27,Returned
2226,1494,630,2025-01-20,2026-04-10,Returned
2227,1143,496,2025-01-25,2025-10-13,Returned
2228,341,942,2024-07-09,2025-02-24,Returned
2229,435,213,2024-06-14,2024-07-05,Returned
2230,783,118,2024-11-14,2025-07-25,Returned
2231,1520,331,2026-04-26,,Active
2232,1758,593,2025-09-12,2025-12-02,Returned
2233,1835,723,2025-03-27,2025-05-15,Returned
2234,1079,188,2026-02-25,2026-03-18,Returned
2235,694,264,2025-08-24,2026-02-13,Returned
2236,427,524,2025-06-18,2026-05-03,Returned
2237,1634,74,2026-05-22,2026-05-27,Returned
2238,629,138,2023-10-22,2025-11-15,Returned
2239,449,531,2025-01-26,2025-12-10,Returned
2240,1464,740,2026-01-23,2026-02-13,Returned
2241,1703,403,2025-02-09,2026-01-18,Returned
2242,910,511,2025-09-06,2026-01-11,Returned
2243,1178,169,2025-07-30,2025-10-13,Returned
2244,1882,152,2026-01-17,2026-03-20,Returned
2245,118,698,2024-11-11,2025-07-24,Returned
2246,280,340,2026-01-08,2026-03-13,Returned
2247,1225,626,2024-03-03,2025-07-07,Returned
2248,764,273,2024-07-17,,Active
2249,1459,426,2026-03-15,2026-04-02,Returned
2250,497,998,2024-10-31,2025-12-28,Returned
2251,1466,995,2024-08-26,2026-01-02,Returned
2252,1724,52,2026-05-30,2026-06-04,Returned
2253,72,545,2024-10-05,,Active
2254,1709,988,2026-05-03,2026-05-29,Returned
2255,257,618,2025-03-31,,Active
2256,1484,41,2026-02-24,2026-03-06,Returned
2257,1721,741,2026-03-21,2026-04-05,Returned
2258,47,681,2024-09-30,2025-01-03,Returned
2259,1562,989,2026-03-27,,Late
2260,1774,223,2024-10-04,2026-05-03,Returned
2261,898,976,2024-03-19,,Late
2262,1482,671,2025-12-05,2026-02-20,Returned
2263,1592,768,2024-08-30,2026-02-10,Returned
2264,686,883,2025-02-06,2026-01-07,Returned
2265,1729,522,2024-12-12,2025-04-30,Returned
2266,1478,214,2025-09-07,2026-04-03,Returned
2267,639,756,2026-04-18,2026-04-27,Returned
2268,342,180,2025-05-07,2026-05-22,Returned
2269,1731,210,2024-01-31,2025-06-26,Returned
2270,1578,734,2025-03-19,2025-04-29,Returned
2271,1621,972,2025-09-17,2026-01-08,Returned
2272,1950,652,2024-02-24,2025-12-03,Returned
2273,539,147,2025-05-13,2025-11-01,Returned
2274,211,475,2025-07-22,2026-02-24,Returned
2275,1275,867,2025-02-13,2026-02-20,Returned
2276,849,540,2024-09-14,2024-09-20,Returned
2277,1243,362,2025-01-07,2025-03-29,Returned
2278,459,463,2025-07-23,,Active
2279,1195,301,2026-04-10,,Late
2280,1374,863,2023-12-27,2025-12-11,Returned
2281,1548,457,2025-07-27,2026-02-12,Returned
2282,284,935,2025-02-14,2026-02-13,Returned
2283,788,646,2025-02-06,2025-06-22,Returned
2284,1436,317,2024-09-18,2025-07-18,Returned
2285,975,472,2025-08-17,2026-04-14,Returned
2286,1651,997,2025-01-01,2025-05-21,Returned
2287,1878,701,2023-08-22,2025-08-25,Returned
2288,540,934,2023-09-18,2025-07-23,Returned
2289,1557,586,2025-12-12,2026-02-22,Returned
2290,1826,671,2025-05-04,2026-03-04,Returned
2291,1346,180,2024-04-24,2026-02-15,Returned
2292,590,248,2025-01-02,2025-10-24,Returned
2293,1607,669,2025-04-07,2025-04-13,Returned
2294,1746,455,2025-10-10,2025-12-21,Returned
2295,1229,52,2023-12-13,2025-05-21,Returned
2296,1833,760,2024-01-24,2024-09-07,Returned
2297,684,596,2025-05-12,2026-04-19,Returned
2298,568,448,2023-08-06,2025-06-10,Returned
2299,380,725,2024-08-24,2025-04-05,Returned
2300,387,390,2023-08-08,2025-02-22,Returned
2301,1965,831,2023-12-07,2025-02-13,Returned
2302,170,669,2024-07-09,2024-09-29,Returned
2303,541,278,2025-09-02,2026-03-30,Returned
2304,875,9,2024-12-27,2025-10-15,Returned
2305,488,941,2025-01-28,2025-04-07,Returned
2306,866,849,2026-04-20,,Late
2307,308,455,2024-08-04,2025-11-20,Returned
2308,702,188,2026-05-12,2026-06-04,Returned
2309,1403,450,2024-10-27,2025-10-10,Returned
2310,368,221,2023-11-06,2024-07-23,Returned
2311,1313,654,2023-08-07,2025-11-28,Returned
2312,1450,365,2024-05-28,2025-12-25,Returned
2313,102,975,2025-01-15,,Late
2314,1347,977,2023-06-28,2025-04-02,Returned
2315,424,446,2026-05-23,2026-05-24,Returned
2316,314,220,2023-07-03,2026-05-23,Returned
2317,433,584,2026-02-06,2026-02-21,Returned
2318,49,942,2023-06-12,2024-10-31,Returned
2319,1240,984,2023-08-17,2024-10-05,Returned
2320,322,610,2024-01-17,2024-08-19,Returned
2321,226,136,2025-07-21,2025-09-09,Returned
2322,1042,30,2025-07-08,2026-02-10,Returned
2323,1253,411,2025-09-02,2026-02-10,Returned
2324,800,892,2025-06-15,2025-10-29,Returned
2325,1885,594,2026-02-04,2026-05-29,Returned
2326,910,550,2024-05-31,2025-05-07,Returned
2327,542,905,2024-11-29,2025-08-19,Returned
2328,1620,751,2024-08-14,2024-10-30,Returned
2329,391,726,2023-09-05,2024-09-06,Returned
2330,715,157,2023-06-16,2024-06-12,Returned
2331,1250,986,2025-05-27,2025-07-31,Returned
2332,820,4,2025-04-16,,Late
2333,158,80,2025-02-11,2025-09-14,Returned
2334,134,71,2023-10-08,,Active
2335,827,158,2024-09-02,2025-05-20,Returned
2336,511,665,2024-01-04,2024-07-02,Returned
2337,833,288,2025-02-07,2025-07-19,Returned
2338,821,41,2023-12-30,2025-05-27,Returned
2339,991,578,2023-09-06,2026-02-17,Returned
2340,1128,976,2024-12-24,2025-10-09,Returned
2341,1063,751,2023-06-14,,Active
2342,1580,862,2026-05-18,2026-06-05,Returned
2343,1222,168,2025-10-30,2026-05-15,Returned
2344,644,6,2023-07-04,2025-07-13,Returned
2345,1277,258,2024-05-16,2024-06-26,Returned
2346,1350,351,2024-03-21,2026-04-12,Returned
2347,1020,267,2026-03-12,2026-05-08,Returned
2348,335,941,2023-11-17,2025-08-23,Returned
2349,1943,357,2023-12-24,,Active
2350,597,529,2023-10-29,,Active
2351,52,865,2025-02-19,2026-04-18,Returned
2352,1883,663,2026-03-05,2026-04-11,Returned
2353,292,225,2023-07-09,2024-02-06,Returned
2354,420,159,2025-11-04,2025-12-07,Returned
2355,1602,256,2023-06-28,2025-03-26,Returned
2356,416,638,2024-03-02,2024-07-09,Returned
2357,1180,454,2023-08-19,2024-02-02,Returned
2358,1751,979,2025-08-20,2026-02-19,Returned
2359,267,602,2024-07-08,2025-11-13,Returned
2360,1654,600,2024-10-02,2026-02-15,Returned
2361,1750,365,2024-10-09,2025-10-17,Returned
2362,1942,24,2024-08-11,2025-01-25,Returned
2363,1295,134,2025-09-11,2025-10-28,Returned
2364,487,626,2025-09-21,2025-12-31,Returned
2365,1290,992,2026-01-16,2026-02-15,Returned
2366,1817,795,2024-08-26,2025-09-24,Returned
2367,1564,715,2023-08-28,2026-02-04,Returned
2368,1333,146,2025-11-13,,Active
2369,459,74,2025-05-23,2026-05-25,Returned
2370,1770,854,2025-12-31,2026-04-08,Returned
2371,1725,619,2025-07-28,2025-11-16,Returned
2372,1668,390,2024-10-14,2026-03-03,Returned
2373,1940,362,2024-01-17,,Late
2374,1414,870,2026-02-14,2026-05-12,Returned
2375,1348,35,2026-04-02,2026-06-02,Returned
2376,927,972,2024-03-06,2024-10-19,Returned
2377,886,439,2023-09-10,2024-06-21,Returned
2378,873,831,2025-02-28,2026-06-06,Returned
2379,391,371,2024-08-27,2025-10-28,Returned
2380,1611,463,2024-08-21,2025-03-04,Returned
2381,1012,965,2024-04-08,2025-04-04,Returned
2382,1600,646,2025-09-12,2025-10-28,Returned
2383,761,321,2023-06-28,2024-01-23,Returned
2384,1001,423,2024-10-06,2025-11-08,Returned
2385,1803,399,2025-03-12,2026-04-17,Returned
2386,1400,526,2024-03-16,2026-02-03,Returned
2387,281,537,2025-02-04,2025-10-21,Returned
2388,379,983,2024-02-10,2025-04-24,Returned
2389,1195,489,2026-04-22,2026-05-15,Returned
2390,62,950,2025-10-12,2026-01-31,Returned
2391,1014,200,2026-04-26,2026-05-08,Returned
2392,254,435,2025-05-22,2025-06-25,Returned
2393,481,462,2025-03-25,2025-09-06,Returned
2394,1287,970,2023-09-28,2024-01-24,Returned
2395,550,849,2025-11-26,2025-12-06,Returned
2396,138,985,2024-01-09,2024-10-23,Returned
2397,19,979,2026-01-03,2026-03-02,Returned
2398,755,613,2024-06-21,2025-08-11,Returned
2399,1969,156,2023-10-05,2023-12-16,Returned
2400,394,219,2023-06-16,2025-10-23,Returned
2401,1735,852,2025-05-11,2026-01-14,Returned
2402,1165,662,2023-10-23,2025-08-23,Returned
2403,354,150,2025-12-11,,Active
2404,692,554,2026-02-24,2026-05-30,Returned
2405,1560,643,2026-06-01,2026-06-04,Returned
2406,300,135,2024-10-09,2025-04-15,Returned
2407,1217,737,2024-09-24,2024-09-29,Returned
2408,962,524,2023-07-24,2023-07-27,Returned
2409,1308,427,2026-01-28,2026-04-05,Returned
2410,953,906,2024-08-26,2025-02-02,Returned
2411,522,472,2026-03-14,2026-04-24,Returned
2412,803,957,2025-01-08,2025-04-22,Returned
2413,1424,983,2025-05-29,2026-05-29,Returned
2414,1081,200,2025-10-03,2025-11-10,Returned
2415,358,510,2024-05-05,2024-05-11,Returned
2416,1782,528,2025-09-16,2025-12-12,Returned
2417,1142,506,2023-10-02,2025-08-28,Returned
2418,1252,385,2024-10-30,2026-04-26,Returned
2419,170,567,2025-01-14,2026-06-06,Returned
2420,1198,830,2024-03-10,2025-01-28,Returned
2421,1401,853,2023-11-22,2025-02-21,Returned
2422,1615,516,2023-12-29,2024-05-04,Returned
2423,838,822,2024-09-14,2025-04-29,Returned
2424,69,44,2025-09-07,2025-09-28,Returned
2425,314,819,2024-07-12,2026-01-09,Returned
2426,1013,743,2025-03-10,2025-12-16,Returned
2427,301,41,2023-07-10,2025-06-10,Returned
2428,860,594,2025-07-08,2025-08-09,Returned
2429,959,80,2023-07-18,2024-12-27,Returned
2430,1014,172,2023-08-09,,Active
2431,62,771,2023-10-31,2025-05-22,Returned
2432,1671,503,2026-05-07,2026-05-29,Returned
2433,673,914,2024-03-25,2026-03-12,Returned
2434,1511,703,2025-10-27,2026-04-03,Returned
2435,1119,219,2023-09-13,2025-03-22,Returned
2436,414,583,2023-11-24,2024-09-08,Returned
2437,138,752,2024-12-01,2025-10-31,Returned
2438,1105,928,2026-05-17,2026-05-31,Returned
2439,1391,876,2025-04-29,2025-07-30,Returned
2440,895,609,2025-07-06,,Late
2441,669,371,2025-03-16,2026-01-24,Returned
2442,1399,169,2023-06-14,,Late
2443,751,598,2025-09-11,2025-10-04,Returned
2444,1524,847,2023-07-27,2023-11-03,Returned
2445,328,521,2024-02-01,2025-12-27,Returned
2446,42,623,2026-05-17,2026-05-20,Returned
2447,1878,537,2023-09-30,2024-06-29,Returned
2448,1798,47,2025-02-22,2025-11-13,Returned
2449,678,91,2023-08-12,,Active
2450,508,740,2026-03-20,2026-04-23,Returned
2451,394,858,2025-07-21,2026-01-19,Returned
2452,455,51,2023-08-20,2025-03-17,Returned
2453,1226,323,2023-11-28,2026-03-25,Returned
2454,636,998,2026-01-11,2026-05-18,Returned
2455,1772,137,2025-09-13,2025-11-10,Returned
2456,1506,811,2023-08-30,2025-10-14,Returned
2457,1700,82,2026-02-08,2026-05-24,Returned
2458,188,866,2024-10-16,2025-04-25,Returned
2459,1308,185,2023-08-31,2025-12-13,Returned
2460,1370,873,2024-08-15,,Active
2461,1116,100,2024-05-02,2025-04-07,Returned
2462,1366,527,2024-10-24,2025-02-19,Returned
2463,562,578,2026-04-03,2026-04-08,Returned
2464,760,38,2024-06-04,2024-12-10,Returned
2465,1796,607,2023-11-09,2025-03-26,Returned
2466,1757,853,2024-01-29,2025-04-27,Returned
2467,479,516,2023-07-28,2024-04-22,Returned
2468,711,921,2025-07-17,2026-03-20,Returned
2469,498,862,2023-10-15,2024-06-17,Returned
2470,170,910,2023-07-22,2023-09-24,Returned
2471,615,785,2025-06-06,,Late
2472,1637,885,2023-10-29,2024-06-17,Returned
2473,1581,922,2025-07-14,2026-03-20,Returned
2474,283,578,2026-01-04,2026-02-12,Returned
2475,334,696,2026-02-04,2026-05-22,Returned
2476,1131,953,2024-01-24,2025-11-10,Returned
2477,1338,758,2024-01-26,2024-02-12,Returned
2478,69,324,2024-10-15,,Active
2479,333,411,2023-07-03,2023-07-31,Returned
2480,1112,412,2024-01-22,2025-12-30,Returned
2481,530,155,2024-03-26,2024-11-05,Returned
2482,589,816,2025-05-25,2025-11-23,Returned
2483,842,531,2026-03-07,2026-05-18,Returned
2484,1340,605,2026-04-10,2026-05-30,Returned
2485,1318,361,2024-07-29,2026-05-20,Returned
2486,1879,691,2024-12-10,2026-03-12,Returned
2487,427,67,2025-11-02,2026-04-30,Returned
2488,1465,969,2025-04-12,2026-05-29,Returned
2489,282,675,2024-05-14,2024-06-06,Returned
2490,194,304,2023-11-20,2024-03-22,Returned
2491,1608,715,2024-04-28,2024-08-11,Returned
2492,65,357,2025-11-30,2025-12-11,Returned
2493,207,569,2023-12-09,2025-07-06,Returned
2494,1928,788,2024-10-05,2025-07-06,Returned
2495,1650,663,2023-09-15,2024-07-31,Returned
2496,1859,90,2025-12-02,2026-03-15,Returned
2497,1428,21,2024-09-11,2024-10-28,Returned
2498,1465,839,2025-08-23,2025-10-30,Returned
2499,1040,420,2025-02-28,,Active
2500,996,790,2026-03-20,2026-04-06,Returned
2501,325,709,2026-03-04,2026-03-05,Returned
2502,205,990,2024-08-13,2026-04-07,Returned
2503,413,402,2026-04-09,2026-04-29,Returned
2504,935,557,2024-05-18,2025-01-04,Returned
2505,1216,882,2024-06-18,2024-06-30,Returned
2506,872,467,2024-06-15,2026-03-03,Returned
2507,760,786,2024-10-20,2026-03-17,Returned
2508,129,497,2025-10-15,2025-11-26,Returned
2509,1904,307,2024-04-01,2025-04-27,Returned
2510,1400,425,2026-05-13,2026-06-06,Returned
2511,955,437,2023-12-11,2025-07-31,Returned
2512,1119,902,2025-05-07,2026-03-04,Returned
2513,1932,924,2025-12-03,2026-04-02,Returned
2514,314,321,2025-02-14,2025-07-06,Returned
2515,662,745,2025-10-26,2026-02-08,Returned
2516,749,507,2026-04-14,2026-04-18,Returned
2517,1154,549,2024-04-16,2025-01-06,Returned
2518,1071,386,2025-11-01,2025-12-23,Returned
2519,1007,447,2025-11-06,2026-05-27,Returned
2520,869,599,2024-03-14,2026-05-30,Returned
2521,94,946,2025-07-26,2025-09-11,Returned
2522,1323,42,2023-08-17,2023-10-17,Returned
2523,1354,347,2024-11-19,,Active
2524,1020,970,2024-12-08,2025-08-31,Returned
2525,873,924,2024-11-21,2024-12-10,Returned
2526,35,133,2024-08-29,,Late
2527,1327,739,2024-03-08,2025-09-11,Returned
2528,294,768,2025-12-05,2026-02-06,Returned
2529,1498,157,2026-03-23,2026-04-29,Returned
2530,1977,919,2025-04-05,2025-06-27,Returned
2531,1258,740,2024-01-07,2025-01-12,Returned
2532,1139,201,2023-09-18,2024-09-17,Returned
2533,182,642,2024-12-15,2025-08-24,Returned
2534,274,246,2025-08-21,2025-10-22,Returned
2535,38,627,2024-05-12,2025-10-28,Returned
2536,1309,273,2024-07-27,2026-03-23,Returned
2537,310,384,2023-07-08,2024-02-15,Returned
2538,257,936,2025-01-03,2026-02-16,Returned
2539,853,519,2025-03-21,2026-04-28,Returned
2540,1745,995,2023-12-06,2025-06-19,Returned
2541,132,446,2024-08-15,,Active
2542,175,299,2023-12-30,2024-10-14,Returned
2543,1612,854,2025-04-16,2025-10-23,Returned
2544,280,28,2025-06-29,2026-04-01,Returned
2545,1668,725,2023-09-06,2025-07-09,Returned
2546,762,880,2024-10-03,2025-09-15,Returned
2547,535,809,2026-01-15,2026-03-03,Returned
2548,1443,39,2025-08-16,2026-04-22,Returned
2549,893,43,2024-10-20,2025-07-29,Returned
2550,681,44,2023-08-12,2023-11-18,Returned
2551,1129,326,2026-01-05,2026-02-04,Returned
2552,116,417,2025-01-02,2026-01-02,Returned
2553,1561,552,2024-04-05,2025-08-11,Returned
2554,1160,15,2026-03-27,2026-05-10,Returned
2555,1968,225,2024-07-05,2025-03-16,Returned
2556,1596,389,2023-07-02,2025-06-03,Returned
2557,123,392,2023-06-14,2026-03-08,Returned
2558,187,663,2024-09-04,2026-03-26,Returned
2559,1785,985,2024-06-01,2024-11-28,Returned
2560,884,115,2024-07-19,2026-02-21,Returned
2561,1420,437,2024-09-22,,Active
2562,1107,638,2025-07-18,2026-04-02,Returned
2563,1054,56,2024-03-18,2024-04-10,Returned
2564,640,943,2023-06-10,2025-02-23,Returned
2565,1518,279,2026-03-25,2026-04-08,Returned
2566,1277,659,2024-05-12,2025-10-03,Returned
2567,928,405,2023-12-23,2024-06-08,Returned
2568,945,982,2025-07-17,2026-01-01,Returned
2569,363,575,2026-06-03,2026-06-03,Returned
2570,1983,39,2025-07-09,2026-01-03,Returned
2571,648,591,2024-12-28,2025-12-28,Returned
2572,410,271,2025-03-19,2025-08-11,Returned
2573,828,955,2024-10-15,2025-08-30,Returned
2574,301,880,2023-11-27,2026-02-07,Returned
2575,733,445,2023-06-26,2024-10-31,Returned
2576,350,322,2025-10-11,2025-12-04,Returned
2577,538,882,2026-03-18,2026-04-06,Returned
2578,39,739,2025-01-31,2026-04-17,Returned
2579,509,963,2023-06-27,2026-05-09,Returned
2580,456,556,2025-08-22,2026-05-28,Returned
2581,1406,379,2024-04-02,2025-01-23,Returned
2582,1886,82,2023-11-03,2026-01-13,Returned
2583,1829,350,2026-03-16,2026-05-16,Returned
2584,169,325,2026-02-25,2026-04-28,Returned
2585,263,765,2023-06-08,2025-10-26,Returned
2586,1550,865,2026-02-02,2026-02-02,Returned
2587,1547,950,2026-06-05,2026-06-06,Returned
2588,289,240,2024-08-24,2026-01-02,Returned
2589,1087,925,2025-10-04,2026-01-02,Returned
2590,1006,425,2023-12-20,,Active
2591,213,910,2025-10-16,2026-02-01,Returned
2592,700,247,2025-06-02,2025-11-15,Returned
2593,1623,555,2023-06-27,2025-07-22,Returned
2594,1372,270,2025-09-24,2025-10-07,Returned
2595,1315,195,2025-01-29,2026-05-08,Returned
2596,238,427,2023-09-23,,Active
2597,82,637,2026-06-06,2026-06-06,Returned
2598,1324,455,2026-04-05,2026-05-13,Returned
2599,1559,110,2025-06-27,2026-03-13,Returned
2600,1124,69,2025-02-05,2025-06-03,Returned
2601,414,809,2023-12-12,2026-01-21,Returned
2602,1196,524,2024-12-23,2026-02-01,Returned
2603,121,486,2024-10-08,2025-08-27,Returned
2604,384,71,2025-03-17,2026-06-06,Returned
2605,1391,174,2024-03-22,2025-12-31,Returned
2606,1400,288,2023-09-14,2025-05-10,Returned
2607,1370,20,2024-01-05,2026-01-17,Returned
2608,1372,610,2024-03-15,2025-04-01,Returned
2609,789,883,2023-11-26,2024-04-06,Returned
2610,1847,103,2024-01-13,2025-10-14,Returned
2611,1275,966,2023-08-23,,Active
2612,225,197,2026-05-27,2026-06-05,Returned
2613,163,680,2023-06-22,2024-03-12,Returned
2614,542,849,2025-08-28,2026-01-28,Returned
2615,7,710,2023-10-16,2025-02-10,Returned
2616,589,111,2026-02-09,2026-04-17,Returned
2617,1315,612,2024-10-08,2024-10-13,Returned
2618,943,39,2025-01-17,2026-04-13,Returned
2619,1319,221,2026-05-31,2026-06-04,Returned
2620,923,278,2025-10-19,2026-02-09,Returned
2621,1457,926,2025-11-28,2025-12-07,Returned
2622,852,105,2025-11-03,2026-01-21,Returned
2623,1926,539,2025-10-14,2026-02-24,Returned
2624,1067,652,2025-05-25,2025-11-11,Returned
2625,8,956,2024-11-14,2026-03-04,Returned
2626,559,563,2024-11-06,,Active
2627,20,194,2023-09-07,2025-04-20,Returned
2628,1843,27,2026-03-15,2026-05-30,Returned
2629,565,496,2024-01-31,2025-11-01,Returned
2630,1697,946,2026-03-26,,Active
2631,1623,962,2024-08-25,2025-06-06,Returned
2632,746,727,2026-05-25,2026-05-31,Returned
2633,1331,952,2024-01-22,2024-10-27,Returned
2634,682,490,2025-11-12,2025-12-09,Returned
2635,1990,770,2023-08-31,2026-01-19,Returned
2636,1046,770,2025-04-11,2026-05-23,Returned
2637,1991,495,2026-02-15,2026-05-20,Returned
2638,1330,781,2025-11-28,2026-03-02,Returned
2639,849,891,2025-09-27,2026-03-23,Returned
2640,1097,858,2025-12-12,2026-01-28,Returned
2641,1710,369,2025-04-18,2025-12-08,Returned
2642,44,157,2024-06-06,2024-08-18,Returned
2643,578,354,2023-07-20,2026-02-27,Returned
2644,758,488,2025-07-20,2025-12-28,Returned
2645,56,527,2023-08-21,2025-10-01,Returned
2646,1712,210,2025-08-23,2026-02-21,Returned
2647,782,644,2025-06-05,2025-12-03,Returned
2648,213,537,2024-04-10,2025-06-13,Returned
2649,1237,491,2025-01-10,2026-03-02,Returned
2650,1144,865,2024-12-07,2026-02-02,Returned
2651,1034,853,2026-04-03,2026-05-10,Returned
2652,1530,181,2024-12-28,,Active
2653,207,912,2024-08-15,2025-09-18,Returned
2654,475,550,2023-07-08,2024-11-24,Returned
2655,1346,339,2024-10-15,2025-03-06,Returned
2656,349,827,2024-08-16,2025-11-05,Returned
2657,547,564,2024-02-12,2025-01-20,Returned
2658,1,721,2025-12-23,2026-02-19,Returned
2659,403,990,2024-07-19,2025-06-18,Returned
2660,1509,810,2023-12-01,2023-12-07,Returned
2661,1226,599,2025-12-24,2026-04-12,Returned
2662,1042,610,2024-01-21,2024-02-08,Returned
2663,1171,65,2025-04-29,2026-03-26,Returned
2664,914,96,2024-01-21,2025-07-12,Returned
2665,1682,72,2024-12-15,2026-02-12,Returned
2666,1233,537,2025-01-26,2025-08-23,Returned
2667,739,308,2023-11-29,2025-01-28,Returned
2668,1101,82,2024-05-25,2024-12-01,Returned
2669,575,218,2025-05-28,2026-01-06,Returned
2670,268,3,2024-01-06,2026-03-12,Returned
2671,1197,856,2024-08-19,2025-06-22,Returned
2672,1856,160,2024-08-28,2025-08-16,Returned
2673,995,749,2024-02-12,2025-05-10,Returned
2674,6,65,2025-11-12,2025-12-02,Returned
2675,181,383,2023-10-19,2024-06-15,Returned
2676,971,445,2025-10-03,2026-04-17,Returned
2677,1880,68,2023-10-10,2025-02-13,Returned
2678,1455,172,2025-04-05,2026-01-04,Returned
2679,938,676,2025-12-07,2026-03-13,Returned
2680,401,769,2026-02-14,2026-05-20,Returned
2681,754,714,2026-02-18,2026-05-05,Returned
2682,1664,40,2023-12-01,,Active
2683,62,174,2023-10-09,2026-03-02,Returned
2684,420,248,2024-09-13,2026-05-21,Returned
2685,1223,556,2026-04-17,2026-04-26,Returned
2686,496,829,2024-08-22,2025-06-20,Returned
2687,498,183,2023-08-19,2025-03-05,Returned
2688,1088,483,2023-11-26,2024-06-13,Returned
2689,1886,412,2024-10-15,2024-10-23,Returned
2690,1089,612,2023-11-24,2025-04-26,Returned
2691,1268,387,2024-02-01,2025-07-19,Returned
2692,1314,981,2024-05-20,2025-05-11,Returned
2693,1656,107,2024-03-14,2025-09-19,Returned
2694,1587,866,2023-10-18,2024-08-08,Returned
2695,172,634,2024-03-20,2025-01-26,Returned
2696,1659,927,2023-06-14,2026-05-16,Returned
2697,1687,244,2024-05-24,2024-09-23,Returned
2698,74,966,2024-05-02,2024-07-04,Returned
2699,225,717,2024-03-25,2025-03-01,Returned
2700,1771,678,2024-02-01,2026-02-19,Returned
2701,649,282,2025-07-13,2026-04-14,Returned
2702,512,152,2024-07-27,2025-03-02,Returned
2703,1331,513,2024-10-01,2026-01-19,Returned
2704,368,109,2025-09-13,2026-01-28,Returned
2705,1151,980,2026-02-04,2026-04-30,Returned
2706,788,714,2025-08-08,2025-12-03,Returned
2707,833,432,2025-12-05,2026-01-02,Returned
2708,98,231,2023-06-26,2025-06-07,Returned
2709,261,190,2026-03-13,2026-06-06,Returned
2710,693,435,2025-05-20,2026-06-04,Returned
2711,778,514,2023-06-25,2025-01-20,Returned
2712,668,742,2023-12-21,2024-02-27,Returned
2713,1186,492,2025-07-03,2025-08-13,Returned
2714,1471,557,2025-11-24,2025-12-27,Returned
2715,1517,160,2026-03-12,2026-04-28,Returned
2716,1419,983,2024-02-22,2025-07-16,Returned
2717,535,274,2023-12-29,2024-11-16,Returned
2718,668,253,2023-06-13,2024-11-02,Returned
2719,740,370,2025-01-11,2025-09-20,Returned
2720,1613,724,2026-01-22,,Active
2721,110,168,2025-06-23,2026-02-26,Returned
2722,1269,758,2024-04-02,2026-05-13,Returned
2723,1563,8,2024-07-16,2026-03-21,Returned
2724,159,699,2023-08-27,2023-09-03,Returned
2725,1299,476,2026-04-01,2026-05-25,Returned
2726,934,911,2024-05-06,,Active
2727,1782,101,2026-05-13,2026-05-23,Returned
2728,1464,477,2025-10-30,2026-06-02,Returned
2729,811,160,2025-07-12,2025-12-23,Returned
2730,549,195,2024-02-03,2026-01-29,Returned
2731,724,943,2024-03-19,,Active
2732,1725,750,2024-01-04,2024-06-05,Returned
2733,188,272,2024-10-08,2025-12-22,Returned
2734,1898,786,2026-03-04,2026-03-14,Returned
2735,377,478,2024-10-09,2025-09-07,Returned
2736,1524,161,2025-01-09,,Active
2737,1939,767,2026-03-25,2026-03-26,Returned
2738,1994,69,2024-08-09,2026-02-12,Returned
2739,1751,659,2025-02-25,2026-01-26,Returned
2740,280,257,2025-02-12,2025-03-15,Returned
2741,1847,889,2023-06-19,2023-09-12,Returned
2742,236,123,2025-01-26,2025-11-20,Returned
2743,544,715,2024-03-10,2025-01-29,Returned
2744,1770,76,2026-03-19,2026-03-19,Returned
2745,1563,688,2023-09-23,,Active
2746,435,260,2025-12-11,2026-02-02,Returned
2747,387,565,2024-08-04,2024-12-19,Returned
2748,1879,578,2024-08-07,2025-11-23,Returned
2749,1692,352,2024-08-21,2026-01-10,Returned
2750,1957,531,2024-01-02,,Late
2751,186,876,2023-11-14,2025-08-27,Returned
2752,1047,587,2025-01-08,,Active
2753,572,367,2023-09-04,2026-01-26,Returned
2754,394,9,2024-11-01,2026-04-02,Returned
2755,1069,431,2025-12-22,2026-03-19,Returned
2756,1016,953,2026-04-29,2026-05-21,Returned
2757,1559,394,2026-05-02,2026-05-25,Returned
2758,859,739,2025-08-06,2025-09-22,Returned
2759,1478,522,2025-10-12,2026-01-15,Returned
2760,1432,362,2025-02-15,,Late
2761,694,111,2025-07-22,,Active
2762,1006,41,2024-08-19,2025-12-22,Returned
2763,995,937,2025-10-14,2025-12-10,Returned
2764,652,475,2025-11-17,2026-01-04,Returned
2765,1038,615,2024-07-11,2025-08-14,Returned
2766,858,244,2024-11-18,2026-01-16,Returned
2767,138,731,2023-12-29,2025-06-03,Returned
2768,820,236,2024-09-17,2026-01-02,Returned
2769,959,398,2023-07-25,2025-12-31,Returned
2770,1122,206,2025-07-18,2025-07-24,Returned
2771,419,879,2024-04-20,2025-10-14,Returned
2772,482,413,2024-08-23,2025-01-13,Returned
2773,1612,668,2025-06-09,2025-11-28,Returned
2774,987,773,2025-06-05,2025-12-31,Returned
2775,2000,274,2024-02-01,2026-06-01,Returned
2776,1570,764,2025-03-27,2025-10-15,Returned
2777,195,330,2023-07-27,2023-12-28,Returned
2778,1488,421,2023-12-26,2025-03-29,Returned
2779,298,743,2025-03-15,2026-01-26,Returned
2780,1948,39,2023-10-14,2025-10-02,Returned
2781,1861,648,2024-02-22,2024-08-23,Returned
2782,179,990,2023-09-17,2024-09-18,Returned
2783,875,161,2023-09-09,2026-06-06,Returned
2784,1654,599,2026-04-06,2026-04-11,Returned
2785,1191,272,2024-04-24,2025-01-01,Returned
2786,1966,978,2025-12-24,2026-01-17,Returned
2787,98,337,2023-12-27,2025-04-30,Returned
2788,343,175,2024-09-22,2024-09-25,Returned
2789,265,316,2026-04-14,2026-05-01,Returned
2790,409,963,2025-05-14,2026-01-09,Returned
2791,1698,740,2026-04-21,2026-04-28,Returned
2792,984,205,2023-12-13,2024-10-08,Returned
2793,611,724,2025-03-14,2026-04-27,Returned
2794,1175,269,2025-11-11,2026-01-09,Returned
2795,99,562,2024-08-03,2025-11-14,Returned
2796,1494,718,2023-08-23,,Active
2797,1694,362,2026-02-28,2026-04-14,Returned
2798,1797,353,2026-05-20,2026-05-26,Returned
2799,443,837,2025-09-17,2026-05-18,Returned
2800,1479,547,2024-06-18,2025-10-28,Returned
2801,1853,912,2026-02-13,2026-02-26,Returned
2802,517,955,2024-05-25,2025-01-01,Returned
2803,80,668,2023-08-14,2025-07-12,Returned
2804,1245,686,2026-04-03,2026-06-01,Returned
2805,221,678,2024-10-24,2025-10-18,Returned
2806,1538,882,2023-11-13,2026-05-13,Returned
2807,930,110,2025-07-19,2025-11-26,Returned
2808,1813,263,2024-06-08,2024-10-23,Returned
2809,130,571,2024-05-24,2026-03-27,Returned
2810,947,466,2023-07-28,2025-03-18,Returned
2811,1350,17,2025-04-28,2025-04-30,Returned
2812,893,751,2024-05-30,2025-02-06,Returned
2813,27,187,2024-06-22,,Active
2814,1466,979,2025-03-10,2025-06-23,Returned
2815,922,481,2025-11-05,,Active
2816,21,966,2025-09-16,2026-03-22,Returned
2817,1429,966,2024-05-07,2025-08-01,Returned
2818,939,400,2026-05-25,2026-06-03,Returned
2819,1382,848,2024-11-18,2025-10-03,Returned
2820,180,799,2024-09-01,2025-11-12,Returned
2821,472,27,2023-09-30,2024-03-07,Returned
2822,620,33,2024-04-13,2025-12-05,Returned
2823,669,156,2023-09-27,2025-11-11,Returned
2824,1846,92,2025-09-06,2025-10-02,Returned
2825,821,179,2026-04-24,2026-05-06,Returned
2826,1922,748,2026-06-06,2026-06-06,Returned
2827,73,376,2023-12-08,,Late
2828,1432,967,2024-04-30,2024-06-23,Returned
2829,588,305,2023-08-06,2025-01-22,Returned
2830,548,580,2024-11-08,2026-03-07,Returned
2831,495,698,2024-07-08,2025-09-12,Returned
2832,1441,74,2026-01-03,2026-05-08,Returned
2833,390,282,2025-12-29,,Active
2834,896,13,2024-11-19,,Active
2835,1514,703,2023-11-23,2024-03-16,Returned
2836,374,6,2023-11-14,2024-08-17,Returned
2837,1195,1000,2024-12-18,2025-07-05,Returned
2838,554,892,2025-10-04,2026-04-13,Returned
2839,364,729,2023-09-08,2024-01-15,Returned
2840,1618,964,2026-01-10,2026-04-19,Returned
2841,1544,367,2023-11-06,2024-11-14,Returned
2842,1930,703,2024-08-09,2024-08-21,Returned
2843,1022,981,2025-02-18,2026-05-13,Returned
2844,1331,639,2025-11-08,,Active
2845,1118,125,2025-04-16,2025-07-26,Returned
2846,1540,790,2025-08-21,2026-01-25,Returned
2847,1341,485,2025-09-07,2025-09-25,Returned
2848,285,900,2024-01-09,2024-08-01,Returned
2849,172,674,2026-04-18,,Active
2850,586,243,2025-03-03,2025-03-06,Returned
2851,1705,453,2025-06-08,2026-03-28,Returned
2852,1737,249,2026-03-02,2026-05-02,Returned
2853,1117,620,2025-04-17,2025-09-25,Returned
2854,1015,815,2023-12-24,2026-01-20,Returned
2855,36,213,2023-07-25,2024-01-29,Returned
2856,672,98,2024-10-09,2026-05-10,Returned
2857,1644,293,2023-08-21,2025-12-19,Returned
2858,1713,207,2025-03-05,2026-03-19,Returned
2859,1045,730,2025-01-25,2025-08-03,Returned
2860,273,492,2024-05-01,2024-07-11,Returned
2861,752,910,2026-05-21,2026-05-21,Returned
2862,1915,316,2025-01-21,2025-03-20,Returned
2863,1645,514,2023-12-19,2024-12-13,Returned
2864,456,747,2025-03-23,2025-06-23,Returned
2865,1750,40,2026-02-16,2026-04-24,Returned
2866,362,101,2024-11-26,,Active
2867,615,819,2025-01-15,2025-11-16,Returned
2868,970,433,2024-10-11,,Active
2869,1724,99,2025-03-31,,Active
2870,993,671,2023-10-18,,Late
2871,981,879,2025-06-02,,Active
2872,1908,721,2025-02-27,2026-01-29,Returned
2873,1885,263,2025-02-21,2025-06-06,Returned
2874,536,110,2025-03-07,2025-03-29,Returned
2875,490,69,2026-04-04,2026-04-18,Returned
2876,292,79,2025-05-11,2026-01-23,Returned
2877,482,116,2024-07-28,2024-12-30,Returned
2878,1508,253,2025-09-11,2026-04-16,Returned
2879,861,110,2025-04-26,2025-10-20,Returned
2880,1136,522,2023-11-27,2025-04-25,Returned
2881,362,683,2024-12-27,,Late
2882,262,172,2023-06-08,2026-02-25,Returned
2883,815,931,2026-05-21,2026-05-27,Returned
2884,1124,299,2025-06-26,2025-09-30,Returned
2885,650,449,2025-06-29,2026-01-14,Returned
2886,126,803,2025-02-06,2026-01-24,Returned
2887,1819,425,2024-12-02,,Active
2888,643,655,2023-09-09,2026-05-17,Returned
2889,454,775,2024-10-21,2025-11-09,Returned
2890,238,88,2024-03-03,2026-05-01,Returned
2891,482,571,2024-06-16,2025-10-27,Returned
2892,79,204,2024-08-03,2024-11-19,Returned
2893,122,435,2025-10-01,2026-02-23,Returned
2894,1791,650,2023-07-28,2026-06-03,Returned
2895,1919,710,2024-11-10,2025-07-07,Returned
2896,817,499,2025-07-19,2026-05-17,Returned
2897,1293,870,2025-11-26,,Active
2898,1963,899,2024-03-05,2024-07-03,Returned
2899,1767,555,2026-05-03,2026-05-08,Returned
2900,1599,834,2024-03-14,2025-03-28,Returned
2901,296,613,2025-07-12,2026-01-16,Returned
2902,1345,914,2025-10-10,2025-12-04,Returned
2903,1729,409,2025-11-04,2026-02-21,Returned
2904,1866,913,2026-03-31,2026-05-24,Returned
2905,849,289,2024-07-05,2025-06-13,Returned
2906,1229,356,2025-02-28,2026-01-14,Returned
2907,1526,217,2025-04-25,2026-03-22,Returned
2908,1689,358,2025-07-12,2025-10-27,Returned
2909,1471,718,2025-06-20,2025-09-11,Returned
2910,1189,18,2023-09-10,,Active
2911,1301,326,2024-06-10,,Late
2912,1285,784,2025-05-09,2025-05-15,Returned
2913,1307,272,2024-10-09,2024-11-20,Returned
2914,1811,88,2024-07-08,2026-05-01,Returned
2915,625,653,2024-05-30,2026-05-07,Returned
2916,1747,847,2023-07-28,2024-10-10,Returned
2917,1322,722,2025-05-03,2025-10-14,Returned
2918,1709,158,2025-01-08,2025-02-07,Returned
2919,1203,737,2025-01-10,2025-06-09,Returned
2920,426,521,2024-12-05,2026-03-16,Returned
2921,442,917,2024-02-24,2024-09-22,Returned
2922,1710,126,2023-08-08,2026-04-18,Returned
2923,446,795,2026-05-22,2026-05-28,Returned
2924,519,648,2026-02-22,2026-04-22,Returned
2925,472,607,2024-10-22,2024-12-30,Returned
2926,40,948,2025-02-06,2025-08-10,Returned
2927,942,457,2025-10-25,2026-03-01,Returned
2928,724,42,2026-05-05,,Late
2929,611,256,2024-11-03,2025-12-14,Returned
2930,1396,127,2024-01-13,2024-04-21,Returned
2931,637,958,2025-12-13,2026-04-16,Returned
2932,802,414,2023-10-22,2025-05-15,Returned
2933,361,783,2025-08-30,,Late
2934,1187,712,2026-02-24,2026-03-02,Returned
2935,640,681,2024-01-16,2024-05-15,Returned
2936,486,218,2025-04-27,2025-04-28,Returned
2937,1830,142,2024-02-07,2025-09-29,Returned
2938,1951,297,2024-11-23,2025-07-13,Returned
2939,517,453,2023-06-12,,Active
2940,1307,292,2024-08-14,2025-06-12,Returned
2941,765,299,2024-04-23,2025-12-20,Returned
2942,90,767,2025-08-22,2026-02-27,Returned
2943,261,760,2025-12-29,2026-03-18,Returned
2944,1058,75,2026-05-21,2026-05-30,Returned
2945,1945,500,2025-09-25,2026-05-30,Returned
2946,1428,929,2024-01-01,2024-05-14,Returned
2947,1873,703,2024-08-08,2024-12-09,Returned
2948,801,80,2024-12-27,,Active
2949,337,953,2025-05-18,,Late
2950,526,386,2025-05-18,,Active
2951,1537,957,2024-02-26,2026-04-22,Returned
2952,1039,435,2025-09-03,2026-04-02,Returned
2953,1248,475,2025-07-08,2026-01-08,Returned
2954,219,331,2025-09-10,2026-01-15,Returned
2955,502,566,2026-04-22,2026-04-27,Returned
2956,810,27,2026-05-10,,Active
2957,318,796,2023-07-02,2023-07-31,Returned
2958,516,179,2025-07-08,2025-08-07,Returned
2959,683,198,2026-02-04,2026-03-19,Returned
2960,303,900,2024-03-04,,Late
2961,1835,1000,2025-07-19,2025-12-28,Returned
2962,773,436,2024-04-07,2025-01-27,Returned
2963,282,769,2025-08-19,2026-04-11,Returned
2964,1273,45,2026-04-05,2026-04-09,Returned
2965,1260,197,2023-09-11,2026-01-15,Returned
2966,68,42,2024-08-05,2026-04-21,Returned
2967,1402,81,2023-11-18,2025-01-07,Returned
2968,1371,825,2026-04-09,2026-04-12,Returned
2969,1436,731,2024-03-05,2026-04-09,Returned
2970,1478,276,2026-02-11,2026-03-01,Returned
2971,1360,788,2024-01-27,2025-02-20,Returned
2972,52,702,2024-04-02,2025-06-02,Returned
2973,1224,181,2025-07-08,2025-11-08,Returned
2974,804,273,2025-08-07,2026-02-15,Returned
2975,760,512,2025-06-17,2025-12-19,Returned
2976,207,771,2025-01-26,2026-01-17,Returned
2977,1610,706,2025-08-10,2025-11-16,Returned
2978,521,713,2023-11-21,2026-04-18,Returned
2979,1489,890,2024-01-29,2024-02-23,Returned
2980,1555,586,2024-07-29,2026-04-25,Returned
2981,984,343,2024-11-19,2025-04-01,Returned
2982,1279,425,2026-02-03,2026-02-20,Returned
2983,53,914,2026-06-04,2026-06-05,Returned
2984,1783,316,2025-06-26,,Active
2985,1413,804,2023-11-03,2024-02-24,Returned
2986,1418,723,2025-03-25,2026-03-26,Returned
2987,547,852,2024-11-11,2024-12-25,Returned
2988,1331,844,2024-08-15,2025-03-14,Returned
2989,855,782,2023-07-26,2023-10-27,Returned
2990,62,935,2025-09-07,,Active
2991,1062,328,2025-01-26,2026-01-07,Returned
2992,1877,854,2026-01-30,2026-06-04,Returned
2993,1211,756,2024-04-07,2025-02-01,Returned
2994,1867,323,2025-02-19,2025-03-07,Returned
2995,841,970,2023-12-01,2024-12-05,Returned
2996,1296,994,2025-03-19,2026-02-03,Returned
2997,1154,501,2025-10-28,,Active
2998,319,466,2026-02-05,2026-02-10,Returned
2999,678,408,2024-06-15,2026-02-06,Returned
3000,457,915,2026-04-02,,Active
3001,1621,483,2025-07-24,,Active
3002,1876,305,2024-03-16,2025-06-08,Returned
3003,260,236,2024-09-27,2025-05-04,Returned
3004,345,666,2025-01-24,2025-05-10,Returned
3005,1918,664,2024-10-07,2025-09-22,Returned
3006,856,723,2023-11-25,2023-12-18,Returned
3007,1462,388,2024-12-26,2025-09-28,Returned
3008,736,702,2023-12-22,,Active
3009,1747,378,2024-07-27,2026-01-11,Returned
3010,962,781,2025-11-20,2026-05-24,Returned
3011,459,473,2025-08-03,2026-01-23,Returned
3012,632,686,2026-02-06,2026-03-17,Returned
3013,437,22,2024-02-10,2025-06-06,Returned
3014,387,907,2024-02-04,2024-08-14,Returned
3015,371,637,2024-02-24,2024-03-21,Returned
3016,78,332,2025-12-25,2026-01-03,Returned
3017,451,71,2024-10-31,2025-10-20,Returned
3018,1260,66,2024-11-21,2025-05-28,Returned
3019,131,856,2026-04-13,2026-04-29,Returned
3020,1753,417,2023-07-07,2023-12-13,Returned
3021,1068,762,2025-11-15,2026-04-23,Returned
3022,1143,884,2025-11-24,2026-02-04,Returned
3023,1989,302,2023-12-30,2024-01-05,Returned
3024,1545,198,2024-02-26,,Active
3025,307,278,2024-04-03,2025-08-19,Returned
3026,1319,895,2024-05-31,2024-08-07,Returned
3027,803,446,2024-08-27,2026-03-06,Returned
3028,577,667,2023-07-16,2026-02-23,Returned
3029,1667,395,2024-08-24,2024-12-23,Returned
3030,1006,613,2024-12-10,2025-11-04,Returned
3031,341,772,2023-06-29,2025-03-03,Returned
3032,1064,906,2025-09-15,,Active
3033,514,114,2024-05-10,2026-04-09,Returned
3034,1914,78,2023-06-30,2024-01-24,Returned
3035,464,649,2023-12-26,2025-12-05,Returned
3036,733,717,2023-11-23,2025-11-27,Returned
3037,1828,986,2026-03-30,2026-04-28,Returned
3038,1137,770,2024-04-23,2026-04-28,Returned
3039,1552,665,2024-04-07,2024-09-22,Returned
3040,1012,408,2023-10-16,2026-03-15,Returned
3041,1174,177,2024-02-24,2024-09-27,Returned
3042,220,715,2024-01-05,,Active
3043,569,661,2025-06-30,2025-10-10,Returned
3044,1351,348,2024-04-22,2026-02-22,Returned
3045,488,651,2024-04-23,2025-05-26,Returned
3046,1877,336,2025-10-12,2026-02-26,Returned
3047,900,377,2025-07-28,2026-03-19,Returned
3048,24,732,2023-12-27,2025-02-05,Returned
3049,746,261,2025-09-15,2025-11-18,Returned
3050,617,348,2025-10-07,2026-05-02,Returned
3051,1909,325,2025-07-07,2026-01-21,Returned
3052,2,543,2024-08-07,2025-11-20,Returned
3053,997,933,2023-11-05,2025-05-13,Returned
3054,506,394,2023-07-14,2023-08-08,Returned
3055,491,612,2024-02-03,2025-02-03,Returned
3056,897,541,2025-01-13,2026-05-16,Returned
3057,1947,105,2023-06-19,2026-03-26,Returned
3058,64,681,2024-12-04,,Active
3059,473,483,2024-06-14,2026-01-15,Returned
3060,1461,336,2025-07-05,2026-02-03,Returned
3061,1651,358,2023-08-19,2024-01-18,Returned
3062,585,751,2026-02-26,2026-04-24,Returned
3063,1914,803,2025-03-21,2025-12-02,Returned
3064,830,320,2026-02-24,2026-05-04,Returned
3065,1746,192,2024-07-10,2025-11-23,Returned
3066,190,333,2025-03-17,2025-10-09,Returned
3067,1325,5,2024-09-09,2025-09-21,Returned
3068,1744,278,2023-11-15,2026-01-31,Returned
3069,725,479,2024-05-01,2026-04-26,Returned
3070,566,238,2024-03-12,,Late
3071,125,87,2024-07-04,2025-02-07,Returned
3072,453,341,2026-01-07,2026-01-13,Returned
3073,1557,576,2025-07-06,2026-03-30,Returned
3074,139,837,2025-06-24,2025-12-25,Returned
3075,595,863,2025-01-27,2025-10-05,Returned
3076,1038,418,2025-05-06,2026-05-23,Returned
3077,525,274,2025-01-09,2025-04-16,Returned
3078,373,831,2025-06-12,2026-03-31,Returned
3079,1513,75,2025-08-07,2026-02-01,Returned
3080,940,808,2025-06-19,2025-07-20,Returned
3081,463,327,2024-11-12,2026-01-21,Returned
3082,496,482,2023-10-20,2024-02-13,Returned
3083,1776,217,2026-05-09,,Late
3084,1112,17,2024-05-04,2025-07-26,Returned
3085,879,547,2024-01-13,2024-03-12,Returned
3086,1572,512,2025-07-31,2026-01-03,Returned
3087,1418,667,2025-09-29,,Active
3088,1371,266,2024-05-14,2024-07-25,Returned
3089,879,796,2026-01-31,2026-02-15,Returned
3090,1648,175,2026-04-03,2026-05-01,Returned
3091,655,695,2025-02-16,2025-12-30,Returned
3092,232,234,2025-06-17,2025-07-08,Returned
3093,1578,433,2024-01-10,,Active
3094,508,582,2026-04-30,2026-05-21,Returned
3095,962,226,2023-08-29,2023-10-11,Returned
3096,1233,682,2024-06-18,2026-01-07,Returned
3097,1132,529,2025-01-04,2026-06-02,Returned
3098,847,865,2025-05-27,2025-07-03,Returned
3099,33,342,2026-01-29,2026-03-01,Returned
3100,728,883,2024-12-02,2026-04-27,Returned
3101,556,121,2023-08-04,,Active
3102,1543,858,2026-04-05,2026-05-31,Returned
3103,1224,942,2024-10-21,2025-02-13,Returned
3104,225,241,2023-07-07,2024-07-01,Returned
3105,1843,790,2026-01-14,2026-02-17,Returned
3106,1534,662,2025-10-24,2026-04-11,Returned
3107,1212,629,2025-11-27,2025-12-30,Returned
3108,361,553,2025-03-21,2025-07-02,Returned
3109,559,664,2025-10-07,2025-12-11,Returned
3110,1239,168,2024-06-20,2024-07-22,Returned
3111,336,22,2025-12-30,2026-03-10,Returned
3112,1966,245,2024-04-13,2025-09-04,Returned
3113,1770,185,2025-09-01,2025-11-10,Returned
3114,1768,561,2024-09-07,2025-03-10,Returned
3115,1574,100,2025-08-07,2026-01-17,Returned
3116,208,96,2026-02-26,2026-03-23,Returned
3117,520,719,2023-09-13,2024-08-12,Returned
3118,662,260,2024-07-10,2024-10-08,Returned
3119,245,929,2026-01-31,2026-03-02,Returned
3120,1877,518,2026-01-13,2026-03-08,Returned
3121,1603,77,2025-03-28,2025-05-15,Returned
3122,1201,820,2024-03-17,2024-11-25,Returned
3123,584,608,2025-05-30,,Late
3124,526,471,2025-07-18,2025-09-07,Returned
3125,691,506,2023-06-12,,Active
3126,157,728,2025-05-27,,Late
3127,228,774,2024-02-05,,Late
3128,890,335,2023-09-18,2025-11-09,Returned
3129,1233,588,2024-01-17,,Late
3130,1113,626,2023-06-27,2025-07-13,Returned
3131,1719,873,2024-08-17,2024-10-11,Returned
3132,994,2,2023-10-27,,Active
3133,1424,606,2024-06-14,2024-06-18,Returned
3134,1100,653,2024-11-11,2026-05-21,Returned
3135,1516,388,2024-01-17,2024-04-02,Returned
3136,526,665,2025-03-28,2025-07-21,Returned
3137,186,286,2023-09-13,2025-11-20,Returned
3138,1248,309,2025-07-23,2026-02-26,Returned
3139,1435,801,2023-11-28,2024-02-16,Returned
3140,1582,429,2025-01-08,2025-08-30,Returned
3141,1029,240,2024-05-18,2026-03-30,Returned
3142,1745,292,2026-02-21,2026-03-21,Returned
3143,1606,702,2023-07-06,2024-08-17,Returned
3144,1031,324,2026-05-12,2026-06-06,Returned
3145,230,722,2023-08-22,2023-11-09,Returned
3146,1210,591,2024-09-14,,Active
3147,971,193,2024-10-17,2025-08-26,Returned
3148,1840,14,2026-03-28,2026-04-14,Returned
3149,505,612,2024-01-31,2024-10-24,Returned
3150,206,324,2026-02-20,2026-04-03,Returned
3151,300,240,2026-04-28,2026-05-30,Returned
3152,82,912,2024-09-18,2025-02-27,Returned
3153,196,996,2023-12-21,2024-07-07,Returned
3154,496,799,2024-05-31,2025-10-03,Returned
3155,707,466,2024-05-05,2024-10-01,Returned
3156,1791,637,2023-09-15,2024-02-19,Returned
3157,599,861,2025-09-06,2025-11-03,Returned
3158,1230,327,2026-03-18,2026-03-22,Returned
3159,759,212,2024-10-16,,Active
3160,1171,325,2025-11-12,2026-03-21,Returned
3161,1366,191,2024-03-13,2025-02-09,Returned
3162,866,336,2024-04-17,2026-02-16,Returned
3163,139,202,2023-10-31,2025-03-09,Returned
3164,403,670,2023-10-11,2024-01-10,Returned
3165,1432,731,2026-05-21,2026-05-30,Returned
3166,1131,892,2023-08-01,2023-08-13,Returned
3167,10,913,2026-01-25,,Late
3168,816,774,2024-02-14,2024-11-18,Returned
3169,616,384,2024-12-07,2025-07-25,Returned
3170,1045,709,2025-09-22,2026-05-24,Returned
3171,1505,486,2023-10-29,2026-04-17,Returned
3172,1224,61,2025-01-03,2026-02-05,Returned
3173,294,862,2025-01-14,2025-06-20,Returned
3174,324,392,2026-02-24,2026-03-22,Returned
3175,1637,145,2026-02-17,2026-04-06,Returned
3176,782,391,2025-08-04,2025-08-10,Returned
3177,1786,163,2025-01-25,2025-06-20,Returned
3178,1238,681,2025-05-05,2025-09-10,Returned
3179,344,470,2025-01-06,2025-05-11,Returned
3180,1888,99,2025-01-03,2025-11-01,Returned
3181,87,30,2025-08-20,2026-02-26,Returned
3182,1860,402,2024-05-20,2025-08-11,Returned
3183,1949,610,2025-03-21,2025-11-21,Returned
3184,799,983,2023-07-28,,Active
3185,1363,484,2023-08-20,2024-07-09,Returned
3186,1675,156,2023-09-03,2023-09-29,Returned
3187,1743,50,2026-02-01,2026-05-01,Returned
3188,1712,333,2023-10-16,2025-02-06,Returned
3189,1473,70,2024-06-09,2025-12-23,Returned
3190,128,691,2024-11-18,,Active
3191,1651,498,2024-09-19,2025-02-10,Returned
3192,1047,753,2025-05-04,2025-12-22,Returned
3193,490,764,2025-02-11,2026-02-20,Returned
3194,1055,971,2025-09-11,2026-05-23,Returned
3195,861,835,2023-06-18,2024-11-18,Returned
3196,1968,106,2025-06-30,2026-03-22,Returned
3197,1197,997,2025-10-15,2026-02-26,Returned
3198,237,458,2026-01-07,2026-04-30,Returned
3199,1237,123,2023-10-03,2023-11-21,Returned
3200,1236,161,2026-05-30,2026-06-06,Returned
3201,1861,934,2025-05-06,2025-05-26,Returned
3202,211,523,2024-06-22,2025-02-23,Returned
3203,1557,79,2023-10-14,2024-05-25,Returned
3204,414,630,2024-12-20,2025-04-17,Returned
3205,1466,608,2024-06-10,2025-06-27,Returned
3206,83,127,2025-10-05,2025-10-19,Returned
3207,405,809,2024-08-02,2025-12-26,Returned
3208,1376,299,2025-05-06,2026-03-04,Returned
3209,1391,312,2025-11-17,2025-12-29,Returned
3210,58,670,2025-04-09,2025-10-26,Returned
3211,631,708,2025-03-21,2025-09-11,Returned
3212,255,331,2025-09-01,2026-01-16,Returned
3213,1670,891,2025-07-04,2025-10-20,Returned
3214,1989,514,2025-09-15,2026-03-05,Returned
3215,894,807,2025-03-21,,Active
3216,1983,622,2025-12-11,2026-02-11,Returned
3217,719,786,2025-10-26,2026-02-16,Returned
3218,1690,825,2024-12-10,,Active
3219,1992,228,2023-07-10,2024-03-29,Returned
3220,1552,296,2025-03-18,2025-04-15,Returned
3221,723,20,2026-01-08,2026-01-28,Returned
3222,1427,132,2024-10-25,,Active
3223,623,998,2023-08-25,,Active
3224,399,199,2025-05-03,2026-01-18,Returned
3225,880,864,2025-03-30,2025-05-29,Returned
3226,566,715,2024-06-03,2025-07-21,Returned
3227,1862,419,2023-12-06,2026-03-22,Returned
3228,1816,712,2025-01-23,2026-01-27,Returned
3229,1509,358,2025-10-03,2026-05-02,Returned
3230,1027,631,2023-12-09,2025-05-22,Returned
3231,362,380,2023-08-30,2025-07-13,Returned
3232,795,291,2023-07-02,2025-12-27,Returned
3233,784,410,2023-09-06,2026-04-12,Returned
3234,310,315,2025-05-31,,Late
3235,1104,597,2023-11-15,2024-10-31,Returned
3236,1105,22,2024-05-02,2025-01-31,Returned
3237,1488,236,2024-08-21,2025-09-04,Returned
3238,1493,784,2025-04-26,2025-10-11,Returned
3239,675,995,2024-10-20,2026-01-29,Returned
3240,1788,121,2025-04-17,2026-03-16,Returned
3241,789,563,2024-06-29,2024-11-15,Returned
3242,971,752,2023-06-28,2026-02-27,Returned
3243,1509,5,2023-10-04,2024-04-24,Returned
3244,1826,236,2025-03-13,2026-02-01,Returned
3245,275,837,2024-02-29,2024-03-11,Returned
3246,1157,813,2024-01-24,2024-06-15,Returned
3247,1409,114,2025-02-06,2025-04-21,Returned
3248,1210,535,2026-02-20,,Active
3249,1618,766,2023-09-27,2026-03-16,Returned
3250,1528,376,2024-12-07,2026-02-28,Returned
3251,1303,7,2025-06-19,,Active
3252,748,592,2025-03-14,2025-06-29,Returned
3253,1937,578,2026-01-13,2026-02-01,Returned
3254,654,468,2026-05-22,2026-06-04,Returned
3255,163,568,2026-06-04,2026-06-05,Returned
3256,970,354,2024-08-10,2026-04-06,Returned
3257,1115,71,2024-12-09,2026-01-07,Returned
3258,145,334,2025-07-14,2025-09-15,Returned
3259,1529,909,2026-01-25,2026-03-18,Returned
3260,1266,44,2025-01-16,2025-08-17,Returned
3261,564,636,2026-03-31,2026-05-07,Returned
3262,548,264,2023-09-24,,Active
3263,1919,589,2025-03-12,2026-06-03,Returned
3264,493,881,2026-03-23,,Late
3265,1012,372,2025-01-20,2025-07-10,Returned
3266,905,912,2026-05-06,2026-05-22,Returned
3267,1257,517,2025-08-04,2025-11-29,Returned
3268,1904,867,2024-01-14,2024-01-28,Returned
3269,1971,830,2025-10-13,2025-10-17,Returned
3270,1134,279,2025-02-27,2025-03-07,Returned
3271,733,282,2024-10-27,,Active
3272,218,562,2025-05-18,2025-07-21,Returned
3273,148,31,2024-08-21,,Active
3274,1444,763,2026-03-29,2026-04-04,Returned
3275,831,71,2025-11-03,2026-04-23,Returned
3276,180,817,2025-06-15,2026-03-03,Returned
3277,1276,269,2023-07-13,2023-10-23,Returned
3278,131,99,2026-05-18,2026-05-23,Returned
3279,895,477,2025-11-11,2026-06-04,Returned
3280,1254,465,2024-01-26,2025-12-23,Returned
3281,1753,35,2023-11-12,,Late
3282,967,685,2026-03-20,2026-04-23,Returned
3283,482,849,2026-04-11,2026-04-23,Returned
3284,1131,860,2024-02-28,2025-09-15,Returned
3285,261,688,2025-07-15,2026-05-18,Returned
3286,1692,592,2024-04-02,,Active
3287,727,71,2023-12-09,,Active
3288,1783,46,2025-04-18,2026-05-19,Returned
3289,763,602,2024-11-15,2025-07-11,Returned
3290,1558,46,2024-05-05,2026-01-01,Returned
3291,346,687,2024-01-09,2024-01-23,Returned
3292,1486,328,2026-03-07,,Late
3293,287,70,2024-10-09,2025-11-25,Returned
3294,390,237,2024-07-15,2025-01-05,Returned
3295,1886,859,2024-08-01,2025-02-16,Returned
3296,288,746,2023-07-25,2023-09-10,Returned
3297,1254,883,2024-04-19,2026-03-15,Returned
3298,1278,798,2025-04-28,2025-08-15,Returned
3299,1261,584,2024-06-19,2025-12-18,Returned
3300,864,955,2024-01-11,2025-10-11,Returned
3301,1184,911,2023-11-27,2024-07-29,Returned
3302,521,285,2025-02-19,2025-06-11,Returned
3303,1394,114,2024-05-09,2024-07-24,Returned
3304,640,613,2025-12-29,2026-04-10,Returned
3305,260,825,2024-05-14,2024-07-30,Returned
3306,122,685,2026-03-22,,Late
3307,1178,676,2023-08-19,2026-03-18,Returned
3308,1435,736,2024-03-19,,Active
3309,1988,727,2025-02-05,2025-06-16,Returned
3310,1976,355,2024-04-08,2025-01-22,Returned
3311,1850,821,2024-03-10,2025-11-29,Returned
3312,837,997,2026-02-27,2026-05-29,Returned
3313,64,790,2026-03-14,2026-05-10,Returned
3314,825,279,2023-09-04,2026-03-22,Returned
3315,1893,248,2023-08-26,2023-09-26,Returned
3316,1056,45,2025-07-25,2026-01-09,Returned
3317,279,969,2023-10-30,2024-03-17,Returned
3318,1868,732,2023-07-09,2025-02-22,Returned
3319,404,293,2025-12-20,2026-04-05,Returned
3320,1971,855,2024-10-06,2025-08-01,Returned
3321,875,259,2023-07-03,2025-06-01,Returned
3322,1324,625,2025-07-18,2025-11-01,Returned
3323,1950,481,2026-04-08,2026-04-21,Returned
3324,652,832,2025-03-02,,Active
3325,1534,301,2024-12-21,2025-08-02,Returned
3326,546,908,2024-01-07,2024-10-04,Returned
3327,1705,921,2025-01-14,2025-07-03,Returned
3328,1058,578,2025-01-16,2025-01-26,Returned
3329,881,960,2024-10-10,2025-05-22,Returned
3330,1385,530,2024-05-08,2024-12-26,Returned
3331,725,75,2026-01-14,2026-03-31,Returned
3332,1689,898,2025-02-18,2025-07-09,Returned
3333,614,689,2023-11-20,2025-03-23,Returned
3334,1359,957,2024-05-23,,Active
3335,442,913,2025-05-13,2025-08-26,Returned
3336,971,212,2024-10-23,2025-06-10,Returned
3337,1545,86,2025-05-24,2026-02-18,Returned
3338,1535,610,2025-07-01,2025-08-17,Returned
3339,436,637,2025-02-03,,Late
3340,1581,520,2024-05-17,2026-02-24,Returned
3341,1827,876,2023-09-19,2025-09-25,Returned
3342,732,345,2025-08-31,2026-01-13,Returned
3343,965,162,2026-02-28,,Active
3344,1833,821,2025-10-28,2026-02-22,Returned
3345,268,153,2023-10-02,2026-03-22,Returned
3346,6,109,2024-02-25,2026-02-27,Returned
3347,140,948,2023-10-26,2024-03-14,Returned
3348,1297,468,2025-10-28,2025-12-09,Returned
3349,1984,17,2023-12-18,2025-11-10,Returned
3350,1223,38,2026-01-26,,Late
3351,357,790,2023-11-10,2024-01-03,Returned
3352,895,323,2025-02-18,2025-03-06,Returned
3353,108,584,2025-08-04,2026-02-09,Returned
3354,1163,103,2024-01-01,2025-09-09,Returned
3355,672,320,2026-02-27,2026-03-08,Returned
3356,1628,518,2025-09-21,2025-12-31,Returned
3357,1888,861,2023-09-07,2024-09-28,Returned
3358,170,21,2026-04-22,2026-05-15,Returned
3359,857,597,2025-07-27,2026-01-23,Returned
3360,1864,497,2025-07-15,2026-01-16,Returned
3361,68,766,2026-01-30,2026-05-13,Returned
3362,976,440,2024-07-14,2025-03-07,Returned
3363,962,739,2023-12-27,2025-01-06,Returned
3364,1800,814,2024-06-01,2026-03-24,Returned
3365,1272,599,2023-12-02,2025-04-15,Returned
3366,1556,543,2023-07-10,2025-07-17,Returned
3367,1983,690,2026-01-06,2026-03-04,Returned
3368,1055,146,2024-01-15,2026-04-11,Returned
3369,1024,818,2025-05-05,2026-02-28,Returned
3370,1934,935,2024-06-21,,Active
3371,843,858,2023-11-19,2024-09-03,Returned
3372,247,53,2024-06-21,2026-04-25,Returned
3373,181,106,2025-12-26,,Active
3374,980,101,2025-08-13,2025-11-18,Returned
3375,423,594,2026-04-04,2026-04-17,Returned
3376,1892,904,2026-02-21,2026-05-26,Returned
3377,505,425,2026-01-29,2026-04-19,Returned
3378,1525,3,2024-05-15,2024-09-05,Returned
3379,1923,836,2025-11-13,2025-12-31,Returned
3380,1455,130,2026-01-07,2026-02-20,Returned
3381,1055,830,2026-04-26,2026-06-01,Returned
3382,825,715,2025-03-21,2026-01-15,Returned
3383,961,180,2023-12-12,2024-09-14,Returned
3384,1498,555,2025-02-24,2026-03-02,Returned
3385,1375,455,2024-10-07,2026-06-03,Returned
3386,1150,360,2023-12-12,2026-03-23,Returned
3387,1000,436,2026-01-09,2026-02-07,Returned
3388,1293,757,2024-08-17,2026-04-30,Returned
3389,1128,137,2024-12-08,2025-01-02,Returned
3390,1006,951,2024-10-01,2026-02-04,Returned
3391,1907,334,2023-11-30,2025-09-21,Returned
3392,1715,376,2023-11-18,2024-05-11,Returned
3393,488,344,2024-06-22,2024-12-08,Returned
3394,693,144,2026-03-22,2026-04-29,Returned
3395,1288,248,2026-01-15,2026-01-23,Returned
3396,828,218,2026-02-18,2026-05-27,Returned
3397,242,281,2024-03-04,2025-11-03,Returned
3398,1598,542,2026-05-29,2026-06-04,Returned
3399,531,756,2024-10-22,2025-12-09,Returned
3400,404,881,2023-10-13,,Late
3401,1289,499,2026-03-11,2026-04-05,Returned
3402,1119,500,2024-11-25,2026-03-17,Returned
3403,1922,342,2024-06-15,2026-03-05,Returned
3404,794,397,2025-08-14,2026-05-14,Returned
3405,766,938,2024-06-04,2026-05-17,Returned
3406,1283,152,2023-10-02,2025-06-13,Returned
3407,1486,16,2025-11-14,2026-03-20,Returned
3408,117,826,2023-12-09,2025-05-01,Returned
3409,411,605,2025-02-26,2026-04-19,Returned
3410,1109,158,2025-12-09,2026-05-30,Returned
3411,406,355,2024-06-18,2025-07-10,Returned
3412,1353,703,2023-09-30,2024-02-22,Returned
3413,250,102,2026-03-31,2026-05-10,Returned
3414,1109,488,2026-01-25,2026-04-14,Returned
3415,723,940,2023-11-11,2023-12-11,Returned
3416,1625,159,2023-07-18,2025-12-03,Returned
3417,224,381,2025-07-20,2025-10-19,Returned
3418,279,57,2025-11-24,2025-11-29,Returned
3419,814,646,2023-10-02,2023-11-07,Returned
3420,1613,50,2025-01-21,2025-04-08,Returned
3421,349,905,2026-02-03,2026-06-05,Returned
3422,770,905,2026-04-01,2026-05-29,Returned
3423,381,962,2025-01-02,2025-09-29,Returned
3424,312,869,2025-06-19,2026-01-10,Returned
3425,560,814,2024-04-04,,Active
3426,1668,632,2023-10-29,2024-09-12,Returned
3427,808,159,2023-10-17,2024-04-24,Returned
3428,1726,354,2024-08-15,2024-12-22,Returned
3429,529,629,2023-08-29,2024-02-01,Returned
3430,586,678,2025-03-22,2025-11-03,Returned
3431,294,502,2023-06-12,2025-07-15,Returned
3432,1979,26,2023-12-09,,Late
3433,772,214,2023-06-24,2025-06-28,Returned
3434,1846,487,2023-11-18,2024-08-15,Returned
3435,371,351,2025-09-30,2026-01-31,Returned
3436,503,545,2026-04-30,2026-06-02,Returned
3437,1276,750,2025-01-30,2025-05-23,Returned
3438,784,996,2024-05-23,2025-08-23,Returned
3439,177,739,2023-07-02,2024-12-12,Returned
3440,811,775,2024-12-26,,Active
3441,1319,255,2024-03-19,2024-12-05,Returned
3442,1314,312,2024-09-03,2025-07-28,Returned
3443,1612,835,2023-08-10,2025-06-27,Returned
3444,1388,609,2026-02-08,2026-04-05,Returned
3445,1727,749,2023-11-07,2026-04-16,Returned
3446,1414,941,2025-06-12,2025-09-13,Returned
3447,960,319,2024-06-05,2024-09-18,Returned
3448,431,742,2023-12-06,2024-12-09,Returned
3449,1687,404,2024-10-16,2025-06-28,Returned
3450,575,934,2023-09-05,2024-06-13,Returned
3451,1868,782,2023-12-13,2024-01-23,Returned
3452,209,749,2023-11-14,2026-01-19,Returned
3453,1902,739,2025-12-22,2026-02-21,Returned
3454,524,163,2024-11-01,2025-07-04,Returned
3455,1946,708,2024-07-21,2024-11-17,Returned
3456,1066,321,2023-08-30,2024-05-10,Returned
3457,1982,48,2025-07-09,2026-05-09,Returned
3458,111,710,2024-07-03,2024-07-18,Returned
3459,1731,395,2024-02-11,2025-12-11,Returned
3460,1060,934,2025-04-06,2026-04-18,Returned
3461,397,337,2026-02-21,2026-05-02,Returned
3462,1679,364,2023-08-19,2023-10-11,Returned
3463,981,245,2026-03-31,2026-05-27,Returned
3464,514,222,2026-01-08,,Active
3465,262,359,2026-05-13,2026-05-15,Returned
3466,1858,710,2024-11-27,2025-05-07,Returned
3467,548,856,2025-12-18,,Active
3468,1054,722,2025-11-08,2026-03-20,Returned
3469,1424,757,2025-05-25,2026-02-10,Returned
3470,318,663,2023-10-06,2026-03-31,Returned
3471,1577,882,2023-11-12,2026-02-21,Returned
3472,797,188,2024-10-21,2025-03-04,Returned
3473,1661,910,2025-10-31,2025-11-13,Returned
3474,242,910,2024-11-08,2025-03-21,Returned
3475,325,815,2025-04-30,2025-06-13,Returned
3476,1477,750,2025-04-23,,Active
3477,1009,686,2024-08-27,,Active
3478,1108,710,2026-03-24,2026-05-11,Returned
3479,717,570,2026-05-22,2026-05-29,Returned
3480,225,546,2023-06-17,,Late
3481,1099,761,2025-11-19,2026-05-05,Returned
3482,1575,418,2025-05-19,2026-03-11,Returned
3483,1068,285,2025-02-06,2026-01-28,Returned
3484,495,821,2023-11-08,2025-04-18,Returned
3485,164,30,2025-01-17,2025-08-10,Returned
3486,1481,687,2025-04-09,2025-08-05,Returned
3487,662,837,2024-04-25,2024-08-02,Returned
3488,949,337,2026-05-24,2026-05-28,Returned
3489,179,805,2024-05-08,2024-09-25,Returned
3490,228,261,2023-11-01,2026-02-01,Returned
3491,101,332,2023-12-06,2024-05-23,Returned
3492,138,643,2025-01-29,2026-04-13,Returned
3493,35,61,2024-02-22,2024-08-29,Returned
3494,17,966,2024-10-22,2025-07-20,Returned
3495,1938,751,2024-01-20,2026-02-19,Returned
3496,340,212,2023-07-16,2026-05-30,Returned
3497,401,256,2025-07-11,2025-08-30,Returned
3498,1678,339,2025-03-03,,Late
3499,1750,179,2024-01-25,2024-04-14,Returned
3500,1705,382,2024-11-01,2025-05-16,Returned
3501,1407,353,2024-06-18,2026-01-17,Returned
3502,1794,739,2024-04-11,2024-10-12,Returned
3503,1486,172,2024-09-23,2025-12-18,Returned
3504,1215,724,2025-04-16,2025-10-30,Returned
3505,1,622,2023-12-30,2025-10-12,Returned
3506,589,303,2024-01-11,2025-09-14,Returned
3507,1886,921,2024-06-28,2026-01-14,Returned
3508,1915,883,2024-05-09,2025-09-17,Returned
3509,599,623,2025-09-04,2025-12-12,Returned
3510,1439,87,2023-09-19,2024-10-09,Returned
3511,649,271,2024-09-18,2026-02-07,Returned
3512,1046,977,2025-03-30,2026-04-09,Returned
3513,727,532,2025-06-29,2025-11-27,Returned
3514,809,595,2023-10-31,2025-04-09,Returned
3515,1685,345,2026-01-11,2026-04-13,Returned
3516,1425,581,2025-07-16,2025-10-10,Returned
3517,831,457,2024-09-26,2025-09-24,Returned
3518,43,531,2023-06-10,2025-06-18,Returned
3519,1096,262,2024-05-15,2026-02-03,Returned
3520,1567,546,2026-01-19,2026-04-03,Returned
3521,648,293,2023-10-05,2025-12-07,Returned
3522,1747,289,2025-10-08,2025-11-13,Returned
3523,1241,761,2025-03-20,,Active
3524,692,949,2023-08-03,2024-04-29,Returned
3525,633,584,2023-11-12,2025-04-05,Returned
3526,1796,998,2026-04-21,2026-04-30,Returned
3527,112,287,2025-01-23,,Active
3528,291,276,2024-08-17,2024-09-12,Returned
3529,124,730,2025-07-12,2026-05-05,Returned
3530,1681,317,2024-04-11,2024-04-11,Returned
3531,209,648,2026-04-17,2026-06-01,Returned
3532,962,82,2025-02-13,2025-03-09,Returned
3533,1280,147,2025-05-25,2026-04-15,Returned
3534,1899,849,2023-12-23,2026-05-21,Returned
3535,779,396,2024-11-23,2025-07-12,Returned
3536,944,608,2023-10-31,2026-03-10,Returned
3537,1051,160,2025-10-12,2025-12-20,Returned
3538,44,239,2023-09-22,2023-12-05,Returned
3539,1087,797,2025-09-06,2026-05-23,Returned
3540,1047,372,2026-01-09,2026-03-14,Returned
3541,1104,889,2025-01-10,2025-02-15,Returned
3542,259,595,2023-09-10,,Late
3543,1570,607,2025-08-21,2025-12-29,Returned
3544,155,145,2023-09-05,2023-09-16,Returned
3545,328,112,2025-01-20,2025-02-16,Returned
3546,88,188,2025-08-08,2025-11-01,Returned
3547,40,733,2026-05-26,,Active
3548,406,435,2025-03-06,2025-11-13,Returned
3549,351,822,2023-08-23,2024-09-05,Returned
3550,848,425,2026-01-05,2026-04-09,Returned
3551,1386,448,2023-09-03,,Late
3552,1941,598,2024-06-17,2026-02-17,Returned
3553,1222,806,2024-12-07,2025-03-02,Returned
3554,1830,159,2023-07-05,2023-09-15,Returned
3555,574,634,2024-09-02,2026-02-07,Returned
3556,1025,490,2025-02-20,,Active
3557,19,85,2025-11-07,2026-05-30,Returned
3558,204,799,2025-07-11,2026-04-09,Returned
3559,137,640,2024-04-07,2025-10-07,Returned
3560,652,581,2026-05-04,2026-06-02,Returned
3561,1210,633,2025-12-19,2026-01-12,Returned
3562,153,192,2024-12-15,2026-05-09,Returned
3563,152,584,2025-04-17,2025-07-05,Returned
3564,882,277,2026-03-18,2026-05-17,Returned
3565,382,420,2024-09-20,2024-10-13,Returned
3566,1696,304,2026-04-21,2026-05-26,Returned
3567,1122,369,2026-03-14,,Late
3568,1494,636,2026-02-08,2026-02-24,Returned
3569,889,878,2025-11-30,2026-05-25,Returned
3570,1788,768,2024-01-22,2025-07-05,Returned
3571,1789,216,2023-09-29,2024-05-15,Returned
3572,1388,624,2025-01-30,2026-01-01,Returned
3573,1688,18,2025-06-13,2025-07-29,Returned
3574,439,210,2025-10-24,2025-11-05,Returned
3575,1593,505,2025-06-29,2025-08-13,Returned
3576,605,262,2024-10-29,2025-07-11,Returned
3577,1641,520,2025-11-11,2026-03-22,Returned
3578,1136,196,2024-07-01,2025-05-23,Returned
3579,1620,300,2023-09-26,2023-10-28,Returned
3580,1668,895,2024-04-26,2024-12-06,Returned
3581,1796,527,2023-08-14,2024-08-27,Returned
3582,1290,808,2025-06-02,2026-01-06,Returned
3583,881,371,2024-11-13,2026-03-21,Returned
3584,1284,824,2026-04-25,2026-05-08,Returned
3585,767,294,2026-01-23,2026-05-29,Returned
3586,1315,552,2025-01-18,,Active
3587,1296,552,2024-04-23,2025-01-22,Returned
3588,1388,77,2025-04-01,2025-05-05,Returned
3589,596,456,2023-06-15,2024-07-05,Returned
3590,1305,331,2023-12-10,2025-11-28,Returned
3591,1429,399,2025-07-25,2026-03-15,Returned
3592,909,667,2024-10-08,2025-05-07,Returned
3593,1348,394,2024-10-28,2026-01-17,Returned
3594,442,287,2025-12-23,2026-02-06,Returned
3595,985,874,2024-01-21,2024-12-13,Returned
3596,1827,154,2026-04-17,2026-05-30,Returned
3597,1958,523,2024-11-20,2025-10-26,Returned
3598,1969,864,2023-08-09,2024-08-24,Returned
3599,1282,307,2025-03-16,2026-04-15,Returned
3600,475,828,2023-07-28,2026-02-21,Returned
3601,1323,838,2023-06-11,2023-07-16,Returned
3602,1228,982,2026-02-23,2026-03-24,Returned
3603,1920,672,2024-02-04,2025-02-28,Returned
3604,948,20,2023-10-17,2026-01-24,Returned
3605,448,352,2024-09-25,2026-05-08,Returned
3606,417,128,2024-07-25,2025-04-18,Returned
3607,1456,710,2026-04-28,2026-05-23,Returned
3608,1329,292,2025-11-21,2026-05-20,Returned
3609,684,1000,2024-10-07,2026-02-02,Returned
3610,71,916,2025-11-24,2025-12-04,Returned
3611,1966,345,2025-07-27,2026-04-06,Returned
3612,430,754,2024-05-29,2025-06-05,Returned
3613,1897,62,2024-01-27,2024-10-01,Returned
3614,1626,749,2025-02-27,2025-04-18,Returned
3615,996,818,2024-07-18,2025-02-25,Returned
3616,1110,240,2023-08-18,2025-05-29,Returned
3617,702,676,2026-01-13,2026-03-17,Returned
3618,685,902,2024-02-03,2026-02-12,Returned
3619,1462,561,2024-04-01,2026-04-20,Returned
3620,1487,423,2024-12-12,2026-04-27,Returned
3621,787,587,2024-07-19,,Active
3622,1521,55,2023-08-13,2024-01-01,Returned
3623,1618,917,2025-07-15,2026-06-03,Returned
3624,1880,976,2024-04-20,2025-10-11,Returned
3625,1597,33,2023-09-28,2026-04-17,Returned
3626,1778,433,2024-01-05,2025-12-08,Returned
3627,1256,849,2025-03-07,,Active
3628,1522,328,2026-02-25,2026-05-02,Returned
3629,753,389,2025-09-24,2025-09-26,Returned
3630,936,842,2024-07-30,2025-03-23,Returned
3631,1837,97,2024-05-04,2026-04-08,Returned
3632,1536,982,2023-09-10,2026-02-06,Returned
3633,1087,396,2024-08-07,2026-05-04,Returned
3634,505,127,2023-09-14,,Active
3635,920,52,2025-09-04,2026-01-10,Returned
3636,386,980,2025-01-10,2026-01-12,Returned
3637,184,950,2024-07-01,2025-12-30,Returned
3638,1528,529,2025-06-20,2025-09-22,Returned
3639,678,890,2025-09-14,2025-11-10,Returned
3640,1681,599,2025-07-04,2025-07-15,Returned
3641,1939,573,2024-10-29,2025-01-05,Returned
3642,272,635,2023-07-06,2025-10-11,Returned
3643,637,487,2024-07-24,2025-04-04,Returned
3644,1487,343,2023-12-08,,Active
3645,1717,652,2024-04-07,2024-06-30,Returned
3646,515,736,2025-12-13,,Active
3647,1979,953,2026-02-22,2026-03-12,Returned
3648,553,720,2024-11-14,2025-03-29,Returned
3649,1132,602,2024-08-10,2024-09-29,Returned
3650,1859,98,2024-03-24,2024-09-24,Returned
3651,1012,259,2025-08-19,2025-10-21,Returned
3652,1997,32,2023-08-05,2025-01-12,Returned
3653,1792,832,2023-12-14,2026-04-24,Returned
3654,1333,620,2023-12-04,2026-03-16,Returned
3655,1674,445,2024-06-24,2026-03-03,Returned
3656,1815,844,2024-11-27,2025-05-29,Returned
3657,1190,401,2025-03-07,2025-11-13,Returned
3658,1973,838,2024-09-02,2025-12-23,Returned
3659,356,780,2025-11-15,2026-06-05,Returned
3660,700,677,2025-12-23,2026-06-05,Returned
3661,1,108,2024-03-14,2026-05-26,Returned
3662,549,68,2023-07-17,2023-08-19,Returned
3663,416,8,2023-08-12,2025-05-05,Returned
3664,169,141,2025-06-08,2025-09-06,Returned
3665,973,779,2026-03-10,2026-03-23,Returned
3666,1407,555,2025-01-17,2025-01-28,Returned
3667,137,97,2025-09-12,2026-02-24,Returned
3668,1954,139,2023-08-06,2025-05-05,Returned
3669,1884,611,2024-08-14,2024-11-03,Returned
3670,232,183,2023-09-13,2024-02-20,Returned
3671,294,801,2025-04-04,2025-04-16,Returned
3672,497,472,2024-06-30,2025-06-12,Returned
3673,975,152,2026-04-14,2026-05-30,Returned
3674,1426,598,2025-07-03,2025-08-26,Returned
3675,101,71,2025-11-11,2026-03-08,Returned
3676,1158,622,2023-07-07,2025-06-18,Returned
3677,1013,527,2023-10-12,2025-12-25,Returned
3678,1835,704,2023-08-28,2026-02-10,Returned
3679,1716,622,2024-05-19,2025-11-30,Returned
3680,1023,292,2026-03-13,2026-06-01,Returned
3681,1518,848,2025-10-07,2026-03-16,Returned
3682,286,201,2025-11-16,,Late
3683,529,743,2026-04-23,,Late
3684,1260,744,2024-04-09,2026-01-20,Returned
3685,407,145,2024-05-18,2024-05-25,Returned
3686,1151,311,2025-02-04,2025-03-20,Returned
3687,933,503,2026-05-07,2026-05-10,Returned
3688,82,310,2025-05-29,,Active
3689,1296,696,2025-02-24,2026-05-29,Returned
3690,1543,535,2024-04-28,2024-10-28,Returned
3691,438,673,2024-01-24,2024-07-02,Returned
3692,1348,584,2024-12-10,2025-02-25,Returned
3693,1044,110,2025-12-05,2026-04-04,Returned
3694,492,198,2023-06-29,2024-01-15,Returned
3695,1803,798,2023-08-19,2025-02-22,Returned
3696,575,89,2024-11-14,2026-05-15,Returned
3697,1858,689,2025-01-07,2026-04-03,Returned
3698,1955,54,2025-12-26,2026-02-28,Returned
3699,1171,957,2026-03-19,2026-04-13,Returned
3700,862,412,2024-10-18,2026-02-16,Returned
3701,1303,288,2025-03-02,2025-08-04,Returned
3702,524,637,2025-07-17,,Active
3703,254,362,2025-06-26,2025-12-06,Returned
3704,1956,202,2025-06-15,,Active
3705,1422,518,2024-03-15,2025-05-02,Returned
3706,1815,15,2024-10-14,2025-05-19,Returned
3707,1451,829,2024-05-30,2025-10-29,Returned
3708,354,360,2024-03-10,2024-08-25,Returned
3709,1423,722,2025-01-16,2025-06-11,Returned
3710,527,417,2025-09-04,2026-01-15,Returned
3711,802,519,2025-03-24,2026-05-09,Returned
3712,977,322,2024-03-03,2025-07-21,Returned
3713,79,322,2024-07-19,2026-01-10,Returned
3714,884,757,2025-12-02,2025-12-22,Returned
3715,364,378,2025-08-11,2025-10-18,Returned
3716,417,793,2026-05-01,2026-05-15,Returned
3717,870,635,2024-12-24,2025-09-23,Returned
3718,1499,475,2023-07-03,,Active
3719,811,313,2025-07-30,,Active
3720,504,621,2026-04-20,2026-05-25,Returned
3721,761,937,2026-05-19,2026-05-28,Returned
3722,807,177,2025-10-20,2025-12-18,Returned
3723,773,869,2024-06-03,2025-12-01,Returned
3724,412,305,2025-02-12,2025-05-09,Returned
3725,1919,725,2025-11-04,2025-11-18,Returned
3726,9,582,2024-02-05,2025-10-01,Returned
3727,399,491,2026-01-04,2026-03-30,Returned
3728,627,793,2025-06-08,2025-09-01,Returned
3729,277,320,2023-12-03,2025-08-18,Returned
3730,284,940,2025-10-11,2025-11-03,Returned
3731,1746,902,2024-09-13,2025-05-10,Returned
3732,284,456,2025-09-27,2026-04-17,Returned
3733,782,265,2025-03-19,2026-02-10,Returned
3734,489,949,2025-04-25,2025-11-13,Returned
3735,178,63,2026-05-09,2026-05-09,Returned
3736,1728,29,2024-12-28,2026-02-09,Returned
3737,461,591,2025-04-17,2025-07-09,Returned
3738,1077,342,2025-08-02,,Active
3739,1424,44,2025-01-28,2025-03-23,Returned
3740,91,132,2025-04-23,2026-05-18,Returned
3741,1708,182,2024-09-01,2025-06-12,Returned
3742,1696,566,2024-09-27,2025-02-03,Returned
3743,1604,707,2025-10-21,2026-04-05,Returned
3744,1946,240,2025-11-30,2026-02-05,Returned
3745,1349,965,2024-09-03,,Active
3746,1677,25,2024-03-14,2025-05-23,Returned
3747,1377,391,2025-01-18,2026-04-11,Returned
3748,1154,405,2024-01-04,2025-12-30,Returned
3749,1892,709,2024-08-17,2025-04-15,Returned
3750,1600,444,2026-05-23,2026-06-05,Returned
3751,1466,865,2025-02-18,2025-10-09,Returned
3752,1217,470,2023-12-21,2026-03-09,Returned
3753,161,40,2024-01-01,2024-09-26,Returned
3754,1987,432,2026-03-23,2026-04-17,Returned
3755,337,701,2024-03-09,2024-04-27,Returned
3756,1777,528,2026-04-28,2026-05-27,Returned
3757,269,253,2023-11-09,2025-07-01,Returned
3758,1315,319,2024-12-12,2025-10-10,Returned
3759,894,757,2025-07-03,2026-04-29,Returned
3760,296,664,2025-03-19,2026-01-09,Returned
3761,710,28,2025-01-09,2026-04-19,Returned
3762,1963,888,2024-03-03,2024-08-25,Returned
3763,1402,252,2024-03-13,2024-04-13,Returned
3764,1217,726,2024-03-05,2025-02-10,Returned
3765,1877,532,2024-02-12,2026-04-15,Returned
3766,935,792,2025-07-27,2025-11-19,Returned
3767,1062,421,2025-10-18,2025-11-23,Returned
3768,780,391,2024-07-28,2024-08-07,Returned
3769,1675,27,2024-09-14,2025-04-07,Returned
3770,1574,742,2025-11-29,2026-03-23,Returned
3771,536,340,2024-11-07,2025-08-05,Returned
3772,1101,756,2024-04-02,2025-11-20,Returned
3773,1577,12,2025-02-02,2025-11-26,Returned
3774,1114,935,2024-03-04,2025-02-16,Returned
3775,519,964,2026-04-20,2026-05-25,Returned
3776,573,681,2025-08-16,2026-02-01,Returned
3777,476,443,2026-03-28,2026-03-28,Returned
3778,96,640,2024-07-19,2025-09-27,Returned
3779,1923,730,2025-03-23,2025-04-29,Returned
3780,1096,977,2025-10-13,2025-10-19,Returned
3781,25,307,2023-12-22,2025-10-07,Returned
3782,324,302,2026-06-01,2026-06-05,Returned
3783,1541,717,2024-06-04,2024-11-11,Returned
3784,594,739,2024-01-25,2025-02-22,Returned
3785,1079,429,2023-07-23,2024-12-05,Returned
3786,1552,982,2025-05-01,,Active
3787,486,966,2024-01-21,2025-11-21,Returned
3788,1082,716,2026-05-28,2026-05-30,Returned
3789,1675,280,2026-03-30,,Active
3790,1459,143,2024-08-05,2025-04-24,Returned
3791,504,168,2023-09-05,2024-06-27,Returned
3792,685,585,2023-08-23,2026-04-16,Returned
3793,1207,289,2025-01-02,2025-02-11,Returned
3794,1780,985,2025-05-27,2025-07-12,Returned
3795,842,941,2023-12-27,2025-09-02,Returned
3796,1628,457,2024-11-25,2025-09-27,Returned
3797,17,27,2025-09-10,2026-03-25,Returned
3798,1138,183,2024-07-16,2025-10-06,Returned
3799,1316,884,2023-06-25,2023-12-09,Returned
3800,1697,746,2025-06-08,2025-09-23,Returned
3801,1992,259,2024-07-17,2025-06-22,Returned
3802,1526,225,2026-01-15,2026-04-01,Returned
3803,220,544,2024-07-07,2024-11-01,Returned
3804,650,15,2024-06-18,2024-08-02,Returned
3805,1205,117,2024-02-28,2024-03-22,Returned
3806,925,660,2024-03-20,2025-02-08,Returned
3807,715,572,2025-01-31,2025-09-30,Returned
3808,26,550,2023-10-13,2023-12-10,Returned
3809,1359,263,2024-01-29,2024-02-29,Returned
3810,1321,925,2023-08-16,2024-10-23,Returned
3811,1282,121,2025-10-05,2026-04-22,Returned
3812,1762,373,2026-01-31,2026-02-14,Returned
3813,844,373,2024-04-18,2024-07-03,Returned
3814,1483,112,2026-02-12,2026-05-20,Returned
3815,1212,155,2024-04-26,2026-01-13,Returned
3816,1014,463,2025-03-13,2025-04-09,Returned
3817,592,611,2025-01-10,,Active
3818,602,447,2024-08-27,2025-10-12,Returned
3819,1698,12,2025-06-11,,Active
3820,1776,69,2025-08-28,2025-11-05,Returned
3821,1078,678,2023-07-07,,Active
3822,1129,992,2026-05-17,2026-05-27,Returned
3823,1814,341,2025-11-16,2025-12-18,Returned
3824,624,188,2024-09-23,2025-04-18,Returned
3825,1530,669,2024-06-16,2025-11-12,Returned
3826,859,907,2026-03-15,2026-04-05,Returned
3827,912,296,2024-02-10,2024-10-16,Returned
3828,646,668,2023-08-01,2025-07-14,Returned
3829,243,57,2023-07-02,2024-09-11,Returned
3830,656,181,2025-05-24,2025-09-29,Returned
3831,778,958,2024-05-22,2024-10-30,Returned
3832,1792,400,2024-01-06,2025-10-04,Returned
3833,1809,758,2023-09-15,,Active
3834,280,22,2026-01-21,2026-02-23,Returned
3835,384,616,2025-04-14,2025-07-25,Returned
3836,1700,934,2025-06-04,2026-04-27,Returned
3837,393,860,2023-11-21,2025-10-24,Returned
3838,311,244,2025-03-30,,Active
3839,112,865,2023-11-07,2026-01-27,Returned
3840,145,145,2024-02-29,2024-11-30,Returned
3841,922,519,2025-06-14,2026-04-22,Returned
3842,375,363,2023-09-09,2025-01-06,Returned
3843,1223,172,2024-05-15,2026-02-20,Returned
3844,406,261,2024-01-02,,Active
3845,1560,272,2024-12-16,2025-10-27,Returned
3846,1270,250,2025-11-16,2026-03-06,Returned
3847,851,492,2024-01-21,2026-05-09,Returned
3848,881,759,2024-11-11,2025-12-10,Returned
3849,1189,542,2024-01-18,2025-06-02,Returned
3850,492,790,2024-02-10,2024-10-06,Returned
3851,900,780,2024-08-07,2025-02-02,Returned
3852,150,825,2024-06-25,2026-04-20,Returned
3853,200,536,2024-11-12,2025-10-06,Returned
3854,1376,240,2023-11-01,2024-11-09,Returned
3855,935,90,2025-07-17,2025-07-25,Returned
3856,1727,317,2026-01-26,2026-02-19,Returned
3857,1260,577,2023-08-27,2024-09-11,Returned
3858,1242,90,2025-06-23,,Late
3859,708,215,2023-09-11,2023-10-13,Returned
3860,1277,378,2025-02-07,2025-11-16,Returned
3861,777,29,2024-05-20,2024-10-17,Returned
3862,977,753,2024-08-12,2025-07-07,Returned
3863,594,69,2024-03-02,2025-07-23,Returned
3864,1504,708,2025-11-22,2026-03-25,Returned
3865,1178,943,2024-01-07,2025-02-01,Returned
3866,1666,837,2025-06-12,2025-08-02,Returned
3867,1193,942,2026-05-22,2026-06-02,Returned
3868,1722,992,2024-02-26,2025-06-08,Returned
3869,872,739,2024-11-20,2025-12-07,Returned
3870,1369,404,2026-03-16,2026-05-19,Returned
3871,1356,454,2023-10-07,2026-01-28,Returned
3872,549,559,2024-08-25,2025-10-06,Returned
3873,1638,324,2025-07-10,2025-09-12,Returned
3874,1730,914,2023-09-10,2024-11-23,Returned
3875,1213,745,2025-06-01,,Late
3876,1849,295,2026-04-11,2026-04-27,Returned
3877,1886,536,2026-02-20,2026-03-05,Returned
3878,1213,106,2024-07-22,2026-04-13,Returned
3879,852,976,2024-06-01,2025-04-05,Returned
3880,1802,561,2023-07-17,2023-12-27,Returned
3881,901,530,2026-05-13,2026-05-23,Returned
3882,422,185,2025-05-12,,Active
3883,19,162,2024-10-07,2025-03-30,Returned
3884,1649,420,2024-05-15,2025-11-02,Returned
3885,317,64,2024-01-17,2024-06-29,Returned
3886,1835,293,2026-05-23,2026-05-23,Returned
3887,1159,97,2024-01-02,2025-01-23,Returned
3888,1126,760,2024-01-13,2025-07-03,Returned
3889,1271,203,2026-02-21,2026-04-07,Returned
3890,993,268,2026-03-05,2026-04-18,Returned
3891,1951,391,2024-03-04,2026-03-19,Returned
3892,184,976,2026-01-25,,Active
3893,1159,187,2024-05-11,2026-03-10,Returned
3894,224,843,2024-12-01,2025-08-23,Returned
3895,992,753,2026-04-14,2026-05-10,Returned
3896,1676,807,2024-02-13,2024-09-22,Returned
3897,674,953,2026-02-10,2026-02-17,Returned
3898,820,586,2026-05-29,2026-06-04,Returned
3899,1323,191,2024-10-25,2025-11-16,Returned
3900,1371,414,2024-03-11,2026-01-07,Returned
3901,1075,18,2024-08-16,2025-07-03,Returned
3902,1024,17,2025-06-20,2025-08-08,Returned
3903,495,436,2024-03-23,2025-02-14,Returned
3904,101,454,2024-10-25,2026-01-26,Returned
3905,614,501,2025-05-23,2025-11-28,Returned
3906,337,525,2024-09-30,2025-08-03,Returned
3907,359,143,2024-06-03,2025-12-21,Returned
3908,1953,295,2024-03-15,2024-06-08,Returned
3909,339,992,2026-02-13,,Late
3910,87,702,2025-09-21,2026-04-10,Returned
3911,1557,117,2025-10-19,2026-04-27,Returned
3912,585,127,2024-07-22,,Late
3913,431,194,2026-04-22,2026-05-05,Returned
3914,1834,850,2024-09-10,2025-02-12,Returned
3915,1252,542,2025-09-29,2026-01-31,Returned
3916,1755,990,2024-07-25,,Active
3917,1036,318,2024-12-19,2025-10-24,Returned
3918,1696,736,2025-09-27,,Late
3919,1547,712,2025-07-03,2026-02-21,Returned
3920,514,340,2024-11-22,2025-07-28,Returned
3921,1454,907,2024-12-25,,Active
3922,560,149,2024-07-26,2025-01-20,Returned
3923,678,949,2026-01-24,2026-02-18,Returned
3924,444,427,2025-03-19,2026-03-31,Returned
3925,1114,204,2025-03-22,2025-03-28,Returned
3926,952,157,2025-12-01,2026-04-06,Returned
3927,953,28,2025-07-26,2026-01-31,Returned
3928,837,387,2025-10-28,2026-03-23,Returned
3929,800,61,2026-01-10,2026-02-15,Returned
3930,134,704,2025-02-25,2025-07-30,Returned
3931,1940,555,2025-07-15,,Active
3932,863,98,2026-04-30,2026-05-06,Returned
3933,1811,972,2023-07-14,,Active
3934,806,892,2025-03-05,2025-08-17,Returned
3935,299,47,2024-03-16,2025-10-27,Returned
3936,1935,819,2024-12-12,2026-04-18,Returned
3937,89,508,2024-12-16,2025-10-25,Returned
3938,6,994,2024-10-02,2025-08-05,Returned
3939,1871,163,2025-03-30,2025-07-08,Returned
3940,1082,734,2026-04-06,,Active
3941,150,635,2025-11-05,2026-04-05,Returned
3942,804,341,2025-11-04,2026-05-31,Returned
3943,1697,959,2024-06-19,2025-05-03,Returned
3944,529,818,2025-02-03,2025-11-09,Returned
3945,1916,613,2024-09-11,2025-01-30,Returned
3946,859,704,2023-12-11,2023-12-31,Returned
3947,1589,647,2025-06-04,2025-06-10,Returned
3948,1394,797,2026-05-14,2026-05-27,Returned
3949,597,903,2026-02-26,,Active
3950,386,757,2026-05-20,2026-06-03,Returned
3951,1171,41,2023-06-20,2024-10-07,Returned
3952,495,910,2024-05-29,,Late
3953,824,979,2024-11-14,2025-07-26,Returned
3954,605,41,2025-03-02,2025-03-03,Returned
3955,1681,540,2024-09-16,2025-10-16,Returned
3956,161,348,2024-02-14,2025-01-02,Returned
3957,5,160,2026-03-27,2026-05-21,Returned
3958,1071,29,2024-12-24,2026-05-07,Returned
3959,830,998,2024-08-20,2025-04-08,Returned
3960,1327,982,2025-12-16,2026-02-28,Returned
3961,1276,931,2023-07-12,2023-10-04,Returned
3962,1161,851,2025-09-10,2026-05-01,Returned
3963,357,360,2024-10-31,2025-08-18,Returned
3964,450,826,2025-06-14,2025-06-28,Returned
3965,886,2,2023-10-04,2024-06-10,Returned
3966,1142,633,2023-12-23,,Active
3967,904,634,2023-08-28,2024-10-27,Returned
3968,1488,566,2024-12-28,2025-09-03,Returned
3969,1724,20,2024-03-28,2024-05-26,Returned
3970,578,172,2023-09-23,,Active
3971,1809,130,2025-08-13,2026-05-03,Returned
3972,653,467,2025-01-15,2025-04-25,Returned
3973,1498,53,2025-07-05,2025-11-08,Returned
3974,1618,538,2025-01-27,,Active
3975,1870,591,2023-06-21,2024-06-06,Returned
3976,1759,894,2025-11-25,2026-03-11,Returned
3977,170,629,2025-08-23,2025-10-31,Returned
3978,1402,348,2025-05-07,2025-07-06,Returned
3979,419,336,2024-07-10,2025-03-20,Returned
3980,341,260,2024-12-22,2026-04-08,Returned
3981,1742,397,2023-10-05,2024-08-03,Returned
3982,1719,91,2025-06-16,2025-06-29,Returned
3983,878,265,2025-08-24,2025-09-05,Returned
3984,1350,152,2024-09-21,2025-11-18,Returned
3985,673,474,2023-07-03,2023-09-10,Returned
3986,1109,863,2024-02-07,2024-07-01,Returned
3987,719,148,2025-04-03,2025-09-03,Returned
3988,479,22,2023-06-07,2026-03-17,Returned
3989,771,746,2025-10-25,2025-11-05,Returned
3990,1465,727,2023-10-05,,Late
3991,1245,70,2025-05-19,2026-01-02,Returned
3992,1010,662,2025-10-27,2026-03-03,Returned
3993,960,655,2025-06-12,2025-10-04,Returned
3994,1011,934,2024-03-18,2026-04-30,Returned
3995,574,982,2025-05-10,2025-09-18,Returned
3996,1354,76,2026-03-27,2026-03-28,Returned
3997,384,864,2025-07-02,2025-12-22,Returned
3998,1635,488,2025-06-10,2025-09-19,Returned
3999,99,885,2025-04-01,2025-07-06,Returned
4000,1325,834,2024-11-10,2025-03-08,Returned
4001,309,732,2025-05-14,2025-10-20,Returned
4002,844,74,2024-06-05,2025-04-25,Returned
4003,1919,853,2023-07-06,2024-07-22,Returned
4004,1359,724,2024-08-04,2025-01-29,Returned
4005,234,290,2025-02-16,2026-04-10,Returned
4006,1116,503,2025-01-06,2026-02-09,Returned
4007,467,385,2024-11-10,2025-04-13,Returned
4008,268,652,2026-05-28,2026-05-28,Returned
4009,701,277,2023-09-20,2024-03-15,Returned
4010,744,241,2025-03-25,2026-04-02,Returned
4011,344,20,2023-07-20,2025-12-20,Returned
4012,1247,60,2024-03-17,2026-04-16,Returned
4013,1627,193,2024-12-19,2025-05-23,Returned
4014,1923,693,2025-12-11,2026-01-03,Returned
4015,1991,407,2025-07-08,2025-10-25,Returned
4016,1058,139,2025-03-12,2025-08-02,Returned
4017,1095,126,2025-07-10,2025-11-27,Returned
4018,1362,599,2023-11-29,2026-05-08,Returned
4019,705,289,2024-01-19,2024-07-08,Returned
4020,804,569,2025-11-20,2026-05-01,Returned
4021,469,84,2024-11-03,2024-11-16,Returned
4022,743,425,2026-01-04,2026-01-11,Returned
4023,284,709,2025-10-02,2026-06-04,Returned
4024,660,386,2025-11-29,2026-01-02,Returned
4025,638,109,2025-05-22,2026-03-14,Returned
4026,86,300,2023-10-19,2024-09-19,Returned
4027,1446,630,2026-04-11,2026-05-18,Returned
4028,1497,310,2024-06-21,2025-08-05,Returned
4029,990,365,2024-12-29,2025-02-15,Returned
4030,641,829,2024-09-13,2026-01-19,Returned
4031,1411,504,2023-11-20,2025-09-25,Returned
4032,20,298,2024-04-13,2024-10-14,Returned
4033,673,7,2024-07-19,2024-09-02,Returned
4034,1002,999,2024-07-08,2025-10-06,Returned
4035,1296,475,2024-10-18,,Active
4036,1490,225,2025-11-27,2026-06-02,Returned
4037,737,187,2025-08-14,2025-09-04,Returned
4038,773,98,2024-04-25,2025-07-30,Returned
4039,1827,81,2023-09-27,2026-01-19,Returned
4040,1095,160,2023-07-05,2023-07-05,Returned
4041,1076,433,2024-04-15,2025-03-11,Returned
4042,900,394,2024-02-08,2025-07-26,Returned
4043,1952,927,2025-08-30,,Active
4044,948,907,2025-05-15,2025-09-06,Returned
4045,892,298,2024-03-20,2024-12-27,Returned
4046,1218,8,2025-09-03,2025-10-04,Returned
4047,1506,705,2026-03-15,2026-06-02,Returned
4048,1852,787,2024-08-09,2025-11-10,Returned
4049,992,234,2025-10-31,2026-01-04,Returned
4050,1366,426,2025-11-23,,Active
4051,172,973,2023-10-25,2025-07-17,Returned
4052,442,272,2025-10-10,2025-11-26,Returned
4053,1121,807,2024-08-01,2025-11-11,Returned
4054,1294,871,2024-08-22,2025-12-08,Returned
4055,1666,923,2024-04-19,2025-01-11,Returned
4056,620,636,2023-06-11,2026-05-10,Returned
4057,139,798,2025-08-15,2026-06-06,Returned
4058,344,364,2025-03-10,2026-05-15,Returned
4059,981,557,2026-05-19,2026-05-26,Returned
4060,1670,152,2025-08-10,2026-01-10,Returned
4061,1362,442,2025-07-10,2026-05-26,Returned
4062,687,564,2024-09-17,2025-02-06,Returned
4063,779,720,2025-12-08,2026-03-11,Returned
4064,1307,792,2025-03-24,2026-05-27,Returned
4065,1753,205,2026-03-05,2026-04-16,Returned
4066,312,696,2026-05-25,2026-05-28,Returned
4067,1777,925,2025-10-27,2026-02-05,Returned
4068,644,882,2026-01-26,2026-02-24,Returned
4069,711,826,2023-08-28,2026-02-07,Returned
4070,1479,855,2026-03-13,2026-04-15,Returned
4071,1523,769,2024-03-27,2024-07-11,Returned
4072,713,950,2025-07-06,2025-12-26,Returned
4073,1456,506,2025-07-10,2026-02-27,Returned
4074,558,422,2024-01-05,2025-04-28,Returned
4075,1992,318,2026-03-18,2026-04-30,Returned
4076,1606,547,2024-03-06,2025-06-26,Returned
4077,1928,491,2024-12-26,,Late
4078,61,392,2025-08-03,2026-01-26,Returned
4079,435,67,2023-11-19,2026-03-07,Returned
4080,409,386,2023-09-21,,Late
4081,1189,911,2024-05-01,2025-02-07,Returned
4082,1576,85,2025-01-14,2025-08-21,Returned
4083,1638,577,2025-02-03,2025-10-09,Returned
4084,545,26,2025-03-30,,Active
4085,934,320,2024-01-29,2024-09-05,Returned
4086,1438,395,2024-04-03,2025-07-24,Returned
4087,1009,720,2025-02-19,2026-01-24,Returned
4088,3,711,2026-03-01,2026-05-06,Returned
4089,1667,361,2025-01-14,2025-09-26,Returned
4090,555,316,2026-01-07,2026-04-05,Returned
4091,119,422,2026-04-14,2026-06-01,Returned
4092,486,262,2026-02-26,2026-03-22,Returned
4093,461,581,2024-06-14,2024-07-12,Returned
4094,276,473,2025-12-03,2025-12-03,Returned
4095,962,106,2025-01-07,2025-03-29,Returned
4096,1616,441,2024-11-24,2025-07-08,Returned
4097,690,775,2023-12-19,2024-02-02,Returned
4098,1712,55,2026-03-07,2026-05-26,Returned
4099,1457,631,2025-11-16,2026-01-16,Returned
4100,1735,75,2026-02-11,2026-04-23,Returned
4101,1594,168,2024-02-28,2025-06-22,Returned
4102,1415,696,2025-01-13,2026-02-18,Returned
4103,1852,643,2025-01-30,2026-05-26,Returned
4104,843,424,2025-07-24,2025-09-13,Returned
4105,791,934,2024-02-21,2024-08-05,Returned
4106,1794,722,2026-01-27,2026-04-12,Returned
4107,918,630,2024-09-17,2026-04-13,Returned
4108,1654,265,2024-10-23,2025-05-05,Returned
4109,965,491,2024-07-05,2024-09-19,Returned
4110,211,790,2024-12-02,2025-12-21,Returned
4111,458,140,2024-02-26,2024-05-02,Returned
4112,1408,69,2024-11-04,2026-03-08,Returned
4113,1129,67,2023-06-23,2024-11-09,Returned
4114,1444,677,2023-10-30,2024-03-03,Returned
4115,1681,893,2026-02-19,,Active
4116,419,448,2025-09-19,2026-03-29,Returned
4117,289,193,2026-03-28,2026-05-19,Returned
4118,1301,228,2025-03-11,2025-06-10,Returned
4119,1775,537,2026-05-23,2026-06-04,Returned
4120,1520,94,2025-01-17,2025-03-25,Returned
4121,829,643,2025-09-20,2026-01-06,Returned
4122,757,987,2024-12-30,2025-02-11,Returned
4123,758,766,2023-07-26,2025-09-04,Returned
4124,1059,225,2024-12-20,2025-04-27,Returned
4125,1512,735,2024-11-28,2025-09-17,Returned
4126,1417,329,2023-06-13,2024-06-12,Returned
4127,1092,367,2025-08-09,2025-08-10,Returned
4128,834,958,2023-11-16,2026-05-06,Returned
4129,1026,498,2024-09-19,2026-01-26,Returned
4130,912,303,2024-07-18,2025-07-26,Returned
4131,877,117,2025-03-09,2025-08-19,Returned
4132,108,755,2026-01-15,2026-01-16,Returned
4133,204,380,2025-03-03,2026-06-02,Returned
4134,442,461,2025-10-26,2026-04-20,Returned
4135,12,856,2024-04-21,2026-02-05,Returned
4136,1570,558,2026-03-26,2026-03-31,Returned
4137,1334,730,2024-09-23,2026-02-02,Returned
4138,1716,539,2024-04-12,2024-11-19,Returned
4139,300,475,2023-07-09,2024-05-28,Returned
4140,1755,137,2024-01-21,2024-10-20,Returned
4141,1503,639,2026-02-08,2026-03-30,Returned
4142,1977,989,2024-01-01,2025-06-14,Returned
4143,735,478,2025-09-04,2025-12-24,Returned
4144,1948,611,2025-02-13,2025-10-30,Returned
4145,730,148,2023-07-06,2025-03-07,Returned
4146,1222,3,2026-02-23,2026-04-02,Returned
4147,514,546,2024-02-15,2024-11-05,Returned
4148,1348,745,2024-06-11,2025-03-02,Returned
4149,891,143,2023-11-13,2024-10-16,Returned
4150,992,982,2023-08-17,2024-07-27,Returned
4151,1372,332,2026-05-13,2026-05-18,Returned
4152,1628,144,2025-01-20,2025-08-10,Returned
4153,942,803,2025-02-01,2026-02-03,Returned
4154,264,509,2026-05-02,,Late
4155,266,507,2024-02-21,2024-06-01,Returned
4156,544,228,2025-12-25,2026-01-09,Returned
4157,1443,351,2023-06-12,2024-05-02,Returned
4158,1984,229,2025-03-15,2026-05-23,Returned
4159,74,589,2024-06-20,,Late
4160,80,506,2025-06-11,2025-08-06,Returned
4161,1042,934,2026-05-04,2026-05-15,Returned
4162,123,681,2024-07-05,2025-04-24,Returned
4163,968,860,2024-10-17,2025-03-17,Returned
4164,1913,342,2025-09-13,,Active
4165,379,334,2026-04-25,2026-05-16,Returned
4166,1892,149,2024-05-18,2024-06-28,Returned
4167,1082,707,2024-03-04,2026-04-18,Returned
4168,1436,415,2023-08-07,,Active
4169,649,549,2023-07-18,2025-06-04,Returned
4170,1060,10,2024-08-11,2025-01-12,Returned
4171,793,113,2025-03-24,2026-04-01,Returned
4172,96,71,2023-09-30,2025-02-12,Returned
4173,79,863,2024-07-29,2026-03-15,Returned
4174,1407,189,2023-11-15,2024-10-03,Returned
4175,1893,123,2024-10-01,2025-12-24,Returned
4176,1260,837,2024-05-27,2025-10-16,Returned
4177,643,389,2024-06-05,2024-06-28,Returned
4178,870,197,2023-12-09,2026-01-21,Returned
4179,443,71,2025-06-08,2026-03-22,Returned
4180,1060,378,2026-01-27,2026-04-06,Returned
4181,1120,110,2024-12-07,2025-03-16,Returned
4182,88,964,2023-11-02,2025-09-11,Returned
4183,781,708,2026-02-16,2026-04-25,Returned
4184,1545,674,2024-10-28,2026-01-07,Returned
4185,191,821,2025-06-21,2025-08-05,Returned
4186,78,794,2023-07-20,,Active
4187,1004,430,2024-10-05,2024-12-12,Returned
4188,1632,211,2023-08-27,2025-01-11,Returned
4189,697,686,2023-07-06,2024-10-15,Returned
4190,328,972,2024-04-07,2026-05-05,Returned
4191,330,384,2025-10-18,2026-03-03,Returned
4192,1443,702,2026-04-22,2026-05-23,Returned
4193,1269,9,2024-05-21,2025-01-13,Returned
4194,1881,4,2025-12-06,,Late
4195,1924,518,2025-05-05,2025-11-12,Returned
4196,607,664,2024-09-06,2025-03-06,Returned
4197,1521,246,2025-02-19,2025-06-17,Returned
4198,1620,124,2024-10-03,2024-12-19,Returned
4199,1940,752,2023-12-27,2024-11-29,Returned
4200,1307,42,2025-11-27,2026-02-06,Returned
4201,922,649,2026-05-26,2026-05-31,Returned
4202,192,443,2024-12-05,2025-05-10,Returned
4203,1215,574,2024-10-12,2024-11-05,Returned
4204,843,492,2024-05-28,2026-01-02,Returned
4205,1528,880,2024-11-05,2025-09-06,Returned
4206,606,493,2024-06-16,2026-01-13,Returned
4207,512,534,2023-11-07,2026-05-30,Returned
4208,1897,243,2024-06-25,2026-01-08,Returned
4209,784,623,2026-06-01,2026-06-06,Returned
4210,516,727,2024-06-29,,Active
4211,1888,128,2025-01-18,2025-06-03,Returned
4212,1906,106,2025-04-08,2025-07-26,Returned
4213,599,537,2025-03-21,2025-04-10,Returned
4214,1858,341,2026-03-11,2026-03-17,Returned
4215,320,905,2025-05-03,2025-11-16,Returned
4216,1520,954,2026-01-10,2026-04-05,Returned
4217,1058,468,2025-05-02,2025-11-28,Returned
4218,26,476,2025-07-25,2025-11-19,Returned
4219,1208,967,2024-07-17,2024-11-14,Returned
4220,1194,221,2025-12-21,2026-01-11,Returned
4221,1112,852,2023-10-29,2024-05-17,Returned
4222,1946,888,2024-03-21,2024-09-03,Returned
4223,1525,57,2024-08-06,2026-01-29,Returned
4224,816,205,2024-09-17,2025-10-01,Returned
4225,901,610,2024-10-25,2025-09-10,Returned
4226,1679,311,2025-08-21,2025-10-15,Returned
4227,168,143,2025-09-30,2026-05-22,Returned
4228,1436,417,2023-10-23,2025-07-21,Returned
4229,209,895,2025-06-01,,Active
4230,987,892,2026-05-08,2026-05-10,Returned
4231,862,751,2023-08-16,2025-09-28,Returned
4232,684,602,2024-03-15,2024-10-29,Returned
4233,1406,241,2025-11-24,2026-04-12,Returned
4234,1434,828,2025-06-15,2025-08-21,Returned
4235,404,232,2025-02-02,2025-07-23,Returned
4236,55,263,2026-05-13,2026-05-18,Returned
4237,299,9,2026-03-21,2026-04-17,Returned
4238,1251,590,2025-01-30,2025-07-04,Returned
4239,748,369,2023-09-20,2026-03-12,Returned
4240,1519,968,2025-12-29,2026-04-22,Returned
4241,1498,13,2024-04-15,2024-07-29,Returned
4242,346,917,2024-07-05,2024-11-05,Returned
4243,634,789,2026-04-07,2026-05-06,Returned
4244,232,119,2025-08-03,2026-01-06,Returned
4245,1464,390,2024-10-31,2026-04-02,Returned
4246,311,119,2023-09-02,2024-04-17,Returned
4247,29,423,2023-12-09,2025-02-18,Returned
4248,1224,796,2025-04-26,,Active
4249,1157,703,2023-08-26,2024-01-19,Returned
4250,392,567,2025-03-21,2026-05-30,Returned
4251,1893,761,2026-01-05,2026-04-21,Returned
4252,1616,96,2025-01-09,2026-04-22,Returned
4253,257,793,2024-06-04,2025-06-14,Returned
4254,1277,691,2024-10-09,2025-12-29,Returned
4255,422,621,2025-09-17,2026-04-08,Returned
4256,8,199,2026-05-04,2026-06-02,Returned
4257,59,619,2026-04-11,2026-05-27,Returned
4258,1442,905,2025-06-11,2025-07-09,Returned
4259,921,931,2024-07-30,2025-10-30,Returned
4260,1923,210,2025-08-08,2025-10-12,Returned
4261,876,22,2024-07-23,2024-10-15,Returned
4262,1782,535,2024-03-07,2024-07-22,Returned
4263,37,65,2025-03-26,2025-12-31,Returned
4264,290,340,2025-05-11,2025-12-23,Returned
4265,1158,723,2025-01-10,2025-09-20,Returned
4266,539,839,2025-05-09,2025-11-08,Returned
4267,1769,494,2026-01-29,2026-03-29,Returned
4268,580,168,2023-11-17,2024-03-11,Returned
4269,550,599,2024-10-14,2026-03-02,Returned
4270,490,818,2023-11-08,2024-02-13,Returned
4271,199,358,2024-05-22,2025-01-03,Returned
4272,1691,161,2024-03-21,2024-03-28,Returned
4273,477,777,2025-03-21,2025-11-08,Returned
4274,1340,252,2023-09-28,2024-05-20,Returned
4275,670,869,2025-01-26,2026-03-06,Returned
4276,1272,229,2025-02-23,,Late
4277,681,924,2023-06-17,2025-04-19,Returned
4278,426,459,2025-02-21,2026-06-01,Returned
4279,341,316,2023-12-14,2024-06-17,Returned
4280,684,609,2024-08-09,2026-05-30,Returned
4281,1361,983,2023-12-08,2025-02-02,Returned
4282,1180,568,2023-12-08,2025-09-23,Returned
4283,409,435,2025-07-01,2025-11-30,Returned
4284,1652,962,2025-09-07,2026-02-28,Returned
4285,584,208,2023-06-08,2025-01-21,Returned
4286,894,341,2025-07-14,2025-12-06,Returned
4287,1255,598,2023-08-08,2026-05-05,Returned
4288,1208,373,2024-04-27,2025-10-20,Returned
4289,63,305,2023-06-09,2024-08-08,Returned
4290,519,377,2024-07-08,2026-03-12,Returned
4291,833,993,2025-12-20,2026-01-19,Returned
4292,723,235,2023-10-27,2023-12-08,Returned
4293,1336,438,2025-10-09,2026-03-26,Returned
4294,665,887,2025-05-01,2025-06-26,Returned
4295,1739,136,2025-12-12,2026-03-28,Returned
4296,536,962,2025-04-09,2025-11-14,Returned
4297,1424,246,2023-10-03,2025-05-09,Returned
4298,609,743,2023-07-30,2026-04-11,Returned
4299,412,375,2023-08-24,2023-11-17,Returned
4300,1771,310,2025-09-22,2025-12-23,Returned
4301,1929,374,2025-06-27,2026-04-04,Returned
4302,127,961,2024-08-30,2026-04-23,Returned
4303,806,236,2025-08-21,2026-02-22,Returned
4304,1347,149,2024-07-26,2024-12-10,Returned
4305,956,333,2024-05-23,2024-12-25,Returned
4306,1370,212,2023-08-25,2026-05-26,Returned
4307,669,80,2025-03-01,2026-03-22,Returned
4308,552,885,2025-01-03,,Active
4309,1447,359,2023-09-17,2026-01-13,Returned
4310,1714,294,2024-01-02,,Active
4311,854,794,2025-03-30,2025-04-03,Returned
4312,1562,604,2024-01-15,2025-09-13,Returned
4313,1018,50,2023-11-24,2024-07-05,Returned
4314,821,668,2023-10-27,2026-04-22,Returned
4315,1324,742,2025-07-11,2026-04-29,Returned
4316,547,391,2024-02-20,2025-12-21,Returned
4317,1034,583,2024-11-02,2025-06-07,Returned
4318,1196,838,2024-10-31,2025-07-31,Returned
4319,1112,498,2024-01-15,,Active
4320,724,679,2023-07-02,2024-12-27,Returned
4321,958,478,2023-10-01,2025-03-03,Returned
4322,982,919,2026-02-17,2026-02-25,Returned
4323,725,600,2024-02-15,2024-06-01,Returned
4324,110,536,2025-04-25,2026-04-17,Returned
4325,1082,885,2024-05-18,2025-01-22,Returned
4326,1214,90,2023-09-09,2024-05-17,Returned
4327,852,723,2024-10-06,,Active
4328,633,101,2023-07-20,2023-12-18,Returned
4329,457,879,2025-05-05,2025-09-27,Returned
4330,1559,568,2026-03-03,2026-04-21,Returned
4331,1578,878,2023-07-10,2026-04-12,Returned
4332,390,810,2023-07-07,,Late
4333,1818,505,2025-06-03,2026-06-01,Returned
4334,1340,842,2023-10-07,2024-03-02,Returned
4335,324,97,2023-07-04,2024-03-30,Returned
4336,1248,173,2024-04-20,2024-05-08,Returned
4337,778,941,2023-07-13,2025-01-17,Returned
4338,114,688,2025-05-17,2026-05-11,Returned
4339,1327,939,2025-06-16,2025-06-18,Returned
4340,1962,675,2025-02-10,2025-03-11,Returned
4341,229,975,2025-06-12,,Active
4342,84,954,2025-08-25,2026-02-06,Returned
4343,1429,834,2024-08-14,2025-06-23,Returned
4344,1354,162,2025-04-30,2025-06-26,Returned
4345,247,764,2024-11-10,,Active
4346,137,786,2024-02-12,2024-03-02,Returned
4347,1642,617,2023-12-27,2025-01-19,Returned
4348,109,614,2024-11-01,2025-02-03,Returned
4349,340,14,2025-07-02,2026-02-19,Returned
4350,300,609,2023-06-24,2023-10-31,Returned
4351,1796,483,2025-12-12,2026-03-17,Returned
4352,625,34,2026-05-06,2026-05-20,Returned
4353,1677,17,2025-06-08,2026-04-21,Returned
4354,630,312,2023-07-21,2024-09-27,Returned
4355,1831,769,2025-01-11,2026-02-22,Returned
4356,599,774,2025-05-21,2026-04-11,Returned
4357,597,667,2026-04-12,2026-05-14,Returned
4358,1567,129,2023-11-17,2024-01-10,Returned
4359,1219,601,2023-12-16,2024-05-13,Returned
4360,523,873,2024-07-09,2025-03-26,Returned
4361,1633,7,2024-05-26,2025-12-10,Returned
4362,1548,541,2023-06-25,2024-03-19,Returned
4363,1018,426,2026-03-18,2026-04-03,Returned
4364,77,359,2024-10-10,2025-05-09,Returned
4365,1657,401,2023-12-30,,Active
4366,652,803,2026-01-07,2026-01-20,Returned
4367,776,650,2023-07-21,2025-06-04,Returned
4368,1525,51,2026-03-15,2026-04-21,Returned
4369,1850,729,2023-11-19,2025-09-15,Returned
4370,1762,122,2024-06-04,2024-12-07,Returned
4371,442,350,2024-04-29,2026-01-13,Returned
4372,195,687,2024-11-12,2024-12-06,Returned
4373,1919,495,2024-07-30,2025-12-05,Returned
4374,1763,594,2025-10-22,,Active
4375,1609,353,2023-10-03,2024-01-04,Returned
4376,741,165,2023-10-31,,Active
4377,444,21,2025-03-31,2025-12-21,Returned
4378,1425,893,2025-07-23,2025-09-18,Returned
4379,1716,641,2023-10-10,2024-08-16,Returned
4380,261,423,2026-02-03,2026-04-25,Returned
4381,1716,183,2026-02-06,2026-03-17,Returned
4382,798,50,2023-12-11,2025-08-19,Returned
4383,1500,336,2024-07-10,2025-10-10,Returned
4384,108,608,2024-08-02,,Active
4385,251,568,2026-01-26,,Late
4386,1121,518,2025-02-08,2025-07-25,Returned
4387,1065,98,2026-04-17,2026-05-05,Returned
4388,1813,317,2024-08-06,2025-09-21,Returned
4389,915,41,2025-01-29,2025-08-01,Returned
4390,569,795,2025-06-18,2026-05-07,Returned
4391,1033,769,2024-09-22,2025-03-03,Returned
4392,1847,988,2026-05-12,2026-06-01,Returned
4393,1241,63,2024-03-04,2026-04-27,Returned
4394,439,529,2025-10-09,2026-03-11,Returned
4395,1228,58,2026-05-15,2026-05-30,Returned
4396,557,304,2026-05-31,2026-06-04,Returned
4397,711,716,2024-07-01,2024-08-26,Returned
4398,1228,323,2023-07-26,,Active
4399,32,203,2024-07-10,2024-07-29,Returned
4400,1629,637,2025-09-09,2026-05-23,Returned
4401,1792,581,2024-02-19,2024-10-28,Returned
4402,314,497,2024-07-15,2025-04-29,Returned
4403,1686,455,2026-02-20,,Late
4404,1299,710,2024-10-24,2024-12-16,Returned
4405,1699,327,2023-06-23,,Active
4406,694,652,2024-07-03,2026-04-14,Returned
4407,240,405,2024-04-14,2026-04-23,Returned
4408,425,94,2023-07-10,2025-07-28,Returned
4409,1908,292,2023-06-09,2024-06-20,Returned
4410,284,756,2025-12-20,2025-12-27,Returned
4411,1323,996,2025-01-11,2025-06-16,Returned
4412,1811,749,2025-07-20,2026-02-15,Returned
4413,1383,120,2025-05-29,2025-06-19,Returned
4414,1619,224,2024-01-12,2024-09-27,Returned
4415,1605,991,2025-10-01,2026-01-26,Returned
4416,984,340,2024-03-29,2024-08-03,Returned
4417,440,229,2024-12-25,,Late
4418,810,98,2024-01-08,2026-02-20,Returned
4419,75,939,2025-12-02,2026-05-26,Returned
4420,1358,555,2025-08-13,,Late
4421,838,527,2025-04-28,2026-01-07,Returned
4422,80,894,2026-05-30,2026-06-01,Returned
4423,1683,819,2023-06-14,2024-12-02,Returned
4424,1265,952,2025-12-28,2026-05-31,Returned
4425,639,526,2023-07-27,,Late
4426,124,550,2025-09-07,2026-01-04,Returned
4427,235,34,2025-01-17,2025-11-19,Returned
4428,574,262,2025-12-10,2026-04-25,Returned
4429,1274,601,2023-12-13,2024-03-03,Returned
4430,1854,342,2023-11-12,2023-12-14,Returned
4431,888,485,2024-07-19,2024-08-03,Returned
4432,460,612,2025-05-22,2026-01-25,Returned
4433,1224,502,2024-01-25,2026-04-24,Returned
4434,1144,96,2025-12-27,2026-05-01,Returned
4435,1487,541,2023-11-29,2026-04-12,Returned
4436,921,34,2024-02-16,2026-02-13,Returned
4437,1169,59,2024-01-13,2024-10-06,Returned
4438,282,463,2025-05-09,2026-03-03,Returned
4439,1875,711,2026-03-23,,Active
4440,969,778,2023-08-22,2024-04-22,Returned
4441,913,717,2023-10-21,2026-05-25,Returned
4442,662,372,2024-06-16,2024-11-30,Returned
4443,583,188,2025-07-04,2026-03-13,Returned
4444,674,338,2026-04-28,,Active
4445,1246,838,2024-08-04,2026-04-08,Returned
4446,980,348,2026-03-15,2026-05-21,Returned
4447,1339,317,2023-12-25,2024-01-18,Returned
4448,1822,733,2025-12-10,,Active
4449,1187,117,2024-05-07,,Active
4450,151,499,2023-08-27,2025-04-15,Returned
4451,1132,260,2026-02-02,2026-02-05,Returned
4452,1379,60,2026-03-01,,Late
4453,762,204,2023-07-04,2025-11-30,Returned
4454,476,565,2026-03-06,2026-05-18,Returned
4455,1328,232,2023-09-11,2024-06-15,Returned
4456,551,306,2024-06-03,2026-02-27,Returned
4457,860,150,2024-01-21,2024-08-10,Returned
4458,480,119,2025-07-08,2025-11-10,Returned
4459,640,880,2024-08-12,,Active
4460,311,354,2023-12-06,,Active
4461,1900,629,2024-10-26,2024-11-01,Returned
4462,817,425,2024-10-19,2025-01-09,Returned
4463,1457,16,2025-11-18,2025-12-03,Returned
4464,991,257,2026-01-22,2026-03-18,Returned
4465,1652,516,2024-04-26,,Late
4466,180,697,2026-01-29,2026-02-04,Returned
4467,1395,336,2025-02-13,2025-12-15,Returned
4468,426,108,2024-08-21,2025-04-12,Returned
4469,1828,36,2023-08-03,2023-09-08,Returned
4470,1214,628,2025-12-28,2026-04-22,Returned
4471,1321,667,2024-05-21,2025-10-26,Returned
4472,251,602,2023-06-18,2026-04-02,Returned
4473,953,540,2024-09-02,2024-09-17,Returned
4474,1300,992,2023-08-19,2024-11-02,Returned
4475,1291,443,2023-09-02,2023-11-03,Returned
4476,992,523,2024-03-29,2026-05-15,Returned
4477,1595,345,2024-05-22,2025-09-02,Returned
4478,1847,298,2025-08-10,2026-05-28,Returned
4479,1607,334,2024-04-13,2024-05-09,Returned
4480,563,742,2025-12-29,2026-05-25,Returned
4481,952,939,2024-11-13,2025-09-25,Returned
4482,1901,816,2024-10-17,,Late
4483,174,155,2023-09-29,2023-12-02,Returned
4484,1332,250,2024-08-11,2025-01-10,Returned
4485,1618,347,2025-08-27,2026-05-01,Returned
4486,547,794,2025-11-10,2026-02-24,Returned
4487,356,646,2026-01-13,2026-05-19,Returned
4488,917,16,2023-10-03,2024-03-06,Returned
4489,1004,221,2026-02-19,2026-04-14,Returned
4490,620,729,2024-11-25,,Active
4491,1701,704,2023-06-30,2025-02-19,Returned
4492,1121,289,2023-11-02,2024-06-21,Returned
4493,1760,975,2026-06-04,2026-06-06,Returned
4494,1834,238,2023-06-21,2026-06-03,Returned
4495,136,782,2024-04-23,,Active
4496,1051,428,2025-05-26,2026-03-04,Returned
4497,1406,111,2023-07-10,2026-06-02,Returned
4498,810,943,2023-10-13,2023-11-09,Returned
4499,1518,621,2023-07-13,2024-03-13,Returned
4500,269,592,2023-07-13,,Late
4501,368,480,2026-03-15,2026-05-14,Returned
4502,1390,670,2025-09-30,2026-04-22,Returned
4503,1628,300,2024-04-15,2025-11-29,Returned
4504,474,817,2026-02-22,2026-05-16,Returned
4505,1482,858,2026-04-25,2026-05-20,Returned
4506,1754,759,2024-10-30,2025-03-24,Returned
4507,292,119,2024-12-23,2025-05-06,Returned
4508,288,314,2025-05-30,2025-08-19,Returned
4509,8,187,2023-11-15,2025-07-12,Returned
4510,1658,594,2025-08-20,2025-12-23,Returned
4511,1926,163,2023-10-13,2023-12-07,Returned
4512,1545,442,2026-01-02,,Late
4513,292,520,2025-08-28,2026-04-27,Returned
4514,1404,855,2023-12-05,2026-05-22,Returned
4515,414,17,2026-02-13,2026-05-08,Returned
4516,279,540,2025-02-06,2025-05-07,Returned
4517,1349,787,2025-10-27,2026-03-10,Returned
4518,812,923,2025-03-26,2025-08-20,Returned
4519,667,490,2024-08-28,2025-06-27,Returned
4520,1217,482,2025-07-15,2026-03-15,Returned
4521,120,886,2024-06-05,2026-02-09,Returned
4522,1977,750,2024-12-26,2025-03-05,Returned
4523,1451,263,2024-08-27,2025-07-18,Returned
4524,647,631,2024-11-20,2025-02-06,Returned
4525,1098,263,2024-08-01,2024-10-29,Returned
4526,1948,183,2023-07-11,2023-10-02,Returned
4527,1379,311,2025-01-19,2025-03-16,Returned
4528,762,505,2025-06-15,2025-09-25,Returned
4529,1588,726,2026-02-11,2026-02-14,Returned
4530,923,121,2024-12-07,2025-05-17,Returned
4531,492,775,2025-05-20,2026-04-02,Returned
4532,227,772,2025-11-07,,Active
4533,1874,611,2026-05-10,2026-05-19,Returned
4534,1064,428,2023-09-09,,Active
4535,740,386,2023-11-22,2025-10-04,Returned
4536,1494,298,2025-07-03,2026-04-15,Returned
4537,1450,718,2025-09-11,2025-12-19,Returned
4538,414,541,2025-10-14,2026-01-08,Returned
4539,1628,135,2024-04-28,2025-09-07,Returned
4540,1256,477,2023-09-10,2025-08-06,Returned
4541,1949,603,2024-07-18,2025-10-15,Returned
4542,1134,553,2026-02-13,,Active
4543,894,476,2024-04-08,2025-09-10,Returned
4544,471,854,2025-06-18,2025-09-25,Returned
4545,1588,756,2023-09-18,2023-12-17,Returned
4546,1570,501,2026-05-22,,Late
4547,1500,329,2024-07-01,,Late
4548,805,690,2025-06-18,,Active
4549,34,966,2024-03-24,2024-05-30,Returned
4550,599,908,2026-02-22,2026-02-28,Returned
4551,959,720,2025-10-11,2026-02-14,Returned
4552,739,209,2026-04-01,2026-04-20,Returned
4553,1514,61,2024-02-10,2025-09-18,Returned
4554,1022,9,2023-12-19,2024-09-23,Returned
4555,1339,349,2023-09-01,2026-01-08,Returned
4556,1095,268,2024-05-05,,Late
4557,1334,360,2024-05-13,2024-10-29,Returned
4558,253,422,2025-01-28,2026-05-04,Returned
4559,1592,74,2025-01-14,,Active
4560,993,233,2024-01-28,2025-04-14,Returned
4561,147,587,2025-08-22,2025-10-18,Returned
4562,873,314,2024-02-19,,Active
4563,73,869,2024-02-26,2024-12-11,Returned
4564,1626,128,2025-06-10,2026-03-19,Returned
4565,963,75,2024-07-04,2025-01-16,Returned
4566,43,570,2024-02-18,2024-10-04,Returned
4567,260,771,2025-05-17,2026-05-31,Returned
4568,129,163,2023-11-21,2024-10-16,Returned
4569,1484,476,2023-11-02,2024-04-30,Returned
4570,1796,737,2024-06-27,2025-11-09,Returned
4571,1444,84,2024-01-17,2025-07-18,Returned
4572,551,659,2025-05-18,2025-10-27,Returned
4573,1701,704,2024-09-10,2024-09-29,Returned
4574,1127,45,2026-05-22,2026-06-06,Returned
4575,102,460,2024-11-01,2025-04-22,Returned
4576,679,396,2025-04-17,2025-06-11,Returned
4577,1967,42,2025-02-21,2025-03-13,Returned
4578,548,395,2025-03-27,2025-05-23,Returned
4579,449,551,2024-05-05,2025-11-28,Returned
4580,1472,475,2023-12-31,2025-08-04,Returned
4581,1618,134,2023-11-29,2024-12-04,Returned
4582,1466,901,2025-01-22,2026-04-05,Returned
4583,1276,463,2024-02-05,2026-01-15,Returned
4584,1742,482,2025-12-10,2026-02-27,Returned
4585,1072,818,2025-07-05,2026-01-06,Returned
4586,349,19,2024-08-03,2025-10-18,Returned
4587,22,141,2025-05-09,2025-05-29,Returned
4588,1593,288,2026-03-30,,Active
4589,181,427,2025-02-20,2026-01-22,Returned
4590,945,911,2025-10-20,2026-05-29,Returned
4591,788,858,2025-03-18,2025-05-25,Returned
4592,1026,375,2024-06-26,2026-03-20,Returned
4593,583,356,2025-08-23,2026-03-04,Returned
4594,1440,987,2024-08-06,2025-06-10,Returned
4595,286,858,2024-12-31,2025-08-12,Returned
4596,1521,866,2026-05-18,,Active
4597,299,963,2024-01-11,2025-03-04,Returned
4598,107,290,2026-04-07,2026-04-24,Returned
4599,538,313,2025-02-16,,Late
4600,1775,948,2024-07-14,2026-03-06,Returned
4601,818,756,2025-07-06,2025-12-14,Returned
4602,1192,555,2025-12-18,2026-05-19,Returned
4603,1441,523,2024-02-11,2025-05-06,Returned
4604,600,587,2025-02-01,2025-12-05,Returned
4605,248,351,2024-12-10,,Late
4606,479,754,2023-12-28,2024-06-21,Returned
4607,1302,557,2024-12-27,,Late
4608,1365,855,2025-07-17,2025-09-07,Returned
4609,622,251,2023-08-23,2026-04-21,Returned
4610,904,183,2023-08-01,,Late
4611,218,231,2023-10-03,,Active
4612,695,72,2025-08-19,2025-09-06,Returned
4613,1266,173,2024-12-21,2026-04-02,Returned
4614,1765,207,2025-09-24,2026-03-08,Returned
4615,610,631,2026-01-26,2026-02-12,Returned
4616,814,507,2025-04-05,2025-12-30,Returned
4617,1242,703,2025-11-29,2026-03-31,Returned
4618,884,716,2025-04-04,2025-11-01,Returned
4619,1421,171,2025-09-19,2026-02-07,Returned
4620,258,351,2024-04-14,2026-03-12,Returned
4621,1565,674,2024-08-22,2025-03-29,Returned
4622,424,115,2025-10-12,2025-12-30,Returned
4623,110,584,2024-06-02,2025-06-30,Returned
4624,1499,547,2025-05-26,2025-06-05,Returned
4625,574,283,2025-02-18,2026-05-02,Returned
4626,106,187,2025-04-19,,Active
4627,616,313,2024-11-12,2026-05-26,Returned
4628,276,553,2025-03-27,2025-04-23,Returned
4629,1986,151,2024-03-08,2024-10-05,Returned
4630,422,134,2025-03-13,,Active
4631,1463,981,2024-10-25,2026-06-04,Returned
4632,1983,900,2025-09-07,2025-11-15,Returned
4633,403,662,2025-12-06,2026-02-28,Returned
4634,506,925,2026-04-12,,Active
4635,966,870,2024-01-10,,Active
4636,1697,678,2024-03-18,2025-10-11,Returned
4637,342,818,2025-04-04,2026-03-02,Returned
4638,198,681,2025-05-08,,Active
4639,1520,266,2024-11-15,2024-11-17,Returned
4640,1155,645,2024-12-11,2025-10-27,Returned
4641,1424,517,2024-06-01,2025-04-20,Returned
4642,939,814,2025-07-25,2025-08-28,Returned
4643,1853,533,2023-12-25,2024-11-17,Returned
4644,109,11,2026-03-16,2026-05-18,Returned
4645,100,676,2023-07-20,,Active
4646,985,885,2025-02-23,2025-06-01,Returned
4647,754,653,2024-02-13,2026-02-07,Returned
4648,494,834,2025-02-24,,Active
4649,1820,139,2026-01-05,2026-02-28,Returned
4650,1388,354,2023-08-16,2024-08-15,Returned
4651,1283,178,2025-02-09,2025-12-04,Returned
4652,1880,827,2024-07-16,2024-08-16,Returned
4653,639,20,2024-06-13,2024-06-22,Returned
4654,1393,176,2026-02-24,2026-03-12,Returned
4655,883,3,2026-03-10,2026-03-13,Returned
4656,1066,3,2025-01-06,2025-08-09,Returned
4657,1223,741,2024-09-09,2024-12-17,Returned
4658,1216,755,2024-11-07,2026-03-31,Returned
4659,951,514,2025-02-14,,Active
4660,256,111,2024-05-25,2024-06-06,Returned
4661,825,558,2026-05-23,2026-05-25,Returned
4662,1716,678,2026-03-11,2026-04-19,Returned
4663,1796,29,2023-06-13,2024-11-09,Returned
4664,1290,511,2026-04-15,2026-04-23,Returned
4665,23,262,2024-11-14,2026-04-12,Returned
4666,440,300,2026-03-02,2026-05-26,Returned
4667,1430,559,2024-01-19,2024-04-26,Returned
4668,1504,357,2025-10-28,2025-10-31,Returned
4669,284,487,2023-09-23,2025-03-26,Returned
4670,676,183,2023-09-27,2024-01-30,Returned
4671,1094,938,2025-04-19,2025-10-23,Returned
4672,194,563,2024-07-13,2025-08-09,Returned
4673,1133,930,2024-06-15,2026-03-23,Returned
4674,87,745,2024-02-23,2024-12-04,Returned
4675,1777,105,2025-10-30,2025-12-19,Returned
4676,382,40,2024-07-27,2025-06-02,Returned
4677,1217,631,2025-03-11,2025-10-06,Returned
4678,641,791,2025-09-08,2026-03-11,Returned
4679,1847,553,2023-07-04,2024-02-26,Returned
4680,1058,258,2026-03-31,,Active
4681,1272,112,2025-11-25,2026-02-11,Returned
4682,1945,233,2025-02-05,,Active
4683,1440,380,2025-09-15,2026-03-08,Returned
4684,68,905,2024-05-07,2024-12-08,Returned
4685,1247,48,2025-02-04,2026-02-28,Returned
4686,1902,588,2025-08-26,2025-09-21,Returned
4687,1201,618,2025-06-17,2025-09-24,Returned
4688,945,995,2026-03-07,2026-04-13,Returned
4689,171,979,2023-11-01,,Active
4690,1869,893,2026-02-27,2026-05-01,Returned
4691,1451,601,2024-10-06,2025-08-22,Returned
4692,614,277,2024-02-15,2024-04-04,Returned
4693,1223,682,2023-07-09,2024-07-03,Returned
4694,276,17,2023-11-07,2024-12-13,Returned
4695,1647,667,2025-03-13,2025-08-10,Returned
4696,600,562,2023-10-06,2026-05-18,Returned
4697,587,240,2024-03-01,2024-11-18,Returned
4698,1276,556,2024-06-15,2025-11-17,Returned
4699,1612,9,2026-04-06,2026-04-27,Returned
4700,1543,832,2025-02-28,,Active
4701,551,314,2025-10-02,2025-11-19,Returned
4702,790,964,2024-02-07,2024-04-10,Returned
4703,1396,902,2025-02-26,2026-02-28,Returned
4704,1103,781,2023-07-08,2025-09-25,Returned
4705,805,659,2024-06-19,2025-09-11,Returned
4706,773,386,2024-12-02,2026-05-10,Returned
4707,151,993,2025-11-12,,Late
4708,1233,570,2025-11-13,2026-05-18,Returned
4709,1360,995,2023-09-02,2025-08-19,Returned
4710,478,35,2024-01-04,2025-12-03,Returned
4711,1217,642,2025-01-09,2025-09-13,Returned
4712,1507,637,2024-11-05,2026-01-08,Returned
4713,1381,381,2023-06-18,2025-12-08,Returned
4714,139,356,2023-08-05,2023-11-03,Returned
4715,1400,227,2024-10-04,2025-10-26,Returned
4716,1891,926,2026-03-04,2026-05-24,Returned
4717,1501,325,2024-06-20,2025-05-05,Returned
4718,420,790,2024-05-11,2025-11-03,Returned
4719,666,574,2026-05-17,2026-06-04,Returned
4720,1048,225,2023-08-22,2024-11-29,Returned
4721,1542,824,2025-11-30,2026-02-12,Returned
4722,1043,99,2023-06-08,2024-12-09,Returned
4723,184,907,2024-08-16,2025-01-07,Returned
4724,1642,891,2023-07-15,2026-04-27,Returned
4725,1777,710,2023-11-17,,Active
4726,703,332,2025-01-24,,Active
4727,1569,581,2025-04-06,,Active
4728,1404,36,2025-09-24,2026-05-08,Returned
4729,1538,807,2024-11-12,2025-10-06,Returned
4730,1224,87,2024-03-18,2026-04-28,Returned
4731,53,978,2026-05-08,2026-06-02,Returned
4732,1305,430,2024-04-07,2025-10-11,Returned
4733,1526,546,2024-04-03,2024-12-06,Returned
4734,1581,20,2024-12-26,2026-01-07,Returned
4735,818,688,2025-12-29,2026-02-08,Returned
4736,1594,805,2023-11-05,2023-12-02,Returned
4737,47,528,2025-07-12,2026-05-06,Returned
4738,1509,717,2025-06-28,2025-08-15,Returned
4739,1280,567,2025-02-22,2025-11-26,Returned
4740,1806,390,2025-11-08,2025-11-26,Returned
4741,534,900,2024-07-19,2025-05-15,Returned
4742,1190,475,2026-04-04,2026-04-12,Returned
4743,486,238,2024-04-05,,Late
4744,1251,240,2024-08-03,2025-03-31,Returned
4745,250,156,2024-05-14,2026-03-06,Returned
4746,1923,517,2025-09-24,2026-01-22,Returned
4747,1689,336,2024-11-12,2025-05-13,Returned
4748,544,232,2025-09-18,2026-04-06,Returned
4749,1192,744,2024-01-25,,Active
4750,1439,914,2024-10-03,2024-10-10,Returned
4751,934,885,2024-03-11,2024-12-31,Returned
4752,976,321,2023-08-16,2023-08-17,Returned
4753,1661,843,2024-03-22,2024-06-07,Returned
4754,921,242,2025-12-15,,Late
4755,1737,756,2025-06-08,2025-06-25,Returned
4756,867,565,2024-07-16,2025-05-27,Returned
4757,105,80,2025-10-11,2026-02-09,Returned
4758,219,254,2024-07-02,2025-01-24,Returned
4759,347,935,2025-11-04,2026-04-18,Returned
4760,696,293,2025-12-04,2026-02-16,Returned
4761,1902,670,2026-03-15,2026-04-23,Returned
4762,240,802,2024-12-23,2025-12-13,Returned
4763,780,192,2023-09-18,,Late
4764,852,738,2024-12-03,2025-09-05,Returned
4765,1411,410,2024-03-31,2024-05-22,Returned
4766,1455,87,2026-03-31,2026-05-19,Returned
4767,593,586,2024-12-04,2025-10-27,Returned
4768,1982,907,2024-08-30,2025-04-17,Returned
4769,212,739,2025-12-09,,Active
4770,1486,48,2025-01-15,2025-08-09,Returned
4771,1523,435,2025-04-05,2026-05-14,Returned
4772,583,522,2025-03-05,2026-02-03,Returned
4773,443,421,2023-08-07,2026-04-01,Returned
4774,1618,120,2023-12-23,2025-07-23,Returned
4775,1020,205,2024-06-27,2025-04-16,Returned
4776,1032,334,2026-05-27,2026-06-06,Returned
4777,1837,512,2025-03-12,2026-02-21,Returned
4778,1165,226,2026-05-05,2026-05-22,Returned
4779,676,957,2026-05-15,2026-05-17,Returned
4780,759,248,2024-06-12,2026-04-04,Returned
4781,1643,268,2024-05-10,2026-05-18,Returned
4782,550,879,2023-08-08,2024-08-04,Returned
4783,1400,292,2024-05-17,2025-02-02,Returned
4784,1433,83,2024-06-19,2025-05-07,Returned
4785,858,732,2024-04-20,,Active
4786,661,675,2025-02-15,2026-01-11,Returned
4787,776,427,2024-04-26,2025-05-03,Returned
4788,1986,773,2023-06-22,2023-10-15,Returned
4789,209,24,2024-08-29,2025-12-09,Returned
4790,1388,576,2023-12-24,2024-04-22,Returned
4791,524,87,2023-09-09,2024-10-11,Returned
4792,1659,17,2025-12-30,2026-02-06,Returned
4793,1639,884,2024-05-10,2024-06-02,Returned
4794,1062,401,2025-02-15,2025-11-06,Returned
4795,1940,366,2026-03-17,2026-05-19,Returned
4796,1686,275,2025-06-03,2025-12-22,Returned
4797,1173,25,2025-01-17,2025-03-28,Returned
4798,230,703,2023-06-14,2023-06-25,Returned
4799,191,598,2024-07-28,2026-02-13,Returned
4800,800,72,2025-11-13,2026-05-30,Returned
4801,858,65,2026-05-04,2026-06-02,Returned
4802,872,850,2025-08-30,2026-05-02,Returned
4803,1635,943,2024-03-25,2026-02-12,Returned
4804,1600,269,2023-12-07,2025-10-22,Returned
4805,1842,799,2026-03-23,2026-05-05,Returned
4806,1580,998,2023-11-02,2025-11-02,Returned
4807,90,148,2025-07-13,2025-07-19,Returned
4808,1776,655,2024-05-04,,Active
4809,1497,349,2024-08-17,2026-02-05,Returned
4810,1810,475,2025-08-13,2025-11-23,Returned
4811,1516,45,2025-05-04,2025-09-14,Returned
4812,1801,717,2024-02-12,2024-10-14,Returned
4813,643,895,2025-05-13,2026-01-28,Returned
4814,1681,588,2024-09-16,2024-10-02,Returned
4815,1547,171,2026-05-23,2026-05-29,Returned
4816,38,115,2024-04-25,2024-11-14,Returned
4817,1987,865,2025-05-04,2025-06-25,Returned
4818,714,609,2025-11-11,2026-01-01,Returned
4819,667,281,2024-05-09,2024-07-01,Returned
4820,1085,559,2025-01-05,2025-05-16,Returned
4821,1687,914,2023-08-21,2024-05-03,Returned
4822,1978,624,2025-06-14,2026-02-17,Returned
4823,1886,113,2024-05-18,2025-02-03,Returned
4824,1177,38,2023-12-02,2025-01-03,Returned
4825,1300,302,2025-11-13,2025-12-15,Returned
4826,1008,322,2025-09-01,2026-05-16,Returned
4827,26,487,2026-04-06,2026-05-03,Returned
4828,1347,138,2024-07-17,2024-10-11,Returned
4829,291,454,2023-08-14,2024-10-22,Returned
4830,611,658,2023-10-07,2024-07-09,Returned
4831,1959,691,2025-06-10,,Active
4832,577,509,2024-06-26,2024-10-15,Returned
4833,231,913,2026-05-20,2026-06-02,Returned
4834,1543,117,2025-03-03,2026-01-08,Returned
4835,1934,139,2023-08-18,2023-11-07,Returned
4836,1657,187,2025-06-29,2025-07-30,Returned
4837,487,298,2025-11-12,2026-04-26,Returned
4838,385,451,2024-02-10,,Late
4839,984,721,2024-09-28,2026-05-14,Returned
4840,1250,455,2025-06-02,2025-10-29,Returned
4841,681,720,2023-10-24,2025-10-05,Returned
4842,1418,148,2025-07-07,2026-05-19,Returned
4843,1216,24,2024-10-07,2026-01-05,Returned
4844,498,121,2025-09-05,2026-01-26,Returned
4845,455,578,2024-11-03,2026-01-10,Returned
4846,969,220,2023-11-21,2024-02-05,Returned
4847,344,483,2023-08-04,2024-05-28,Returned
4848,266,808,2024-10-12,2025-06-21,Returned
4849,1073,180,2023-12-16,2025-04-30,Returned
4850,904,577,2024-12-31,2025-04-19,Returned
4851,504,323,2026-01-30,2026-04-10,Returned
4852,1736,923,2024-05-01,2025-05-11,Returned
4853,612,993,2023-12-24,2024-09-30,Returned
4854,1241,704,2024-07-27,2026-05-09,Returned
4855,656,496,2025-10-31,2026-03-29,Returned
4856,629,229,2025-07-23,,Active
4857,747,480,2024-10-28,2025-12-19,Returned
4858,1572,265,2025-11-22,2025-12-10,Returned
4859,550,612,2024-12-27,2025-11-24,Returned
4860,1981,26,2025-12-30,2026-03-04,Returned
4861,1636,856,2025-07-12,2026-02-20,Returned
4862,778,818,2024-02-12,2024-04-29,Returned
4863,156,233,2024-07-02,2026-02-11,Returned
4864,267,639,2024-05-29,2026-01-14,Returned
4865,758,124,2025-09-03,2025-12-26,Returned
4866,675,817,2024-08-08,2024-10-27,Returned
4867,1219,647,2026-01-05,2026-04-09,Returned
4868,21,303,2026-04-18,2026-05-26,Returned
4869,1575,991,2023-09-14,2025-07-14,Returned
4870,792,320,2026-01-08,2026-05-23,Returned
4871,1717,8,2024-03-02,2025-04-02,Returned
4872,1281,980,2023-08-25,2025-09-08,Returned
4873,748,56,2023-08-01,2025-10-20,Returned
4874,163,856,2024-04-12,2024-12-11,Returned
4875,1843,341,2025-12-03,2026-01-26,Returned
4876,1339,229,2026-02-12,2026-03-05,Returned
4877,1923,125,2025-04-06,2025-10-03,Returned
4878,1664,619,2024-09-30,,Active
4879,308,565,2024-01-31,2024-11-14,Returned
4880,1087,7,2026-06-06,2026-06-06,Returned
4881,521,581,2023-11-11,2025-02-21,Returned
4882,558,578,2023-12-17,2025-01-28,Returned
4883,1273,46,2026-05-05,2026-05-08,Returned
4884,724,635,2024-01-01,2025-02-10,Returned
4885,390,535,2026-04-27,2026-05-30,Returned
4886,124,295,2024-10-03,,Active
4887,218,803,2026-03-28,2026-05-03,Returned
4888,1134,611,2023-09-24,2024-02-18,Returned
4889,797,392,2024-11-06,2025-03-26,Returned
4890,23,716,2023-12-19,2026-02-19,Returned
4891,1642,16,2026-02-27,2026-06-05,Returned
4892,435,842,2024-02-14,2025-05-17,Returned
4893,73,599,2025-05-22,2026-05-04,Returned
4894,442,461,2025-08-09,,Late
4895,1934,393,2025-08-05,2025-09-18,Returned
4896,1821,573,2024-06-12,2026-05-24,Returned
4897,160,138,2024-07-31,2025-09-02,Returned
4898,1875,86,2025-05-25,,Active
4899,830,53,2024-04-26,2024-08-03,Returned
4900,5,620,2025-05-04,2025-05-23,Returned
4901,1479,239,2024-08-05,2025-10-19,Returned
4902,1974,209,2025-03-14,2025-06-18,Returned
4903,1756,677,2025-02-02,2026-04-01,Returned
4904,798,469,2024-04-21,2026-01-09,Returned
4905,334,816,2025-04-21,2025-10-05,Returned
4906,626,907,2023-06-15,2023-06-30,Returned
4907,2,56,2024-12-09,2025-05-14,Returned
4908,11,496,2025-08-22,2026-05-02,Returned
4909,903,666,2025-05-24,,Active
4910,185,43,2024-08-14,2025-06-16,Returned
4911,1147,167,2025-09-29,2026-01-04,Returned
4912,528,996,2024-07-20,2026-04-27,Returned
4913,1561,221,2025-09-08,2025-11-15,Returned
4914,529,987,2023-09-18,,Active
4915,636,284,2024-07-20,2025-04-20,Returned
4916,1008,103,2025-03-21,2025-11-17,Returned
4917,86,51,2026-02-03,2026-03-25,Returned
4918,1173,95,2024-06-29,2024-09-30,Returned
4919,175,555,2025-08-07,2025-09-28,Returned
4920,226,518,2025-01-28,2026-03-28,Returned
4921,299,503,2025-03-03,2025-08-13,Returned
4922,1791,449,2024-11-13,2025-10-18,Returned
4923,466,428,2023-09-21,2024-02-20,Returned
4924,1405,187,2025-08-01,2026-02-18,Returned
4925,106,653,2023-06-18,2025-06-18,Returned
4926,196,707,2024-03-02,2024-05-28,Returned
4927,461,834,2024-12-25,2025-06-01,Returned
4928,1086,316,2024-07-31,2025-04-02,Returned
4929,133,353,2024-07-11,2025-10-22,Returned
4930,1902,163,2024-11-10,,Late
4931,527,683,2023-08-24,2023-09-20,Returned
4932,1379,760,2024-01-11,2026-03-31,Returned
4933,928,218,2025-02-10,,Late
4934,235,593,2024-08-03,2025-11-05,Returned
4935,1716,518,2024-05-05,2026-03-09,Returned
4936,347,855,2025-04-17,2025-11-24,Returned
4937,39,973,2025-08-15,2025-10-05,Returned
4938,612,145,2025-09-09,2026-06-03,Returned
4939,1477,407,2024-03-30,,Late
4940,369,404,2024-08-03,2025-05-26,Returned
4941,245,180,2023-11-29,2024-01-26,Returned
4942,1745,588,2024-05-02,2025-07-02,Returned
4943,1886,305,2025-03-11,2025-04-20,Returned
4944,1763,352,2026-02-12,2026-03-11,Returned
4945,1427,35,2025-02-11,2026-01-23,Returned
4946,85,251,2023-10-22,2025-03-07,Returned
4947,883,995,2024-05-10,2024-09-07,Returned
4948,358,619,2026-04-17,2026-05-25,Returned
4949,1321,220,2024-08-28,2025-04-23,Returned
4950,1226,375,2024-09-25,2025-05-30,Returned
4951,749,648,2023-08-31,2024-10-20,Returned
4952,1132,588,2024-02-12,2024-11-30,Returned
4953,1252,642,2023-07-21,2025-10-26,Returned
4954,1190,545,2025-10-04,2026-03-09,Returned
4955,977,919,2026-01-28,2026-03-21,Returned
4956,819,904,2025-04-19,2025-06-22,Returned
4957,507,327,2025-02-09,2026-04-29,Returned
4958,478,92,2025-08-23,2026-01-09,Returned
4959,838,658,2025-11-15,2026-05-16,Returned
4960,723,945,2026-01-06,2026-02-21,Returned
4961,245,721,2023-07-15,2026-04-26,Returned
4962,537,477,2024-03-07,2025-03-22,Returned
4963,274,242,2024-06-25,2025-08-10,Returned
4964,1490,496,2025-02-26,2026-05-09,Returned
4965,219,950,2025-09-29,2026-05-26,Returned
4966,1114,820,2026-05-01,2026-05-02,Returned
4967,19,89,2025-02-05,2026-04-09,Returned
4968,377,556,2024-03-28,2024-04-24,Returned
4969,1395,245,2026-05-16,2026-06-01,Returned
4970,1339,110,2025-08-11,2026-04-08,Returned
4971,431,875,2024-11-04,,Active
4972,772,893,2026-03-22,2026-05-15,Returned
4973,984,310,2025-12-19,2026-03-12,Returned
4974,1112,760,2024-06-16,2025-01-16,Returned
4975,821,44,2024-01-14,2024-11-17,Returned
4976,462,830,2026-03-17,2026-03-30,Returned
4977,388,311,2025-10-14,2025-11-27,Returned
4978,1373,974,2024-01-29,2024-04-05,Returned
4979,549,551,2024-03-16,,Active
4980,68,516,2025-12-11,2026-01-11,Returned
4981,95,196,2023-09-15,2023-12-01,Returned
4982,956,385,2025-11-01,2025-11-22,Returned
4983,999,33,2024-09-05,2024-12-04,Returned
4984,345,928,2023-06-30,2024-10-13,Returned
4985,1783,584,2024-09-08,2025-08-20,Returned
4986,1794,210,2025-02-13,2026-05-22,Returned
4987,1225,159,2026-01-30,,Active
4988,1443,581,2024-12-21,2025-04-12,Returned
4989,1440,306,2024-11-23,2025-02-15,Returned
4990,1632,257,2025-10-08,2026-01-11,Returned
4991,910,320,2024-12-18,2026-02-08,Returned
4992,162,688,2025-01-29,2026-02-23,Returned
4993,1227,881,2025-12-02,2026-03-05,Returned
4994,1826,521,2024-09-05,2026-03-29,Returned
4995,890,598,2025-09-25,,Active
4996,232,183,2024-10-03,2024-11-11,Returned
4997,203,597,2023-12-15,2025-04-15,Returned
4998,780,658,2025-11-26,2026-04-03,Returned
4999,167,717,2025-06-26,2025-07-25,Returned
5000,1973,182,2024-08-28,2024-09-23,Returned
5001,1131,664,2025-08-14,2026-05-01,Returned
5002,929,587,2025-09-03,2025-12-25,Returned
5003,1169,814,2026-03-22,2026-04-27,Returned
5004,367,984,2025-06-11,2025-06-14,Returned
5005,1340,691,2024-02-10,2025-07-03,Returned
5006,1498,84,2024-11-20,2024-12-12,Returned
5007,662,302,2023-10-11,2024-01-05,Returned
5008,83,296,2024-05-24,2025-01-31,Returned
5009,935,371,2023-08-23,2024-08-27,Returned
5010,1661,311,2026-04-20,2026-04-22,Returned
5011,936,152,2025-02-23,2025-10-02,Returned
5012,1743,529,2024-07-10,2026-03-15,Returned
5013,1077,754,2023-11-16,2025-03-30,Returned
5014,1886,490,2025-12-26,2026-03-24,Returned
5015,794,710,2026-01-07,,Late
5016,898,739,2023-11-20,2024-10-23,Returned
5017,38,467,2023-07-11,2026-02-27,Returned
5018,69,620,2025-11-26,2026-04-08,Returned
5019,727,812,2024-07-13,2025-09-26,Returned
5020,126,770,2025-10-05,2025-12-22,Returned
5021,826,250,2023-12-14,2025-11-17,Returned
5022,291,652,2023-10-25,2023-11-29,Returned
5023,512,932,2026-05-28,,Active
5024,507,681,2026-01-15,2026-03-22,Returned
5025,1802,675,2023-06-11,2024-04-24,Returned
5026,804,387,2026-04-04,2026-05-22,Returned
5027,1268,803,2025-06-06,,Late
5028,225,98,2023-10-22,,Active
5029,666,965,2024-04-16,2025-04-29,Returned
5030,992,627,2023-06-29,2024-04-19,Returned
5031,1487,306,2025-07-19,2025-08-11,Returned
5032,223,435,2025-12-28,2026-03-30,Returned
5033,607,810,2026-03-07,2026-03-23,Returned
5034,259,235,2026-01-09,2026-02-09,Returned
5035,34,814,2024-06-19,2025-12-06,Returned
5036,776,720,2025-03-20,2026-05-27,Returned
5037,849,103,2024-05-05,2025-09-01,Returned
5038,1180,962,2023-07-01,2023-10-27,Returned
5039,940,155,2024-05-03,2024-06-05,Returned
5040,824,727,2025-10-16,2025-11-04,Returned
5041,1636,240,2023-07-30,2024-02-26,Returned
5042,753,574,2025-06-22,2025-07-08,Returned
5043,1331,626,2025-08-05,2026-04-04,Returned
5044,783,109,2025-08-06,2026-05-22,Returned
5045,1663,332,2023-09-08,2024-04-18,Returned
5046,84,452,2025-02-09,2025-08-12,Returned
5047,133,352,2023-11-30,2025-11-01,Returned
5048,282,575,2025-05-19,2025-10-17,Returned
5049,1446,201,2023-12-29,2024-04-02,Returned
5050,1869,942,2024-12-24,2026-05-08,Returned
5051,1669,490,2026-06-06,2026-06-06,Returned
5052,1053,495,2023-09-26,2026-04-15,Returned
5053,1859,853,2024-07-26,2024-08-25,Returned
5054,1127,507,2024-02-03,2026-03-18,Returned
5055,1545,536,2025-07-17,2026-02-26,Returned
5056,1187,642,2026-05-07,2026-05-10,Returned
5057,433,214,2024-08-10,2025-02-09,Returned
5058,1948,854,2025-09-28,2025-10-11,Returned
5059,1070,555,2026-02-18,2026-04-01,Returned
5060,1957,876,2024-02-10,2025-09-25,Returned
5061,1433,34,2025-04-23,2025-07-12,Returned
5062,505,620,2026-02-26,2026-06-01,Returned
5063,556,758,2024-06-03,2026-03-29,Returned
5064,96,364,2025-01-28,2025-02-18,Returned
5065,608,904,2024-02-14,2024-10-11,Returned
5066,1816,357,2024-04-18,2026-03-19,Returned
5067,1688,990,2023-09-19,2024-01-03,Returned
5068,542,283,2023-11-16,2025-07-26,Returned
5069,1106,439,2023-11-18,2025-12-09,Returned
5070,853,698,2025-06-01,2025-07-11,Returned
5071,1908,387,2024-02-16,2025-11-23,Returned
5072,80,551,2026-04-14,2026-04-27,Returned
5073,238,820,2025-04-27,2025-05-15,Returned
5074,1955,500,2026-03-21,2026-05-30,Returned
5075,991,768,2025-07-21,2025-10-24,Returned
5076,96,686,2025-11-24,2025-12-11,Returned
5077,1398,932,2024-12-22,2025-02-02,Returned
5078,1721,39,2026-02-01,2026-03-04,Returned
5079,455,35,2025-03-01,2025-07-02,Returned
5080,1211,888,2024-08-18,2025-04-27,Returned
5081,727,465,2025-05-25,2025-09-30,Returned
5082,894,808,2024-06-14,2025-05-31,Returned
5083,345,504,2024-08-07,2025-11-22,Returned
5084,1818,266,2024-01-01,2026-03-07,Returned
5085,1888,919,2025-10-19,2025-12-26,Returned
5086,1528,427,2025-02-01,2026-05-09,Returned
5087,1665,341,2023-07-12,2025-08-22,Returned
5088,1382,651,2025-11-29,2026-05-30,Returned
5089,1627,710,2023-09-05,2024-06-04,Returned
5090,235,526,2025-10-03,2025-12-03,Returned
5091,502,48,2024-06-30,2025-03-04,Returned
5092,910,739,2024-10-22,2026-02-10,Returned
5093,1310,157,2024-12-01,2025-04-25,Returned
5094,106,62,2025-02-25,2026-04-07,Returned
5095,416,499,2024-04-12,2025-12-17,Returned
5096,44,301,2025-04-14,2025-11-03,Returned
5097,833,686,2025-04-09,2026-04-21,Returned
5098,1461,181,2025-03-23,2025-06-27,Returned
5099,488,721,2025-07-08,,Late
5100,546,146,2023-09-06,2024-01-09,Returned
5101,1012,820,2024-05-04,2025-04-28,Returned
5102,1433,798,2026-05-26,2026-06-01,Returned
5103,678,306,2026-06-01,2026-06-02,Returned
5104,501,180,2024-06-08,2024-12-28,Returned
5105,1268,495,2023-09-20,2024-08-16,Returned
5106,1781,897,2025-11-27,2025-12-19,Returned
5107,1300,541,2026-05-01,2026-05-05,Returned
5108,1080,543,2023-11-08,2026-02-16,Returned
5109,50,594,2025-03-12,2026-03-21,Returned
5110,1676,989,2025-10-21,2026-03-31,Returned
5111,1495,917,2025-09-06,2026-03-14,Returned
5112,877,221,2025-01-04,2026-03-02,Returned
5113,232,985,2026-02-13,2026-04-05,Returned
5114,655,690,2024-12-20,,Late
5115,999,302,2025-01-06,2026-04-25,Returned
5116,172,645,2024-04-28,2026-02-28,Returned
5117,246,912,2025-01-15,2026-02-10,Returned
5118,1291,246,2023-10-08,2024-07-18,Returned
5119,552,313,2025-01-16,2025-08-20,Returned
5120,1592,370,2024-01-23,,Active
5121,823,706,2024-03-07,2024-12-24,Returned
5122,1681,557,2023-07-06,2024-02-28,Returned
5123,1918,728,2023-12-30,,Active
5124,1962,423,2024-03-31,,Active
5125,1719,674,2025-08-19,2025-10-07,Returned
5126,1258,429,2024-03-14,2025-02-05,Returned
5127,1231,856,2026-04-06,2026-04-29,Returned
5128,1331,804,2024-02-02,2024-08-19,Returned
5129,1159,523,2025-04-19,2025-09-29,Returned
5130,630,145,2023-12-24,2024-05-30,Returned
5131,1100,666,2024-08-06,2025-08-29,Returned
5132,557,584,2024-05-10,2025-02-04,Returned
5133,897,901,2024-09-16,2024-11-10,Returned
5134,1920,793,2024-12-25,2025-06-22,Returned
5135,1590,563,2025-03-18,2025-05-03,Returned
5136,1931,432,2025-08-28,2025-11-05,Returned
5137,238,465,2025-11-21,2026-04-08,Returned
5138,811,47,2026-03-30,2026-05-07,Returned
5139,175,375,2023-09-20,2025-06-28,Returned
5140,1824,34,2025-03-05,,Active
5141,1827,948,2025-12-31,2026-03-23,Returned
5142,126,723,2025-02-23,2025-04-03,Returned
5143,1502,579,2024-05-28,2026-03-30,Returned
5144,279,230,2024-02-06,2025-08-26,Returned
5145,553,883,2025-06-24,2026-05-22,Returned
5146,1343,94,2026-01-12,2026-02-16,Returned
5147,368,520,2025-05-20,2025-12-14,Returned
5148,1593,322,2024-02-21,2025-12-02,Returned
5149,190,551,2024-11-16,2025-03-18,Returned
5150,393,956,2024-10-22,2026-02-02,Returned
5151,487,427,2024-12-27,2026-02-02,Returned
5152,1380,104,2024-03-28,2024-10-31,Returned
5153,1341,401,2026-05-25,2026-05-25,Returned
5154,425,899,2023-08-15,2023-12-14,Returned
5155,1467,604,2026-05-20,2026-06-05,Returned
5156,324,610,2025-12-25,2025-12-30,Returned
5157,1411,229,2024-05-08,2026-02-14,Returned
5158,996,977,2026-03-21,2026-05-30,Returned
5159,818,765,2025-10-07,2026-06-03,Returned
5160,88,840,2024-12-19,2026-04-11,Returned
5161,1567,898,2025-04-13,2025-08-22,Returned
5162,766,556,2024-02-14,2025-12-10,Returned
5163,1863,107,2023-11-15,2025-03-04,Returned
5164,898,985,2023-06-23,2024-02-13,Returned
5165,1924,371,2024-06-07,2024-07-21,Returned
5166,1290,606,2025-06-14,2025-06-30,Returned
5167,1293,30,2026-03-15,,Active
5168,1640,621,2023-08-08,2025-10-18,Returned
5169,1282,370,2026-05-22,2026-05-28,Returned
5170,1579,771,2025-02-10,2025-03-01,Returned
5171,367,888,2024-11-17,2025-06-30,Returned
5172,229,133,2023-10-28,2023-12-22,Returned
5173,961,930,2024-07-28,2025-07-06,Returned
5174,846,127,2024-05-07,2026-04-05,Returned
5175,1681,540,2025-09-15,,Active
5176,1333,438,2023-09-26,2025-08-20,Returned
5177,516,128,2025-02-22,2026-02-18,Returned
5178,1003,579,2025-03-01,,Active
5179,1501,794,2025-01-02,2025-07-29,Returned
5180,135,944,2025-05-04,2025-07-28,Returned
5181,1526,305,2023-11-01,2026-04-30,Returned
5182,1674,813,2026-05-10,2026-05-30,Returned
5183,1327,336,2024-04-26,,Late
5184,1651,866,2025-12-15,2026-06-02,Returned
5185,1359,546,2025-07-16,2026-01-11,Returned
5186,54,666,2025-06-12,2025-09-03,Returned
5187,849,930,2024-10-04,2025-10-11,Returned
5188,976,896,2023-10-02,2023-12-04,Returned
5189,14,884,2024-06-27,2025-03-14,Returned
5190,1235,894,2026-06-06,2026-06-06,Returned
5191,805,128,2024-05-11,2026-04-07,Returned
5192,456,449,2025-05-10,2025-08-13,Returned
5193,1800,923,2024-12-26,2025-07-27,Returned
5194,1958,282,2024-06-21,2025-04-14,Returned
5195,112,459,2023-08-22,2025-01-10,Returned
5196,10,650,2025-04-29,,Active
5197,1242,268,2023-08-29,2025-05-15,Returned
5198,962,275,2026-06-05,2026-06-05,Returned
5199,907,238,2025-06-25,2025-08-08,Returned
5200,848,83,2025-05-08,2026-03-30,Returned
5201,544,781,2025-06-09,2026-05-15,Returned
5202,1278,223,2024-07-17,2024-07-20,Returned
5203,1831,130,2023-07-04,,Active
5204,1180,732,2025-05-06,2026-05-22,Returned
5205,476,269,2024-02-22,2025-06-10,Returned
5206,971,530,2023-06-18,2024-02-10,Returned
5207,1536,934,2025-10-08,2025-10-09,Returned
5208,490,831,2024-09-06,2026-06-04,Returned
5209,1568,637,2025-05-12,2025-12-07,Returned
5210,630,673,2025-12-25,2026-03-08,Returned
5211,694,488,2025-05-21,2025-07-01,Returned
5212,1453,944,2025-12-18,2026-05-24,Returned
5213,1698,603,2026-01-12,2026-03-18,Returned
5214,317,687,2024-01-09,2024-09-27,Returned
5215,650,960,2024-07-22,2024-09-09,Returned
5216,989,438,2024-08-14,2025-01-07,Returned
5217,477,365,2025-02-03,2026-01-02,Returned
5218,776,853,2023-11-21,2024-07-07,Returned
5219,1079,552,2025-07-14,2026-02-26,Returned
5220,1040,594,2024-04-16,2024-11-18,Returned
5221,1999,394,2023-10-07,,Active
5222,242,249,2025-04-22,2026-01-23,Returned
5223,90,286,2025-11-07,2025-12-07,Returned
5224,1778,635,2025-10-22,,Active
5225,417,27,2025-04-10,2026-06-04,Returned
5226,605,866,2025-10-24,,Active
5227,755,407,2024-06-19,2026-02-12,Returned
5228,1001,319,2026-05-05,2026-05-29,Returned
5229,1564,439,2024-04-14,2024-07-23,Returned
5230,403,868,2025-02-07,2025-05-23,Returned
5231,519,169,2025-10-08,2026-01-19,Returned
5232,38,395,2024-09-11,2025-09-22,Returned
5233,377,624,2026-01-03,2026-02-15,Returned
5234,1789,244,2023-07-05,,Active
5235,1470,694,2023-09-12,2026-04-22,Returned
5236,1668,557,2026-02-22,2026-03-12,Returned
5237,975,634,2025-11-07,2026-03-27,Returned
5238,762,744,2023-10-10,2024-08-30,Returned
5239,747,424,2025-01-19,2025-07-21,Returned
5240,1497,951,2026-02-13,2026-05-21,Returned
5241,1738,761,2026-05-25,2026-05-30,Returned
5242,383,591,2025-09-30,2026-03-30,Returned
5243,628,56,2024-08-04,,Active
5244,888,66,2024-07-20,2025-10-16,Returned
5245,1695,812,2025-03-05,,Active
5246,1732,758,2024-08-26,2025-03-06,Returned
5247,1591,35,2023-06-23,2024-01-20,Returned
5248,609,370,2024-10-20,2025-08-25,Returned
5249,1767,242,2025-11-30,2026-04-19,Returned
5250,347,788,2025-04-12,2026-05-28,Returned
5251,746,16,2024-04-26,2026-06-01,Returned
5252,517,591,2026-02-06,2026-03-18,Returned
5253,698,679,2024-10-14,2025-12-30,Returned
5254,1715,62,2024-01-02,2024-01-31,Returned
5255,85,431,2025-02-27,2025-08-18,Returned
5256,984,569,2025-11-29,2026-05-29,Returned
5257,1934,448,2025-01-12,,Active
5258,737,510,2024-05-29,2026-05-18,Returned
5259,1043,272,2025-06-01,2026-01-09,Returned
5260,60,538,2026-03-29,2026-05-18,Returned
5261,1675,743,2024-06-16,2026-04-17,Returned
5262,226,690,2025-06-21,2026-02-25,Returned
5263,1998,826,2023-06-17,2025-08-03,Returned
5264,240,395,2023-10-29,2025-11-07,Returned
5265,1751,115,2025-03-01,2026-03-21,Returned
5266,660,722,2025-12-23,2026-01-06,Returned
5267,1336,158,2025-07-21,2025-09-22,Returned
5268,1604,852,2023-07-19,2024-08-22,Returned
5269,954,417,2025-05-06,2025-11-17,Returned
5270,1284,985,2024-03-27,2025-03-08,Returned
5271,80,823,2025-06-24,2025-08-20,Returned
5272,1754,178,2023-10-21,2023-10-28,Returned
5273,267,873,2026-03-11,2026-03-25,Returned
5274,718,503,2025-12-29,2026-05-16,Returned
5275,1274,858,2025-07-22,2026-01-12,Returned
5276,1135,739,2023-07-18,2025-12-30,Returned
5277,963,75,2024-06-01,,Active
5278,1064,68,2023-09-16,2025-05-17,Returned
5279,1842,733,2025-11-22,2026-05-04,Returned
5280,1507,934,2026-04-23,,Active
5281,807,315,2024-08-03,2025-07-20,Returned
5282,1037,714,2026-02-23,2026-04-23,Returned
5283,39,484,2024-04-27,,Active
5284,482,33,2024-11-26,2026-03-24,Returned
5285,727,394,2024-02-26,2025-09-05,Returned
5286,450,344,2025-05-12,2026-02-02,Returned
5287,1628,247,2024-01-18,2024-09-05,Returned
5288,109,294,2025-09-01,2026-05-21,Returned
5289,1853,468,2024-07-09,2024-08-04,Returned
5290,1994,812,2025-09-29,2026-04-30,Returned
5291,1252,226,2023-08-15,2023-10-05,Returned
5292,990,351,2024-05-26,2025-03-07,Returned
5293,1911,675,2024-05-01,2025-04-09,Returned
5294,1403,714,2025-02-11,2025-02-21,Returned
5295,1527,155,2023-06-29,2025-01-16,Returned
5296,1234,113,2025-07-28,2026-04-26,Returned
5297,791,577,2024-05-30,2025-07-31,Returned
5298,1861,634,2024-02-11,2025-03-09,Returned
5299,611,2,2025-11-26,,Active
5300,1145,300,2023-10-24,2025-09-24,Returned
5301,1557,106,2023-12-05,2024-04-20,Returned
5302,343,897,2026-01-26,2026-04-02,Returned
5303,1775,301,2024-04-17,2025-05-30,Returned
5304,224,167,2025-10-17,2025-10-31,Returned
5305,1091,548,2025-07-25,2025-10-13,Returned
5306,1045,83,2024-10-24,2025-08-13,Returned
5307,1477,429,2024-03-08,2025-09-10,Returned
5308,1056,201,2023-06-12,2026-01-19,Returned
5309,382,671,2025-10-22,2026-05-08,Returned
5310,1138,738,2025-02-05,2025-03-30,Returned
5311,389,756,2025-04-18,2025-05-01,Returned
5312,623,890,2024-01-07,2024-06-13,Returned
5313,184,562,2023-06-17,2025-11-12,Returned
5314,1573,867,2026-03-09,2026-03-30,Returned
5315,916,11,2023-08-05,2023-10-10,Returned
5316,1827,995,2024-03-19,2026-04-22,Returned
5317,25,991,2024-02-12,2024-12-21,Returned
5318,403,69,2023-08-28,,Active
5319,954,767,2023-12-23,2025-11-26,Returned
5320,1472,632,2025-04-14,2025-05-30,Returned
5321,156,541,2023-08-24,2024-03-31,Returned
5322,711,544,2023-07-07,2024-07-30,Returned
5323,1146,618,2026-04-13,2026-04-30,Returned
5324,1245,802,2023-11-01,2025-05-18,Returned
5325,734,128,2023-09-01,2026-05-05,Returned
5326,951,105,2025-03-31,,Late
5327,939,620,2024-09-24,2024-11-23,Returned
5328,1001,549,2025-07-22,2025-12-04,Returned
5329,746,30,2025-02-03,2026-02-07,Returned
5330,969,236,2024-01-05,2024-06-23,Returned
5331,1520,393,2024-04-18,2025-11-24,Returned
5332,1407,268,2024-10-26,2024-11-29,Returned
5333,1901,150,2025-09-03,2026-02-22,Returned
5334,1044,879,2024-08-27,2025-08-29,Returned
5335,1554,580,2026-04-17,2026-04-17,Returned
5336,855,553,2025-05-16,2026-01-12,Returned
5337,889,779,2025-03-09,2025-10-24,Returned
5338,672,293,2025-03-13,2026-01-21,Returned
5339,823,77,2024-01-31,2025-08-15,Returned
5340,1500,353,2026-05-14,2026-06-06,Returned
5341,716,14,2025-04-14,2025-10-23,Returned
5342,585,675,2025-09-01,2025-09-24,Returned
5343,576,875,2024-01-31,2024-12-26,Returned
5344,837,939,2026-05-04,2026-06-02,Returned
5345,590,676,2023-09-11,,Active
5346,1642,768,2024-03-08,2025-09-26,Returned
5347,1662,787,2024-01-21,2026-02-10,Returned
5348,13,666,2025-03-01,2025-08-26,Returned
5349,394,762,2025-04-18,2025-08-14,Returned
5350,299,995,2023-08-06,2026-05-12,Returned
5351,109,936,2024-04-24,2025-03-18,Returned
5352,577,725,2025-12-07,2026-06-01,Returned
5353,869,225,2025-01-29,2025-11-28,Returned
5354,664,800,2024-07-16,2025-01-05,Returned
5355,1678,419,2024-10-20,2025-10-14,Returned
5356,636,610,2025-03-11,2026-05-06,Returned
5357,293,334,2026-01-07,2026-01-28,Returned
5358,291,313,2025-08-15,2025-12-17,Returned
5359,309,862,2026-02-03,2026-03-19,Returned
5360,1151,638,2025-08-21,2025-10-23,Returned
5361,1140,250,2026-04-29,2026-05-27,Returned
5362,1331,845,2025-06-24,2026-06-05,Returned
5363,793,831,2025-04-06,2026-04-04,Returned
5364,724,545,2023-12-03,2025-12-10,Returned
5365,1832,406,2025-05-16,2026-01-16,Returned
5366,970,669,2025-05-26,2026-03-10,Returned
5367,1011,322,2024-08-17,2026-02-11,Returned
5368,1769,391,2023-09-15,2024-04-03,Returned
5369,354,129,2025-12-15,2026-04-25,Returned
5370,96,3,2024-11-04,2025-06-19,Returned
5371,921,271,2023-10-25,2024-06-18,Returned
5372,738,102,2024-10-27,2025-02-26,Returned
5373,108,306,2026-03-19,2026-04-24,Returned
5374,1786,772,2025-09-28,2025-11-18,Returned
5375,90,355,2024-04-23,2025-03-13,Returned
5376,466,118,2024-06-19,2025-01-05,Returned
5377,1350,738,2023-11-22,2026-04-24,Returned
5378,1402,694,2023-12-03,2024-03-30,Returned
5379,540,153,2024-03-08,,Active
5380,61,490,2023-08-21,2024-11-27,Returned
5381,253,162,2026-04-10,2026-05-02,Returned
5382,1195,641,2025-03-04,2026-04-15,Returned
5383,316,115,2025-06-30,2025-09-12,Returned
5384,432,934,2026-02-11,2026-03-24,Returned
5385,686,794,2023-09-12,2025-08-17,Returned
5386,1145,983,2024-01-24,2025-01-24,Returned
5387,1255,110,2024-11-12,2025-05-28,Returned
5388,214,327,2025-09-24,,Active
5389,265,300,2025-01-18,2025-04-05,Returned
5390,202,211,2025-04-14,2025-05-12,Returned
5391,1141,908,2024-01-11,2025-10-17,Returned
5392,645,779,2023-07-31,2024-01-11,Returned
5393,1159,279,2023-08-25,2023-10-28,Returned
5394,1115,206,2025-05-25,,Active
5395,666,599,2024-07-31,2025-07-18,Returned
5396,1961,517,2023-10-23,2026-02-17,Returned
5397,1455,466,2025-11-27,2025-12-29,Returned
5398,1498,925,2024-03-24,2024-08-01,Returned
5399,1284,468,2025-07-29,,Active
5400,242,544,2026-05-06,2026-05-31,Returned
5401,864,191,2023-08-15,2024-05-31,Returned
5402,847,19,2024-05-06,2025-06-02,Returned
5403,713,51,2026-03-28,2026-05-10,Returned
5404,1433,392,2025-01-20,2025-08-08,Returned
5405,434,823,2024-11-07,,Late
5406,1048,766,2025-09-30,2026-05-21,Returned
5407,1975,137,2026-05-12,2026-05-27,Returned
5408,649,568,2025-09-14,2026-01-02,Returned
5409,1535,700,2024-02-25,2025-01-21,Returned
5410,403,641,2024-05-08,2025-03-21,Returned
5411,104,30,2025-02-22,,Active
5412,1011,601,2025-04-12,2026-05-28,Returned
5413,1587,193,2023-06-27,2024-04-11,Returned
5414,239,22,2026-01-17,2026-03-14,Returned
5415,1024,763,2023-10-19,2025-01-27,Returned
5416,1083,378,2025-07-28,2025-10-06,Returned
5417,619,283,2024-10-10,2025-11-11,Returned
5418,474,4,2024-07-27,2024-10-02,Returned
5419,1938,193,2025-01-27,2025-02-06,Returned
5420,68,660,2026-01-20,2026-03-13,Returned
5421,1164,480,2025-01-19,2026-05-21,Returned
5422,730,11,2023-08-19,2024-04-24,Returned
5423,1059,732,2024-08-26,2024-10-12,Returned
5424,899,856,2025-11-09,2025-11-11,Returned
5425,1871,277,2023-09-05,2025-03-25,Returned
5426,920,996,2025-02-06,2025-03-25,Returned
5427,1777,310,2024-05-30,2026-01-25,Returned
5428,1127,430,2024-01-20,2026-01-24,Returned
5429,1707,268,2024-06-05,2024-12-16,Returned
5430,1935,808,2024-10-21,2025-07-06,Returned
5431,782,10,2025-04-14,2026-01-30,Returned
5432,538,267,2024-07-27,2026-04-23,Returned
5433,289,338,2024-03-05,2025-04-23,Returned
5434,1239,395,2023-06-16,2024-08-31,Returned
5435,801,798,2026-06-02,2026-06-06,Returned
5436,1260,158,2024-02-28,2025-07-11,Returned
5437,1133,915,2023-11-05,2024-09-01,Returned
5438,650,284,2025-11-04,2026-04-25,Returned
5439,1754,284,2024-03-07,2024-06-21,Returned
5440,1271,158,2023-08-31,2024-03-22,Returned
5441,1243,891,2025-03-02,2026-05-21,Returned
5442,725,969,2025-12-02,2026-04-19,Returned
5443,1740,203,2024-07-15,2024-08-18,Returned
5444,1312,813,2025-11-08,,Active
5445,188,619,2024-10-06,2025-04-16,Returned
5446,965,924,2024-12-11,2025-01-28,Returned
5447,143,799,2025-08-30,2026-02-07,Returned
5448,1996,377,2023-10-25,2025-04-18,Returned
5449,1052,413,2024-03-22,2026-02-09,Returned
5450,464,125,2025-02-18,2025-09-06,Returned
5451,229,741,2024-10-27,2025-12-01,Returned
5452,234,249,2024-08-17,,Active
5453,683,765,2026-05-16,,Active
5454,930,176,2025-05-18,2025-10-10,Returned
5455,664,870,2025-01-25,,Active
5456,1238,862,2023-12-13,2024-08-24,Returned
5457,1512,594,2025-03-03,2025-08-28,Returned
5458,262,185,2024-03-22,2026-03-25,Returned
5459,521,822,2023-06-18,2024-08-13,Returned
5460,1270,152,2025-10-23,2025-11-20,Returned
5461,749,582,2026-01-13,2026-05-03,Returned
5462,579,770,2024-10-18,2025-02-15,Returned
5463,359,493,2025-09-17,2026-03-11,Returned
5464,55,770,2025-12-12,2026-02-11,Returned
5465,1534,971,2023-08-08,2026-01-20,Returned
5466,678,980,2024-11-08,2025-03-13,Returned
5467,1905,146,2025-11-21,2025-12-17,Returned
5468,1936,814,2026-03-06,,Late
5469,1932,866,2025-03-01,2025-03-08,Returned
5470,1277,556,2026-05-12,2026-05-28,Returned
5471,1485,273,2024-11-12,2025-02-12,Returned
5472,343,673,2025-06-25,2026-03-16,Returned
5473,1075,97,2023-06-18,2024-05-25,Returned
5474,196,391,2024-07-14,2025-02-03,Returned
5475,375,724,2024-12-17,2025-11-09,Returned
5476,962,836,2023-12-20,2024-03-06,Returned
5477,929,956,2024-11-20,2025-05-02,Returned
5478,1727,922,2026-05-06,2026-06-05,Returned
5479,954,520,2025-07-10,2026-03-10,Returned
5480,1052,977,2024-01-05,,Active
5481,1615,75,2025-12-17,2026-01-21,Returned
5482,1705,129,2024-12-07,2025-05-02,Returned
5483,887,929,2024-05-28,2025-01-18,Returned
5484,825,369,2023-07-25,2024-12-03,Returned
5485,101,694,2025-07-06,2025-12-15,Returned
5486,1658,678,2026-01-29,2026-04-01,Returned
5487,674,36,2024-01-15,2025-08-09,Returned
5488,555,470,2023-12-09,2025-01-28,Returned
5489,868,198,2025-11-12,2025-12-11,Returned
5490,1777,623,2024-04-13,2025-03-15,Returned
5491,1910,668,2023-07-07,2024-05-24,Returned
5492,776,731,2026-03-09,,Active
5493,346,654,2023-12-15,2025-05-08,Returned
5494,1497,648,2023-08-04,2024-12-30,Returned
5495,823,248,2024-03-23,,Active
5496,364,886,2023-07-02,2024-10-17,Returned
5497,1263,721,2024-04-30,2025-01-21,Returned
5498,1140,197,2023-09-09,2023-11-05,Returned
5499,821,896,2025-12-21,2026-01-08,Returned
5500,621,4,2026-02-25,2026-03-24,Returned
5501,601,45,2025-01-16,2026-06-01,Returned
5502,923,182,2023-09-15,,Active
5503,439,175,2024-03-29,2024-05-26,Returned
5504,1812,324,2023-06-21,2024-07-05,Returned
5505,1448,167,2024-05-20,,Active
5506,427,816,2023-10-16,2026-02-09,Returned
5507,812,288,2023-10-14,2026-02-28,Returned
5508,273,845,2023-12-18,,Late
5509,533,425,2024-01-22,2025-04-09,Returned
5510,863,978,2024-03-24,2024-11-09,Returned
5511,1600,775,2025-05-18,2025-09-08,Returned
5512,1762,59,2024-06-08,2025-08-20,Returned
5513,1427,106,2023-08-17,2025-12-13,Returned
5514,1859,720,2025-07-19,2025-12-23,Returned
5515,37,166,2025-07-19,2025-08-04,Returned
5516,1267,697,2024-07-10,2024-12-26,Returned
5517,1909,657,2025-01-15,,Active
5518,618,148,2023-09-22,2025-12-16,Returned
5519,539,853,2024-08-27,2026-03-18,Returned
5520,333,476,2024-03-24,,Active
5521,901,453,2026-03-29,2026-06-04,Returned
5522,1340,441,2023-12-26,2024-05-04,Returned
5523,779,192,2025-03-08,2025-05-31,Returned
5524,50,181,2026-03-16,2026-05-18,Returned
5525,1795,641,2023-10-17,2025-09-02,Returned
5526,487,561,2025-11-15,2026-04-17,Returned
5527,1773,161,2024-10-10,2026-03-28,Returned
5528,1725,914,2024-10-22,,Active
5529,1908,883,2024-09-14,2025-10-07,Returned
5530,384,815,2024-03-17,2025-04-19,Returned
5531,1611,255,2026-05-18,2026-05-19,Returned
5532,837,242,2025-05-14,2025-10-25,Returned
5533,1707,816,2024-10-07,2025-05-15,Returned
5534,903,572,2024-03-21,2025-10-25,Returned
5535,856,854,2024-02-15,2025-05-15,Returned
5536,33,458,2026-01-01,2026-02-06,Returned
5537,237,272,2024-08-11,2025-10-16,Returned
5538,1798,802,2024-12-07,2025-11-01,Returned
5539,1525,403,2023-10-20,2025-02-11,Returned
5540,1134,903,2024-10-22,2025-04-09,Returned
5541,372,294,2024-12-15,2026-03-03,Returned
5542,712,400,2024-07-06,2024-12-13,Returned
5543,416,714,2025-08-16,2026-01-15,Returned
5544,1851,467,2025-08-21,2025-11-26,Returned
5545,857,522,2023-12-08,2024-09-21,Returned
5546,1104,906,2025-09-19,2026-04-04,Returned
5547,356,442,2026-02-18,2026-05-29,Returned
5548,1165,630,2024-01-26,2025-01-24,Returned
5549,1997,408,2025-08-09,,Late
5550,181,71,2024-10-20,2024-12-13,Returned
5551,26,116,2025-10-23,2026-02-24,Returned
5552,1218,129,2026-02-02,2026-03-19,Returned
5553,484,519,2025-05-03,2025-11-23,Returned
5554,476,715,2024-02-18,,Active
5555,1012,304,2025-01-20,2025-02-10,Returned
5556,635,85,2024-03-12,2024-09-22,Returned
5557,1949,303,2026-01-10,2026-02-15,Returned
5558,1815,912,2023-10-09,2023-11-19,Returned
5559,104,860,2025-12-07,2026-03-06,Returned
5560,114,433,2024-12-03,2025-05-09,Returned
5561,500,929,2025-04-05,2025-07-08,Returned
5562,720,791,2024-07-25,2025-11-28,Returned
5563,1023,751,2026-05-18,2026-05-28,Returned
5564,1711,555,2025-12-21,2026-06-03,Returned
5565,1386,631,2023-12-24,2025-01-04,Returned
5566,1853,877,2025-02-18,2025-12-02,Returned
5567,1743,843,2024-06-01,2026-04-01,Returned
5568,477,731,2023-10-16,2025-09-10,Returned
5569,1299,85,2024-04-26,2026-04-01,Returned
5570,64,55,2024-01-23,2024-07-28,Returned
5571,804,845,2025-10-24,2026-01-16,Returned
5572,1188,491,2026-03-07,2026-04-19,Returned
5573,236,843,2025-12-13,2026-05-09,Returned
5574,923,282,2023-07-20,2023-09-12,Returned
5575,346,541,2026-03-13,2026-05-01,Returned
5576,1653,506,2025-02-26,2026-01-12,Returned
5577,1411,849,2023-10-02,2025-01-09,Returned
5578,1970,377,2024-08-06,2024-11-26,Returned
5579,747,808,2026-04-04,,Active
5580,1989,774,2023-07-22,2025-05-26,Returned
5581,1596,923,2023-11-02,2025-08-25,Returned
5582,284,847,2024-06-29,2025-01-14,Returned
5583,1346,541,2025-01-29,2025-11-24,Returned
5584,998,266,2023-06-17,2024-03-11,Returned
5585,1169,478,2023-07-14,,Active
5586,1773,28,2024-05-20,2026-02-07,Returned
5587,536,396,2025-04-05,2026-03-06,Returned
5588,238,910,2026-05-30,,Active
5589,713,932,2024-04-16,2025-01-08,Returned
5590,1831,333,2025-07-28,2026-01-23,Returned
5591,333,328,2026-04-28,2026-05-20,Returned
5592,887,797,2024-12-22,2025-11-30,Returned
5593,1355,594,2026-02-15,2026-04-05,Returned
5594,218,342,2026-01-14,2026-01-14,Returned
5595,1484,916,2025-07-14,2025-12-25,Returned
5596,1170,870,2024-09-22,2025-08-02,Returned
5597,349,331,2024-10-11,2024-11-02,Returned
5598,894,11,2025-11-29,,Late
5599,1039,917,2025-07-29,,Active
5600,1952,150,2026-05-27,2026-06-04,Returned
5601,698,586,2024-04-05,2024-12-31,Returned
5602,1248,355,2023-12-30,2025-01-23,Returned
5603,1728,755,2025-12-09,2026-01-16,Returned
5604,487,505,2025-09-27,2025-11-15,Returned
5605,178,163,2025-07-08,2026-05-17,Returned
5606,337,861,2025-03-12,2025-04-12,Returned
5607,245,517,2025-07-09,2026-05-18,Returned
5608,1440,134,2023-07-31,2025-08-19,Returned
5609,793,821,2025-10-14,2026-03-05,Returned
5610,913,962,2025-09-17,,Active
5611,330,888,2024-08-16,2025-11-28,Returned
5612,607,535,2024-04-27,2025-06-10,Returned
5613,1567,865,2024-11-05,2026-06-06,Returned
5614,1060,795,2025-10-08,2025-10-11,Returned
5615,1713,330,2024-12-24,2025-04-18,Returned
5616,235,886,2024-11-04,2025-11-18,Returned
5617,250,872,2026-02-19,2026-05-16,Returned
5618,1227,869,2023-09-04,2024-09-24,Returned
5619,1572,617,2024-06-23,2025-12-21,Returned
5620,1019,75,2024-11-04,2025-12-09,Returned
5621,6,42,2024-06-15,,Active
5622,907,303,2024-07-17,2024-08-11,Returned
5623,140,409,2024-02-29,2025-11-13,Returned
5624,365,704,2025-05-01,2026-03-26,Returned
5625,1950,385,2024-09-29,2026-04-27,Returned
5626,1637,991,2023-06-08,2024-03-10,Returned
5627,920,366,2025-04-18,2026-03-17,Returned
5628,1264,592,2026-05-22,2026-06-04,Returned
5629,1227,612,2023-06-20,2025-07-29,Returned
5630,43,917,2023-09-14,2023-12-19,Returned
5631,1000,513,2025-08-23,2026-04-02,Returned
5632,1573,787,2024-06-12,2025-09-08,Returned
5633,1965,745,2024-05-30,2024-09-28,Returned
5634,991,654,2026-05-21,2026-05-25,Returned
5635,411,642,2024-03-16,2025-08-01,Returned
5636,980,342,2024-05-13,,Late
5637,1940,330,2025-07-19,2026-03-09,Returned
5638,1716,561,2024-07-28,2025-10-24,Returned
5639,1065,833,2025-09-13,2025-12-11,Returned
5640,1976,981,2024-06-10,,Late
5641,1754,7,2025-05-11,2025-10-12,Returned
5642,1394,615,2026-06-06,2026-06-06,Returned
5643,1869,201,2025-09-24,2026-05-21,Returned
5644,1176,786,2024-01-09,2024-10-09,Returned
5645,1162,9,2024-10-29,,Active
5646,213,887,2026-06-03,2026-06-04,Returned
5647,1342,485,2025-06-23,2025-08-08,Returned
5648,375,636,2023-07-29,2025-04-08,Returned
5649,725,739,2025-01-28,2026-01-04,Returned
5650,1720,404,2023-08-01,2026-01-04,Returned
5651,1954,44,2024-01-18,2026-04-07,Returned
5652,1007,646,2026-03-24,2026-03-27,Returned
5653,1734,219,2024-09-25,2026-06-04,Returned
5654,180,579,2025-06-10,2026-02-06,Returned
5655,409,175,2024-03-19,,Active
5656,1775,387,2025-04-19,2025-07-24,Returned
5657,1390,106,2024-07-21,2024-10-15,Returned
5658,518,619,2023-07-31,2024-02-24,Returned
5659,396,526,2024-03-23,2025-08-21,Returned
5660,1240,687,2024-07-22,2024-10-06,Returned
5661,16,423,2024-03-11,2026-04-18,Returned
5662,119,277,2025-02-19,,Late
5663,1298,555,2025-09-25,2026-02-13,Returned
5664,449,625,2025-01-27,,Active
5665,1397,118,2023-10-25,2023-12-19,Returned
5666,1361,38,2025-01-04,2026-04-13,Returned
5667,1881,263,2024-12-06,2026-02-16,Returned
5668,1495,928,2023-06-09,2023-06-25,Returned
5669,512,893,2025-12-07,2026-01-22,Returned
5670,1072,855,2023-11-23,2024-07-11,Returned
5671,1679,233,2026-05-04,2026-05-18,Returned
5672,1231,148,2023-11-18,2024-12-06,Returned
5673,865,635,2023-11-09,,Active
5674,179,671,2025-10-24,2025-10-31,Returned
5675,945,585,2025-03-17,,Late
5676,1625,926,2024-08-17,2024-12-26,Returned
5677,519,723,2023-06-23,2023-09-17,Returned
5678,1865,878,2024-10-28,2025-07-16,Returned
5679,1172,121,2024-01-22,2025-06-10,Returned
5680,1287,582,2025-09-04,2025-12-22,Returned
5681,1882,653,2025-08-01,2026-01-09,Returned
5682,1033,681,2024-06-27,2025-01-26,Returned
5683,721,212,2025-09-15,2026-04-29,Returned
5684,138,751,2025-06-09,2026-01-11,Returned
5685,1736,300,2026-01-20,2026-03-12,Returned
5686,1717,582,2024-02-04,2024-12-29,Returned
5687,917,185,2025-08-31,2025-12-26,Returned
5688,456,283,2023-09-26,,Active
5689,164,604,2025-11-07,,Active
5690,612,985,2025-11-18,2026-03-11,Returned
5691,1060,45,2025-06-06,2025-10-25,Returned
5692,1823,38,2024-10-17,2026-04-14,Returned
5693,15,192,2023-08-15,2026-04-03,Returned
5694,103,780,2026-01-24,2026-02-18,Returned
5695,1656,601,2024-06-08,2025-01-06,Returned
5696,746,741,2025-09-29,2025-10-03,Returned
5697,837,779,2023-07-25,,Active
5698,338,889,2023-08-28,,Active
5699,1163,344,2023-11-23,,Late
5700,1693,428,2025-11-12,2026-02-26,Returned
5701,588,386,2024-10-07,2026-04-29,Returned
5702,1531,264,2025-02-14,2025-07-07,Returned
5703,54,180,2026-01-08,2026-01-27,Returned
5704,959,492,2024-11-04,2025-03-07,Returned
5705,417,305,2024-08-13,2025-04-10,Returned
5706,1087,70,2025-12-03,2026-04-18,Returned
5707,1243,817,2023-09-06,2025-09-18,Returned
5708,14,868,2024-04-08,2024-08-16,Returned
5709,1555,486,2025-11-25,2026-06-04,Returned
5710,255,144,2025-07-25,2026-04-02,Returned
5711,489,174,2026-01-17,2026-01-22,Returned
5712,640,149,2024-12-06,2026-03-06,Returned
5713,721,175,2024-07-21,2025-07-31,Returned
5714,1034,611,2024-08-10,2024-11-12,Returned
5715,1016,516,2024-05-09,2025-07-08,Returned
5716,1057,235,2024-06-05,2025-12-09,Returned
5717,35,913,2026-05-21,2026-05-29,Returned
5718,636,684,2024-11-23,,Active
5719,1341,933,2025-08-10,2025-09-21,Returned
5720,605,790,2025-11-11,2026-01-11,Returned
5721,187,134,2024-09-16,2024-11-21,Returned
5722,1679,936,2024-07-11,,Late
5723,1397,829,2025-10-29,2026-05-06,Returned
5724,1134,679,2025-04-16,,Active
5725,1189,66,2025-11-12,2026-02-26,Returned
5726,1112,872,2025-07-17,2025-11-22,Returned
5727,428,813,2023-11-05,2026-04-28,Returned
5728,1310,772,2026-02-14,2026-04-05,Returned
5729,108,446,2026-03-16,2026-04-01,Returned
5730,1839,634,2026-05-08,2026-05-29,Returned
5731,1438,19,2025-01-22,2025-06-08,Returned
5732,207,25,2025-11-24,2026-01-08,Returned
5733,1654,154,2023-10-21,2025-05-03,Returned
5734,379,170,2024-03-15,2026-02-04,Returned
5735,1238,594,2026-01-02,2026-02-05,Returned
5736,772,148,2025-07-19,2025-09-01,Returned
5737,763,575,2025-11-17,2025-12-29,Returned
5738,633,55,2026-04-03,2026-04-06,Returned
5739,1361,845,2026-03-25,2026-04-04,Returned
5740,459,826,2024-08-08,2026-02-26,Returned
5741,1319,41,2026-04-17,2026-05-26,Returned
5742,1070,984,2025-05-28,2026-04-29,Returned
5743,1749,346,2023-12-08,,Active
5744,1202,773,2024-07-26,2025-03-18,Returned
5745,10,477,2025-05-30,2026-02-13,Returned
5746,1203,558,2024-02-19,2025-02-12,Returned
5747,1632,906,2025-08-20,2026-04-06,Returned
5748,1506,577,2023-09-21,2025-03-17,Returned
5749,769,362,2025-06-24,,Active
5750,673,330,2026-02-22,2026-04-06,Returned
5751,1675,868,2024-07-25,2024-08-28,Returned
5752,1641,949,2025-11-20,2026-02-09,Returned
5753,1969,986,2024-11-28,2025-07-14,Returned
5754,1180,569,2025-09-12,2025-10-03,Returned
5755,1568,522,2023-09-04,2024-12-02,Returned
5756,1032,835,2025-05-05,2026-02-22,Returned
5757,1714,475,2025-12-17,2026-03-06,Returned
5758,1774,538,2025-04-26,2025-09-09,Returned
5759,1926,448,2023-11-22,2025-09-03,Returned
5760,1947,983,2026-03-28,2026-05-17,Returned
5761,545,401,2026-05-28,2026-06-03,Returned
5762,83,977,2024-07-16,2026-06-05,Returned
5763,1637,632,2023-10-30,2024-11-02,Returned
5764,197,744,2023-11-10,2024-01-14,Returned
5765,1823,218,2025-10-16,2026-05-08,Returned
5766,276,927,2026-01-18,2026-02-01,Returned
5767,643,158,2023-11-06,2024-03-25,Returned
5768,1322,859,2023-11-08,2025-05-06,Returned
5769,1861,954,2024-07-06,2025-09-20,Returned
5770,159,399,2024-11-16,,Active
5771,962,970,2025-03-23,2025-12-04,Returned
5772,1854,358,2024-12-24,2025-09-19,Returned
5773,93,875,2024-10-26,2025-12-28,Returned
5774,1500,532,2024-12-26,2025-10-11,Returned
5775,320,636,2023-11-28,2025-03-30,Returned
5776,1172,331,2023-07-31,2024-03-16,Returned
5777,1988,622,2025-09-06,2026-03-14,Returned
5778,553,436,2026-01-28,2026-03-15,Returned
5779,281,852,2025-04-18,2025-08-23,Returned
5780,492,975,2025-06-03,2025-12-12,Returned
5781,1641,505,2023-08-03,2024-05-08,Returned
5782,1248,789,2024-10-06,,Active
5783,514,218,2024-11-07,2026-06-02,Returned
5784,6,40,2023-06-12,2025-05-19,Returned
5785,1148,484,2025-08-10,2025-08-12,Returned
5786,1767,290,2025-09-18,2026-01-02,Returned
5787,876,503,2025-12-22,2026-01-20,Returned
5788,400,984,2024-10-30,,Active
5789,1372,834,2025-12-26,2026-04-03,Returned
5790,1987,495,2025-09-23,2026-05-19,Returned
5791,68,457,2024-11-06,2025-10-15,Returned
5792,1291,44,2025-01-28,2025-05-11,Returned
5793,120,215,2023-07-06,2024-05-22,Returned
5794,1166,36,2024-05-25,2024-10-09,Returned
5795,1173,24,2026-05-04,2026-05-25,Returned
5796,338,608,2024-05-28,,Active
5797,516,149,2025-10-01,2026-04-02,Returned
5798,408,201,2024-02-03,2024-04-25,Returned
5799,1337,393,2025-10-09,2026-05-11,Returned
5800,1288,375,2025-05-26,2025-06-08,Returned
5801,1196,123,2024-01-17,2025-10-17,Returned
5802,1841,748,2023-09-24,2024-09-02,Returned
5803,1863,576,2023-10-13,2024-09-01,Returned
5804,608,756,2025-07-04,,Active
5805,1799,788,2024-03-31,2026-04-11,Returned
5806,122,771,2024-10-24,2025-02-23,Returned
5807,814,823,2024-09-06,,Active
5808,1488,764,2024-11-25,2025-04-24,Returned
5809,686,75,2026-05-17,2026-06-06,Returned
5810,13,15,2025-11-19,2026-02-11,Returned
5811,413,609,2026-01-04,2026-02-05,Returned
5812,106,496,2024-10-11,2025-04-05,Returned
5813,169,754,2025-03-20,2026-05-03,Returned
5814,711,86,2024-06-19,2025-10-26,Returned
5815,1932,746,2024-08-06,2025-01-22,Returned
5816,178,704,2023-08-13,2025-08-06,Returned
5817,717,713,2026-02-27,2026-04-19,Returned
5818,227,769,2025-09-14,2026-02-24,Returned
5819,1981,411,2026-02-22,2026-03-15,Returned
5820,344,708,2026-06-06,2026-06-06,Returned
5821,647,626,2025-02-03,2025-07-11,Returned
5822,1328,721,2024-06-18,2025-07-01,Returned
5823,788,421,2023-10-17,2025-08-20,Returned
5824,1999,160,2023-07-12,2024-05-30,Returned
5825,300,700,2023-08-17,2025-10-03,Returned
5826,1729,742,2025-07-29,2026-02-08,Returned
5827,193,768,2025-12-03,2026-04-21,Returned
5828,1464,768,2025-01-28,2025-04-07,Returned
5829,175,667,2024-07-06,2026-06-06,Returned
5830,358,676,2023-09-10,2023-10-13,Returned
5831,687,886,2024-07-01,2025-02-06,Returned
5832,105,440,2024-05-20,2025-09-25,Returned
5833,842,709,2026-04-12,2026-04-27,Returned
5834,1523,97,2024-04-27,2025-04-11,Returned
5835,450,861,2025-07-19,2025-09-28,Returned
5836,545,283,2026-03-21,2026-04-09,Returned
5837,98,39,2026-02-21,2026-03-07,Returned
5838,1969,466,2023-11-19,2024-08-08,Returned
5839,864,271,2025-09-08,,Active
5840,14,353,2023-12-06,,Active
5841,1087,790,2024-12-10,,Active
5842,1572,785,2025-09-13,2025-11-28,Returned
5843,1478,587,2024-07-22,2025-02-23,Returned
5844,146,744,2025-11-25,2026-05-24,Returned
5845,1870,767,2025-08-16,,Active
5846,296,575,2025-09-01,2025-09-16,Returned
5847,1032,117,2024-01-10,2026-03-02,Returned
5848,494,891,2025-09-11,2025-12-22,Returned
5849,1313,49,2023-08-18,2024-11-06,Returned
5850,436,44,2025-07-30,2025-11-04,Returned
5851,722,539,2023-11-23,2024-05-05,Returned
5852,648,787,2026-03-21,2026-05-16,Returned
5853,892,648,2024-05-20,2025-01-23,Returned
5854,1792,896,2025-10-04,2026-04-29,Returned
5855,1251,945,2023-06-27,2025-07-04,Returned
5856,862,773,2024-03-30,2025-11-23,Returned
5857,1392,525,2024-10-11,2026-03-26,Returned
5858,1350,76,2024-06-29,2025-05-19,Returned
5859,311,368,2025-08-25,2026-03-06,Returned
5860,433,279,2025-07-11,2025-10-07,Returned
5861,1237,728,2024-06-06,2024-08-11,Returned
5862,1514,174,2024-03-22,2026-05-23,Returned
5863,324,99,2026-05-11,2026-05-17,Returned
5864,1220,945,2025-08-16,2025-10-30,Returned
5865,1716,390,2023-12-03,2026-06-03,Returned
5866,410,175,2026-02-12,2026-06-06,Returned
5867,812,3,2026-01-15,2026-05-12,Returned
5868,211,720,2024-11-22,2025-07-10,Returned
5869,1547,175,2025-07-03,2026-04-14,Returned
5870,145,912,2025-01-06,2026-01-29,Returned
5871,1784,851,2024-03-03,2026-03-05,Returned
5872,173,356,2023-08-23,2024-01-28,Returned
5873,473,177,2024-09-17,2024-11-05,Returned
5874,1649,737,2023-12-10,2025-11-21,Returned
5875,1398,484,2024-09-03,2025-08-16,Returned
5876,1183,453,2025-11-04,2026-04-06,Returned
5877,1893,201,2023-08-19,2023-11-01,Returned
5878,373,463,2025-11-30,2026-02-17,Returned
5879,519,275,2023-08-12,2025-03-09,Returned
5880,198,962,2026-05-17,2026-06-01,Returned
5881,224,421,2024-04-30,2024-08-23,Returned
5882,104,544,2026-02-16,,Late
5883,1229,518,2023-09-26,2025-04-13,Returned
5884,1112,611,2025-12-10,2026-06-05,Returned
5885,341,504,2026-05-14,2026-05-23,Returned
5886,155,618,2024-07-31,2025-12-22,Returned
5887,326,196,2026-05-23,2026-05-29,Returned
5888,406,624,2026-01-14,2026-02-10,Returned
5889,1095,541,2026-01-16,2026-05-31,Returned
5890,1818,994,2023-09-28,2023-09-30,Returned
5891,769,594,2024-11-27,2026-04-19,Returned
5892,1037,89,2024-03-17,2025-04-21,Returned
5893,504,391,2025-01-17,2025-07-17,Returned
5894,1664,133,2023-12-16,2025-11-17,Returned
5895,1282,807,2023-09-08,2024-07-26,Returned
5896,1392,278,2024-12-15,2025-09-21,Returned
5897,106,948,2025-08-31,,Active
5898,1868,905,2024-07-13,2024-12-07,Returned
5899,961,906,2025-10-14,,Late
5900,1012,442,2025-08-23,2026-02-03,Returned
5901,661,27,2026-02-23,2026-05-30,Returned
5902,876,81,2025-10-11,2026-03-05,Returned
5903,1256,286,2024-03-28,2025-12-08,Returned
5904,499,182,2024-03-29,2025-02-26,Returned
5905,610,99,2024-12-26,2026-02-05,Returned
5906,387,895,2024-04-13,2024-09-20,Returned
5907,1407,135,2024-11-15,2026-06-06,Returned
5908,565,853,2024-02-04,2024-11-23,Returned
5909,227,766,2024-02-19,2026-01-15,Returned
5910,1168,846,2023-07-02,2024-08-22,Returned
5911,1144,277,2025-12-31,,Active
5912,1372,773,2023-12-16,2024-01-17,Returned
5913,1335,554,2024-02-24,2024-05-27,Returned
5914,1185,423,2025-12-07,2026-01-08,Returned
5915,1424,348,2025-09-16,2026-04-12,Returned
5916,1259,209,2024-07-06,2025-10-21,Returned
5917,1741,100,2023-09-29,2024-05-26,Returned
5918,1959,980,2023-07-04,2023-12-07,Returned
5919,1537,597,2025-03-22,,Late
5920,1238,530,2024-02-29,2026-01-17,Returned
5921,1261,75,2025-06-09,2025-10-22,Returned
5922,290,88,2025-10-28,2026-01-23,Returned
5923,1207,745,2025-02-11,2025-03-29,Returned
5924,949,674,2024-01-16,2024-07-02,Returned
5925,878,890,2024-08-01,2026-01-21,Returned
5926,1995,951,2025-09-10,2025-11-03,Returned
5927,833,149,2025-07-30,2026-02-14,Returned
5928,1525,152,2025-09-09,,Late
5929,1907,597,2025-03-23,2026-05-25,Returned
5930,634,907,2024-08-15,2025-12-18,Returned
5931,224,67,2025-08-22,2025-09-17,Returned
5932,371,470,2025-11-18,2026-01-08,Returned
5933,1209,522,2024-03-02,2025-01-07,Returned
5934,66,818,2024-07-14,2025-09-08,Returned
5935,411,484,2024-01-24,2024-11-24,Returned
5936,1478,855,2024-07-22,,Late
5937,386,534,2024-02-08,2024-07-12,Returned
5938,1379,649,2024-08-31,2026-01-13,Returned
5939,1271,79,2024-12-23,,Active
5940,1020,981,2025-05-21,2025-08-10,Returned
5941,924,333,2025-06-20,2026-03-14,Returned
5942,21,599,2024-10-27,2024-12-15,Returned
5943,1556,772,2023-06-20,2023-12-10,Returned
5944,1647,818,2024-09-13,2026-04-08,Returned
5945,534,545,2026-05-24,2026-05-25,Returned
5946,1841,269,2025-02-15,2025-04-03,Returned
5947,1421,300,2024-03-05,2024-06-17,Returned
5948,696,528,2024-05-07,2025-04-24,Returned
5949,752,818,2026-03-07,2026-05-24,Returned
5950,1103,160,2023-11-17,2024-06-06,Returned
5951,1667,33,2025-06-03,,Active
5952,891,656,2026-05-21,2026-05-30,Returned
5953,948,298,2023-08-04,2024-07-14,Returned
5954,1389,929,2024-08-31,2025-01-25,Returned
5955,717,616,2026-05-23,2026-05-27,Returned
5956,1686,858,2024-10-29,2024-11-12,Returned
5957,1005,899,2025-02-23,2026-04-17,Returned
5958,1003,636,2025-04-27,,Late
5959,167,678,2024-10-16,2025-10-13,Returned
5960,215,747,2024-12-23,2025-08-24,Returned
5961,1443,338,2023-10-09,2025-07-30,Returned
5962,74,617,2025-11-10,2026-05-08,Returned
5963,629,67,2024-07-05,2026-02-27,Returned
5964,1167,429,2023-09-30,2024-04-01,Returned
5965,1894,628,2024-06-08,2025-01-02,Returned
5966,990,552,2025-12-04,2026-03-18,Returned
5967,1752,652,2023-10-20,2026-04-23,Returned
5968,1861,730,2025-11-29,2026-03-20,Returned
5969,899,4,2023-08-10,2026-04-24,Returned
5970,26,93,2023-09-01,2024-10-21,Returned
5971,524,370,2025-05-23,2026-01-13,Returned
5972,59,342,2026-02-19,2026-02-27,Returned
5973,1150,10,2023-07-21,2025-06-25,Returned
5974,1809,217,2024-03-25,2024-09-30,Returned
5975,445,437,2025-04-19,2025-04-26,Returned
5976,1440,674,2024-01-25,2025-08-22,Returned
5977,1186,150,2024-07-16,2025-11-27,Returned
5978,1946,582,2024-02-27,2025-06-26,Returned
5979,462,355,2024-04-21,2024-07-29,Returned
5980,99,876,2026-03-23,,Active
5981,748,264,2023-12-07,2024-02-21,Returned
5982,1131,369,2025-06-11,2026-01-13,Returned
5983,1849,795,2024-06-27,,Active
5984,872,203,2025-03-28,2025-05-09,Returned
5985,435,526,2024-10-02,2025-12-01,Returned
5986,334,209,2024-06-09,2025-06-14,Returned
5987,1886,808,2023-09-26,2026-05-25,Returned
5988,73,179,2024-01-01,2024-02-14,Returned
5989,1420,547,2023-07-18,2024-06-08,Returned
5990,1964,839,2023-08-26,2025-05-10,Returned
5991,1065,678,2025-05-22,2025-08-15,Returned
5992,900,782,2023-12-29,2025-01-06,Returned
5993,634,623,2023-06-14,2024-11-08,Returned
5994,1284,809,2026-05-25,2026-05-31,Returned
5995,1173,463,2026-02-09,2026-05-01,Returned
5996,1746,326,2025-08-29,2026-04-21,Returned
5997,1706,970,2023-08-07,2024-12-18,Returned
5998,1759,563,2026-03-07,2026-04-15,Returned
5999,317,495,2024-05-08,2025-02-24,Returned
6000,770,604,2025-05-19,2025-09-11,Returned
6001,1352,824,2025-09-18,,Active
6002,1329,452,2025-12-14,2026-03-31,Returned
6003,56,42,2025-11-13,2026-03-20,Returned
6004,1437,941,2023-11-19,2025-11-24,Returned
6005,991,324,2025-09-08,2026-02-02,Returned
6006,213,313,2025-01-29,2025-11-12,Returned
6007,124,339,2023-07-24,2025-02-05,Returned
6008,286,316,2026-03-10,2026-04-01,Returned
6009,959,820,2024-08-20,2026-05-14,Returned
6010,190,676,2024-09-27,2025-05-03,Returned
6011,996,469,2024-07-15,2025-08-28,Returned
6012,1031,568,2023-10-12,2026-04-03,Returned
6013,235,911,2026-04-13,2026-04-25,Returned
6014,1285,994,2026-06-03,2026-06-05,Returned
6015,740,149,2023-10-18,2024-09-24,Returned
6016,1673,836,2024-06-04,2025-10-07,Returned
6017,832,881,2024-02-17,2024-05-05,Returned
6018,554,82,2025-11-22,2026-04-17,Returned
6019,785,282,2024-09-21,2024-09-25,Returned
6020,1729,484,2026-01-14,2026-02-11,Returned
6021,1733,755,2025-05-23,2025-06-18,Returned
6022,1711,329,2026-02-22,,Late
6023,867,659,2025-04-05,2025-08-06,Returned
6024,1648,932,2023-08-31,2025-07-08,Returned
6025,36,69,2024-03-30,2024-05-06,Returned
6026,358,587,2024-08-06,2025-07-29,Returned
6027,1287,573,2024-11-24,2025-11-27,Returned
6028,1009,655,2025-10-01,2026-05-14,Returned
6029,488,75,2024-08-24,2026-04-20,Returned
6030,605,335,2025-07-07,2025-10-22,Returned
6031,944,886,2025-12-08,2025-12-31,Returned
6032,835,445,2025-06-01,2025-08-23,Returned
6033,1566,186,2026-01-08,2026-02-25,Returned
6034,301,244,2024-07-02,2024-11-04,Returned
6035,1902,472,2024-12-21,2025-10-09,Returned
6036,554,101,2024-03-23,2025-11-03,Returned
6037,608,322,2025-09-11,2026-01-07,Returned
6038,1463,626,2024-03-03,2025-08-05,Returned
6039,123,846,2025-05-09,,Active
6040,1919,772,2023-08-21,2025-04-27,Returned
6041,1632,544,2024-06-29,2025-02-14,Returned
6042,322,197,2025-09-29,,Active
6043,1128,182,2023-12-03,2024-04-28,Returned
6044,157,958,2025-04-15,2026-02-07,Returned
6045,595,157,2025-10-25,2026-05-13,Returned
6046,1256,531,2026-03-12,2026-03-14,Returned
6047,714,836,2024-07-07,2026-04-12,Returned
6048,728,269,2024-06-24,2025-12-24,Returned
6049,922,18,2025-10-11,2025-11-27,Returned
6050,328,505,2023-08-12,2024-04-03,Returned
6051,60,843,2024-06-06,2024-07-22,Returned
6052,1410,575,2026-02-01,2026-02-07,Returned
6053,1425,46,2025-04-09,2025-10-20,Returned
6054,911,533,2025-03-03,2025-09-10,Returned
6055,1588,238,2024-12-06,2025-11-07,Returned
6056,1245,974,2024-09-07,2025-09-07,Returned
6057,1463,639,2023-08-27,2025-06-09,Returned
6058,599,135,2023-08-16,2026-02-01,Returned
6059,1572,399,2026-02-20,2026-05-23,Returned
6060,1872,236,2026-03-26,2026-04-28,Returned
6061,228,745,2024-02-14,2024-04-20,Returned
6062,876,329,2025-01-08,2025-11-09,Returned
6063,1250,633,2025-12-24,2026-02-02,Returned
6064,1342,721,2025-08-25,2026-01-10,Returned
6065,373,592,2025-09-04,2026-05-15,Returned
6066,1062,204,2025-03-01,2026-04-24,Returned
6067,141,335,2025-04-04,,Active
6068,1944,579,2025-11-14,2026-01-04,Returned
6069,1693,408,2024-08-14,2026-02-09,Returned
6070,176,884,2025-01-22,2026-01-07,Returned
6071,1779,375,2024-11-29,2025-07-04,Returned
6072,426,264,2026-04-22,2026-06-01,Returned
6073,1791,885,2023-10-19,2026-04-12,Returned
6074,364,332,2024-09-30,2024-10-19,Returned
6075,884,389,2025-05-26,2025-06-30,Returned
6076,436,596,2025-06-09,2025-11-17,Returned
6077,29,525,2026-03-09,2026-04-20,Returned
6078,974,2,2023-12-22,2025-07-25,Returned
6079,901,415,2023-06-23,2026-05-30,Returned
6080,1509,621,2024-03-20,2024-08-05,Returned
6081,631,602,2025-12-28,2026-02-22,Returned
6082,640,715,2025-01-23,2025-09-21,Returned
6083,1816,60,2024-05-23,2025-03-27,Returned
6084,1262,911,2024-08-26,2024-12-07,Returned
6085,314,870,2023-11-24,2025-08-23,Returned
6086,866,425,2026-03-06,2026-03-16,Returned
6087,722,619,2024-03-20,2025-08-15,Returned
6088,804,908,2025-03-28,2025-04-07,Returned
6089,171,587,2023-10-24,2025-07-22,Returned
6090,1038,291,2025-11-05,2026-04-21,Returned
6091,753,810,2025-07-12,2026-03-05,Returned
6092,1917,850,2026-04-19,,Late
6093,215,814,2025-02-01,2025-05-11,Returned
6094,195,744,2023-07-01,2025-01-12,Returned
6095,34,352,2025-01-11,2026-02-23,Returned
6096,1167,74,2024-01-24,2024-02-07,Returned
6097,964,565,2025-03-16,2025-04-22,Returned
6098,874,429,2026-01-11,2026-04-26,Returned
6099,1982,890,2026-05-19,2026-05-31,Returned
6100,529,406,2023-07-06,2026-04-06,Returned
6101,993,138,2024-11-27,2025-09-17,Returned
6102,492,165,2024-12-15,2025-06-29,Returned
6103,58,837,2025-06-21,2026-04-11,Returned
6104,1276,519,2025-11-07,2026-04-12,Returned
6105,323,379,2023-12-01,2026-05-27,Returned
6106,890,236,2024-05-18,2025-02-10,Returned
6107,227,191,2026-03-03,2026-05-25,Returned
6108,1273,412,2024-03-27,2024-04-23,Returned
6109,470,182,2026-03-25,2026-05-28,Returned
6110,1265,943,2025-04-27,2026-05-28,Returned
6111,807,982,2025-12-02,2026-05-06,Returned
6112,112,650,2024-12-03,2025-02-19,Returned
6113,1044,926,2025-12-05,2025-12-28,Returned
6114,1030,356,2024-12-03,2025-10-12,Returned
6115,357,141,2024-10-01,2025-10-24,Returned
6116,1771,699,2024-01-02,2026-03-09,Returned
6117,933,30,2024-11-05,2026-05-11,Returned
6118,249,593,2025-12-14,2026-05-06,Returned
6119,939,698,2025-02-16,2025-11-19,Returned
6120,33,575,2024-08-28,2025-11-04,Returned
6121,1670,768,2025-12-19,2026-05-24,Returned
6122,1163,475,2026-01-05,2026-03-13,Returned
6123,532,186,2023-10-17,,Late
6124,966,620,2023-11-07,,Active
6125,808,820,2026-03-30,2026-05-30,Returned
6126,1597,902,2025-09-16,2025-11-24,Returned
6127,1356,899,2025-01-06,2026-02-25,Returned
6128,811,376,2024-12-01,2026-01-14,Returned
6129,84,635,2024-03-27,2024-09-04,Returned
6130,1969,773,2025-07-08,2025-07-19,Returned
6131,1458,763,2025-06-01,2026-05-12,Returned
6132,186,274,2024-07-24,2025-02-04,Returned
6133,1898,430,2026-01-28,2026-03-14,Returned
6134,1314,479,2023-12-23,,Late
6135,198,881,2024-01-01,2024-08-05,Returned
6136,396,744,2025-12-12,2025-12-16,Returned
6137,594,779,2024-01-16,2025-06-10,Returned
6138,166,264,2026-03-25,2026-04-04,Returned
6139,1488,838,2026-04-23,2026-05-01,Returned
6140,694,184,2025-01-14,2025-10-11,Returned
6141,498,600,2025-07-19,,Active
6142,1080,274,2023-08-26,2025-01-30,Returned
6143,1654,735,2025-03-25,2026-02-28,Returned
6144,583,79,2023-10-08,2024-02-13,Returned
6145,1017,10,2025-02-20,2026-01-30,Returned
6146,1962,435,2026-03-15,2026-06-04,Returned
6147,265,859,2023-11-26,2024-12-17,Returned
6148,635,95,2025-08-03,2026-05-18,Returned
6149,437,597,2024-11-08,2025-01-04,Returned
6150,1852,550,2025-02-03,2026-01-24,Returned
6151,415,398,2023-11-13,2026-05-15,Returned
6152,857,135,2024-06-22,2025-03-06,Returned
6153,666,221,2024-03-12,2025-07-24,Returned
6154,1837,573,2024-06-14,2025-12-06,Returned
6155,1327,1000,2023-06-10,2024-02-25,Returned
6156,597,804,2025-08-27,2026-03-08,Returned
6157,1113,344,2023-09-22,2024-04-01,Returned
6158,747,80,2024-09-27,2026-05-26,Returned
6159,985,508,2025-04-10,2026-06-03,Returned
6160,208,741,2026-03-25,2026-04-25,Returned
6161,1386,12,2024-10-24,2025-02-07,Returned
6162,1857,120,2025-11-19,2026-02-11,Returned
6163,140,204,2025-11-03,2026-04-16,Returned
6164,855,126,2025-06-22,2025-08-19,Returned
6165,1587,429,2026-04-08,2026-06-04,Returned
6166,1520,611,2023-12-01,2025-02-19,Returned
6167,1140,476,2024-07-04,2026-04-04,Returned
6168,553,915,2023-10-10,2023-11-19,Returned
6169,638,635,2025-06-07,2026-03-04,Returned
6170,388,663,2026-05-26,2026-06-05,Returned
6171,1453,17,2026-03-23,2026-06-02,Returned
6172,574,481,2025-04-24,2025-04-30,Returned
6173,1318,910,2024-04-11,2024-11-25,Returned
6174,934,255,2025-12-02,2026-01-18,Returned
6175,1281,81,2024-08-17,2025-08-12,Returned
6176,1142,253,2025-05-14,2025-12-06,Returned
6177,1303,724,2026-02-13,2026-06-04,Returned
6178,677,831,2023-09-28,2025-02-01,Returned
6179,891,945,2024-01-08,2026-01-09,Returned
6180,1839,922,2024-01-03,2024-09-16,Returned
6181,785,958,2026-03-07,2026-05-01,Returned
6182,89,976,2025-01-27,2026-02-19,Returned
6183,1047,227,2023-09-01,2025-02-09,Returned
6184,1037,972,2024-11-23,2026-01-13,Returned
6185,949,720,2023-11-19,2024-07-24,Returned
6186,1976,519,2024-12-14,2025-11-21,Returned
6187,879,357,2024-03-03,2025-01-13,Returned
6188,57,655,2024-06-10,2025-10-02,Returned
6189,1593,294,2023-07-12,,Late
6190,145,26,2023-11-29,2026-01-30,Returned
6191,680,941,2023-10-08,2025-08-19,Returned
6192,565,683,2025-08-25,2026-02-12,Returned
6193,970,712,2025-04-30,2026-01-06,Returned
6194,25,503,2025-12-03,2026-05-28,Returned
6195,1409,172,2026-06-01,2026-06-03,Returned
6196,1742,647,2025-02-20,2025-05-29,Returned
6197,1907,39,2023-07-24,2025-01-05,Returned
6198,1359,566,2023-09-18,2024-02-15,Returned
6199,1481,777,2024-09-17,2025-01-16,Returned
6200,792,783,2023-12-23,,Late
6201,1311,241,2024-07-12,2025-11-27,Returned
6202,1944,880,2023-10-19,2026-01-09,Returned
6203,1393,932,2024-06-23,2025-06-05,Returned
6204,1268,351,2024-11-03,2024-11-20,Returned
6205,1327,971,2024-12-11,,Active
6206,275,420,2024-03-07,2025-01-23,Returned
6207,611,697,2024-07-25,2025-01-11,Returned
6208,682,418,2025-09-07,2026-02-25,Returned
6209,1818,13,2025-01-07,2026-04-25,Returned
6210,1867,900,2025-11-13,2026-01-18,Returned
6211,506,552,2024-12-08,2025-03-04,Returned
6212,1655,891,2024-11-14,2025-01-06,Returned
6213,1669,33,2023-11-14,2024-08-13,Returned
6214,1565,924,2024-12-09,2025-08-02,Returned
6215,1559,66,2024-06-02,2026-05-06,Returned
6216,929,829,2026-03-21,2026-05-22,Returned
6217,1458,238,2023-06-28,2025-01-17,Returned
6218,864,98,2026-03-03,2026-04-12,Returned
6219,1405,990,2026-06-02,2026-06-05,Returned
6220,441,440,2024-07-08,2026-02-21,Returned
6221,1219,691,2024-10-28,2025-06-25,Returned
6222,1492,478,2025-10-12,2026-03-19,Returned
6223,2,964,2024-04-04,2024-05-02,Returned
6224,1395,666,2023-12-26,2024-04-11,Returned
6225,1833,275,2023-12-30,2024-05-22,Returned
6226,1980,91,2024-03-17,2025-09-19,Returned
6227,97,976,2025-11-03,2026-03-01,Returned
6228,817,528,2026-04-17,2026-06-05,Returned
6229,362,295,2023-06-07,2024-02-08,Returned
6230,1574,502,2024-02-23,2024-04-16,Returned
6231,874,811,2023-06-15,2025-10-20,Returned
6232,218,695,2026-05-05,2026-05-26,Returned
6233,73,273,2025-03-12,2025-03-12,Returned
6234,1214,3,2026-04-11,2026-04-24,Returned
6235,375,304,2025-01-10,2025-09-26,Returned
6236,1727,831,2024-07-22,2025-04-16,Returned
6237,578,142,2025-02-26,2026-01-30,Returned
6238,487,632,2023-06-26,2024-11-29,Returned
6239,578,540,2024-01-25,2024-04-13,Returned
6240,866,736,2024-09-28,2025-01-24,Returned
6241,460,455,2025-09-09,2026-04-30,Returned
6242,1554,988,2023-12-16,2025-08-15,Returned
6243,1320,652,2025-08-27,2026-01-07,Returned
6244,819,678,2025-06-05,2025-12-30,Returned
6245,1124,44,2023-10-01,2024-10-19,Returned
6246,1263,170,2026-04-26,2026-05-14,Returned
6247,1005,262,2026-05-09,2026-05-31,Returned
6248,847,204,2024-03-07,2024-09-03,Returned
6249,267,789,2025-04-20,2025-11-26,Returned
6250,561,190,2023-06-09,2023-08-30,Returned
6251,1674,27,2023-09-24,2024-04-29,Returned
6252,898,983,2025-02-12,2026-04-26,Returned
6253,1975,500,2025-12-28,2026-04-12,Returned
6254,1405,30,2025-09-12,2026-05-16,Returned
6255,1207,281,2025-10-08,2026-01-22,Returned
6256,1051,243,2025-05-05,2025-05-07,Returned
6257,299,269,2024-09-05,,Active
6258,891,273,2025-01-19,2026-02-21,Returned
6259,650,881,2024-04-11,2024-09-23,Returned
6260,1647,576,2025-08-07,2025-11-25,Returned
6261,796,339,2024-04-07,2026-01-26,Returned
6262,17,694,2025-10-15,2026-01-02,Returned
6263,762,842,2024-01-26,2024-05-31,Returned
6264,1405,76,2026-03-29,,Late
6265,430,559,2024-05-28,2026-04-04,Returned
6266,1249,619,2023-07-16,2026-01-16,Returned
6267,226,311,2024-04-20,2024-08-31,Returned
6268,1056,282,2023-07-15,2024-08-21,Returned
6269,140,43,2024-12-03,2026-01-24,Returned
6270,1367,417,2023-12-29,2026-02-22,Returned
6271,1631,750,2025-03-07,2025-06-26,Returned
6272,1012,244,2023-07-19,2025-09-21,Returned
6273,825,97,2026-04-11,2026-05-23,Returned
6274,1917,142,2026-02-10,2026-04-05,Returned
6275,60,935,2025-05-11,2025-06-30,Returned
6276,192,16,2024-09-19,,Late
6277,197,869,2025-10-02,2025-12-06,Returned
6278,1584,573,2024-06-14,2026-03-18,Returned
6279,251,934,2025-02-15,2025-10-04,Returned
6280,244,331,2024-01-03,2025-02-01,Returned
6281,181,879,2024-10-21,2025-11-01,Returned
6282,866,883,2023-09-24,2024-05-02,Returned
6283,512,994,2026-03-14,2026-03-22,Returned
6284,1179,298,2024-11-13,,Late
6285,1549,782,2026-02-01,2026-04-21,Returned
6286,484,613,2025-07-21,2026-03-21,Returned
6287,1657,673,2023-09-07,2024-03-09,Returned
6288,1993,269,2025-06-08,2025-09-12,Returned
6289,1381,419,2026-02-13,2026-04-04,Returned
6290,1168,283,2025-07-05,2025-08-08,Returned
6291,29,950,2023-07-18,2025-07-27,Returned
6292,746,379,2023-07-02,2024-12-28,Returned
6293,336,860,2025-02-17,2025-02-17,Returned
6294,1005,135,2025-01-27,2026-01-29,Returned
6295,263,355,2024-01-23,2024-09-22,Returned
6296,755,620,2025-03-05,2025-06-14,Returned
6297,590,510,2025-03-11,2025-07-10,Returned
6298,1003,181,2023-08-02,2025-07-24,Returned
6299,1437,23,2025-01-18,2025-04-04,Returned
6300,1747,723,2024-12-22,2025-05-10,Returned
6301,712,940,2026-01-29,2026-04-17,Returned
6302,1346,171,2026-04-24,2026-05-27,Returned
6303,66,598,2024-09-14,,Late
6304,397,68,2023-12-07,2024-10-21,Returned
6305,1053,760,2024-12-08,2026-04-21,Returned
6306,475,595,2025-05-25,2026-01-02,Returned
6307,1037,648,2024-04-07,2026-05-24,Returned
6308,810,395,2023-08-15,2026-03-11,Returned
6309,1006,501,2024-01-09,2025-07-23,Returned
6310,98,43,2024-11-17,2026-04-17,Returned
6311,205,766,2025-05-26,2025-12-06,Returned
6312,1762,184,2024-10-04,2025-06-08,Returned
6313,603,473,2026-02-19,2026-03-02,Returned
6314,940,75,2024-04-17,2026-03-17,Returned
6315,760,172,2026-02-08,2026-02-28,Returned
6316,1872,291,2025-02-23,2026-04-27,Returned
6317,359,670,2024-07-13,2026-04-11,Returned
6318,1829,120,2026-01-14,2026-03-18,Returned
6319,1651,319,2026-02-05,2026-03-30,Returned
6320,436,740,2023-09-26,2025-09-16,Returned
6321,508,979,2023-11-16,,Active
6322,587,335,2024-04-11,2024-07-27,Returned
6323,117,92,2023-10-02,2024-10-20,Returned
6324,461,31,2026-02-01,2026-05-20,Returned
6325,1402,667,2026-05-12,2026-05-12,Returned
6326,417,404,2024-08-28,2025-08-29,Returned
6327,1064,599,2025-05-11,2026-05-23,Returned
6328,1619,627,2024-02-29,2025-05-06,Returned
6329,1000,672,2024-03-13,2024-09-21,Returned
6330,1481,88,2023-06-16,2024-12-26,Returned
6331,1885,384,2023-09-14,,Active
6332,1164,50,2023-06-24,2024-08-23,Returned
6333,887,16,2023-11-23,2025-05-28,Returned
6334,831,972,2025-02-03,2025-03-17,Returned
6335,66,667,2026-01-30,,Active
6336,1040,104,2024-12-22,2025-05-01,Returned
6337,56,466,2023-09-15,2025-06-24,Returned
6338,20,486,2025-08-28,2026-02-27,Returned
6339,1314,589,2025-05-27,2025-10-17,Returned
6340,1783,71,2025-01-13,,Late
6341,475,412,2024-05-24,2024-08-25,Returned
6342,343,317,2025-09-28,2026-03-03,Returned
6343,1203,145,2024-06-18,2024-07-27,Returned
6344,295,20,2025-10-31,2026-01-16,Returned
6345,1831,495,2024-08-10,2025-05-22,Returned
6346,1755,670,2024-09-17,2026-01-14,Returned
6347,623,604,2023-08-19,2024-05-19,Returned
6348,200,449,2025-07-24,2025-09-01,Returned
6349,993,355,2025-07-19,2025-09-04,Returned
6350,676,124,2025-11-20,,Active
6351,1113,264,2026-05-03,2026-06-06,Returned
6352,566,976,2025-06-10,2025-12-18,Returned
6353,1803,72,2024-06-27,,Active
6354,902,502,2024-09-20,2026-04-05,Returned
6355,375,677,2024-11-13,2025-10-30,Returned
6356,592,851,2026-06-06,2026-06-06,Returned
6357,71,78,2023-10-11,2026-01-29,Returned
6358,1712,130,2023-07-08,2025-03-25,Returned
6359,724,706,2023-11-17,2025-05-20,Returned
6360,1822,918,2023-08-30,2024-04-10,Returned
6361,1520,80,2023-08-03,2023-12-09,Returned
6362,1686,679,2025-10-13,2026-05-19,Returned
6363,1435,960,2024-09-06,2025-11-04,Returned
6364,897,849,2025-07-14,2025-12-08,Returned
6365,1935,804,2023-09-29,2024-02-05,Returned
6366,1002,573,2023-11-25,2024-05-08,Returned
6367,1299,773,2023-09-24,2025-01-04,Returned
6368,381,6,2026-03-04,2026-03-16,Returned
6369,1066,50,2023-08-16,2025-05-25,Returned
6370,1553,500,2024-10-22,2026-05-14,Returned
6371,1927,649,2024-01-26,2025-04-23,Returned
6372,533,212,2025-02-23,2025-06-19,Returned
6373,520,317,2024-08-14,2025-11-12,Returned
6374,289,940,2024-07-28,,Late
6375,587,219,2026-04-20,2026-04-30,Returned
6376,121,73,2025-03-19,2025-05-08,Returned
6377,1508,391,2024-06-25,2025-08-12,Returned
6378,853,271,2026-05-21,2026-06-03,Returned
6379,496,705,2025-11-13,2026-02-02,Returned
6380,1939,254,2023-12-22,2024-12-09,Returned
6381,1842,854,2023-09-24,2023-10-05,Returned
6382,1933,661,2024-04-24,2025-11-14,Returned
6383,164,613,2024-04-29,2024-05-14,Returned
6384,1994,2,2024-04-29,2026-01-06,Returned
6385,637,345,2026-03-25,2026-04-18,Returned
6386,1608,916,2025-01-15,2026-01-16,Returned
6387,203,212,2023-09-21,2025-08-17,Returned
6388,1102,358,2025-04-23,2026-06-01,Returned
6389,472,462,2026-05-14,2026-06-03,Returned
6390,184,989,2026-04-19,2026-05-20,Returned
6391,378,995,2025-03-27,2026-04-22,Returned
6392,830,662,2025-02-23,2026-05-21,Returned
6393,1710,963,2025-09-12,2026-02-23,Returned
6394,1279,615,2025-06-26,2025-11-04,Returned
6395,811,791,2026-05-24,,Active
6396,174,360,2026-03-30,2026-05-28,Returned
6397,702,599,2026-01-20,,Active
6398,552,160,2026-05-19,2026-05-21,Returned
6399,1903,867,2024-08-31,2025-10-11,Returned
6400,788,928,2025-11-23,2026-01-28,Returned
6401,1057,917,2026-03-02,2026-03-19,Returned
6402,716,316,2024-01-16,2024-08-10,Returned
6403,436,183,2026-04-21,2026-06-01,Returned
6404,1074,8,2023-11-12,2024-12-09,Returned
6405,1133,38,2024-01-04,2025-02-05,Returned
6406,551,996,2023-10-01,2024-04-30,Returned
6407,431,591,2023-11-22,,Active
6408,205,699,2025-11-23,2026-04-19,Returned
6409,230,192,2026-01-16,2026-02-15,Returned
6410,2,665,2024-07-01,2024-11-22,Returned
6411,620,147,2023-11-29,2024-07-06,Returned
6412,371,971,2025-09-19,2025-11-30,Returned
6413,1010,93,2025-07-08,2025-07-25,Returned
6414,1475,586,2024-04-25,2026-02-07,Returned
6415,126,541,2024-03-08,2025-05-03,Returned
6416,1238,674,2025-06-05,2026-04-18,Returned
6417,1697,940,2024-01-22,2026-01-19,Returned
6418,1175,358,2025-02-11,,Late
6419,748,569,2024-02-19,2024-08-23,Returned
6420,985,200,2025-09-07,2026-05-20,Returned
6421,1760,571,2023-06-30,2026-03-09,Returned
6422,572,74,2025-01-15,2025-12-12,Returned
6423,1011,427,2024-03-16,2024-04-08,Returned
6424,910,769,2026-01-01,2026-03-05,Returned
6425,112,421,2024-03-06,2024-08-01,Returned
6426,631,79,2024-03-22,2025-11-21,Returned
6427,433,163,2024-10-31,,Late
6428,398,78,2024-12-28,,Late
6429,765,277,2023-10-25,2025-07-19,Returned
6430,400,442,2025-10-07,2025-10-16,Returned
6431,1191,301,2024-03-07,2024-12-21,Returned
6432,579,34,2026-05-16,2026-05-23,Returned
6433,1294,946,2023-09-06,2026-02-06,Returned
6434,1720,356,2026-02-24,,Active
6435,1672,173,2024-05-03,2025-07-29,Returned
6436,1643,570,2024-11-08,2026-02-08,Returned
6437,1349,890,2023-09-21,2024-12-21,Returned
6438,543,359,2024-04-16,2025-11-12,Returned
6439,1116,247,2026-04-17,2026-05-28,Returned
6440,970,563,2023-10-14,,Active
6441,1254,603,2025-06-21,2026-04-07,Returned
6442,182,662,2023-10-27,2024-05-09,Returned
6443,284,48,2024-12-24,2026-01-13,Returned
6444,581,532,2024-01-01,2024-04-13,Returned
6445,189,3,2024-12-18,2025-01-20,Returned
6446,1455,190,2025-01-24,2025-04-05,Returned
6447,1691,669,2024-07-08,2026-03-19,Returned
6448,1704,554,2024-08-19,2024-09-10,Returned
6449,748,650,2025-05-31,2026-03-04,Returned
6450,795,515,2024-10-30,2025-08-28,Returned
6451,330,1000,2026-05-18,2026-05-22,Returned
6452,1559,835,2025-07-01,2026-02-05,Returned
6453,766,742,2025-07-05,2025-09-09,Returned
6454,598,148,2024-04-18,2024-05-18,Returned
6455,1572,329,2024-04-06,2025-11-28,Returned
6456,1294,584,2023-09-04,2025-06-29,Returned
6457,606,130,2025-01-16,2025-03-22,Returned
6458,843,769,2025-01-21,2025-12-05,Returned
6459,849,442,2024-06-12,,Active
6460,1855,118,2025-11-04,,Active
6461,295,168,2024-09-18,2025-03-22,Returned
6462,441,611,2024-10-03,2025-10-29,Returned
6463,388,529,2026-02-11,2026-03-11,Returned
6464,16,972,2025-06-24,2026-03-31,Returned
6465,1256,454,2024-12-07,2025-09-30,Returned
6466,90,748,2025-10-27,2025-11-28,Returned
6467,1477,286,2024-07-05,2026-02-02,Returned
6468,328,679,2024-01-29,2026-03-08,Returned
6469,1708,509,2026-04-04,2026-04-22,Returned
6470,699,809,2023-09-01,2023-11-10,Returned
6471,297,333,2026-05-28,2026-06-02,Returned
6472,690,488,2024-02-15,2025-10-15,Returned
6473,1482,815,2024-11-21,2025-11-23,Returned
6474,1092,329,2025-11-20,2026-05-26,Returned
6475,915,143,2023-11-18,2024-03-20,Returned
6476,1615,893,2025-09-02,2025-12-19,Returned
6477,788,809,2023-10-26,2023-11-07,Returned
6478,403,685,2024-12-28,2025-09-04,Returned
6479,877,820,2024-02-13,,Active
6480,901,134,2023-09-07,2025-10-09,Returned
6481,393,34,2024-03-15,2024-11-21,Returned
6482,742,6,2023-10-03,2025-10-17,Returned
6483,153,40,2024-11-20,2026-04-16,Returned
6484,1607,198,2024-08-22,2025-05-22,Returned
6485,1666,780,2025-01-20,2026-01-15,Returned
6486,1040,38,2025-08-21,2026-01-27,Returned
6487,228,737,2023-09-19,2025-06-29,Returned
6488,1816,758,2023-07-27,2025-02-25,Returned
6489,289,991,2023-11-24,2024-04-15,Returned
6490,1977,366,2023-12-13,2026-04-16,Returned
6491,59,930,2024-11-05,2024-12-07,Returned
6492,848,308,2025-04-23,2025-07-31,Returned
6493,542,266,2026-05-09,,Active
6494,426,535,2025-09-13,2026-05-04,Returned
6495,1917,601,2026-05-02,2026-05-15,Returned
6496,1344,907,2025-05-20,,Late
6497,945,422,2024-03-15,2025-08-13,Returned
6498,1028,952,2024-05-19,2024-06-20,Returned
6499,523,257,2026-01-01,2026-04-25,Returned
6500,1668,518,2026-03-23,2026-04-09,Returned
6501,3,611,2025-05-02,2025-08-29,Returned
6502,564,383,2026-05-23,,Active
6503,40,52,2026-01-08,2026-03-06,Returned
6504,1980,300,2025-11-21,2026-03-19,Returned
6505,1809,425,2025-08-04,2025-12-18,Returned
6506,475,560,2025-03-21,2026-02-08,Returned
6507,622,620,2026-02-25,2026-04-30,Returned
6508,94,955,2023-08-13,2025-04-03,Returned
6509,1091,96,2024-10-22,2025-05-18,Returned
6510,1892,832,2026-03-30,2026-05-08,Returned
6511,1406,474,2025-01-29,2025-06-20,Returned
6512,1838,965,2025-03-02,2026-05-22,Returned
6513,1246,975,2023-07-16,2026-01-20,Returned
6514,405,142,2025-01-22,2025-06-04,Returned
6515,973,113,2023-07-03,2025-02-19,Returned
6516,562,330,2026-03-27,2026-04-01,Returned
6517,854,366,2023-07-12,,Active
6518,635,492,2025-06-29,2025-10-03,Returned
6519,328,6,2024-12-10,2025-06-03,Returned
6520,1427,151,2026-04-22,2026-05-27,Returned
6521,1793,736,2026-03-07,2026-05-20,Returned
6522,1821,204,2025-07-22,2026-04-03,Returned
6523,615,18,2023-07-01,2026-03-14,Returned
6524,597,559,2023-08-13,2024-06-03,Returned
6525,741,768,2023-09-06,2026-01-11,Returned
6526,206,595,2023-07-31,2025-10-23,Returned
6527,1416,216,2023-12-08,2024-08-23,Returned
6528,1826,124,2024-09-03,2025-11-28,Returned
6529,378,659,2024-07-01,2025-08-15,Returned
6530,1795,855,2026-05-14,2026-05-15,Returned
6531,622,574,2023-11-14,2025-01-26,Returned
6532,556,512,2026-04-30,2026-05-18,Returned
6533,1452,667,2025-06-19,2025-09-26,Returned
6534,1910,800,2025-12-20,2026-01-15,Returned
6535,307,454,2023-07-28,2025-07-05,Returned
6536,526,440,2025-07-20,2026-02-13,Returned
6537,1456,383,2025-08-12,2025-08-13,Returned
6538,1167,830,2025-01-02,2026-01-07,Returned
6539,1759,560,2025-04-21,2026-01-17,Returned
6540,1490,882,2024-04-05,2026-05-09,Returned
6541,48,272,2024-12-06,2026-05-05,Returned
6542,1571,902,2026-01-21,2026-01-26,Returned
6543,1530,136,2026-03-10,2026-05-06,Returned
6544,362,937,2023-06-16,2024-08-25,Returned
6545,263,98,2025-10-25,2026-03-03,Returned
6546,729,741,2023-07-22,2025-05-14,Returned
6547,182,826,2025-04-24,2025-10-20,Returned
6548,1039,588,2025-02-19,2026-02-15,Returned
6549,1558,863,2025-03-20,2025-06-04,Returned
6550,1498,618,2023-08-10,2025-09-28,Returned
6551,7,386,2025-09-19,2025-12-29,Returned
6552,487,981,2025-03-28,2025-12-31,Returned
6553,508,42,2024-08-19,2026-05-31,Returned
6554,1814,458,2023-08-01,2026-05-15,Returned
6555,1679,639,2024-04-24,2024-11-26,Returned
6556,599,679,2023-07-09,,Active
6557,352,1000,2023-12-19,2024-07-01,Returned
6558,902,703,2024-09-10,2026-03-14,Returned
6559,328,461,2024-06-27,2025-07-02,Returned
6560,1714,598,2026-01-27,2026-05-31,Returned
6561,537,198,2025-10-30,2025-12-02,Returned
6562,1345,483,2026-05-25,2026-06-04,Returned
6563,1822,522,2025-06-11,,Active
6564,526,93,2024-04-23,2024-09-08,Returned
6565,447,374,2025-07-16,2025-10-10,Returned
6566,1660,427,2023-11-11,2024-06-09,Returned
6567,400,952,2024-03-20,,Active
6568,933,936,2026-04-12,2026-05-20,Returned
6569,1637,582,2026-01-11,2026-02-20,Returned
6570,549,193,2026-01-21,2026-05-12,Returned
6571,362,721,2024-08-02,2025-08-20,Returned
6572,551,232,2025-01-22,2025-05-29,Returned
6573,1957,878,2023-08-30,2025-03-10,Returned
6574,1026,323,2025-06-16,2025-08-01,Returned
6575,261,438,2023-07-31,2024-07-05,Returned
6576,801,617,2024-03-27,2025-09-03,Returned
6577,797,919,2024-05-30,2024-10-19,Returned
6578,1275,265,2025-04-22,2026-01-05,Returned
6579,1930,961,2023-10-02,,Late
6580,1966,429,2025-05-20,2025-10-05,Returned
6581,458,896,2023-08-10,2025-08-29,Returned
6582,1118,58,2024-09-03,2024-09-09,Returned
6583,19,353,2025-01-26,2026-06-06,Returned
6584,311,435,2025-10-01,2026-03-27,Returned
6585,761,158,2025-07-03,2026-02-24,Returned
6586,347,762,2024-04-20,2024-11-06,Returned
6587,219,638,2023-06-26,2024-05-17,Returned
6588,1106,794,2025-02-21,2025-12-10,Returned
6589,1893,783,2023-09-28,,Active
6590,1510,213,2025-11-28,,Active
6591,1584,836,2025-12-30,2026-05-16,Returned
6592,1287,223,2025-07-06,2025-07-18,Returned
6593,928,809,2024-01-20,2025-04-22,Returned
6594,1939,206,2025-05-17,,Active
6595,1763,107,2026-05-11,2026-05-15,Returned
6596,982,19,2024-12-29,2025-04-27,Returned
6597,1908,691,2026-01-27,2026-04-22,Returned
6598,416,429,2023-08-15,2026-06-04,Returned
6599,1156,535,2025-01-08,2026-03-06,Returned
6600,489,725,2025-06-12,2026-05-25,Returned
6601,73,374,2024-12-16,2026-01-26,Returned
6602,818,332,2025-07-10,2025-09-24,Returned
6603,1602,650,2026-03-25,2026-05-20,Returned
6604,1644,926,2024-08-03,2025-01-17,Returned
6605,1898,824,2025-06-24,2026-05-21,Returned
6606,643,327,2024-01-04,2025-08-21,Returned
6607,1255,417,2024-06-02,,Active
6608,1615,634,2023-12-18,2024-06-23,Returned
6609,1172,203,2023-11-12,,Active
6610,1418,581,2024-02-20,2025-09-24,Returned
6611,840,637,2025-12-09,2026-01-07,Returned
6612,552,422,2025-07-02,2026-02-14,Returned
6613,1882,638,2025-03-18,2025-04-05,Returned
6614,872,678,2026-05-15,2026-06-01,Returned
6615,265,353,2025-07-21,2025-11-16,Returned
6616,87,248,2023-10-27,2024-03-29,Returned
6617,1935,215,2024-06-13,,Active
6618,116,302,2024-01-26,2024-09-29,Returned
6619,1382,167,2024-01-03,2024-06-29,Returned
6620,433,506,2023-08-02,2025-01-20,Returned
6621,489,681,2023-12-25,2025-06-28,Returned
6622,1040,213,2023-12-29,,Active
6623,281,389,2023-08-08,2024-02-16,Returned
6624,817,185,2023-08-25,2025-07-12,Returned
6625,1609,56,2025-05-29,2026-05-15,Returned
6626,275,98,2024-12-27,2026-04-28,Returned
6627,1656,922,2025-10-19,2026-05-02,Returned
6628,923,554,2024-01-14,2024-09-08,Returned
6629,1255,180,2025-08-27,2026-03-23,Returned
6630,335,153,2024-09-05,2026-01-25,Returned
6631,1754,162,2025-10-07,2025-11-30,Returned
6632,640,875,2024-08-16,2026-03-22,Returned
6633,365,621,2024-05-18,2025-02-25,Returned
6634,1182,469,2024-06-17,2025-01-14,Returned
6635,1783,899,2024-03-20,2024-07-27,Returned
6636,798,566,2024-03-15,2025-03-14,Returned
6637,489,351,2023-07-12,2023-12-21,Returned
6638,1204,278,2025-05-13,2025-09-25,Returned
6639,1609,107,2024-03-17,2024-06-04,Returned
6640,745,888,2024-01-13,2025-07-09,Returned
6641,1710,84,2025-06-29,2026-02-04,Returned
6642,1615,82,2024-07-29,2024-09-18,Returned
6643,1858,177,2024-10-01,2026-03-21,Returned
6644,935,125,2024-03-02,2026-05-28,Returned
6645,1331,661,2024-04-17,2025-06-23,Returned
6646,1503,356,2026-05-30,2026-06-04,Returned
6647,508,151,2023-12-11,,Active
6648,440,295,2023-12-12,2024-03-24,Returned
6649,617,679,2023-10-18,2024-09-17,Returned
6650,23,406,2023-09-18,,Active
6651,758,612,2025-10-24,2026-03-09,Returned
6652,1442,838,2025-08-22,2026-03-28,Returned
6653,1071,747,2023-12-18,2024-04-30,Returned
6654,1677,180,2024-03-04,2024-05-30,Returned
6655,266,163,2024-09-26,2026-01-27,Returned
6656,1947,984,2024-11-10,2025-06-17,Returned
6657,1781,782,2025-07-21,2025-12-11,Returned
6658,1556,733,2026-03-09,2026-06-02,Returned
6659,1806,463,2023-08-17,2025-05-14,Returned
6660,1659,858,2025-06-19,2026-02-18,Returned
6661,1113,967,2024-09-18,2025-02-25,Returned
6662,595,422,2026-03-22,2026-06-03,Returned
6663,1808,884,2023-08-31,2024-10-31,Returned
6664,1519,59,2025-07-15,2026-04-19,Returned
6665,1814,906,2025-12-05,,Active
6666,252,356,2024-12-20,2026-03-06,Returned
6667,764,817,2025-11-15,,Active
6668,1331,402,2024-05-14,2024-11-18,Returned
6669,1292,676,2024-06-01,2024-09-27,Returned
6670,353,288,2026-05-17,2026-06-04,Returned
6671,389,603,2023-12-06,2024-12-27,Returned
6672,1974,238,2025-02-10,2025-04-26,Returned
6673,1311,775,2023-09-06,2024-04-16,Returned
6674,1616,87,2026-01-09,,Active
6675,1768,813,2024-04-06,2026-03-03,Returned
6676,603,118,2025-05-06,2026-03-12,Returned
6677,839,281,2024-12-13,2026-03-08,Returned
6678,1783,881,2026-04-06,2026-05-16,Returned
6679,630,580,2025-09-09,2026-03-15,Returned
6680,1624,570,2026-05-28,2026-06-03,Returned
6681,1517,319,2024-12-17,2025-01-14,Returned
6682,1589,588,2025-07-09,2026-02-16,Returned
6683,440,810,2025-08-11,2025-09-17,Returned
6684,130,405,2025-05-01,2026-01-25,Returned
6685,1637,649,2023-10-19,2026-02-22,Returned
6686,1763,207,2024-03-23,2025-05-04,Returned
6687,32,733,2024-04-29,2024-07-21,Returned
6688,711,923,2024-03-23,,Active
6689,1875,796,2025-01-19,2025-10-01,Returned
6690,1264,878,2024-04-07,,Active
6691,1006,147,2025-05-18,2026-03-22,Returned
6692,839,51,2024-11-29,,Late
6693,313,405,2026-01-01,2026-05-28,Returned
6694,40,533,2026-05-13,2026-05-27,Returned
6695,615,508,2023-10-01,2024-07-03,Returned
6696,1858,609,2023-12-04,2025-04-02,Returned
6697,37,982,2026-02-09,2026-03-03,Returned
6698,1003,642,2026-01-22,2026-03-25,Returned
6699,1761,795,2023-12-14,2024-10-11,Returned
6700,3,164,2025-06-06,2026-04-26,Returned
6701,309,272,2023-08-23,2025-07-18,Returned
6702,1796,428,2025-02-14,2026-02-07,Returned
6703,358,551,2024-03-02,2024-06-24,Returned
6704,1760,256,2024-11-07,2026-05-21,Returned
6705,398,108,2025-09-18,2026-01-09,Returned
6706,738,125,2024-08-23,2026-03-10,Returned
6707,897,346,2023-09-24,2025-01-01,Returned
6708,1274,695,2024-12-10,,Late
6709,1342,518,2024-07-28,2025-07-09,Returned
6710,896,28,2023-10-10,2023-10-21,Returned
6711,1209,907,2025-05-06,2025-09-04,Returned
6712,1656,440,2025-09-06,2025-09-10,Returned
6713,529,144,2025-06-29,2026-05-26,Returned
6714,81,731,2024-04-02,2025-08-23,Returned
6715,966,896,2026-05-06,2026-06-06,Returned
6716,201,409,2024-10-19,,Late
6717,1404,133,2023-08-18,2026-01-26,Returned
6718,657,491,2026-02-19,2026-04-13,Returned
6719,727,827,2025-11-27,2025-11-27,Returned
6720,1146,538,2024-06-24,2025-07-08,Returned
6721,160,146,2024-05-02,2024-08-12,Returned
6722,1131,578,2024-02-10,2024-06-27,Returned
6723,321,888,2023-08-06,2025-03-02,Returned
6724,913,547,2024-12-13,2026-05-21,Returned
6725,1350,592,2024-09-26,2026-06-04,Returned
6726,1839,85,2025-12-09,2026-04-08,Returned
6727,837,990,2026-03-14,2026-05-18,Returned
6728,247,822,2025-07-23,2026-03-09,Returned
6729,1962,117,2025-05-15,,Active
6730,304,541,2024-08-13,2025-11-15,Returned
6731,515,26,2026-04-21,2026-05-25,Returned
6732,837,57,2026-04-01,2026-04-02,Returned
6733,48,633,2025-06-04,2026-02-01,Returned
6734,924,50,2024-09-13,2025-04-08,Returned
6735,812,920,2024-08-27,2024-10-20,Returned
6736,591,164,2025-01-19,2025-05-17,Returned
6737,740,352,2025-05-23,2025-11-30,Returned
6738,27,7,2024-12-16,2025-02-20,Returned
6739,1432,307,2025-07-05,2025-08-20,Returned
6740,554,880,2024-09-19,2025-07-08,Returned
6741,1316,312,2023-09-23,2024-02-29,Returned
6742,1942,472,2026-05-25,2026-06-02,Returned
6743,1750,160,2023-12-17,2024-01-22,Returned
6744,1637,137,2025-09-13,2025-12-29,Returned
6745,902,266,2023-10-19,2025-06-30,Returned
6746,891,23,2025-08-01,2025-08-23,Returned
6747,1811,124,2024-02-14,2025-01-06,Returned
6748,663,749,2025-05-05,2026-01-21,Returned
6749,960,465,2026-05-01,2026-05-24,Returned
6750,1176,318,2023-08-24,2025-10-31,Returned
6751,731,246,2024-09-01,2025-06-08,Returned
6752,47,453,2024-12-09,2025-04-28,Returned
6753,904,906,2024-09-14,2025-05-07,Returned
6754,471,590,2025-09-13,2026-02-24,Returned
6755,591,184,2025-02-21,2025-06-26,Returned
6756,820,556,2026-05-05,2026-06-01,Returned
6757,366,422,2025-12-25,2026-01-28,Returned
6758,193,672,2026-04-18,,Active
6759,1734,149,2024-03-15,2024-07-19,Returned
6760,1188,37,2026-01-31,,Active
6761,524,448,2026-05-28,2026-06-04,Returned
6762,650,392,2024-02-04,2026-01-25,Returned
6763,1293,62,2024-02-22,2026-02-11,Returned
6764,1484,116,2025-11-04,2026-05-27,Returned
6765,1181,604,2026-03-29,2026-05-02,Returned
6766,1802,75,2025-08-09,2025-11-20,Returned
6767,54,451,2023-07-16,2025-09-10,Returned
6768,1538,963,2026-04-18,2026-05-04,Returned
6769,56,844,2023-10-05,2026-04-12,Returned
6770,899,540,2024-03-28,2025-10-11,Returned
6771,701,158,2025-03-08,2026-04-02,Returned
6772,1050,424,2026-05-08,2026-05-22,Returned
6773,856,106,2025-01-10,2025-03-29,Returned
6774,103,346,2024-08-01,2025-10-17,Returned
6775,350,406,2026-02-04,2026-02-11,Returned
6776,1503,837,2023-12-08,2024-07-12,Returned
6777,785,244,2025-07-10,2025-12-31,Returned
6778,253,80,2024-06-06,2025-05-10,Returned
6779,143,767,2024-07-17,2025-07-11,Returned
6780,1930,288,2025-12-22,2026-04-30,Returned
6781,1417,481,2024-01-09,2025-02-06,Returned
6782,210,544,2025-03-06,2026-04-08,Returned
6783,1920,667,2023-12-30,2024-01-04,Returned
6784,729,47,2026-05-12,2026-05-31,Returned
6785,365,611,2025-01-14,2026-01-10,Returned
6786,1986,267,2025-01-31,2025-06-20,Returned
6787,1939,263,2023-08-18,2025-04-23,Returned
6788,743,455,2023-12-31,2025-02-20,Returned
6789,1185,665,2025-06-22,2025-08-09,Returned
6790,1829,412,2024-03-29,2024-12-25,Returned
6791,1788,393,2023-09-14,2025-02-02,Returned
6792,529,857,2025-10-07,2026-02-25,Returned
6793,1657,657,2025-04-16,2025-10-16,Returned
6794,315,67,2026-05-06,2026-05-27,Returned
6795,946,784,2025-06-27,2025-07-02,Returned
6796,1221,939,2025-06-06,,Late
6797,1231,116,2024-06-01,2024-10-12,Returned
6798,1623,869,2024-05-23,2026-01-14,Returned
6799,87,161,2024-12-09,2025-04-23,Returned
6800,610,486,2026-02-13,2026-05-12,Returned
6801,1849,512,2026-02-27,2026-04-22,Returned
6802,1175,311,2024-01-29,2026-01-06,Returned
6803,1694,474,2023-11-20,,Active
6804,204,537,2023-12-28,2024-08-25,Returned
6805,1900,916,2026-03-06,,Late
6806,922,749,2025-04-22,2025-11-16,Returned
6807,959,639,2024-05-04,2025-08-25,Returned
6808,1818,416,2023-07-06,2024-08-23,Returned
6809,416,681,2025-06-04,2025-07-07,Returned
6810,66,182,2024-08-16,2026-01-12,Returned
6811,264,529,2025-06-16,2025-10-05,Returned
6812,1063,579,2024-02-29,2024-10-27,Returned
6813,708,263,2024-01-13,2024-03-16,Returned
6814,1046,471,2024-09-29,2026-01-15,Returned
6815,1049,433,2025-11-12,2025-12-06,Returned
6816,340,593,2025-10-05,2026-04-26,Returned
6817,582,676,2025-02-23,2026-03-31,Returned
6818,182,476,2025-01-25,2025-10-24,Returned
6819,1873,110,2024-09-09,2026-02-16,Returned
6820,1016,352,2024-01-21,2024-11-22,Returned
6821,437,273,2024-08-29,2024-11-30,Returned
6822,510,648,2024-10-07,2025-12-26,Returned
6823,1471,188,2024-11-18,2025-09-01,Returned
6824,226,125,2025-11-04,2025-12-21,Returned
6825,876,980,2023-06-11,,Active
6826,378,933,2024-09-16,2026-03-06,Returned
6827,1415,584,2025-08-25,,Active
6828,186,678,2023-07-18,,Active
6829,150,971,2023-12-31,2025-01-01,Returned
6830,461,549,2023-07-08,2024-03-15,Returned
6831,568,730,2025-08-03,2025-11-20,Returned
6832,1528,573,2024-07-18,2026-03-23,Returned
6833,1298,722,2026-04-21,2026-05-19,Returned
6834,1668,919,2026-02-15,,Late
6835,1304,696,2026-04-23,2026-05-15,Returned
6836,1082,654,2024-03-13,2025-10-23,Returned
6837,575,574,2026-02-10,2026-03-01,Returned
6838,1472,32,2023-07-24,2024-10-04,Returned
6839,1533,690,2024-06-17,2025-11-04,Returned
6840,1614,583,2025-06-09,2026-04-17,Returned
6841,1569,497,2024-07-27,2026-03-16,Returned
6842,545,66,2025-10-07,,Late
6843,841,446,2026-01-21,2026-06-02,Returned
6844,1192,874,2025-12-15,2026-03-23,Returned
6845,1141,317,2025-03-18,2026-02-23,Returned
6846,267,557,2024-04-06,2025-03-20,Returned
6847,907,1,2024-04-22,2025-08-06,Returned
6848,740,14,2025-05-29,2025-08-12,Returned
6849,63,847,2023-07-01,,Late
6850,1277,219,2025-04-19,2025-08-02,Returned
6851,301,835,2025-03-28,2025-05-10,Returned
6852,590,268,2025-06-26,2025-09-02,Returned
6853,854,325,2023-08-28,2023-11-11,Returned
6854,1047,688,2023-10-18,2024-11-25,Returned
6855,34,254,2025-08-28,2025-10-17,Returned
6856,852,175,2023-11-14,2025-05-15,Returned
6857,910,14,2024-04-06,2024-04-12,Returned
6858,131,811,2025-10-29,2025-12-10,Returned
6859,992,520,2025-03-14,2025-04-09,Returned
6860,804,423,2024-02-05,2024-09-20,Returned
6861,1204,191,2024-07-13,2026-03-31,Returned
6862,1252,74,2023-11-05,2026-04-05,Returned
6863,566,41,2026-01-17,2026-04-08,Returned
6864,1126,214,2026-01-25,2026-03-19,Returned
6865,1255,715,2023-06-21,,Active
6866,533,181,2024-09-07,2024-09-28,Returned
6867,388,619,2023-09-12,,Late
6868,1450,727,2026-03-03,2026-04-07,Returned
6869,1683,24,2025-06-23,2026-01-30,Returned
6870,1615,654,2024-04-03,2025-03-03,Returned
6871,1173,899,2025-05-15,2026-03-20,Returned
6872,1657,183,2024-03-04,2026-04-16,Returned
6873,367,801,2025-03-25,2026-02-17,Returned
6874,342,343,2025-09-22,2025-12-03,Returned
6875,1972,989,2023-08-10,2024-03-21,Returned
6876,1433,853,2025-06-21,,Active
6877,129,20,2024-02-22,2026-02-10,Returned
6878,83,647,2025-03-07,2025-08-10,Returned
6879,1891,562,2023-07-31,2026-01-28,Returned
6880,1148,847,2023-09-30,2023-11-25,Returned
6881,124,981,2024-12-17,2025-01-23,Returned
6882,861,972,2025-01-28,2025-02-02,Returned
6883,1561,519,2025-03-13,2025-08-24,Returned
6884,1470,309,2025-12-19,2026-06-02,Returned
6885,1185,118,2024-09-24,2025-03-07,Returned
6886,1879,410,2024-05-30,2025-06-20,Returned
6887,699,919,2023-09-13,2024-01-12,Returned
6888,1662,678,2025-06-17,2026-03-29,Returned
6889,504,329,2026-03-06,,Active
6890,1210,709,2025-01-17,2025-10-14,Returned
6891,1460,933,2024-06-21,2025-09-11,Returned
6892,563,304,2025-04-04,,Late
6893,636,633,2026-04-23,2026-05-22,Returned
6894,1059,655,2026-02-21,2026-03-10,Returned
6895,734,450,2024-06-13,2025-10-17,Returned
6896,1335,332,2026-04-30,2026-05-26,Returned
6897,296,314,2023-11-12,2025-04-20,Returned
6898,767,27,2025-07-16,,Active
6899,552,828,2025-01-02,,Active
6900,1980,248,2024-05-29,2026-02-25,Returned
6901,1442,78,2023-06-07,2024-12-07,Returned
6902,385,218,2026-05-12,2026-05-13,Returned
6903,28,324,2025-04-06,2025-09-21,Returned
6904,197,24,2025-12-16,2026-05-10,Returned
6905,91,112,2025-10-29,2026-02-09,Returned
6906,781,245,2026-04-19,2026-05-24,Returned
6907,867,665,2023-08-30,2024-01-20,Returned
6908,619,183,2023-11-17,2024-06-16,Returned
6909,565,117,2024-01-24,2024-11-11,Returned
6910,1923,417,2024-03-05,2025-09-08,Returned
6911,1310,268,2024-12-02,2026-02-01,Returned
6912,1939,728,2023-07-15,2024-03-25,Returned
6913,872,973,2024-07-21,2025-02-23,Returned
6914,843,116,2025-08-24,2026-04-01,Returned
6915,1004,922,2025-10-17,2025-12-25,Returned
6916,1365,252,2025-04-28,2025-05-31,Returned
6917,251,165,2023-07-14,2025-12-03,Returned
6918,433,954,2023-11-19,2024-02-08,Returned
6919,236,667,2024-12-29,2025-06-26,Returned
6920,668,720,2023-07-10,2025-06-13,Returned
6921,215,397,2026-05-02,2026-06-03,Returned
6922,1895,876,2025-01-11,2025-08-28,Returned
6923,546,929,2026-03-16,2026-04-04,Returned
6924,407,231,2026-04-02,2026-04-06,Returned
6925,98,986,2025-10-30,2026-04-22,Returned
6926,826,659,2025-08-27,2026-02-27,Returned
6927,1562,989,2025-03-03,2025-08-28,Returned
6928,1008,998,2023-09-08,2025-10-16,Returned
6929,1277,422,2024-02-03,2026-06-04,Returned
6930,508,137,2025-07-01,2026-04-12,Returned
6931,211,900,2024-02-18,2025-12-27,Returned
6932,1255,949,2025-09-23,2026-01-14,Returned
6933,1295,925,2026-01-16,2026-03-25,Returned
6934,1881,764,2026-05-07,2026-05-15,Returned
6935,449,165,2025-08-19,2025-11-16,Returned
6936,1466,522,2024-12-27,2025-10-26,Returned
6937,533,590,2024-04-27,2024-09-14,Returned
6938,454,719,2025-09-02,,Active
6939,1167,560,2024-07-24,2025-03-26,Returned
6940,852,491,2026-03-01,2026-05-01,Returned
6941,1146,456,2024-01-25,2025-06-22,Returned
6942,1246,17,2025-05-22,2025-10-12,Returned
6943,734,255,2025-08-20,,Active
6944,616,522,2025-08-01,2025-09-17,Returned
6945,188,941,2024-08-07,2024-09-09,Returned
6946,1962,123,2024-06-06,2025-01-04,Returned
6947,1177,731,2023-07-09,2024-01-06,Returned
6948,395,44,2026-05-28,2026-06-04,Returned
6949,946,410,2024-11-04,2025-09-10,Returned
6950,1793,7,2025-05-21,,Active
6951,157,456,2025-01-12,2026-05-06,Returned
6952,1477,127,2024-01-02,2024-06-30,Returned
6953,784,16,2024-03-25,2024-03-28,Returned
6954,1836,30,2024-09-25,,Active
6955,1103,679,2023-08-28,2024-07-18,Returned
6956,514,273,2024-08-13,2026-01-23,Returned
6957,874,682,2025-04-13,2026-05-21,Returned
6958,1415,305,2025-02-26,2025-10-12,Returned
6959,991,954,2024-02-07,2026-02-05,Returned
6960,1490,414,2025-06-21,2025-11-11,Returned
6961,1735,918,2026-06-02,,Late
6962,228,848,2025-08-26,,Late
6963,262,950,2025-02-07,2025-08-30,Returned
6964,1017,913,2023-11-12,2025-03-31,Returned
6965,409,968,2023-10-07,2025-04-23,Returned
6966,842,97,2024-04-17,2025-05-07,Returned
6967,641,848,2025-02-22,2025-05-12,Returned
6968,122,9,2025-08-24,2025-12-16,Returned
6969,128,708,2024-02-29,2025-09-22,Returned
6970,688,995,2026-05-25,2026-06-06,Returned
6971,495,875,2024-12-19,2025-08-02,Returned
6972,1002,620,2025-07-05,2025-08-09,Returned
6973,779,131,2026-01-27,2026-03-01,Returned
6974,1360,599,2023-08-11,2025-05-13,Returned
6975,1644,870,2024-02-23,2025-12-15,Returned
6976,1389,801,2025-06-08,2025-06-08,Returned
6977,31,537,2023-09-23,2026-05-09,Returned
6978,1055,913,2024-11-20,2025-11-03,Returned
6979,923,273,2024-02-10,2025-05-30,Returned
6980,1987,22,2026-01-03,2026-04-26,Returned
6981,559,9,2025-12-03,2026-05-10,Returned
6982,602,397,2023-09-24,2025-02-26,Returned
6983,693,121,2025-04-11,2026-04-15,Returned
6984,1131,50,2025-02-07,,Late
6985,1854,217,2025-08-29,2025-12-11,Returned
6986,992,761,2025-05-08,2025-05-29,Returned
6987,1543,970,2024-02-13,2025-12-17,Returned
6988,993,115,2024-01-25,2024-08-30,Returned
6989,409,38,2023-11-24,2023-12-27,Returned
6990,1164,123,2024-08-14,,Late
6991,1965,999,2024-01-09,2025-05-05,Returned
6992,1392,985,2025-10-29,2026-03-22,Returned
6993,1911,178,2025-10-10,2025-11-30,Returned
6994,1697,67,2025-05-22,2025-06-19,Returned
6995,601,19,2023-07-05,2026-04-21,Returned
6996,858,655,2023-07-19,2024-02-05,Returned
6997,280,513,2025-05-05,2025-09-14,Returned
6998,1682,840,2025-03-22,2026-02-22,Returned
6999,638,891,2025-03-26,2025-11-09,Returned
7000,900,679,2024-07-29,2024-09-22,Returned
7001,1537,548,2025-05-17,2026-05-27,Returned
7002,1626,86,2024-06-29,2024-12-11,Returned
7003,741,930,2024-09-08,2025-03-22,Returned
7004,717,290,2026-04-19,2026-05-23,Returned
7005,254,978,2026-01-03,2026-01-25,Returned
7006,1799,918,2024-04-22,2025-03-02,Returned
7007,1030,836,2025-12-30,,Active
7008,359,434,2024-10-26,2026-04-23,Returned
7009,744,383,2024-06-14,2025-06-20,Returned
7010,493,13,2024-12-27,2025-04-06,Returned
7011,914,173,2025-03-02,2026-03-10,Returned
7012,590,926,2025-12-13,2026-04-03,Returned
7013,1599,666,2026-01-11,2026-01-12,Returned
7014,400,164,2023-11-16,2024-01-15,Returned
7015,447,357,2023-08-12,2024-04-03,Returned
7016,365,560,2026-03-11,,Late
7017,1779,821,2025-10-24,2026-04-21,Returned
7018,727,190,2025-08-04,,Active
7019,1011,226,2023-12-26,2024-02-01,Returned
7020,240,808,2026-03-31,2026-05-28,Returned
7021,820,938,2024-05-22,2025-05-27,Returned
7022,302,730,2023-06-14,2024-02-12,Returned
7023,477,842,2025-08-16,2026-05-02,Returned
7024,163,203,2023-08-29,2025-12-09,Returned
7025,930,199,2024-03-22,2026-03-24,Returned
7026,1533,363,2023-10-27,2024-10-08,Returned
7027,326,198,2026-04-24,2026-05-02,Returned
7028,63,513,2025-08-01,2026-03-28,Returned
7029,1128,142,2025-05-18,2025-07-17,Returned
7030,196,342,2025-07-21,2026-03-23,Returned
7031,71,597,2025-09-28,2026-05-06,Returned
7032,1619,152,2025-04-28,2026-02-17,Returned
7033,523,126,2023-07-20,2024-09-02,Returned
7034,1734,701,2023-06-24,2024-08-08,Returned
7035,1458,310,2024-04-01,2025-08-31,Returned
7036,516,535,2023-11-14,2025-07-10,Returned
7037,802,136,2024-01-12,2024-04-07,Returned
7038,434,241,2024-04-08,2025-10-25,Returned
7039,1461,242,2025-12-01,2026-04-24,Returned
7040,253,865,2025-01-22,2025-10-30,Returned
7041,1139,368,2023-09-03,2025-12-23,Returned
7042,211,696,2023-12-18,2025-05-13,Returned
7043,631,65,2026-01-25,,Late
7044,233,442,2023-07-28,2024-02-10,Returned
7045,489,187,2026-03-19,2026-04-06,Returned
7046,566,794,2025-01-15,2026-05-17,Returned
7047,820,649,2024-10-31,2025-04-28,Returned
7048,639,329,2025-01-12,2025-01-25,Returned
7049,1071,923,2025-10-30,2026-02-14,Returned
7050,974,893,2025-04-24,2025-11-06,Returned
7051,1388,161,2026-02-06,2026-05-26,Returned
7052,1702,825,2025-11-28,2026-01-09,Returned
7053,1570,925,2025-04-17,2025-06-04,Returned
7054,848,408,2026-01-14,2026-05-25,Returned
7055,1661,731,2024-06-14,2025-03-01,Returned
7056,1083,539,2026-04-18,2026-04-21,Returned
7057,629,23,2024-05-10,,Late
7058,1827,152,2023-06-12,2023-07-05,Returned
7059,279,735,2023-12-18,,Active
7060,60,750,2023-11-27,2024-04-14,Returned
7061,611,986,2026-06-02,,Active
7062,1231,589,2024-10-18,2026-05-30,Returned
7063,690,987,2024-11-13,2025-09-08,Returned
7064,186,258,2024-08-08,2025-09-22,Returned
7065,67,750,2024-09-08,2026-04-01,Returned
7066,1805,49,2026-03-21,2026-04-20,Returned
7067,1471,873,2026-02-21,2026-05-21,Returned
7068,1578,445,2023-07-26,2023-11-01,Returned
7069,1567,346,2023-12-31,2025-04-01,Returned
7070,1963,490,2024-03-10,2024-10-09,Returned
7071,1074,699,2023-11-29,2024-02-16,Returned
7072,1525,970,2026-01-09,2026-02-22,Returned
7073,1873,866,2023-07-22,2025-02-10,Returned
7074,600,439,2024-12-30,2025-05-05,Returned
7075,1216,833,2024-04-10,,Late
7076,138,643,2024-01-21,2025-04-09,Returned
7077,757,690,2025-11-28,2026-02-03,Returned
7078,1515,499,2024-12-23,2025-11-10,Returned
7079,1257,89,2024-02-09,2025-02-07,Returned
7080,1758,883,2026-05-11,2026-05-30,Returned
7081,247,192,2025-01-06,2026-03-02,Returned
7082,1308,510,2024-09-26,2025-01-31,Returned
7083,720,849,2025-06-30,,Active
7084,777,761,2023-11-26,2024-06-09,Returned
7085,1398,420,2023-10-20,2025-09-24,Returned
7086,1510,23,2024-05-17,2024-09-17,Returned
7087,1415,333,2023-09-10,2026-04-02,Returned
7088,282,723,2025-04-22,2025-05-10,Returned
7089,479,430,2025-07-10,2026-02-22,Returned
7090,1330,517,2026-03-28,2026-05-02,Returned
7091,1183,977,2023-07-12,2023-09-15,Returned
7092,1739,437,2026-05-24,2026-06-03,Returned
7093,358,75,2023-07-11,2025-08-28,Returned
7094,102,687,2023-10-15,2025-02-22,Returned
7095,577,657,2025-12-04,2026-01-01,Returned
7096,559,72,2026-03-11,2026-04-01,Returned
7097,1524,66,2023-06-25,2025-07-12,Returned
7098,1285,781,2025-01-05,2025-07-08,Returned
7099,493,265,2025-09-28,2026-02-19,Returned
7100,224,953,2025-10-31,2026-01-11,Returned
7101,999,76,2024-10-31,2025-01-23,Returned
7102,1010,544,2025-03-30,2025-06-12,Returned
7103,317,11,2026-01-15,2026-05-03,Returned
7104,854,984,2023-12-04,2024-04-07,Returned
7105,1310,468,2026-05-23,2026-06-05,Returned
7106,1117,5,2024-04-19,2024-07-13,Returned
7107,1811,139,2024-06-10,2025-10-02,Returned
7108,837,416,2025-01-29,2025-11-18,Returned
7109,1502,323,2025-04-30,2026-04-24,Returned
7110,1060,51,2024-11-24,2025-08-03,Returned
7111,289,814,2023-07-14,2024-04-14,Returned
7112,325,916,2023-07-19,2025-10-01,Returned
7113,1698,165,2024-09-22,2024-09-28,Returned
7114,1992,953,2025-05-15,,Active
7115,1199,430,2024-12-01,2025-04-24,Returned
7116,1466,597,2026-04-15,2026-04-20,Returned
7117,1710,272,2024-09-21,,Active
7118,630,655,2023-09-20,2024-06-18,Returned
7119,1725,371,2024-02-12,,Active
7120,1736,320,2023-06-16,2023-06-30,Returned
7121,61,496,2026-05-01,2026-05-06,Returned
7122,356,646,2023-11-02,2025-10-15,Returned
7123,715,513,2023-11-25,2024-05-28,Returned
7124,255,118,2024-11-10,2026-02-10,Returned
7125,503,11,2025-06-01,,Active
7126,1076,375,2024-11-04,2024-12-05,Returned
7127,351,190,2025-10-26,,Active
7128,1478,914,2024-01-12,2026-02-02,Returned
7129,2000,315,2024-01-13,2024-08-15,Returned
7130,1917,247,2025-09-21,2026-02-23,Returned
7131,825,302,2025-12-17,2026-03-28,Returned
7132,1599,360,2026-05-05,2026-05-19,Returned
7133,1052,438,2025-08-14,2026-04-08,Returned
7134,722,558,2025-03-19,2025-04-18,Returned
7135,1368,351,2024-09-16,2025-06-28,Returned
7136,581,68,2025-10-02,2026-03-22,Returned
7137,1818,696,2024-09-26,2026-01-26,Returned
7138,786,221,2025-12-24,2026-04-05,Returned
7139,1072,929,2023-09-25,2024-10-18,Returned
7140,1219,113,2023-11-09,2023-12-05,Returned
7141,1500,698,2023-08-08,2026-03-29,Returned
7142,1526,478,2026-04-04,2026-05-25,Returned
7143,1240,749,2025-05-29,2025-12-13,Returned
7144,803,997,2025-05-07,,Active
7145,1676,622,2024-09-02,2024-11-21,Returned
7146,193,781,2025-01-17,2025-09-21,Returned
7147,1336,389,2026-01-16,2026-03-22,Returned
7148,663,195,2025-07-28,,Late
7149,1875,532,2023-11-11,2024-05-07,Returned
7150,1975,954,2024-08-29,2025-07-04,Returned
7151,620,723,2026-03-18,2026-05-20,Returned
7152,1586,467,2025-05-09,2025-12-18,Returned
7153,1492,315,2024-08-29,2025-06-21,Returned
7154,570,852,2024-08-28,2026-03-04,Returned
7155,943,121,2025-05-10,2026-03-21,Returned
7156,747,963,2024-05-18,2025-01-12,Returned
7157,1433,366,2023-08-14,2025-12-23,Returned
7158,931,899,2025-05-14,2025-06-02,Returned
7159,1411,371,2023-11-27,2024-06-18,Returned
7160,1520,533,2023-07-08,2023-11-02,Returned
7161,444,671,2025-06-11,,Late
7162,1103,421,2025-05-23,2025-10-29,Returned
7163,851,231,2026-03-27,2026-04-27,Returned
7164,1583,618,2024-12-08,,Active
7165,1970,372,2024-12-11,2025-12-28,Returned
7166,69,906,2026-05-22,2026-05-23,Returned
7167,1863,614,2025-01-18,2025-06-01,Returned
7168,636,697,2026-01-09,2026-01-09,Returned
7169,73,490,2025-03-01,2026-02-14,Returned
7170,182,262,2025-11-30,2025-12-20,Returned
7171,1583,809,2023-09-03,2025-05-11,Returned
7172,246,729,2023-08-24,2024-04-15,Returned
7173,1053,930,2024-01-18,2024-05-14,Returned
7174,839,435,2023-08-09,2026-05-05,Returned
7175,1381,680,2024-12-15,,Late
7176,736,311,2023-06-30,2023-12-31,Returned
7177,954,58,2025-05-14,2025-08-27,Returned
7178,839,942,2024-03-30,2025-05-20,Returned
7179,1443,929,2023-07-14,,Active
7180,1424,187,2024-07-26,2025-11-19,Returned
7181,645,235,2024-05-12,2026-05-27,Returned
7182,1098,170,2025-09-09,2026-04-04,Returned
7183,996,520,2024-01-05,,Late
7184,652,454,2023-09-14,2023-12-24,Returned
7185,1442,761,2023-08-31,2024-03-19,Returned
7186,1706,603,2026-01-09,2026-02-12,Returned
7187,691,465,2024-08-27,2024-09-29,Returned
7188,1253,529,2024-02-05,2024-05-25,Returned
7189,1054,372,2026-03-26,2026-05-03,Returned
7190,350,421,2026-01-05,2026-05-15,Returned
7191,340,435,2025-10-05,,Late
7192,1690,998,2025-05-28,2025-11-09,Returned
7193,1481,634,2024-10-13,2025-12-25,Returned
7194,1871,844,2026-02-18,,Active
7195,1589,217,2025-10-24,2026-06-03,Returned
7196,1192,389,2026-01-21,2026-02-23,Returned
7197,856,411,2026-05-30,2026-06-02,Returned
7198,1976,388,2024-01-12,2024-04-07,Returned
7199,1369,225,2025-09-20,,Late
7200,1592,22,2025-02-17,2026-04-27,Returned
7201,1292,333,2024-08-12,2025-04-03,Returned
7202,1009,471,2025-10-27,2026-01-07,Returned
7203,1200,907,2026-04-18,2026-05-15,Returned
7204,1116,609,2025-09-03,,Late
7205,1041,196,2023-12-29,2024-03-17,Returned
7206,1266,452,2023-06-23,,Late
7207,578,128,2024-11-18,2026-02-22,Returned
7208,1582,905,2023-10-15,,Active
7209,920,664,2024-06-18,2026-04-01,Returned
7210,272,866,2025-01-27,2025-12-12,Returned
7211,402,936,2024-12-08,2025-07-18,Returned
7212,1717,614,2025-04-22,2026-03-08,Returned
7213,1838,942,2023-10-24,2025-05-03,Returned
7214,1997,832,2023-12-08,2026-01-14,Returned
7215,517,835,2024-06-15,2025-08-24,Returned
7216,1169,340,2025-02-27,2026-05-31,Returned
7217,1104,344,2023-08-15,2024-11-03,Returned
7218,1649,232,2024-06-20,2024-11-18,Returned
7219,1345,191,2023-07-12,2024-11-06,Returned
7220,1017,498,2024-02-27,2025-10-11,Returned
7221,1075,604,2026-03-06,,Active
7222,1282,736,2025-12-24,2026-05-13,Returned
7223,96,627,2025-06-27,2026-05-12,Returned
7224,1998,956,2025-10-09,,Active
7225,427,294,2024-09-07,2026-03-24,Returned
7226,1368,679,2026-05-11,2026-06-04,Returned
7227,1002,830,2025-01-30,2025-08-31,Returned
7228,554,627,2025-07-24,2026-02-23,Returned
7229,759,17,2025-03-23,2025-08-28,Returned
7230,1950,421,2026-01-24,2026-04-19,Returned
7231,302,363,2025-08-21,2025-12-01,Returned
7232,914,914,2025-08-29,2026-05-31,Returned
7233,1096,641,2024-01-02,,Active
7234,1436,831,2024-04-20,2026-04-12,Returned
7235,1359,916,2024-07-08,2025-06-20,Returned
7236,1722,766,2024-01-24,,Active
7237,569,382,2026-04-08,2026-06-04,Returned
7238,866,431,2024-06-16,2024-11-20,Returned
7239,1595,520,2024-11-23,,Active
7240,790,675,2024-05-02,2024-06-23,Returned
7241,1456,443,2024-12-26,2026-05-03,Returned
7242,562,807,2024-07-18,,Active
7243,956,257,2024-06-22,2025-06-30,Returned
7244,964,788,2024-11-10,2025-08-26,Returned
7245,97,557,2025-10-16,2026-01-26,Returned
7246,1696,949,2023-10-09,2024-11-28,Returned
7247,937,194,2023-09-25,2025-05-24,Returned
7248,248,536,2025-04-27,2026-01-04,Returned
7249,1403,625,2024-10-14,2024-12-10,Returned
7250,519,835,2024-05-04,2024-05-18,Returned
7251,870,828,2025-06-16,,Active
7252,51,34,2026-02-09,2026-05-07,Returned
7253,1569,970,2025-04-06,2025-04-16,Returned
7254,844,195,2023-12-04,2024-04-14,Returned
7255,1783,406,2024-03-27,,Active
7256,861,773,2026-05-08,2026-05-15,Returned
7257,993,534,2025-05-30,2026-04-25,Returned
7258,1997,741,2024-12-07,2025-12-23,Returned
7259,1268,282,2025-08-24,2026-02-07,Returned
7260,1082,638,2025-12-17,2026-01-28,Returned
7261,1516,682,2025-07-21,2026-06-05,Returned
7262,215,733,2025-06-14,2025-10-15,Returned
7263,1706,978,2025-05-06,,Active
7264,1769,189,2024-01-24,2024-03-29,Returned
7265,1349,79,2023-09-15,2023-10-27,Returned
7266,1064,685,2024-03-18,2025-12-24,Returned
7267,81,412,2025-07-11,2026-05-30,Returned
7268,1045,864,2024-10-25,2026-03-23,Returned
7269,1788,501,2025-08-26,,Late
7270,1942,93,2025-06-07,2025-06-07,Returned
7271,560,321,2024-01-01,2026-05-19,Returned
7272,617,427,2024-06-04,2025-12-03,Returned
7273,1700,140,2025-06-16,2025-11-07,Returned
7274,1111,578,2024-08-30,2024-12-16,Returned
7275,1845,2,2025-03-13,2025-08-31,Returned
7276,1475,501,2024-10-19,,Late
7277,811,625,2023-06-14,2026-01-25,Returned
7278,1531,513,2025-12-15,2026-04-14,Returned
7279,630,898,2024-05-10,2026-01-28,Returned
7280,1747,89,2025-01-14,2026-04-17,Returned
7281,25,836,2023-11-03,2024-03-28,Returned
7282,1132,890,2026-05-01,2026-05-30,Returned
7283,816,922,2024-08-04,2024-08-27,Returned
7284,900,920,2024-05-28,2026-05-26,Returned
7285,897,317,2025-02-23,2026-01-30,Returned
7286,483,174,2024-12-04,,Active
7287,1130,926,2023-10-05,2023-10-24,Returned
7288,126,829,2025-01-16,2026-02-09,Returned
7289,866,3,2024-08-10,,Active
7290,128,104,2024-12-06,2025-03-31,Returned
7291,663,762,2026-05-15,2026-05-19,Returned
7292,63,344,2024-10-12,2025-10-15,Returned
7293,1664,850,2024-01-22,2024-12-26,Returned
7294,1498,33,2025-09-29,2025-11-03,Returned
7295,1941,142,2023-10-12,2026-01-23,Returned
7296,679,479,2024-08-29,2025-01-07,Returned
7297,66,582,2023-12-22,,Active
7298,772,207,2025-03-23,2026-06-04,Returned
7299,583,658,2025-04-24,2025-05-29,Returned
7300,446,518,2025-09-09,2026-06-03,Returned
7301,151,106,2025-02-15,,Late
7302,700,674,2024-09-29,2025-01-14,Returned
7303,516,956,2025-01-21,2025-11-04,Returned
7304,1379,563,2025-04-17,2026-03-10,Returned
7305,1642,495,2025-11-28,,Active
7306,686,473,2024-05-24,2025-02-16,Returned
7307,595,704,2025-12-26,2026-01-26,Returned
7308,1328,202,2024-02-25,2025-06-09,Returned
7309,368,82,2023-09-21,2025-09-15,Returned
7310,1345,67,2023-12-15,2025-05-23,Returned
7311,1247,66,2024-06-09,2024-11-21,Returned
7312,307,671,2025-05-12,2026-01-01,Returned
7313,1522,324,2024-04-02,2024-09-15,Returned
7314,1966,307,2025-03-08,2026-02-14,Returned
7315,1198,638,2025-01-29,2025-02-27,Returned
7316,1552,16,2024-02-29,2026-04-20,Returned
7317,1588,502,2024-07-06,2026-02-28,Returned
7318,76,428,2026-05-08,2026-05-20,Returned
7319,425,747,2025-09-25,,Active
7320,278,909,2024-03-25,2025-04-28,Returned
7321,1705,536,2025-05-28,2026-05-28,Returned
7322,289,782,2025-08-31,2026-01-21,Returned
7323,698,547,2025-12-01,2026-03-18,Returned
7324,383,108,2025-02-19,2025-07-06,Returned
7325,647,498,2023-09-14,2025-07-16,Returned
7326,429,633,2023-10-31,2025-12-07,Returned
7327,1964,543,2024-05-30,2025-01-29,Returned
7328,847,108,2024-04-14,2024-11-12,Returned
7329,1954,536,2025-10-06,2026-02-14,Returned
7330,104,762,2023-06-11,2024-11-06,Returned
7331,1741,365,2024-12-26,2025-03-24,Returned
7332,77,214,2024-03-16,2024-10-10,Returned
7333,1163,483,2024-07-31,2025-05-12,Returned
7334,1396,505,2023-11-21,2024-12-03,Returned
7335,540,241,2023-12-11,2025-06-16,Returned
7336,927,587,2023-07-30,2026-01-13,Returned
7337,72,82,2025-03-27,2025-10-25,Returned
7338,923,191,2024-09-04,2026-02-21,Returned
7339,1214,447,2025-07-30,2025-12-09,Returned
7340,1680,535,2025-08-05,2026-01-13,Returned
7341,1375,264,2024-06-13,2024-06-24,Returned
7342,1146,116,2025-02-15,2025-08-11,Returned
7343,1326,565,2026-02-06,2026-02-13,Returned
7344,1000,456,2025-12-12,2026-01-25,Returned
7345,1345,940,2024-04-08,2024-12-25,Returned
7346,286,633,2024-02-25,,Active
7347,982,504,2026-05-12,2026-05-16,Returned
7348,111,127,2026-01-23,2026-05-12,Returned
7349,1429,327,2026-04-02,2026-06-06,Returned
7350,1941,546,2025-03-08,2026-05-14,Returned
7351,1863,854,2025-08-04,2026-01-04,Returned
7352,474,854,2026-04-04,2026-05-12,Returned
7353,300,100,2025-03-18,2026-05-30,Returned
7354,177,596,2025-03-16,2025-10-10,Returned
7355,1061,913,2025-06-09,2025-12-07,Returned
7356,831,695,2023-08-06,2025-08-21,Returned
7357,1539,677,2024-12-11,2025-04-12,Returned
7358,1740,468,2023-12-17,2025-05-23,Returned
7359,1960,318,2023-08-28,2024-10-20,Returned
7360,1372,6,2024-11-21,2025-01-21,Returned
7361,305,504,2025-09-10,,Active
7362,68,385,2025-12-28,2026-06-01,Returned
7363,346,370,2025-01-13,2026-05-21,Returned
7364,1612,232,2025-03-22,,Active
7365,1200,442,2024-04-03,2026-06-04,Returned
7366,1649,238,2024-05-28,2026-02-15,Returned
7367,1169,370,2025-05-09,2025-08-01,Returned
7368,974,258,2025-10-01,2025-10-05,Returned
7369,1188,617,2026-05-03,2026-05-31,Returned
7370,171,309,2024-05-19,2024-07-06,Returned
7371,994,555,2026-04-11,2026-04-25,Returned
7372,1162,918,2024-04-04,,Late
7373,289,339,2024-10-11,2025-01-07,Returned
7374,1215,123,2025-12-02,2025-12-16,Returned
7375,1429,121,2026-01-14,,Active
7376,697,731,2024-06-06,2024-09-28,Returned
7377,1475,63,2025-11-30,2026-05-02,Returned
7378,1809,50,2024-10-15,2026-03-06,Returned
7379,788,245,2025-11-23,,Active
7380,1520,525,2024-09-04,2024-12-21,Returned
7381,1699,664,2025-06-02,2025-11-07,Returned
7382,288,56,2025-03-02,2026-03-27,Returned
7383,987,251,2025-11-26,2026-02-28,Returned
7384,119,830,2025-05-15,2025-09-29,Returned
7385,1306,735,2025-05-25,2025-09-19,Returned
7386,85,251,2024-01-06,2025-06-29,Returned
7387,1859,788,2025-04-06,2025-11-04,Returned
7388,173,896,2025-11-21,2026-03-28,Returned
7389,382,841,2024-11-01,2025-07-31,Returned
7390,867,467,2024-01-19,2026-03-01,Returned
7391,1804,275,2024-10-24,2025-11-22,Returned
7392,1703,351,2024-12-24,,Late
7393,800,288,2024-05-29,2026-05-07,Returned
7394,1881,392,2025-08-30,2025-10-12,Returned
7395,1337,500,2025-11-21,,Active
7396,1998,485,2023-09-18,2024-12-13,Returned
7397,224,533,2024-02-21,,Active
7398,1998,400,2026-04-08,2026-04-18,Returned
7399,675,634,2025-09-12,2025-11-04,Returned
7400,1217,534,2026-03-23,2026-04-21,Returned
7401,756,750,2024-10-31,2025-07-13,Returned
7402,1760,951,2025-02-26,2026-02-27,Returned
7403,574,149,2025-11-14,2026-02-02,Returned
7404,1996,389,2025-07-01,2026-03-19,Returned
7405,343,680,2026-04-24,2026-05-26,Returned
7406,238,618,2026-01-26,2026-04-27,Returned
7407,1494,626,2023-12-12,2025-09-17,Returned
7408,1915,154,2025-03-17,2026-04-26,Returned
7409,1796,418,2025-10-23,2026-04-24,Returned
7410,1214,928,2025-05-25,2025-08-03,Returned
7411,1605,993,2024-06-08,2025-08-04,Returned
7412,1665,539,2026-04-26,2026-04-28,Returned
7413,975,23,2024-06-08,2025-07-26,Returned
7414,658,314,2023-10-14,2024-03-10,Returned
7415,1633,755,2023-09-24,2024-08-07,Returned
7416,1582,386,2024-03-01,2024-03-04,Returned
7417,261,58,2026-02-23,2026-03-30,Returned
7418,482,857,2025-09-14,2026-03-30,Returned
7419,1045,324,2025-09-02,2025-12-13,Returned
7420,610,970,2024-06-02,2026-03-21,Returned
7421,1475,74,2026-05-25,2026-06-02,Returned
7422,1424,842,2023-10-12,2024-02-06,Returned
7423,233,422,2024-04-04,2025-11-16,Returned
7424,11,75,2024-12-20,2025-05-04,Returned
7425,1455,262,2025-02-18,2026-03-08,Returned
7426,966,613,2023-06-25,2023-08-26,Returned
7427,1701,397,2024-12-20,2026-04-05,Returned
7428,1772,942,2025-09-20,2026-04-19,Returned
7429,1101,72,2024-07-28,2025-02-24,Returned
7430,1946,717,2024-12-25,,Late
7431,68,346,2026-05-26,2026-05-28,Returned
7432,1927,585,2024-11-29,2025-07-29,Returned
7433,751,375,2025-05-27,2025-08-19,Returned
7434,1754,368,2026-06-01,,Active
7435,5,785,2023-07-03,2024-11-25,Returned
7436,1614,145,2023-06-24,2023-10-01,Returned
7437,940,814,2024-09-08,2026-01-25,Returned
7438,1457,360,2023-06-27,2025-06-24,Returned
7439,1621,127,2025-09-12,2025-12-18,Returned
7440,945,580,2023-07-13,2025-03-15,Returned
7441,1813,395,2024-12-13,2025-07-22,Returned
7442,1305,875,2023-12-26,,Active
7443,762,658,2023-09-08,2023-09-26,Returned
7444,753,573,2026-03-15,2026-03-16,Returned
7445,27,140,2025-02-15,2025-09-07,Returned
7446,1176,568,2025-02-08,2025-02-15,Returned
7447,456,591,2026-01-09,2026-01-31,Returned
7448,1806,182,2023-10-20,2026-04-16,Returned
7449,123,321,2024-12-08,2026-04-05,Returned
7450,1087,229,2025-08-23,2026-01-16,Returned
7451,1621,258,2026-01-03,2026-05-25,Returned
7452,660,102,2025-10-15,2025-11-05,Returned
7453,759,910,2025-01-16,2026-02-05,Returned
7454,758,820,2025-10-04,2025-10-19,Returned
7455,460,814,2023-10-01,2023-11-27,Returned
7456,1016,693,2024-06-25,2025-08-26,Returned
7457,21,150,2025-05-27,2026-03-09,Returned
7458,41,142,2023-10-07,2024-09-09,Returned
7459,742,839,2025-09-03,2025-12-16,Returned
7460,855,751,2026-02-10,2026-06-02,Returned
7461,1642,192,2024-07-08,2026-05-18,Returned
7462,1123,958,2023-08-16,2025-10-24,Returned
7463,499,286,2025-09-01,2025-12-21,Returned
7464,1328,200,2025-09-16,2026-05-03,Returned
7465,93,802,2025-08-11,,Late
7466,82,406,2024-06-30,2025-08-23,Returned
7467,690,456,2025-03-26,2025-11-10,Returned
7468,1409,992,2024-03-31,,Late
7469,468,639,2026-01-22,2026-03-31,Returned
7470,1777,145,2024-12-10,2025-05-12,Returned
7471,1341,422,2025-06-29,2025-11-30,Returned
7472,252,558,2025-08-10,2025-11-07,Returned
7473,688,622,2024-12-14,2026-04-01,Returned
7474,713,663,2026-01-04,2026-05-25,Returned
7475,1377,972,2025-12-06,2026-02-21,Returned
7476,434,96,2023-09-08,2024-05-18,Returned
7477,1310,28,2024-05-23,2025-11-27,Returned
7478,847,886,2025-06-09,2025-12-03,Returned
7479,1838,586,2024-01-10,2025-07-07,Returned
7480,1153,733,2026-05-25,2026-05-28,Returned
7481,1083,868,2025-02-18,2025-05-12,Returned
7482,909,859,2025-03-06,2026-03-05,Returned
7483,1957,627,2026-04-07,2026-04-26,Returned
7484,1538,630,2025-08-09,,Active
7485,722,144,2025-01-31,2025-12-09,Returned
7486,960,956,2026-03-04,2026-03-23,Returned
7487,1389,295,2025-04-08,2025-05-23,Returned
7488,220,130,2024-08-16,2025-05-19,Returned
7489,1942,434,2024-11-04,2025-03-26,Returned
7490,135,168,2024-04-22,2024-09-15,Returned
7491,1410,518,2026-04-21,2026-04-27,Returned
7492,449,314,2023-07-11,2025-06-05,Returned
7493,616,561,2026-02-28,2026-06-04,Returned
7494,970,554,2024-08-08,2026-03-31,Returned
7495,1635,513,2024-01-19,2025-08-14,Returned
7496,910,760,2024-04-08,2025-11-15,Returned
7497,710,603,2024-09-01,2026-04-04,Returned
7498,1968,134,2025-12-19,2026-02-24,Returned
7499,1447,422,2025-06-11,2025-08-29,Returned
7500,1323,413,2024-12-02,,Active
7501,1160,917,2023-12-11,2025-12-22,Returned
7502,206,242,2025-11-03,2026-01-15,Returned
7503,219,193,2024-02-07,,Active
7504,837,79,2026-01-02,2026-05-06,Returned
7505,1243,300,2024-09-28,2025-12-02,Returned
7506,321,916,2026-06-06,2026-06-06,Returned
7507,814,435,2024-02-17,2025-12-06,Returned
7508,1481,104,2025-07-10,2026-01-31,Returned
7509,661,620,2024-10-19,2025-07-31,Returned
7510,1977,229,2023-10-12,2026-05-14,Returned
7511,1993,860,2023-10-26,2025-10-27,Returned
7512,920,178,2025-02-01,2026-02-03,Returned
7513,1299,779,2023-07-12,,Late
7514,470,69,2024-07-31,2024-09-13,Returned
7515,446,973,2025-04-04,,Late
7516,207,531,2023-09-05,2025-03-04,Returned
7517,208,990,2025-01-05,2025-06-22,Returned
7518,458,810,2025-07-08,2025-08-06,Returned
7519,383,851,2024-11-25,2025-01-12,Returned
7520,1932,542,2024-12-11,2025-01-20,Returned
7521,1569,670,2024-08-08,2025-11-15,Returned
7522,1077,818,2024-01-23,2024-09-30,Returned
7523,1214,649,2025-08-15,2025-09-28,Returned
7524,420,954,2025-10-26,2026-04-09,Returned
7525,729,73,2024-04-26,,Late
7526,1187,774,2024-12-17,2025-05-31,Returned
7527,1328,870,2024-06-08,2025-01-01,Returned
7528,658,941,2023-12-04,2025-09-25,Returned
7529,1838,862,2025-03-11,2026-02-22,Returned
7530,180,485,2026-03-30,2026-05-08,Returned
7531,1458,656,2025-07-01,2025-10-29,Returned
7532,1763,725,2026-06-05,2026-06-06,Returned
7533,1734,557,2025-09-19,2025-12-06,Returned
7534,1372,257,2024-11-22,2025-12-26,Returned
7535,1148,56,2025-04-15,,Active
7536,250,964,2023-12-13,2025-09-28,Returned
7537,907,659,2026-05-18,2026-06-01,Returned
7538,1331,321,2024-04-10,2024-06-25,Returned
7539,1542,929,2023-10-16,2025-03-15,Returned
7540,1436,658,2025-04-29,2025-10-25,Returned
7541,41,827,2025-01-27,2025-07-23,Returned
7542,1092,561,2025-07-12,2026-04-24,Returned
7543,748,961,2025-06-21,2026-05-03,Returned
7544,227,168,2025-04-15,2025-08-27,Returned
7545,1588,122,2025-08-22,2026-03-20,Returned
7546,1819,518,2024-04-21,2025-06-26,Returned
7547,1666,346,2025-09-24,2025-10-06,Returned
7548,1687,909,2024-12-28,2025-05-24,Returned
7549,1996,225,2024-04-25,2024-05-17,Returned
7550,533,50,2024-12-25,2026-05-14,Returned
7551,1415,315,2024-06-28,2024-10-28,Returned
7552,419,905,2024-10-09,2026-05-23,Returned
7553,394,581,2025-11-25,2026-05-16,Returned
7554,146,829,2024-03-06,2024-09-21,Returned
7555,590,94,2025-02-27,2025-05-17,Returned
7556,931,426,2024-02-12,2026-02-26,Returned
7557,332,697,2026-06-06,2026-06-06,Returned
7558,414,306,2023-12-03,2024-03-11,Returned
7559,1473,47,2025-03-30,2026-05-03,Returned
7560,1532,871,2025-01-13,2025-02-09,Returned
7561,1655,441,2024-01-01,2025-02-28,Returned
7562,1215,204,2024-06-11,,Late
7563,1591,277,2025-01-21,2025-08-31,Returned
7564,1697,882,2026-04-17,2026-06-03,Returned
7565,970,517,2023-07-19,,Late
7566,1961,643,2026-01-07,2026-02-13,Returned
7567,409,273,2024-01-25,2024-05-10,Returned
7568,1765,497,2026-02-01,2026-02-04,Returned
7569,22,734,2023-07-23,,Active
7570,1831,28,2026-03-06,2026-04-02,Returned
7571,616,637,2023-09-27,2023-10-27,Returned
7572,154,283,2025-04-01,2025-11-24,Returned
7573,1860,349,2023-08-01,2026-05-26,Returned
7574,545,717,2025-01-15,2026-03-10,Returned
7575,856,674,2024-07-13,2025-06-05,Returned
7576,728,873,2025-11-19,2026-02-04,Returned
7577,27,643,2024-08-10,2025-11-24,Returned
7578,920,614,2024-07-24,2025-07-16,Returned
7579,1883,919,2023-10-07,2025-05-14,Returned
7580,18,603,2025-01-29,2025-04-04,Returned
7581,1461,799,2025-06-30,2025-07-16,Returned
7582,75,34,2024-06-19,,Active
7583,942,91,2025-09-17,2026-01-28,Returned
7584,1053,276,2025-06-22,2025-12-18,Returned
7585,969,436,2023-06-14,2023-12-08,Returned
7586,384,750,2023-12-10,2025-10-08,Returned
7587,625,772,2024-08-13,2025-01-13,Returned
7588,1010,512,2023-06-19,2026-05-06,Returned
7589,1165,123,2023-12-16,2025-08-10,Returned
7590,1737,496,2024-05-19,2024-10-01,Returned
7591,733,772,2025-10-06,2026-03-24,Returned
7592,192,137,2023-08-25,2026-04-11,Returned
7593,638,409,2026-03-28,2026-05-18,Returned
7594,1397,646,2023-09-08,2023-12-09,Returned
7595,1877,640,2026-03-19,2026-04-07,Returned
7596,1737,627,2024-10-15,2025-03-03,Returned
7597,1391,606,2025-10-19,2025-11-02,Returned
7598,692,358,2023-08-21,2024-06-01,Returned
7599,1902,665,2023-09-18,2024-03-30,Returned
7600,901,152,2024-12-07,2026-05-02,Returned
7601,425,146,2025-11-13,2026-04-17,Returned
7602,929,511,2023-10-17,2024-08-09,Returned
7603,196,30,2023-08-09,2025-10-04,Returned
7604,1036,953,2026-01-08,2026-05-05,Returned
7605,1734,175,2023-06-13,2025-11-16,Returned
7606,906,180,2025-08-19,2025-12-12,Returned
7607,1922,965,2025-03-14,2025-09-19,Returned
7608,1478,266,2025-07-18,2026-01-22,Returned
7609,873,418,2025-01-27,2025-12-01,Returned
7610,506,875,2024-02-12,,Active
7611,512,888,2025-02-07,2025-02-27,Returned
7612,1664,38,2024-05-06,2025-12-01,Returned
7613,1049,115,2024-02-20,2024-07-25,Returned
7614,456,832,2026-04-07,2026-06-01,Returned
7615,1438,716,2024-06-19,2025-05-16,Returned
7616,1413,603,2023-12-11,,Late
7617,1005,181,2025-06-13,2026-03-02,Returned
7618,1603,908,2025-12-05,2026-02-15,Returned
7619,1741,265,2025-12-08,2026-04-02,Returned
7620,68,216,2025-07-22,2026-05-05,Returned
7621,839,145,2024-04-05,2026-05-14,Returned
7622,1308,855,2025-01-10,2026-04-09,Returned
7623,1183,907,2024-07-26,2025-03-22,Returned
7624,1174,470,2025-10-08,2026-01-25,Returned
7625,695,725,2024-09-01,2025-04-18,Returned
7626,1922,368,2024-07-20,2026-05-30,Returned
7627,535,782,2024-01-19,2025-03-01,Returned
7628,1998,49,2024-10-06,2026-04-03,Returned
7629,244,765,2025-12-01,2026-01-20,Returned
7630,1659,522,2024-07-07,,Active
7631,468,607,2024-12-03,2026-05-10,Returned
7632,1864,193,2024-11-23,,Active
7633,1680,216,2023-12-14,2024-06-12,Returned
7634,1785,186,2024-09-15,2025-10-15,Returned
7635,460,55,2024-03-24,2025-05-08,Returned
7636,671,300,2025-10-21,,Active
7637,1345,480,2025-08-16,2026-04-12,Returned
7638,217,485,2025-06-23,2026-05-31,Returned
7639,1763,851,2024-12-17,2025-09-10,Returned
7640,70,13,2025-11-09,2026-03-21,Returned
7641,1745,437,2024-02-20,2025-01-10,Returned
7642,845,355,2023-11-02,2026-03-02,Returned
7643,1866,26,2023-11-17,2025-10-23,Returned
7644,773,539,2024-10-01,2024-10-09,Returned
7645,531,626,2024-06-21,2025-03-04,Returned
7646,1091,848,2024-08-01,2024-12-27,Returned
7647,431,295,2024-02-15,2024-05-22,Returned
7648,1093,992,2024-04-04,2024-07-20,Returned
7649,1122,331,2023-09-03,2025-01-28,Returned
7650,1662,739,2024-03-28,2026-05-23,Returned
7651,1769,589,2026-06-03,2026-06-04,Returned
7652,694,792,2026-04-07,2026-05-08,Returned
7653,850,801,2025-06-26,,Active
7654,1201,109,2025-03-10,2025-11-10,Returned
7655,421,659,2026-05-05,2026-05-10,Returned
7656,1927,57,2023-09-27,2024-03-25,Returned
7657,530,208,2025-07-05,2025-08-03,Returned
7658,268,428,2024-03-31,2024-05-04,Returned
7659,464,881,2026-05-08,2026-05-13,Returned
7660,1221,959,2025-12-20,2026-02-16,Returned
7661,1224,811,2024-03-28,2025-06-01,Returned
7662,136,636,2026-01-01,2026-03-18,Returned
7663,980,344,2025-08-23,2025-10-07,Returned
7664,1809,56,2024-10-26,2026-04-03,Returned
7665,810,229,2025-07-09,2025-12-01,Returned
7666,1022,867,2024-04-25,2024-05-31,Returned
7667,1835,875,2025-07-20,2025-11-17,Returned
7668,1011,229,2023-09-29,2024-03-19,Returned
7669,691,943,2025-08-28,2025-09-18,Returned
7670,1272,329,2025-07-10,2025-09-11,Returned
7671,1223,804,2023-12-10,,Active
7672,1012,965,2025-12-02,2025-12-06,Returned
7673,714,299,2026-05-28,2026-05-29,Returned
7674,1573,298,2023-08-15,,Active
7675,983,58,2025-03-30,2026-04-08,Returned
7676,1013,363,2025-10-25,2026-03-05,Returned
7677,828,683,2024-06-22,2025-01-29,Returned
7678,1006,591,2025-04-28,2025-08-12,Returned
7679,163,284,2025-12-11,2026-02-27,Returned
7680,1922,922,2025-02-11,2026-04-30,Returned
7681,1023,682,2026-04-22,2026-05-20,Returned
7682,946,131,2025-06-24,2026-05-04,Returned
7683,1318,960,2025-08-25,2025-12-15,Returned
7684,1720,441,2025-09-04,2026-02-14,Returned
7685,152,437,2024-04-17,2026-01-03,Returned
7686,1226,796,2024-12-09,2026-06-04,Returned
7687,1794,569,2026-01-19,2026-02-27,Returned
7688,536,722,2024-11-03,2024-12-23,Returned
7689,1744,69,2025-09-04,2026-05-03,Returned
7690,929,318,2024-07-23,2026-02-07,Returned
7691,12,128,2026-05-11,2026-06-05,Returned
7692,1553,357,2024-02-25,2026-01-08,Returned
7693,1503,82,2024-11-02,2025-03-28,Returned
7694,1572,185,2025-07-05,2026-06-02,Returned
7695,1953,659,2025-10-10,2026-04-08,Returned
7696,146,390,2025-08-08,2025-11-14,Returned
7697,1241,512,2025-02-26,2026-04-11,Returned
7698,1494,222,2025-12-18,2025-12-25,Returned
7699,1296,503,2026-01-13,2026-02-26,Returned
7700,1020,93,2023-07-05,2025-03-19,Returned
7701,1748,698,2025-12-20,,Active
7702,845,566,2026-01-01,2026-04-25,Returned
7703,1112,454,2024-08-13,2025-02-23,Returned
7704,503,546,2024-10-09,2025-08-26,Returned
7705,1180,164,2024-06-22,,Late
7706,721,577,2023-10-10,2026-02-15,Returned
7707,1797,961,2023-07-22,2025-11-17,Returned
7708,240,85,2024-03-21,2026-04-18,Returned
7709,1070,425,2025-07-02,2025-07-02,Returned
7710,1499,922,2024-12-27,2026-01-15,Returned
7711,1824,115,2024-03-07,,Late
7712,23,8,2023-11-09,2024-06-08,Returned
7713,1222,190,2024-05-03,2026-04-01,Returned
7714,821,736,2024-09-12,2025-07-12,Returned
7715,1807,442,2023-10-16,2026-04-14,Returned
7716,1798,971,2024-03-17,,Late
7717,128,866,2025-02-11,2025-12-12,Returned
7718,303,412,2024-01-22,2025-10-05,Returned
7719,1568,936,2026-02-26,2026-03-06,Returned
7720,1930,426,2024-11-05,2025-12-12,Returned
7721,300,575,2024-06-05,2024-09-03,Returned
7722,1806,373,2025-12-09,2025-12-09,Returned
7723,1745,565,2023-12-31,2025-10-23,Returned
7724,1512,929,2025-08-27,2026-03-31,Returned
7725,1411,516,2025-02-25,2026-01-10,Returned
7726,1414,257,2025-01-26,2025-05-16,Returned
7727,1265,889,2023-06-25,2023-10-27,Returned
7728,462,392,2023-06-08,2024-07-14,Returned
7729,1760,242,2023-08-28,2024-10-24,Returned
7730,1427,684,2024-10-11,2025-08-17,Returned
7731,1349,491,2024-01-26,2024-10-05,Returned
7732,778,204,2025-09-24,,Active
7733,1884,374,2025-03-23,2026-03-08,Returned
7734,1628,397,2024-05-13,2025-03-14,Returned
7735,1454,319,2025-05-01,2025-10-12,Returned
7736,1858,732,2025-12-28,2026-05-28,Returned
7737,1716,572,2023-06-14,2023-12-16,Returned
7738,261,797,2024-12-13,2025-12-20,Returned
7739,1146,229,2024-03-08,2024-06-11,Returned
7740,1285,837,2025-07-30,2026-01-12,Returned
7741,1629,954,2023-09-02,2024-03-09,Returned
7742,1726,184,2024-11-08,2025-09-03,Returned
7743,1258,233,2025-02-03,2025-12-31,Returned
7744,693,1,2024-09-25,,Active
7745,701,522,2025-10-22,2025-12-13,Returned
7746,1194,934,2025-08-11,2025-08-17,Returned
7747,1663,535,2026-01-07,2026-04-04,Returned
7748,325,544,2025-10-23,2026-06-05,Returned
7749,1834,467,2023-07-27,2025-11-07,Returned
7750,1212,7,2023-06-09,2024-09-08,Returned
7751,658,487,2023-12-27,2025-02-04,Returned
7752,1223,509,2024-02-04,2026-05-29,Returned
7753,778,65,2024-09-05,2026-02-08,Returned
7754,224,300,2025-06-17,2025-10-11,Returned
7755,1467,424,2024-02-04,2024-10-22,Returned
7756,736,219,2025-10-17,2026-03-21,Returned
7757,1852,20,2024-09-29,2025-09-12,Returned
7758,1097,969,2025-12-17,2026-05-02,Returned
7759,1419,274,2024-02-07,2024-09-07,Returned
7760,1496,455,2025-06-12,2025-10-05,Returned
7761,777,687,2025-12-28,2026-04-26,Returned
7762,1253,992,2024-04-14,2026-04-13,Returned
7763,211,149,2025-05-04,,Late
7764,1486,90,2025-11-21,2026-02-23,Returned
7765,1320,136,2025-05-12,2026-03-05,Returned
7766,1855,298,2025-06-06,2025-09-01,Returned
7767,1069,441,2026-03-28,2026-05-03,Returned
7768,77,944,2023-10-14,2025-06-05,Returned
7769,1488,28,2024-10-11,2025-05-04,Returned
7770,23,464,2024-03-16,2024-05-04,Returned
7771,409,386,2024-01-13,2025-11-15,Returned
7772,1680,502,2024-07-22,,Active
7773,347,957,2024-10-25,2025-07-13,Returned
7774,319,852,2024-04-05,2024-08-04,Returned
7775,1061,512,2023-07-09,2024-03-08,Returned
7776,1907,988,2025-04-24,2025-09-14,Returned
7777,909,977,2023-08-17,,Active
7778,140,324,2024-06-16,2025-07-01,Returned
7779,1503,3,2024-10-10,2025-04-10,Returned
7780,765,999,2025-12-20,2026-04-14,Returned
7781,1441,851,2025-05-05,2026-05-12,Returned
7782,499,249,2024-06-08,2025-11-30,Returned
7783,1286,341,2024-04-14,2024-05-10,Returned
7784,655,828,2023-07-03,2025-08-20,Returned
7785,1347,260,2025-01-26,,Active
7786,1018,506,2023-11-27,2025-01-21,Returned
7787,426,509,2025-08-13,2025-11-23,Returned
7788,1301,290,2024-05-05,2026-01-22,Returned
7789,633,1,2026-04-02,2026-04-17,Returned
7790,524,327,2024-09-25,2025-06-17,Returned
7791,1008,921,2024-07-10,2025-09-14,Returned
7792,181,579,2025-11-26,2026-04-15,Returned
7793,1323,358,2025-05-10,2026-04-30,Returned
7794,1754,863,2023-07-25,2026-04-23,Returned
7795,31,506,2023-09-06,,Active
7796,1479,667,2025-06-14,2026-05-20,Returned
7797,839,626,2023-11-19,2024-05-10,Returned
7798,1691,409,2024-10-21,,Active
7799,1929,537,2024-07-22,2025-04-05,Returned
7800,802,515,2023-12-31,2026-04-21,Returned
7801,590,397,2025-12-11,2026-04-10,Returned
7802,1123,427,2023-08-31,2023-12-28,Returned
7803,948,513,2023-08-14,2023-12-15,Returned
7804,1377,917,2026-02-03,2026-02-24,Returned
7805,1314,139,2025-09-08,2026-03-26,Returned
7806,1682,927,2025-05-24,2026-03-03,Returned
7807,1657,448,2024-05-01,2026-05-17,Returned
7808,38,963,2025-06-03,,Active
7809,620,272,2024-08-18,2025-11-07,Returned
7810,275,659,2023-12-05,2024-07-24,Returned
7811,1502,107,2025-02-13,2025-10-10,Returned
7812,865,638,2025-07-23,2026-01-04,Returned
7813,1152,839,2024-03-27,2024-12-20,Returned
7814,269,272,2026-05-24,2026-06-06,Returned
7815,1267,663,2025-09-16,2026-04-27,Returned
7816,1634,358,2024-07-26,2025-06-29,Returned
7817,1866,17,2025-01-29,2026-03-22,Returned
7818,1904,58,2025-01-21,2026-04-10,Returned
7819,1008,150,2024-06-04,2024-09-11,Returned
7820,1126,890,2024-10-20,2024-12-02,Returned
7821,545,755,2025-01-20,2026-04-23,Returned
7822,1924,38,2025-04-26,2025-07-31,Returned
7823,1251,56,2026-02-16,2026-04-29,Returned
7824,1842,328,2024-04-06,2026-04-29,Returned
7825,1453,665,2025-12-31,2026-03-26,Returned
7826,784,984,2025-06-12,2026-05-16,Returned
7827,1328,902,2025-04-10,2025-12-12,Returned
7828,241,219,2025-07-26,2025-08-05,Returned
7829,203,861,2025-07-31,2025-08-29,Returned
7830,1923,61,2025-01-19,2025-09-20,Returned
7831,249,508,2025-02-10,2026-05-06,Returned
7832,1845,950,2026-03-16,2026-03-20,Returned
7833,161,36,2025-03-13,2025-08-06,Returned
7834,1445,150,2023-10-05,2025-06-10,Returned
7835,716,844,2025-11-23,,Active
7836,820,409,2023-06-10,2023-06-11,Returned
7837,587,255,2025-07-02,2025-07-08,Returned
7838,1121,756,2024-08-05,2025-08-23,Returned
7839,1953,213,2026-03-04,2026-05-09,Returned
7840,1922,159,2024-07-01,2025-07-27,Returned
7841,979,351,2025-10-03,2026-01-05,Returned
7842,1281,238,2024-09-19,,Late
7843,1778,740,2023-06-09,,Active
7844,1622,105,2025-01-07,2026-02-26,Returned
7845,1236,561,2024-11-25,2026-04-07,Returned
7846,502,653,2024-02-28,2025-02-18,Returned
7847,245,829,2026-04-01,2026-06-02,Returned
7848,1906,522,2026-03-28,2026-04-05,Returned
7849,1047,842,2025-03-29,2025-11-20,Returned
7850,161,865,2024-06-06,2025-06-02,Returned
7851,1189,226,2025-02-18,2026-04-13,Returned
7852,20,38,2026-05-17,2026-05-21,Returned
7853,70,395,2025-03-15,2025-10-14,Returned
7854,1774,602,2025-06-15,2026-03-23,Returned
7855,532,675,2024-11-25,2026-01-23,Returned
7856,1513,701,2025-06-26,2025-12-19,Returned
7857,1663,103,2024-05-29,,Active
7858,983,956,2023-06-22,2024-12-19,Returned
7859,1586,674,2024-06-17,2025-03-15,Returned
7860,927,294,2023-11-05,2025-09-23,Returned
7861,605,523,2026-03-18,2026-04-14,Returned
7862,334,509,2025-05-06,,Active
7863,970,102,2024-09-24,2025-06-25,Returned
7864,1892,50,2024-10-25,2024-12-13,Returned
7865,1453,558,2024-02-01,2024-08-24,Returned
7866,465,3,2025-11-15,2026-04-19,Returned
7867,1950,382,2025-12-21,,Active
7868,1321,913,2023-12-16,2025-07-19,Returned
7869,1956,235,2025-01-23,2025-03-04,Returned
7870,149,72,2024-03-09,2025-03-21,Returned
7871,1026,709,2023-06-26,2025-05-28,Returned
7872,351,86,2025-01-18,2026-05-28,Returned
7873,1449,792,2024-08-14,2025-01-12,Returned
7874,1993,572,2024-01-13,2024-07-17,Returned
7875,993,240,2026-04-03,2026-04-17,Returned
7876,629,47,2025-07-12,2026-01-20,Returned
7877,728,94,2026-01-02,2026-03-06,Returned
7878,1136,851,2025-09-08,2026-02-11,Returned
7879,1499,316,2025-04-14,2025-10-16,Returned
7880,1600,828,2025-12-10,2026-03-03,Returned
7881,713,861,2025-07-15,2026-05-16,Returned
7882,986,951,2025-08-17,2026-01-31,Returned
7883,1391,885,2025-06-03,2025-06-03,Returned
7884,763,914,2024-12-26,2025-10-19,Returned
7885,472,904,2024-01-17,2026-05-23,Returned
7886,870,970,2024-01-17,2025-02-04,Returned
7887,1567,298,2024-11-06,2026-05-19,Returned
7888,1737,36,2025-04-15,2025-07-11,Returned
7889,1035,98,2023-12-09,2026-04-30,Returned
7890,1557,824,2024-07-31,2025-06-19,Returned
7891,1164,711,2025-12-29,2026-05-05,Returned
7892,1566,26,2024-01-12,2025-09-14,Returned
7893,1991,443,2025-03-03,2025-10-15,Returned
7894,486,847,2025-12-03,2025-12-24,Returned
7895,1400,461,2025-07-13,2025-09-22,Returned
7896,1298,176,2025-03-03,2025-08-06,Returned
7897,1529,768,2024-06-10,2024-11-21,Returned
7898,1614,45,2024-07-15,2026-01-03,Returned
7899,509,305,2024-02-24,2024-10-23,Returned
7900,52,966,2025-01-01,2025-12-15,Returned
7901,716,664,2025-08-25,2025-12-02,Returned
7902,1831,502,2023-11-10,2025-06-25,Returned
7903,871,969,2025-09-13,2025-12-16,Returned
7904,1438,936,2025-10-25,2026-03-27,Returned
7905,1472,534,2023-08-05,2024-06-03,Returned
7906,1371,87,2025-12-22,2025-12-24,Returned
7907,1451,232,2025-12-22,2026-04-26,Returned
7908,1834,777,2025-05-15,2025-07-07,Returned
7909,751,917,2025-09-19,,Active
7910,1972,734,2023-06-13,2024-02-12,Returned
7911,1504,766,2025-03-14,2025-08-31,Returned
7912,171,739,2023-10-30,2025-03-11,Returned
7913,1985,870,2025-07-26,,Active
7914,523,545,2025-04-27,2026-02-17,Returned
7915,109,446,2025-06-07,2026-03-04,Returned
7916,145,635,2024-10-07,2025-05-21,Returned
7917,1396,367,2024-12-11,2025-04-10,Returned
7918,223,662,2025-03-09,2026-04-01,Returned
7919,1013,236,2026-03-14,2026-05-06,Returned
7920,1117,121,2025-01-15,2026-05-24,Returned
7921,125,244,2026-04-10,2026-06-01,Returned
7922,1882,387,2023-08-28,2024-01-23,Returned
7923,1098,744,2024-09-15,2025-03-29,Returned
7924,641,970,2025-08-19,2026-01-25,Returned
7925,1051,261,2023-07-19,2025-02-25,Returned
7926,463,715,2025-03-31,2025-06-27,Returned
7927,1910,861,2024-07-22,2026-04-24,Returned
7928,854,256,2025-12-17,2025-12-26,Returned
7929,1990,459,2023-12-12,2024-12-12,Returned
7930,269,447,2025-11-17,2026-05-08,Returned
7931,65,588,2025-12-01,2026-02-16,Returned
7932,1796,889,2025-11-09,2026-06-04,Returned
7933,1084,988,2024-09-05,2024-09-11,Returned
7934,1576,387,2025-03-06,2026-02-27,Returned
7935,227,98,2025-12-25,2026-04-19,Returned
7936,1315,835,2025-03-30,2025-05-11,Returned
7937,842,533,2024-10-01,2025-12-14,Returned
7938,1718,208,2026-03-17,2026-05-17,Returned
7939,788,74,2024-07-28,2024-10-16,Returned
7940,1367,207,2025-08-31,2026-02-18,Returned
7941,1749,140,2025-02-04,2025-09-07,Returned
7942,1446,738,2023-12-01,2026-02-23,Returned
7943,249,112,2023-09-30,2024-05-06,Returned
7944,500,306,2025-11-06,2026-02-15,Returned
7945,22,216,2026-03-01,2026-05-26,Returned
7946,1614,286,2023-11-17,2025-05-17,Returned
7947,833,983,2026-04-19,2026-05-19,Returned
7948,1513,734,2025-02-03,2025-04-23,Returned
7949,1577,576,2025-05-18,2026-04-25,Returned
7950,58,409,2024-04-24,2026-05-08,Returned
7951,450,438,2025-09-30,2026-04-18,Returned
7952,468,319,2024-06-30,2025-09-04,Returned
7953,925,612,2023-08-01,2025-08-15,Returned
7954,342,815,2025-02-17,2025-10-03,Returned
7955,1807,719,2024-10-04,2025-08-24,Returned
7956,1716,673,2024-10-28,2026-03-23,Returned
7957,1267,732,2024-07-08,2024-07-18,Returned
7958,1813,278,2026-02-25,2026-03-23,Returned
7959,514,997,2024-10-14,2025-05-02,Returned
7960,1747,806,2025-04-24,2025-08-15,Returned
7961,1405,546,2026-02-28,2026-05-14,Returned
7962,562,238,2024-11-06,2025-04-04,Returned
7963,1828,629,2026-01-12,2026-02-17,Returned
7964,1373,451,2025-02-03,2025-10-29,Returned
7965,724,481,2025-04-04,,Late
7966,1913,2,2024-02-24,2025-12-30,Returned
7967,1181,331,2025-06-04,2025-07-09,Returned
7968,260,593,2023-10-10,2023-10-16,Returned
7969,604,222,2025-05-10,2025-08-01,Returned
7970,557,697,2023-08-28,2025-02-25,Returned
7971,45,257,2025-05-29,2025-09-24,Returned
7972,1750,111,2024-11-25,2025-07-05,Returned
7973,68,471,2024-02-25,2025-04-27,Returned
7974,800,708,2025-09-09,2026-04-23,Returned
7975,1726,318,2026-02-26,2026-04-05,Returned
7976,1034,35,2025-03-05,2025-06-29,Returned
7977,362,591,2025-06-21,2025-09-29,Returned
7978,264,271,2023-11-04,2025-12-20,Returned
7979,1916,849,2024-10-20,2025-12-25,Returned
7980,504,684,2024-12-16,2025-03-23,Returned
7981,256,852,2025-08-23,2026-04-20,Returned
7982,289,540,2024-11-29,2025-03-07,Returned
7983,511,273,2024-02-18,2024-05-19,Returned
7984,95,112,2023-06-30,2026-01-12,Returned
7985,718,974,2025-03-02,2025-12-21,Returned
7986,1657,345,2024-07-02,2025-04-11,Returned
7987,866,608,2024-06-12,2025-05-05,Returned
7988,686,934,2023-09-19,2024-12-11,Returned
7989,242,836,2025-07-10,2026-04-14,Returned
7990,435,524,2023-08-29,2025-04-03,Returned
7991,253,482,2024-05-04,,Active
7992,658,825,2025-01-21,2025-03-03,Returned
7993,1611,586,2026-02-25,2026-03-01,Returned
7994,1855,124,2023-11-20,2026-05-31,Returned
7995,1309,391,2023-12-09,2025-05-28,Returned
7996,829,444,2025-12-03,2026-01-12,Returned
7997,1325,729,2024-11-30,2026-05-31,Returned
7998,1144,377,2026-04-08,2026-05-01,Returned
7999,1878,566,2023-08-11,2024-04-10,Returned
8000,1327,85,2024-04-22,2025-01-21,Returned
8001,1562,2,2025-03-27,2025-09-05,Returned
8002,1828,552,2026-02-22,2026-03-18,Returned
8003,500,532,2026-01-19,2026-04-26,Returned
8004,232,35,2023-08-11,2024-10-18,Returned
8005,1378,41,2024-09-15,2025-11-25,Returned
8006,1935,737,2024-05-08,2026-01-07,Returned
8007,1532,581,2023-12-10,2024-06-17,Returned
8008,724,986,2024-06-03,2025-11-10,Returned
8009,876,390,2024-04-22,2024-08-20,Returned
8010,380,865,2025-10-15,2025-11-22,Returned
8011,553,581,2023-06-07,2026-05-28,Returned
8012,84,565,2023-07-01,2024-08-31,Returned
8013,1616,793,2025-08-28,2025-11-30,Returned
8014,516,752,2024-09-08,2025-07-10,Returned
8015,504,958,2025-11-09,,Late
8016,236,709,2023-06-30,2023-09-09,Returned
8017,1019,100,2026-01-04,2026-03-08,Returned
8018,1624,884,2024-09-14,,Active
8019,1399,274,2026-06-06,2026-06-06,Returned
8020,1624,371,2023-06-29,2025-05-25,Returned
8021,237,323,2023-12-08,2025-05-02,Returned
8022,806,692,2024-06-12,2025-08-15,Returned
8023,96,409,2024-05-29,2025-04-25,Returned
8024,1880,400,2023-12-05,2025-04-02,Returned
8025,777,6,2024-12-04,2025-05-01,Returned
8026,583,7,2024-09-13,2026-03-11,Returned
8027,1647,41,2026-02-17,2026-04-08,Returned
8028,1921,415,2026-02-24,2026-05-29,Returned
8029,1884,840,2024-10-17,2025-10-03,Returned
8030,1533,362,2026-02-05,2026-05-13,Returned
8031,991,993,2025-07-06,2026-04-09,Returned
8032,1990,261,2025-06-22,2026-03-25,Returned
8033,1795,706,2025-06-07,2026-04-08,Returned
8034,183,940,2024-07-20,2025-08-26,Returned
8035,1209,845,2024-01-17,2024-03-19,Returned
8036,89,160,2025-09-27,2026-03-05,Returned
8037,814,687,2025-06-18,2025-09-06,Returned
8038,1761,79,2025-06-14,2026-04-22,Returned
8039,1923,818,2025-09-21,2026-03-24,Returned
8040,1038,918,2026-02-14,2026-03-19,Returned
8041,1650,722,2023-07-10,,Active
8042,1322,567,2023-06-27,2026-06-05,Returned
8043,14,56,2024-12-26,2025-10-22,Returned
8044,482,551,2024-06-05,2024-06-29,Returned
8045,46,738,2024-10-29,2025-04-03,Returned
8046,674,673,2024-11-19,2024-11-26,Returned
8047,1648,787,2024-09-04,2025-02-11,Returned
8048,1904,529,2024-09-26,2025-06-09,Returned
8049,916,300,2024-10-13,2025-10-09,Returned
8050,15,337,2024-12-16,2026-03-20,Returned
8051,1763,989,2024-12-06,2024-12-21,Returned
8052,440,268,2025-07-25,2025-10-03,Returned
8053,498,451,2024-11-18,2025-01-29,Returned
8054,498,353,2024-01-04,2026-03-02,Returned
8055,471,439,2025-06-26,2026-01-23,Returned
8056,212,698,2025-06-29,2025-08-03,Returned
8057,1574,436,2026-04-14,2026-04-18,Returned
8058,1413,530,2026-05-25,2026-05-25,Returned
8059,1757,990,2025-03-29,2026-02-13,Returned
8060,613,391,2024-09-22,2026-02-15,Returned
8061,1174,249,2024-02-18,2025-11-26,Returned
8062,1355,638,2026-03-07,2026-06-01,Returned
8063,897,755,2025-02-15,2026-05-19,Returned
8064,20,961,2026-02-04,,Active
8065,666,703,2025-03-08,2025-10-01,Returned
8066,1075,811,2024-12-01,2025-03-23,Returned
8067,870,23,2025-10-06,2026-05-21,Returned
8068,1867,342,2026-03-02,2026-06-04,Returned
8069,1844,53,2023-10-20,2025-06-10,Returned
8070,257,335,2024-03-12,2024-03-20,Returned
8071,1174,6,2024-11-12,2025-04-20,Returned
8072,253,993,2023-09-24,2025-08-11,Returned
8073,414,34,2025-12-10,2026-04-21,Returned
8074,836,497,2025-02-13,2026-04-26,Returned
8075,1163,295,2025-07-19,2026-03-04,Returned
8076,1791,696,2024-01-07,2024-10-02,Returned
8077,1769,87,2025-06-27,2025-07-24,Returned
8078,766,936,2023-12-31,2024-08-28,Returned
8079,1100,936,2026-02-28,2026-04-12,Returned
8080,1503,38,2023-12-21,2025-11-02,Returned
8081,201,35,2023-11-07,2024-03-21,Returned
8082,930,360,2025-10-19,2026-04-02,Returned
8083,1315,869,2023-08-13,2025-09-13,Returned
8084,567,956,2023-11-08,2025-06-26,Returned
8085,169,918,2025-01-19,2025-05-06,Returned
8086,1618,482,2024-04-19,2026-05-04,Returned
8087,444,824,2025-12-01,2026-01-15,Returned
8088,1203,344,2024-07-21,2024-11-27,Returned
8089,416,729,2023-09-18,2024-06-23,Returned
8090,89,230,2023-08-27,2025-11-09,Returned
8091,1500,636,2024-09-12,2025-01-11,Returned
8092,1352,985,2023-07-10,,Active
8093,188,983,2024-08-28,2025-04-14,Returned
8094,1584,747,2023-06-13,2024-05-05,Returned
8095,1566,729,2024-10-21,2026-05-16,Returned
8096,1354,718,2025-06-05,2025-07-03,Returned
8097,1724,576,2026-01-19,2026-04-26,Returned
8098,1643,472,2025-08-02,2026-01-08,Returned
8099,822,999,2026-02-25,2026-05-16,Returned
8100,244,735,2025-09-23,2026-05-31,Returned
8101,568,153,2025-06-25,2026-05-03,Returned
8102,1989,67,2025-06-02,2025-09-09,Returned
8103,586,34,2023-07-11,2025-07-26,Returned
8104,697,859,2024-06-05,2024-09-30,Returned
8105,863,603,2023-10-27,2026-02-26,Returned
8106,860,691,2023-08-05,2024-03-20,Returned
8107,173,312,2025-06-16,2026-06-02,Returned
8108,104,610,2024-01-12,2025-04-13,Returned
8109,1107,805,2025-09-21,2026-05-01,Returned
8110,1127,969,2026-03-07,2026-04-05,Returned
8111,1252,862,2026-05-14,2026-05-31,Returned
8112,666,92,2024-05-20,2024-08-04,Returned
8113,96,840,2024-02-25,2024-03-01,Returned
8114,255,706,2025-08-02,2025-11-16,Returned
8115,1886,894,2026-02-06,2026-03-03,Returned
8116,1162,782,2025-05-30,2026-05-22,Returned
8117,695,76,2026-05-15,2026-05-24,Returned
8118,1575,555,2025-11-02,2026-02-24,Returned
8119,1845,748,2023-09-27,2025-12-24,Returned
8120,1063,306,2024-08-18,2025-10-14,Returned
8121,712,526,2025-09-29,,Active
8122,1942,805,2025-11-24,2026-02-04,Returned
8123,442,951,2024-10-30,,Active
8124,1927,674,2026-02-10,2026-02-27,Returned
8125,1854,986,2024-10-14,2026-03-07,Returned
8126,1245,861,2026-03-28,2026-04-13,Returned
8127,630,932,2026-02-21,2026-03-04,Returned
8128,1726,396,2024-01-17,2025-10-27,Returned
8129,1037,439,2025-03-23,2026-03-17,Returned
8130,1138,392,2023-08-10,,Active
8131,287,742,2025-05-23,2025-11-08,Returned
8132,766,243,2025-06-25,2025-09-01,Returned
8133,995,662,2025-01-17,,Active
8134,1882,26,2024-08-12,2025-04-06,Returned
8135,1542,790,2025-09-19,2026-04-27,Returned
8136,388,419,2026-01-13,2026-02-26,Returned
8137,698,944,2023-09-09,2024-01-17,Returned
8138,1297,35,2026-02-02,2026-02-14,Returned
8139,174,650,2023-08-14,2023-12-22,Returned
8140,1320,208,2024-01-23,2026-02-09,Returned
8141,333,162,2024-11-12,2024-12-23,Returned
8142,899,578,2026-05-05,2026-06-06,Returned
8143,1419,888,2024-08-24,2026-01-23,Returned
8144,1470,866,2026-04-08,2026-04-13,Returned
8145,1564,673,2023-06-30,2023-08-26,Returned
8146,596,547,2024-02-03,2025-09-20,Returned
8147,1482,731,2023-11-26,2024-01-25,Returned
8148,1083,953,2024-05-15,,Active
8149,1567,316,2025-04-19,2025-08-08,Returned
8150,320,878,2025-07-18,2026-05-22,Returned
8151,548,558,2025-07-30,2025-12-22,Returned
8152,739,631,2025-03-15,,Late
8153,1358,123,2025-10-15,2026-04-03,Returned
8154,1401,879,2024-04-10,2025-08-20,Returned
8155,1788,275,2025-01-28,2026-03-10,Returned
8156,1726,549,2024-04-24,2024-11-30,Returned
8157,1586,71,2024-08-29,2025-05-19,Returned
8158,966,854,2025-11-23,2026-02-14,Returned
8159,121,320,2023-10-31,2025-09-15,Returned
8160,1733,7,2026-05-13,2026-05-24,Returned
8161,74,345,2025-09-14,2026-01-30,Returned
8162,363,461,2026-05-29,2026-05-30,Returned
8163,1814,929,2025-06-12,2026-06-04,Returned
8164,72,114,2026-01-03,2026-01-11,Returned
8165,1853,195,2026-05-24,2026-05-31,Returned
8166,1485,472,2023-07-09,2026-02-14,Returned
8167,91,371,2025-07-29,2026-05-10,Returned
8168,1129,801,2025-08-23,2026-03-16,Returned
8169,622,225,2025-05-11,2026-03-15,Returned
8170,402,536,2025-09-04,2026-02-05,Returned
8171,1911,733,2024-05-25,2025-08-02,Returned
8172,244,892,2025-02-21,2025-11-14,Returned
8173,1898,875,2024-10-05,,Active
8174,606,406,2024-06-16,2024-07-10,Returned
8175,627,228,2024-07-09,2025-03-25,Returned
8176,858,971,2023-12-04,2024-03-14,Returned
8177,642,216,2023-12-22,2025-06-25,Returned
8178,910,303,2023-07-19,2026-04-07,Returned
8179,1325,395,2023-12-24,2024-06-21,Returned
8180,138,182,2025-02-27,2025-03-21,Returned
8181,1445,505,2025-03-25,,Active
8182,1392,985,2025-05-13,2025-09-02,Returned
8183,1667,518,2025-06-09,,Late
8184,1570,430,2025-01-29,2025-02-22,Returned
8185,47,949,2025-05-07,2025-08-26,Returned
8186,1881,811,2024-09-22,2025-01-02,Returned
8187,1068,773,2024-08-01,2025-09-21,Returned
8188,1499,54,2025-01-24,2025-08-18,Returned
8189,504,157,2024-06-26,2024-07-10,Returned
8190,25,71,2025-01-04,2025-07-13,Returned
8191,658,472,2025-12-08,2026-05-08,Returned
8192,1946,22,2026-05-03,2026-05-23,Returned
8193,1847,25,2025-03-12,2025-08-11,Returned
8194,621,800,2024-03-03,2024-07-02,Returned
8195,356,565,2024-10-18,2025-05-05,Returned
8196,1637,390,2024-09-22,2025-10-25,Returned
8197,11,525,2023-12-19,2024-06-16,Returned
8198,656,988,2023-06-26,2024-05-17,Returned
8199,1425,657,2024-06-10,2025-09-07,Returned
8200,2000,92,2023-07-15,,Late
8201,82,801,2025-07-24,2026-03-28,Returned
8202,134,512,2025-02-19,2026-04-15,Returned
8203,1570,749,2026-03-05,2026-03-17,Returned
8204,166,915,2026-03-29,2026-06-02,Returned
8205,652,177,2025-01-07,2025-06-10,Returned
8206,776,613,2023-07-06,2025-04-01,Returned
8207,361,623,2023-11-21,2024-03-13,Returned
8208,1273,711,2026-03-02,2026-03-08,Returned
8209,1950,555,2023-08-30,2025-11-15,Returned
8210,1420,766,2023-07-18,2026-05-14,Returned
8211,101,877,2025-08-12,2026-04-04,Returned
8212,711,304,2024-12-14,2026-01-03,Returned
8213,1856,901,2023-12-06,2025-08-28,Returned
8214,1620,399,2024-05-10,2025-07-20,Returned
8215,1593,370,2024-08-14,2025-10-31,Returned
8216,1744,912,2024-11-19,,Active
8217,1082,386,2025-11-21,,Active
8218,723,953,2026-05-11,2026-06-02,Returned
8219,80,513,2025-10-12,2026-02-24,Returned
8220,591,952,2025-01-20,2025-03-30,Returned
8221,195,324,2023-07-02,2025-07-06,Returned
8222,1953,625,2026-02-26,2026-04-20,Returned
8223,752,260,2025-07-09,2025-09-23,Returned
8224,634,688,2024-06-02,2025-01-27,Returned
8225,1050,725,2023-07-27,2024-09-26,Returned
8226,1533,423,2023-09-04,2025-01-26,Returned
8227,884,929,2026-06-02,2026-06-03,Returned
8228,22,970,2024-10-14,2025-04-01,Returned
8229,1386,54,2024-02-15,2026-04-08,Returned
8230,1399,785,2024-01-04,2025-07-28,Returned
8231,1330,129,2024-07-30,2024-12-11,Returned
8232,1699,172,2025-07-09,2026-02-16,Returned
8233,1710,158,2025-11-10,,Active
8234,1841,863,2026-04-28,2026-05-27,Returned
8235,1581,364,2026-04-01,2026-04-01,Returned
8236,593,145,2026-05-23,2026-05-31,Returned
8237,92,780,2025-06-28,2025-12-04,Returned
8238,368,927,2024-05-03,2026-03-06,Returned
8239,1209,447,2025-05-07,,Active
8240,840,180,2026-05-29,,Active
8241,998,310,2024-06-23,,Active
8242,104,29,2025-08-27,2025-11-28,Returned
8243,1202,930,2026-03-18,2026-04-16,Returned
8244,1813,798,2024-02-17,2025-07-17,Returned
8245,129,609,2025-02-25,2025-04-28,Returned
8246,788,114,2024-08-17,2026-05-19,Returned
8247,1132,41,2025-12-29,2026-02-24,Returned
8248,214,128,2026-01-20,2026-03-24,Returned
8249,1503,224,2023-11-12,2025-07-14,Returned
8250,539,608,2024-01-24,,Late
8251,401,499,2025-04-30,2025-06-15,Returned
8252,982,273,2023-07-13,2023-08-03,Returned
8253,583,213,2025-07-07,2025-09-06,Returned
8254,1450,425,2024-09-06,2026-02-14,Returned
8255,1141,830,2023-08-01,2023-12-14,Returned
8256,1744,882,2023-07-09,2026-03-06,Returned
8257,647,273,2023-11-30,2024-04-07,Returned
8258,88,593,2024-04-02,2025-08-03,Returned
8259,745,700,2023-12-06,2025-04-14,Returned
8260,944,195,2024-08-26,2025-06-07,Returned
8261,1155,171,2023-09-17,2023-10-09,Returned
8262,554,232,2025-04-29,2025-05-22,Returned
8263,418,207,2024-12-06,2026-01-19,Returned
8264,1128,506,2025-10-05,2025-10-29,Returned
8265,435,714,2023-07-18,2025-09-22,Returned
8266,1656,397,2025-01-21,2025-05-03,Returned
8267,1209,694,2024-01-04,2025-07-01,Returned
8268,1249,629,2026-03-15,2026-06-03,Returned
8269,781,347,2025-12-26,2026-05-01,Returned
8270,1113,817,2025-09-24,2026-05-19,Returned
8271,72,279,2023-08-07,2024-10-29,Returned
8272,365,420,2025-05-11,2025-05-26,Returned
8273,300,136,2025-09-09,2026-02-18,Returned
8274,1790,413,2025-11-30,2026-05-18,Returned
8275,885,452,2026-04-30,2026-05-31,Returned
8276,766,44,2023-12-26,2024-06-19,Returned
8277,1868,974,2025-01-04,2025-11-01,Returned
8278,794,451,2024-08-08,2025-10-17,Returned
8279,1145,931,2025-11-07,2025-11-28,Returned
8280,42,441,2024-02-03,2024-07-29,Returned
8281,1991,80,2026-04-20,2026-05-18,Returned
8282,159,448,2026-04-01,2026-05-17,Returned
8283,813,727,2026-03-05,2026-04-09,Returned
8284,116,805,2024-11-11,2025-03-26,Returned
8285,1753,342,2025-03-17,2025-09-16,Returned
8286,1117,476,2023-11-13,2026-05-13,Returned
8287,701,662,2026-05-14,2026-05-24,Returned
8288,886,924,2024-04-07,2025-05-17,Returned
8289,1893,364,2025-02-14,2025-11-27,Returned
8290,285,443,2025-08-23,2026-01-13,Returned
8291,444,400,2024-05-13,2024-05-14,Returned
8292,786,349,2024-05-21,,Late
8293,1067,680,2023-10-25,2024-12-05,Returned
8294,1004,396,2026-03-12,2026-06-02,Returned
8295,259,682,2026-03-12,,Active
8296,661,653,2025-09-03,2026-01-13,Returned
8297,53,149,2025-03-10,2025-06-24,Returned
8298,782,955,2024-11-08,2025-11-20,Returned
8299,1837,410,2024-06-21,,Active
8300,1573,889,2026-05-24,2026-05-28,Returned
8301,607,169,2025-07-09,2025-07-22,Returned
8302,1289,761,2024-12-01,2024-12-23,Returned
8303,1015,81,2023-06-18,2023-06-21,Returned
8304,589,652,2025-10-12,2025-11-22,Returned
8305,1360,141,2025-01-26,2025-07-10,Returned
8306,1476,29,2024-07-02,2025-12-19,Returned
8307,414,588,2023-10-17,2025-11-29,Returned
8308,653,367,2024-01-29,2026-04-21,Returned
8309,1663,421,2026-02-04,2026-03-10,Returned
8310,1330,959,2025-06-02,2025-11-15,Returned
8311,344,196,2024-07-01,2025-03-10,Returned
8312,1190,154,2025-11-11,2026-03-10,Returned
8313,752,383,2024-12-07,2026-02-08,Returned
8314,62,110,2023-09-13,2024-11-30,Returned
8315,1646,581,2026-04-14,2026-06-03,Returned
8316,1847,843,2025-07-16,2026-03-06,Returned
8317,1620,96,2025-02-11,2025-07-23,Returned
8318,52,124,2025-11-30,2026-01-23,Returned
8319,1019,994,2025-09-22,2026-05-24,Returned
8320,1028,44,2024-12-09,2025-12-19,Returned
8321,1386,556,2025-03-07,2025-11-26,Returned
8322,938,85,2026-02-10,2026-05-17,Returned
8323,1328,684,2025-09-03,2026-01-16,Returned
8324,1030,782,2025-08-31,2026-01-24,Returned
8325,1046,558,2025-10-26,2025-12-23,Returned
8326,491,119,2024-05-07,2025-03-15,Returned
8327,705,326,2024-08-06,2026-03-18,Returned
8328,1375,360,2023-08-24,2024-08-25,Returned
8329,1269,687,2024-10-15,2026-05-12,Returned
8330,123,727,2024-04-24,2025-07-26,Returned
8331,1471,366,2024-07-12,2026-03-26,Returned
8332,539,556,2024-12-04,2025-06-13,Returned
8333,1355,828,2024-01-10,2024-02-02,Returned
8334,1934,645,2026-05-02,,Active
8335,736,458,2024-08-05,2026-04-01,Returned
8336,434,439,2026-03-06,2026-05-31,Returned
8337,658,482,2023-10-20,2024-12-17,Returned
8338,444,415,2024-08-16,2024-12-24,Returned
8339,1463,439,2024-10-09,,Late
8340,408,491,2025-12-27,2026-01-26,Returned
8341,525,350,2024-07-05,2025-05-09,Returned
8342,339,511,2023-07-09,2024-07-24,Returned
8343,1852,529,2025-10-15,2025-12-08,Returned
8344,1165,826,2023-08-22,2023-12-01,Returned
8345,373,376,2023-11-15,2024-05-02,Returned
8346,1085,716,2024-07-08,2025-08-12,Returned
8347,1205,726,2025-02-11,2026-05-06,Returned
8348,575,846,2024-10-03,2026-03-27,Returned
8349,879,324,2024-12-21,,Active
8350,333,993,2026-03-27,2026-05-20,Returned
8351,1309,961,2025-07-31,2025-09-21,Returned
8352,1165,825,2025-02-09,,Late
8353,906,657,2023-09-06,2023-09-29,Returned
8354,977,846,2023-08-21,2024-03-04,Returned
8355,1490,5,2025-08-02,2026-01-01,Returned
8356,247,958,2025-07-24,,Late
8357,1762,228,2023-12-07,2024-07-09,Returned
8358,1294,75,2023-09-29,2026-05-24,Returned
8359,1431,308,2024-09-04,2025-05-22,Returned
8360,914,697,2024-10-01,2026-03-09,Returned
8361,1470,813,2024-02-26,2024-07-30,Returned
8362,1783,156,2024-04-21,,Active
8363,781,518,2025-10-27,2025-11-27,Returned
8364,192,473,2024-05-19,2025-02-07,Returned
8365,1183,976,2024-09-07,2025-09-21,Returned
8366,404,908,2023-09-23,2026-01-31,Returned
8367,929,553,2024-11-12,2024-11-20,Returned
8368,1536,649,2024-10-09,2024-12-14,Returned
8369,182,614,2025-08-02,2025-08-21,Returned
8370,382,640,2026-01-28,2026-02-02,Returned
8371,1950,231,2023-11-04,,Active
8372,893,478,2025-11-09,2025-12-27,Returned
8373,1567,868,2025-06-14,2025-07-22,Returned
8374,51,714,2025-09-11,2026-06-03,Returned
8375,1919,902,2024-11-27,2025-12-21,Returned
8376,1373,623,2025-08-12,2026-04-29,Returned
8377,1605,174,2024-02-10,,Active
8378,1667,576,2025-04-10,2025-08-25,Returned
8379,1606,782,2025-11-28,2025-12-10,Returned
8380,1311,895,2026-03-17,2026-05-09,Returned
8381,495,881,2024-03-10,2024-12-25,Returned
8382,488,343,2025-05-31,2025-06-02,Returned
8383,286,458,2023-09-25,2026-01-25,Returned
8384,564,469,2024-12-04,2026-05-28,Returned
8385,1437,854,2025-04-17,,Late
8386,971,526,2024-07-03,,Active
8387,1838,983,2025-05-21,2025-12-10,Returned
8388,1949,361,2023-09-25,2023-12-29,Returned
8389,1240,737,2024-01-29,2024-05-08,Returned
8390,592,249,2025-07-27,2025-07-31,Returned
8391,1545,740,2024-02-08,,Late
8392,270,143,2025-05-09,2025-06-05,Returned
8393,375,188,2025-07-18,2026-06-06,Returned
8394,1119,772,2026-06-03,2026-06-04,Returned
8395,220,632,2025-02-10,2025-05-05,Returned
8396,1180,765,2025-10-04,2025-10-13,Returned
8397,941,23,2026-01-10,2026-04-09,Returned
8398,223,898,2023-06-23,2025-02-16,Returned
8399,1676,292,2023-07-08,2025-10-23,Returned
8400,46,479,2025-07-08,2026-01-20,Returned
8401,1146,600,2024-06-17,2026-01-20,Returned
8402,218,700,2026-01-01,2026-05-27,Returned
8403,279,837,2024-08-26,2026-01-20,Returned
8404,1654,442,2025-05-08,2025-07-13,Returned
8405,802,619,2025-12-17,2026-05-18,Returned
8406,639,403,2023-11-11,2023-12-19,Returned
8407,875,41,2023-09-18,2025-07-12,Returned
8408,824,428,2025-12-27,2026-05-12,Returned
8409,554,370,2024-10-04,,Active
8410,963,789,2024-10-18,2025-11-03,Returned
8411,1099,338,2023-10-12,2025-09-10,Returned
8412,612,351,2026-01-04,2026-04-19,Returned
8413,238,712,2023-10-02,,Late
8414,817,160,2026-03-17,2026-05-01,Returned
8415,921,599,2025-03-08,2026-03-26,Returned
8416,1729,180,2026-04-08,2026-05-26,Returned
8417,1438,147,2023-10-13,2025-12-07,Returned
8418,157,48,2024-05-29,,Active
8419,880,529,2023-07-17,,Active
8420,931,891,2024-08-28,,Late
8421,1325,316,2024-11-25,2025-03-04,Returned
8422,688,42,2024-02-20,2024-11-30,Returned
8423,573,556,2024-02-11,2026-04-02,Returned
8424,866,72,2026-05-28,2026-06-04,Returned
8425,1953,235,2025-09-12,2025-09-16,Returned
8426,598,629,2024-12-25,2025-05-18,Returned
8427,681,702,2026-02-08,2026-02-18,Returned
8428,737,816,2026-03-25,2026-04-19,Returned
8429,1194,610,2024-09-27,2024-11-08,Returned
8430,1156,54,2025-12-26,2026-05-12,Returned
8431,1626,130,2024-06-15,2025-05-03,Returned
8432,1899,48,2026-05-01,2026-05-26,Returned
8433,958,768,2025-04-13,2026-05-11,Returned
8434,1051,135,2025-06-16,2026-03-13,Returned
8435,277,573,2024-11-24,2026-01-07,Returned
8436,766,152,2025-02-13,2025-08-05,Returned
8437,564,23,2025-11-30,2026-04-10,Returned
8438,933,95,2025-10-23,2026-05-21,Returned
8439,1986,573,2024-08-21,2025-04-04,Returned
8440,373,951,2025-05-04,2026-04-29,Returned
8441,1889,876,2025-07-27,2025-12-05,Returned
8442,1398,290,2024-06-24,2025-04-05,Returned
8443,237,859,2025-12-11,2026-01-17,Returned
8444,712,83,2024-09-20,,Late
8445,467,117,2023-08-26,2024-12-20,Returned
8446,1197,369,2024-02-18,,Active
8447,1591,189,2025-09-22,2025-12-09,Returned
8448,1312,359,2025-02-07,2026-02-25,Returned
8449,512,360,2024-04-13,2026-01-05,Returned
8450,1413,970,2026-05-29,2026-05-31,Returned
8451,1908,514,2024-10-01,2026-02-24,Returned
8452,1910,912,2023-07-23,2026-04-02,Returned
8453,1989,731,2025-01-23,,Late
8454,1358,550,2023-12-26,2025-04-26,Returned
8455,502,335,2024-06-24,2024-08-13,Returned
8456,1163,654,2023-06-23,2024-01-05,Returned
8457,166,569,2025-06-06,2025-10-12,Returned
8458,1162,264,2024-11-03,,Active
8459,914,347,2023-11-20,2025-01-05,Returned
8460,545,5,2026-05-20,2026-06-02,Returned
8461,4,845,2025-03-08,2025-10-08,Returned
8462,1968,105,2025-02-12,2026-02-06,Returned
8463,122,604,2025-08-17,2026-05-09,Returned
8464,30,78,2024-03-28,2024-08-07,Returned
8465,1497,978,2024-06-07,2024-11-10,Returned
8466,1893,268,2025-03-21,2025-06-08,Returned
8467,1406,331,2023-06-29,,Late
8468,1039,905,2024-08-21,2025-01-25,Returned
8469,482,722,2024-01-11,2025-07-28,Returned
8470,711,196,2024-11-26,2025-04-03,Returned
8471,155,279,2025-02-27,,Late
8472,288,642,2024-04-13,2026-03-19,Returned
8473,1323,267,2024-05-28,2025-09-12,Returned
8474,252,861,2024-05-12,2024-09-12,Returned
8475,756,759,2024-10-06,2026-01-19,Returned
8476,643,713,2026-05-28,2026-06-01,Returned
8477,1927,925,2024-06-25,2024-08-01,Returned
8478,805,362,2026-02-28,,Late
8479,495,9,2026-04-06,2026-05-23,Returned
8480,1996,32,2024-03-07,2024-04-05,Returned
8481,577,462,2024-07-01,2026-02-08,Returned
8482,238,972,2025-12-03,2026-03-21,Returned
8483,727,708,2025-02-23,2025-12-17,Returned
8484,1644,194,2025-01-26,2025-12-07,Returned
8485,492,423,2024-10-27,2026-02-11,Returned
8486,877,366,2024-03-20,2025-05-15,Returned
8487,862,885,2024-03-16,2024-04-02,Returned
8488,221,990,2023-10-26,2025-12-27,Returned
8489,1234,522,2025-01-29,2025-06-13,Returned
8490,1370,87,2026-05-14,2026-05-31,Returned
8491,248,136,2024-01-01,2024-01-01,Returned
8492,639,995,2024-08-11,2024-12-04,Returned
8493,1001,956,2023-11-25,2024-09-25,Returned
8494,1018,600,2023-08-01,2025-03-17,Returned
8495,972,337,2023-09-06,2024-11-18,Returned
8496,1708,898,2024-10-25,2025-04-03,Returned
8497,500,35,2023-12-16,,Late
8498,914,659,2023-09-20,2026-05-09,Returned
8499,96,637,2024-09-19,2025-08-19,Returned
8500,492,431,2025-05-17,2025-06-23,Returned
8501,1292,714,2025-02-17,2025-08-25,Returned
8502,21,488,2026-05-23,2026-06-05,Returned
8503,721,339,2025-11-27,2026-03-13,Returned
8504,1986,293,2024-11-02,2026-04-02,Returned
8505,945,387,2026-05-30,2026-05-30,Returned
8506,1924,616,2025-05-20,2025-09-24,Returned
8507,739,441,2023-09-30,,Late
8508,1466,7,2024-03-06,2024-12-19,Returned
8509,1710,891,2025-10-05,2026-01-26,Returned
8510,840,561,2024-03-02,2024-04-01,Returned
8511,871,213,2025-11-25,2026-05-03,Returned
8512,713,557,2025-01-31,2025-10-31,Returned
8513,1399,380,2023-06-22,2024-02-16,Returned
8514,937,369,2024-06-07,,Active
8515,1567,48,2024-10-05,2026-01-16,Returned
8516,1383,478,2024-08-12,2025-05-01,Returned
8517,1465,278,2024-05-28,2025-07-08,Returned
8518,647,488,2024-08-09,2026-04-14,Returned
8519,861,161,2024-11-14,2025-05-05,Returned
8520,1531,429,2025-11-27,2026-03-20,Returned
8521,954,555,2024-06-22,2025-08-03,Returned
8522,752,760,2026-05-21,2026-06-02,Returned
8523,1188,660,2024-03-15,2026-01-22,Returned
8524,438,254,2024-12-19,2025-03-27,Returned
8525,861,800,2025-05-12,2026-04-13,Returned
8526,203,883,2024-09-28,2026-04-03,Returned
8527,728,182,2023-08-08,2024-11-15,Returned
8528,1673,950,2025-04-23,2025-05-18,Returned
8529,349,949,2024-03-06,2024-08-28,Returned
8530,946,380,2025-04-09,2026-03-04,Returned
8531,1643,807,2026-02-13,2026-04-03,Returned
8532,704,243,2024-01-31,2026-05-13,Returned
8533,338,843,2025-08-07,2025-08-22,Returned
8534,1779,376,2025-05-23,2025-05-30,Returned
8535,939,826,2023-10-09,2023-11-24,Returned
8536,153,351,2024-03-02,2025-02-26,Returned
8537,872,29,2025-06-06,2026-05-26,Returned
8538,1817,906,2026-05-07,2026-05-21,Returned
8539,282,538,2025-09-14,2026-01-30,Returned
8540,165,725,2025-04-10,,Late
8541,1048,637,2023-11-20,2024-05-17,Returned
8542,376,952,2023-06-10,2023-11-02,Returned
8543,1527,113,2023-10-06,2025-09-27,Returned
8544,1202,586,2024-11-28,2025-03-07,Returned
8545,1390,924,2024-07-29,2026-01-02,Returned
8546,1703,75,2023-08-29,2025-07-06,Returned
8547,1691,383,2024-03-29,2024-09-16,Returned
8548,1749,144,2025-03-28,2025-06-27,Returned
8549,182,672,2023-07-20,2024-07-11,Returned
8550,1016,337,2026-05-16,,Active
8551,186,431,2023-07-27,2024-11-24,Returned
8552,1015,191,2024-09-13,2026-04-25,Returned
8553,1377,373,2024-04-14,2026-02-05,Returned
8554,279,329,2024-11-06,2025-11-04,Returned
8555,822,813,2026-03-24,2026-04-16,Returned
8556,777,234,2025-01-27,2025-06-10,Returned
8557,1253,820,2025-10-11,,Active
8558,1156,320,2024-07-21,,Active
8559,1380,729,2024-05-17,2026-06-02,Returned
8560,1500,373,2023-06-27,2025-11-09,Returned
8561,382,236,2025-08-14,2026-04-03,Returned
8562,479,265,2025-04-03,2025-11-04,Returned
8563,1317,952,2025-04-30,,Active
8564,70,354,2026-04-07,2026-05-26,Returned
8565,1373,337,2024-05-06,,Late
8566,1577,466,2025-02-26,2026-01-12,Returned
8567,1540,181,2026-05-02,2026-06-02,Returned
8568,1017,106,2025-04-30,2026-02-23,Returned
8569,1553,839,2025-07-24,2026-03-15,Returned
8570,509,664,2024-06-28,2025-06-05,Returned
8571,244,281,2025-03-29,2025-06-24,Returned
8572,1755,941,2024-10-08,,Late
8573,1180,845,2024-05-08,2025-01-21,Returned
8574,688,273,2024-04-27,2024-06-09,Returned
8575,861,856,2024-12-15,2026-03-15,Returned
8576,1269,366,2023-07-01,2024-08-26,Returned
8577,79,740,2026-03-30,2026-04-05,Returned
8578,94,889,2024-07-27,2026-02-20,Returned
8579,61,432,2025-12-26,2026-05-18,Returned
8580,120,320,2025-01-08,2026-02-12,Returned
8581,540,582,2025-02-05,,Late
8582,869,267,2025-12-31,2026-01-15,Returned
8583,786,745,2025-07-15,,Late
8584,696,652,2026-05-26,2026-06-05,Returned
8585,230,264,2024-01-10,2024-06-02,Returned
8586,1710,81,2025-05-27,2025-08-23,Returned
8587,912,163,2025-11-21,2026-04-03,Returned
8588,1837,713,2025-01-18,2025-06-27,Returned
8589,1964,455,2024-10-08,2026-05-15,Returned
8590,575,844,2025-02-19,2025-09-05,Returned
8591,1595,670,2026-01-16,2026-05-15,Returned
8592,1717,814,2023-07-14,2024-01-11,Returned
8593,331,6,2025-09-18,2025-11-28,Returned
8594,1780,504,2024-01-19,2024-11-28,Returned
8595,428,551,2024-11-10,2025-02-12,Returned
8596,1509,73,2025-09-25,2026-05-02,Returned
8597,1928,548,2024-07-24,2025-02-18,Returned
8598,1850,269,2025-07-19,2025-12-10,Returned
8599,1556,194,2023-10-22,2025-07-10,Returned
8600,1965,80,2024-01-22,2026-03-05,Returned
8601,999,656,2025-05-25,2025-06-01,Returned
8602,675,670,2023-11-23,2025-12-30,Returned
8603,1806,603,2023-07-27,2025-09-21,Returned
8604,676,964,2024-11-21,2026-04-18,Returned
8605,1063,470,2024-07-28,2026-03-15,Returned
8606,112,679,2024-03-17,2025-06-05,Returned
8607,961,337,2024-02-10,2025-04-25,Returned
8608,738,608,2023-10-19,2023-11-03,Returned
8609,823,208,2023-12-29,2025-05-26,Returned
8610,1102,647,2025-06-08,2025-09-04,Returned
8611,1302,365,2023-06-18,2026-02-10,Returned
8612,1273,584,2023-12-05,2024-02-19,Returned
8613,1290,962,2024-01-25,2025-09-21,Returned
8614,1205,527,2025-02-24,2026-01-04,Returned
8615,82,242,2024-10-02,2025-05-09,Returned
8616,1222,271,2023-06-27,2023-07-01,Returned
8617,1322,814,2023-09-13,2025-12-23,Returned
8618,1473,271,2024-03-12,,Active
8619,670,798,2026-02-22,2026-04-30,Returned
8620,1957,572,2025-08-19,2025-08-30,Returned
8621,1075,949,2024-06-13,2026-04-04,Returned
8622,1641,607,2025-08-13,2026-01-25,Returned
8623,251,559,2026-05-09,2026-05-16,Returned
8624,1595,800,2024-06-10,2024-10-27,Returned
8625,658,968,2025-02-24,2026-05-18,Returned
8626,344,667,2025-02-01,2025-03-01,Returned
8627,1102,649,2024-05-09,2025-06-14,Returned
8628,1492,112,2024-07-09,,Late
8629,1971,772,2024-07-18,2026-01-01,Returned
8630,870,851,2023-07-25,2025-12-15,Returned
8631,438,826,2025-01-11,2025-09-26,Returned
8632,1657,108,2023-09-20,2026-04-06,Returned
8633,1901,814,2024-01-25,2025-04-25,Returned
8634,1563,797,2026-03-02,2026-06-04,Returned
8635,1528,642,2024-11-16,,Active
8636,1704,217,2025-01-20,2025-08-29,Returned
8637,1650,107,2025-07-03,2025-08-10,Returned
8638,1126,27,2025-11-01,,Late
8639,331,351,2023-11-18,2026-05-28,Returned
8640,1106,565,2025-06-09,2025-08-10,Returned
8641,1443,65,2025-10-02,2026-02-28,Returned
8642,1659,366,2025-03-22,2025-12-13,Returned
8643,566,170,2025-05-17,2025-06-04,Returned
8644,1489,531,2025-10-21,2025-11-18,Returned
8645,693,348,2024-01-25,2025-12-24,Returned
8646,1027,492,2024-03-30,2025-07-07,Returned
8647,600,334,2024-01-01,2026-03-03,Returned
8648,1923,675,2024-07-12,2024-07-14,Returned
8649,1183,558,2025-10-02,2026-04-03,Returned
8650,741,207,2024-08-15,2024-12-25,Returned
8651,743,354,2025-06-28,2025-12-07,Returned
8652,1965,519,2025-06-21,2025-10-29,Returned
8653,691,556,2026-02-20,2026-03-18,Returned
8654,237,106,2024-09-29,2025-12-14,Returned
8655,489,43,2025-12-08,2026-04-09,Returned
8656,1883,595,2025-10-20,2025-11-19,Returned
8657,601,54,2026-05-24,2026-06-03,Returned
8658,451,430,2025-03-29,2026-05-06,Returned
8659,260,892,2025-06-12,2026-02-07,Returned
8660,1081,931,2023-08-16,2023-12-09,Returned
8661,1512,699,2025-12-24,,Active
8662,993,955,2023-11-05,2024-08-21,Returned
8663,371,792,2025-01-20,2025-05-14,Returned
8664,1558,33,2025-03-13,2026-01-07,Returned
8665,698,485,2026-04-24,2026-05-20,Returned
8666,544,145,2025-04-11,2026-04-05,Returned
8667,9,792,2023-10-23,2024-01-28,Returned
8668,1288,514,2025-02-07,2025-04-11,Returned
8669,1761,639,2024-03-27,2025-11-01,Returned
8670,661,663,2026-02-06,2026-04-12,Returned
8671,836,503,2023-09-19,2025-05-26,Returned
8672,262,15,2025-07-02,2025-09-23,Returned
8673,1893,728,2023-11-02,2023-11-26,Returned
8674,789,454,2026-02-16,2026-03-22,Returned
8675,1446,997,2025-09-18,2026-06-03,Returned
8676,1448,659,2024-11-02,2025-05-10,Returned
8677,1604,596,2025-11-11,2026-02-15,Returned
8678,1207,284,2024-11-24,2025-05-06,Returned
8679,1746,846,2025-07-24,2025-09-27,Returned
8680,943,629,2025-06-27,2025-12-18,Returned
8681,58,446,2025-02-19,2025-10-16,Returned
8682,335,68,2025-03-28,,Active
8683,570,450,2025-03-14,2025-06-01,Returned
8684,1827,887,2024-10-16,2026-02-05,Returned
8685,1601,509,2024-10-25,2025-03-05,Returned
8686,55,744,2024-10-06,2025-10-12,Returned
8687,1816,431,2025-06-26,2025-08-20,Returned
8688,1673,864,2024-10-15,2026-05-26,Returned
8689,1250,850,2023-10-17,2024-06-09,Returned
8690,1578,542,2023-07-14,,Active
8691,1820,240,2023-09-28,2025-12-01,Returned
8692,1698,292,2024-10-08,2025-11-23,Returned
8693,1010,379,2023-11-07,2024-07-06,Returned
8694,668,962,2023-06-24,,Late
8695,1737,26,2024-08-27,2025-09-07,Returned
8696,722,478,2024-05-30,,Late
8697,1340,717,2024-09-23,2024-11-29,Returned
8698,1723,610,2023-10-19,2024-12-24,Returned
8699,1526,377,2025-06-02,2025-06-02,Returned
8700,1195,317,2025-07-05,2025-07-09,Returned
8701,1974,925,2025-05-31,2025-06-12,Returned
8702,1240,27,2025-06-26,2025-12-20,Returned
8703,430,904,2024-03-05,2024-08-13,Returned
8704,777,46,2024-04-30,2024-09-05,Returned
8705,1658,538,2024-01-05,2025-11-04,Returned
8706,1714,727,2023-10-07,2024-04-11,Returned
8707,1443,740,2024-11-15,,Active
8708,1239,742,2023-06-16,,Active
8709,1393,430,2024-10-17,2025-06-21,Returned
8710,1381,625,2025-12-09,,Active
8711,1007,694,2024-10-07,2026-04-05,Returned
8712,1027,409,2025-12-22,2026-01-19,Returned
8713,202,754,2024-09-21,2025-09-05,Returned
8714,271,312,2026-02-08,2026-04-28,Returned
8715,3,822,2023-07-23,2024-07-28,Returned
8716,1084,756,2024-06-14,2025-07-24,Returned
8717,852,635,2024-07-09,,Late
8718,314,731,2025-11-18,2025-11-24,Returned
8719,812,738,2025-03-07,2025-08-23,Returned
8720,40,768,2024-10-27,2026-05-27,Returned
8721,310,634,2023-09-06,2023-10-17,Returned
8722,150,736,2025-05-11,2026-04-24,Returned
8723,265,117,2026-03-15,2026-04-24,Returned
8724,256,957,2026-01-22,2026-02-28,Returned
8725,1088,733,2025-11-12,2026-02-16,Returned
8726,231,601,2024-04-20,2026-06-04,Returned
8727,1709,887,2023-08-11,,Active
8728,728,231,2023-09-15,2026-05-13,Returned
8729,1559,105,2026-05-16,2026-05-18,Returned
8730,806,41,2024-07-16,2025-12-09,Returned
8731,83,687,2023-07-07,2026-02-04,Returned
8732,1145,530,2023-10-10,2024-09-01,Returned
8733,344,444,2023-08-17,2024-12-25,Returned
8734,1581,124,2025-01-07,,Late
8735,1519,275,2025-05-26,2025-07-08,Returned
8736,675,390,2024-09-23,2025-08-16,Returned
8737,1804,598,2023-08-21,2025-08-08,Returned
8738,883,38,2025-11-14,2026-04-23,Returned
8739,1472,879,2025-09-27,2026-01-28,Returned
8740,1897,938,2023-10-29,2024-11-08,Returned
8741,1249,8,2025-01-28,2026-04-20,Returned
8742,1341,928,2026-04-05,2026-05-10,Returned
8743,1978,563,2024-02-21,2024-09-13,Returned
8744,1883,49,2024-01-25,2024-09-11,Returned
8745,1026,704,2025-03-11,2025-04-24,Returned
8746,1758,935,2024-05-08,2026-02-21,Returned
8747,656,409,2025-09-14,2025-11-15,Returned
8748,127,935,2026-03-29,2026-05-11,Returned
8749,1880,142,2024-08-18,2024-10-05,Returned
8750,511,957,2024-08-18,2025-12-02,Returned
8751,1294,747,2025-12-30,2026-02-21,Returned
8752,1425,10,2023-09-28,,Active
8753,332,568,2025-10-26,2026-02-25,Returned
8754,521,111,2026-04-15,2026-05-14,Returned
8755,842,60,2025-07-10,2025-11-08,Returned
8756,461,26,2025-12-03,2025-12-14,Returned
8757,366,397,2025-08-20,2026-03-30,Returned
8758,1968,787,2023-08-07,,Late
8759,102,884,2024-01-28,2026-02-16,Returned
8760,903,75,2023-08-07,2026-04-29,Returned
8761,559,725,2024-06-04,2026-05-08,Returned
8762,126,395,2024-04-20,2026-03-21,Returned
8763,1263,477,2024-07-13,2026-02-20,Returned
8764,1150,100,2024-08-28,2026-04-08,Returned
8765,1432,699,2025-06-30,2026-05-11,Returned
8766,782,137,2025-02-07,2025-12-14,Returned
8767,1558,684,2026-01-19,,Active
8768,463,312,2025-02-05,2026-04-06,Returned
8769,1315,232,2025-07-19,2026-05-10,Returned
8770,1958,689,2025-04-01,2026-02-24,Returned
8771,303,993,2023-09-20,2026-06-04,Returned
8772,601,395,2024-01-07,2024-12-03,Returned
8773,334,918,2024-09-13,2025-08-23,Returned
8774,689,902,2026-02-02,,Active
8775,149,365,2023-10-31,2025-10-17,Returned
8776,474,189,2024-06-15,2026-03-12,Returned
8777,106,789,2024-05-22,2024-12-01,Returned
8778,1435,742,2025-09-07,,Late
8779,1819,323,2024-06-02,2024-09-07,Returned
8780,1645,580,2024-11-06,2026-02-07,Returned
8781,635,2,2024-04-09,2024-10-07,Returned
8782,215,906,2025-06-23,2026-04-12,Returned
8783,510,34,2025-04-06,2025-05-15,Returned
8784,902,702,2024-03-30,2024-06-20,Returned
8785,556,274,2026-02-12,,Active
8786,174,820,2024-11-02,2024-11-26,Returned
8787,1792,497,2025-12-14,2026-04-04,Returned
8788,51,154,2026-01-16,2026-03-23,Returned
8789,1351,577,2026-03-26,2026-05-16,Returned
8790,12,7,2024-05-25,2025-11-14,Returned
8791,1076,229,2023-10-26,2025-01-05,Returned
8792,1496,898,2026-01-06,2026-04-26,Returned
8793,1246,683,2026-04-05,2026-04-27,Returned
8794,584,513,2023-07-21,2023-11-23,Returned
8795,145,883,2026-03-31,2026-05-09,Returned
8796,1138,243,2026-05-21,2026-05-21,Returned
8797,1495,417,2024-09-14,2025-08-17,Returned
8798,1502,806,2026-04-11,2026-05-25,Returned
8799,1185,620,2024-10-26,2025-07-10,Returned
8800,840,488,2023-06-16,2026-01-18,Returned
8801,202,665,2026-04-25,2026-05-19,Returned
8802,1600,308,2024-07-02,2025-10-06,Returned
8803,1020,967,2025-10-08,,Active
8804,792,35,2024-10-13,2025-08-31,Returned
8805,443,971,2023-08-29,2024-12-31,Returned
8806,365,896,2024-10-28,2025-04-22,Returned
8807,1773,268,2024-11-19,2025-01-30,Returned
8808,691,207,2023-06-10,2026-01-09,Returned
8809,663,207,2023-11-08,2026-02-09,Returned
8810,420,284,2024-01-19,,Active
8811,968,782,2025-11-08,2026-04-29,Returned
8812,342,543,2023-07-04,2024-03-10,Returned
8813,1541,967,2023-12-06,,Late
8814,628,121,2025-01-20,2025-08-01,Returned
8815,963,908,2025-06-18,,Late
8816,1840,954,2024-01-30,2024-02-03,Returned
8817,765,331,2025-03-12,,Late
8818,1243,840,2023-09-05,2024-08-02,Returned
8819,1777,302,2026-06-06,2026-06-06,Returned
8820,1594,104,2024-04-20,2025-12-18,Returned
8821,325,286,2024-05-22,,Active
8822,1886,694,2024-11-07,,Active
8823,1639,576,2025-01-22,2025-06-26,Returned
8824,581,273,2024-12-23,2025-12-24,Returned
8825,1758,384,2024-09-20,2025-01-29,Returned
8826,983,975,2023-06-26,2025-07-15,Returned
8827,318,895,2024-07-28,2024-12-25,Returned
8828,81,762,2024-02-18,2026-02-27,Returned
8829,51,919,2024-01-25,2026-01-07,Returned
8830,25,703,2025-01-17,2025-05-30,Returned
8831,1002,741,2024-04-30,2024-11-20,Returned
8832,221,728,2024-07-25,2026-01-09,Returned
8833,212,525,2023-11-29,2025-04-13,Returned
8834,1861,217,2023-09-24,2026-04-05,Returned
8835,1337,215,2026-05-11,2026-05-31,Returned
8836,961,72,2026-03-03,2026-03-17,Returned
8837,1065,790,2025-07-14,2026-05-21,Returned
8838,295,667,2025-04-11,2026-05-08,Returned
8839,991,242,2024-06-24,,Active
8840,1343,913,2026-05-24,,Late
8841,1041,327,2025-07-21,2025-08-20,Returned
8842,349,743,2025-04-12,2026-01-06,Returned
8843,1164,772,2024-12-14,2026-05-02,Returned
8844,637,971,2024-02-25,2026-04-16,Returned
8845,1777,448,2024-12-02,2026-04-18,Returned
8846,1929,868,2024-11-21,2025-07-30,Returned
8847,1816,332,2025-06-27,2025-11-12,Returned
8848,1285,278,2025-11-13,2025-12-19,Returned
8849,852,423,2024-02-18,,Active
8850,1181,127,2025-03-12,2025-09-07,Returned
8851,749,864,2024-11-13,2026-04-02,Returned
8852,1561,322,2024-07-27,2025-12-03,Returned
8853,805,459,2023-10-12,2026-01-26,Returned
8854,519,170,2025-04-24,2025-07-25,Returned
8855,1956,593,2025-11-30,2026-05-02,Returned
8856,771,127,2024-03-25,2024-07-10,Returned
8857,1846,750,2025-08-24,,Active
8858,1817,163,2025-08-20,2026-03-18,Returned
8859,751,904,2025-03-05,2026-02-02,Returned
8860,1083,184,2024-03-26,2026-03-02,Returned
8861,1552,25,2025-01-08,2025-06-09,Returned
8862,1137,394,2024-05-11,2026-02-05,Returned
8863,412,424,2025-04-17,2026-03-03,Returned
8864,1022,774,2025-01-04,,Active
8865,673,897,2024-01-26,2024-06-18,Returned
8866,651,12,2026-03-12,2026-04-29,Returned
8867,1532,591,2024-09-22,2024-10-19,Returned
8868,1180,284,2025-08-24,,Active
8869,1806,223,2023-08-27,2025-11-10,Returned
8870,419,739,2024-08-18,,Late
8871,1563,284,2026-06-05,2026-06-06,Returned
8872,1249,525,2025-08-18,2025-12-22,Returned
8873,256,516,2025-08-28,2026-02-07,Returned
8874,1163,22,2025-10-12,2026-05-06,Returned
8875,1320,919,2024-04-14,2025-11-08,Returned
8876,1962,145,2026-03-21,2026-05-21,Returned
8877,1894,446,2024-08-24,2025-07-30,Returned
8878,1170,942,2025-02-11,2026-03-13,Returned
8879,420,225,2025-02-16,2026-04-28,Returned
8880,83,935,2024-09-15,2024-11-11,Returned
8881,1442,463,2026-04-29,,Late
8882,1488,727,2026-03-28,2026-04-11,Returned
8883,1495,31,2024-11-15,2025-06-29,Returned
8884,520,798,2023-08-29,2024-04-04,Returned
8885,593,796,2025-03-31,2025-10-27,Returned
8886,268,880,2024-03-21,2026-02-19,Returned
8887,1568,876,2024-04-23,2025-10-18,Returned
8888,313,171,2026-04-20,2026-04-30,Returned
8889,1157,691,2025-08-14,2026-05-07,Returned
8890,250,213,2025-04-18,2025-10-18,Returned
8891,1048,276,2025-08-17,2026-06-05,Returned
8892,1255,928,2025-09-11,2026-02-16,Returned
8893,1861,420,2025-01-27,2026-02-23,Returned
8894,614,569,2024-07-11,2024-08-16,Returned
8895,494,150,2024-05-11,2024-11-08,Returned
8896,308,831,2024-05-13,2026-05-08,Returned
8897,845,652,2024-08-01,2024-08-17,Returned
8898,870,331,2023-11-17,2026-05-08,Returned
8899,289,848,2024-06-14,2025-06-16,Returned
8900,1813,639,2026-01-18,2026-02-06,Returned
8901,1792,442,2024-06-26,2024-11-21,Returned
8902,948,556,2024-04-17,2026-02-11,Returned
8903,658,881,2024-10-29,2025-10-29,Returned
8904,767,12,2026-03-08,2026-05-27,Returned
8905,748,957,2024-10-14,2025-12-11,Returned
8906,1209,146,2024-12-19,2026-02-03,Returned
8907,1878,495,2026-05-18,2026-05-20,Returned
8908,1753,317,2024-04-30,2025-06-05,Returned
8909,1702,671,2025-01-30,2026-05-28,Returned
8910,1429,253,2023-09-11,2025-12-22,Returned
8911,416,953,2026-02-09,2026-05-10,Returned
8912,1678,35,2023-07-27,2026-04-28,Returned
8913,1945,15,2024-12-20,2025-07-02,Returned
8914,627,756,2023-12-29,2024-08-16,Returned
8915,1053,165,2025-02-18,2026-03-23,Returned
8916,1207,772,2025-08-05,2026-05-28,Returned
8917,1505,523,2024-05-22,2024-09-21,Returned
8918,1377,592,2025-09-06,2025-12-02,Returned
8919,777,130,2025-02-14,2025-05-29,Returned
8920,1905,487,2023-08-04,2025-01-30,Returned
8921,1900,961,2025-09-27,2025-11-13,Returned
8922,255,483,2024-04-01,2026-01-30,Returned
8923,1372,527,2024-09-01,2025-01-21,Returned
8924,43,922,2026-03-10,2026-04-12,Returned
8925,1033,311,2024-08-05,2024-10-16,Returned
8926,34,398,2026-04-08,2026-05-09,Returned
8927,1278,645,2024-02-02,,Late
8928,1560,720,2024-08-09,2025-07-25,Returned
8929,683,403,2023-12-01,2024-09-18,Returned
8930,542,111,2024-12-15,,Active
8931,138,116,2023-07-24,2024-01-07,Returned
8932,1377,192,2025-11-22,2026-01-05,Returned
8933,204,542,2023-08-02,2025-03-19,Returned
8934,1764,491,2024-09-28,2026-03-23,Returned
8935,1147,241,2025-06-27,2026-05-21,Returned
8936,166,469,2024-05-13,2024-08-22,Returned
8937,1023,243,2023-07-30,2025-11-23,Returned
8938,424,818,2025-10-02,2025-10-28,Returned
8939,986,722,2025-02-23,2025-06-20,Returned
8940,1229,109,2025-11-18,2026-02-23,Returned
8941,1582,917,2026-01-02,2026-01-28,Returned
8942,889,39,2024-08-15,2025-02-09,Returned
8943,677,451,2024-06-24,2024-08-26,Returned
8944,1999,436,2023-11-24,2024-01-19,Returned
8945,1626,579,2025-04-30,2025-06-21,Returned
8946,194,25,2024-06-28,2025-11-29,Returned
8947,1363,859,2024-06-17,,Active
8948,1445,209,2024-01-10,2026-01-14,Returned
8949,252,980,2025-02-23,2025-04-10,Returned
8950,1609,828,2023-07-30,2026-04-16,Returned
8951,1326,631,2026-01-18,2026-05-15,Returned
8952,205,914,2025-05-09,2025-12-25,Returned
8953,1251,340,2024-01-07,2025-12-22,Returned
8954,1663,928,2026-06-06,,Active
8955,387,803,2024-07-05,2025-10-28,Returned
8956,169,8,2026-04-19,,Active
8957,1851,876,2026-02-15,2026-03-29,Returned
8958,939,79,2023-12-18,2024-04-03,Returned
8959,1137,520,2025-12-13,2026-04-11,Returned
8960,875,779,2024-12-12,2025-09-06,Returned
8961,128,237,2025-02-07,,Active
8962,863,906,2024-01-28,2024-09-26,Returned
8963,1904,783,2024-11-21,2026-04-06,Returned
8964,1507,638,2026-02-26,2026-03-09,Returned
8965,1920,475,2024-08-22,2025-11-30,Returned
8966,1950,525,2025-09-23,2026-04-01,Returned
8967,750,557,2024-02-07,,Late
8968,125,990,2026-04-14,2026-04-29,Returned
8969,1858,676,2024-04-20,2024-05-22,Returned
8970,87,973,2026-03-17,2026-04-29,Returned
8971,1901,210,2025-01-23,2025-02-24,Returned
8972,276,229,2025-11-28,2025-12-08,Returned
8973,95,838,2023-10-21,,Active
8974,1437,796,2026-04-14,,Active
8975,1241,854,2025-07-05,2025-12-25,Returned
8976,986,754,2024-08-02,2026-03-05,Returned
8977,1711,196,2025-04-20,2026-02-26,Returned
8978,1986,376,2025-09-17,2025-10-19,Returned
8979,909,347,2026-05-19,2026-05-20,Returned
8980,1733,628,2023-08-11,2024-02-16,Returned
8981,917,533,2024-10-05,2025-02-03,Returned
8982,597,835,2023-10-18,2024-02-04,Returned
8983,720,659,2025-10-10,2026-02-27,Returned
8984,416,426,2025-07-06,2025-10-28,Returned
8985,357,680,2024-06-09,2026-05-26,Returned
8986,1060,920,2025-04-26,2026-02-15,Returned
8987,20,209,2026-03-18,2026-04-14,Returned
8988,380,807,2023-12-29,2024-07-28,Returned
8989,1150,463,2024-08-03,2025-09-07,Returned
8990,516,600,2023-10-31,2024-02-17,Returned
8991,170,554,2025-07-18,2025-12-26,Returned
8992,1726,974,2025-11-05,2026-04-28,Returned
8993,575,990,2026-05-01,2026-05-09,Returned
8994,161,556,2025-02-24,2025-08-04,Returned
8995,12,152,2023-12-30,2025-08-31,Returned
8996,1564,969,2024-08-29,,Active
8997,931,710,2025-03-04,2025-11-13,Returned
8998,1670,914,2025-11-24,2026-01-29,Returned
8999,1010,285,2025-01-14,2025-06-01,Returned
9000,190,935,2025-08-05,2025-08-10,Returned
9001,965,541,2024-09-15,2025-02-18,Returned
9002,1789,830,2025-08-03,2025-08-16,Returned
9003,976,604,2026-01-01,2026-04-11,Returned
9004,1998,421,2026-03-17,2026-04-18,Returned
9005,1055,788,2024-01-02,2026-02-16,Returned
9006,1971,407,2024-06-10,2025-06-25,Returned
9007,480,452,2023-08-17,2026-01-19,Returned
9008,566,807,2025-08-28,2025-11-04,Returned
9009,1564,324,2025-07-12,,Active
9010,520,155,2024-07-26,2025-05-13,Returned
9011,1817,579,2025-04-22,2026-05-08,Returned
9012,1325,495,2024-10-23,2025-02-21,Returned
9013,1852,803,2024-12-05,2025-11-15,Returned
9014,126,521,2023-12-05,2026-03-07,Returned
9015,581,303,2023-06-23,2024-10-10,Returned
9016,53,5,2026-01-06,2026-05-26,Returned
9017,1373,288,2026-04-15,2026-05-25,Returned
9018,421,631,2025-10-29,2026-03-27,Returned
9019,466,792,2025-08-24,2025-12-02,Returned
9020,1541,930,2025-02-14,2025-06-05,Returned
9021,1877,153,2024-08-06,2025-08-23,Returned
9022,806,377,2025-12-11,2026-03-25,Returned
9023,397,289,2025-07-28,2026-02-09,Returned
9024,927,784,2024-04-29,2024-12-08,Returned
9025,795,651,2025-06-08,2026-01-23,Returned
9026,764,94,2025-03-03,2025-10-01,Returned
9027,53,78,2025-03-13,2026-02-08,Returned
9028,1116,510,2025-01-09,2025-12-10,Returned
9029,1336,744,2024-05-23,2026-01-10,Returned
9030,983,70,2025-04-27,2026-03-06,Returned
9031,1563,516,2026-02-23,2026-04-27,Returned
9032,660,501,2025-05-17,2025-10-05,Returned
9033,294,199,2024-06-24,2026-03-03,Returned
9034,1882,638,2026-04-21,2026-06-02,Returned
9035,1128,386,2025-08-27,2026-01-16,Returned
9036,120,57,2023-11-15,2024-09-27,Returned
9037,1351,480,2023-12-21,2025-04-15,Returned
9038,235,343,2024-06-16,2026-04-30,Returned
9039,638,517,2023-08-08,2025-04-18,Returned
9040,1191,10,2025-11-15,2025-11-17,Returned
9041,509,268,2024-03-24,2025-05-23,Returned
9042,1331,933,2024-11-30,,Active
9043,1406,211,2025-10-05,2026-04-13,Returned
9044,1301,739,2023-09-30,2024-10-27,Returned
9045,907,514,2023-08-22,2025-11-28,Returned
9046,1663,575,2024-06-21,2026-05-29,Returned
9047,483,293,2023-08-14,2024-01-26,Returned
9048,759,789,2024-03-14,2025-05-02,Returned
9049,1242,152,2024-05-26,2025-01-28,Returned
9050,1764,299,2025-05-17,2026-03-26,Returned
9051,1683,410,2025-03-01,,Active
9052,1274,906,2026-01-10,2026-05-28,Returned
9053,801,828,2024-11-27,2026-03-03,Returned
9054,1833,536,2026-06-06,2026-06-06,Returned
9055,302,781,2023-11-29,2026-03-23,Returned
9056,1760,679,2026-04-26,2026-05-02,Returned
9057,1427,758,2025-09-17,,Active
9058,774,698,2025-05-19,2025-11-19,Returned
9059,1314,326,2025-06-16,2026-03-31,Returned
9060,1238,999,2025-02-01,2025-02-04,Returned
9061,1485,115,2025-02-17,2025-12-28,Returned
9062,719,946,2025-01-29,2025-08-07,Returned
9063,75,121,2026-05-10,2026-05-25,Returned
9064,606,791,2026-02-13,2026-04-06,Returned
9065,306,425,2024-01-26,2026-05-17,Returned
9066,1175,413,2024-10-26,2025-01-23,Returned
9067,1407,89,2025-01-29,2025-09-04,Returned
9068,739,803,2025-08-20,2026-02-07,Returned
9069,1125,175,2025-04-12,,Active
9070,466,73,2025-07-05,2025-12-27,Returned
9071,1068,702,2023-09-05,2024-12-14,Returned
9072,155,89,2025-09-02,2025-12-22,Returned
9073,761,58,2026-03-19,2026-04-15,Returned
9074,242,78,2024-05-20,2024-12-22,Returned
9075,365,755,2025-04-09,2026-03-14,Returned
9076,116,581,2025-01-24,2025-05-28,Returned
9077,243,152,2024-12-29,2026-01-14,Returned
9078,1902,833,2024-01-28,2024-03-16,Returned
9079,733,625,2025-09-04,2025-10-17,Returned
9080,267,115,2023-07-18,2025-04-08,Returned
9081,159,401,2024-09-22,2025-10-21,Returned
9082,1468,578,2024-10-21,2026-03-09,Returned
9083,1888,973,2026-06-04,2026-06-04,Returned
9084,1455,902,2026-05-07,2026-05-20,Returned
9085,198,351,2024-02-18,2025-12-05,Returned
9086,686,509,2024-03-11,2024-06-16,Returned
9087,444,278,2024-06-22,2024-07-22,Returned
9088,1135,564,2025-07-29,2025-10-30,Returned
9089,329,292,2024-02-07,2025-09-29,Returned
9090,1030,444,2025-08-19,2025-11-11,Returned
9091,827,563,2024-03-10,,Active
9092,1377,14,2025-08-10,2026-03-28,Returned
9093,902,181,2025-02-16,,Active
9094,1016,138,2024-11-17,2025-12-08,Returned
9095,1746,584,2026-02-17,,Active
9096,1629,148,2024-12-15,2025-10-11,Returned
9097,1054,431,2024-05-10,2025-09-19,Returned
9098,1954,294,2024-09-18,2025-10-05,Returned
9099,410,206,2025-07-27,2026-05-17,Returned
9100,1813,527,2023-09-30,2025-01-13,Returned
9101,1992,595,2023-08-02,2025-08-01,Returned
9102,1112,746,2025-11-01,2026-03-26,Returned
9103,235,635,2026-03-07,2026-04-26,Returned
9104,502,704,2024-03-27,2024-11-13,Returned
9105,781,786,2023-06-16,2025-05-19,Returned
9106,584,747,2025-07-16,2025-11-09,Returned
9107,178,312,2023-06-21,2023-08-06,Returned
9108,1754,526,2023-09-06,2025-02-13,Returned
9109,464,698,2025-02-13,2025-07-11,Returned
9110,69,492,2025-05-29,,Active
9111,799,479,2023-12-19,2024-06-06,Returned
9112,1438,31,2025-01-14,2025-07-19,Returned
9113,1182,960,2024-03-20,2024-09-25,Returned
9114,1826,353,2025-07-20,2026-03-12,Returned
9115,1090,702,2025-07-23,2025-11-29,Returned
9116,1167,736,2025-11-04,2025-12-20,Returned
9117,1205,870,2024-03-20,2024-10-19,Returned
9118,786,684,2024-03-21,2025-05-15,Returned
9119,1410,520,2024-02-06,2024-10-28,Returned
9120,443,228,2023-10-05,2025-10-08,Returned
9121,709,905,2023-07-08,2026-05-01,Returned
9122,343,39,2024-11-17,,Active
9123,255,285,2024-12-28,2025-02-13,Returned
9124,679,956,2023-08-28,2024-09-21,Returned
9125,1865,812,2024-05-04,,Active
9126,219,305,2026-01-29,2026-03-30,Returned
9127,551,192,2024-06-28,,Active
9128,1759,540,2025-03-10,2025-11-19,Returned
9129,299,830,2023-10-04,2024-11-03,Returned
9130,320,84,2024-05-18,2024-11-08,Returned
9131,484,853,2024-05-04,2025-03-16,Returned
9132,1440,92,2024-05-25,2025-07-04,Returned
9133,106,261,2026-04-11,2026-05-01,Returned
9134,1973,45,2023-08-06,2026-02-26,Returned
9135,1645,179,2026-04-26,2026-05-19,Returned
9136,196,687,2024-05-23,2025-01-25,Returned
9137,809,396,2025-01-14,2025-03-25,Returned
9138,1539,30,2023-07-02,2024-07-31,Returned
9139,402,990,2023-08-22,,Active
9140,1322,730,2025-04-14,2026-02-11,Returned
9141,1786,957,2024-02-12,2026-02-28,Returned
9142,1067,376,2025-10-23,2026-01-08,Returned
9143,220,538,2025-02-14,2025-02-17,Returned
9144,885,136,2023-08-30,2024-02-26,Returned
9145,544,597,2025-02-12,2025-08-27,Returned
9146,164,305,2025-10-03,2025-12-22,Returned
9147,267,114,2025-08-06,2026-05-03,Returned
9148,729,970,2025-10-19,2026-03-29,Returned
9149,1665,533,2024-08-18,2024-08-29,Returned
9150,1547,209,2023-08-01,2024-05-20,Returned
9151,676,755,2023-11-01,2024-05-31,Returned
9152,1350,178,2025-09-21,,Late
9153,926,779,2025-05-10,2026-05-31,Returned
9154,917,149,2024-03-25,2025-07-08,Returned
9155,1380,27,2026-03-03,,Late
9156,1296,37,2025-10-01,2025-12-26,Returned
9157,114,125,2025-05-09,2025-07-13,Returned
9158,1067,434,2024-03-24,2025-06-14,Returned
9159,1599,318,2025-04-29,2025-07-18,Returned
9160,1293,425,2024-06-30,2026-05-19,Returned
9161,1686,830,2025-03-18,2026-01-06,Returned
9162,30,587,2026-05-20,2026-05-24,Returned
9163,310,829,2024-09-13,,Active
9164,1610,834,2024-03-21,2025-02-08,Returned
9165,1711,571,2025-06-18,2026-01-01,Returned
9166,888,317,2023-11-21,2024-01-20,Returned
9167,1105,58,2025-10-07,,Active
9168,1092,851,2025-03-17,2025-08-23,Returned
9169,1689,476,2026-04-26,2026-04-27,Returned
9170,1126,352,2025-12-25,2026-01-18,Returned
9171,34,845,2025-12-18,2026-04-07,Returned
9172,1942,295,2025-09-26,2026-02-09,Returned
9173,1902,306,2026-05-01,2026-06-01,Returned
9174,1357,897,2025-07-29,2025-10-28,Returned
9175,1324,923,2025-11-28,2026-03-12,Returned
9176,868,566,2025-04-03,2025-07-08,Returned
9177,1606,835,2026-05-14,2026-05-27,Returned
9178,663,686,2025-11-14,2026-02-26,Returned
9179,1107,490,2026-03-08,2026-05-31,Returned
9180,1354,144,2024-07-24,2026-02-21,Returned
9181,1401,723,2024-05-08,2026-05-11,Returned
9182,1010,728,2025-12-31,2026-01-24,Returned
9183,929,16,2023-08-22,2026-01-09,Returned
9184,1256,535,2023-11-03,2025-11-10,Returned
9185,269,623,2024-12-30,,Late
9186,1023,638,2026-03-02,2026-05-24,Returned
9187,1972,439,2023-12-26,2024-04-17,Returned
9188,504,344,2023-07-30,2024-04-22,Returned
9189,1757,546,2024-06-27,2026-03-08,Returned
9190,317,844,2026-01-13,2026-05-04,Returned
9191,1616,106,2024-01-12,2024-05-21,Returned
9192,679,561,2023-08-11,2025-05-20,Returned
9193,305,38,2023-09-22,2026-05-22,Returned
9194,1497,583,2025-03-18,2025-05-27,Returned
9195,1893,754,2023-11-14,2024-08-07,Returned
9196,1400,290,2023-08-12,2025-07-18,Returned
9197,1754,334,2024-06-19,2024-12-29,Returned
9198,508,99,2024-05-26,2024-05-30,Returned
9199,1236,738,2026-02-20,2026-04-04,Returned
9200,415,382,2024-04-24,2025-04-30,Returned
9201,901,337,2023-09-07,2025-07-18,Returned
9202,1797,399,2024-11-25,2025-02-04,Returned
9203,1291,500,2024-08-09,2025-08-04,Returned
9204,1741,189,2024-11-19,2025-02-06,Returned
9205,439,96,2024-10-22,2026-05-29,Returned
9206,1692,669,2023-10-02,2024-09-10,Returned
9207,1082,557,2025-01-22,,Active
9208,807,542,2024-11-22,2025-05-10,Returned
9209,448,177,2024-04-15,2025-07-11,Returned
9210,1467,126,2025-12-17,2026-02-12,Returned
9211,545,659,2025-07-17,2026-02-03,Returned
9212,43,358,2024-02-24,2025-08-26,Returned
9213,1701,265,2024-12-09,2025-12-02,Returned
9214,1066,596,2026-05-30,2026-06-02,Returned
9215,87,207,2026-01-04,2026-03-24,Returned
9216,271,147,2026-03-02,2026-05-26,Returned
9217,1948,221,2023-07-28,2026-05-06,Returned
9218,733,756,2023-12-18,2024-04-04,Returned
9219,1737,755,2025-08-30,2026-03-07,Returned
9220,947,424,2024-10-21,2025-05-06,Returned
9221,691,336,2024-01-12,,Active
9222,1164,267,2024-03-27,2025-02-22,Returned
9223,435,841,2025-05-03,2025-11-06,Returned
9224,1614,580,2024-09-17,2025-01-20,Returned
9225,604,157,2023-07-02,2025-01-19,Returned
9226,1776,141,2025-01-19,2025-10-29,Returned
9227,1449,929,2025-09-26,2026-03-08,Returned
9228,1705,437,2024-01-03,2024-02-23,Returned
9229,334,897,2025-08-12,,Active
9230,1713,515,2025-01-12,2025-04-08,Returned
9231,1341,795,2023-11-26,2024-01-14,Returned
9232,1275,113,2024-10-30,2026-02-23,Returned
9233,1634,491,2024-05-07,2025-12-02,Returned
9234,42,899,2023-07-31,2026-01-26,Returned
9235,936,957,2025-12-26,2026-05-15,Returned
9236,1504,742,2023-09-27,2026-04-24,Returned
9237,968,769,2025-10-26,2026-05-02,Returned
9238,620,334,2024-10-09,2025-07-16,Returned
9239,871,702,2025-03-31,2025-10-19,Returned
9240,1641,76,2025-07-06,2026-03-24,Returned
9241,635,195,2024-07-14,2025-09-08,Returned
9242,811,532,2025-06-16,2025-07-15,Returned
9243,624,378,2025-05-08,2025-07-17,Returned
9244,1984,29,2025-09-06,2026-03-05,Returned
9245,926,675,2025-06-26,2025-12-14,Returned
9246,612,480,2023-08-11,2025-10-27,Returned
9247,157,834,2024-07-11,2025-04-16,Returned
9248,274,917,2024-10-01,2026-05-25,Returned
9249,1078,673,2023-12-09,2025-06-02,Returned
9250,11,589,2026-06-05,2026-06-06,Returned
9251,1615,904,2025-02-06,2026-01-07,Returned
9252,867,938,2024-09-24,2025-08-03,Returned
9253,579,680,2024-05-02,2025-02-24,Returned
9254,1116,388,2026-03-08,2026-03-08,Returned
9255,1509,793,2023-07-02,2023-11-28,Returned
9256,762,32,2025-03-21,,Active
9257,448,655,2026-01-10,2026-02-27,Returned
9258,492,993,2025-11-27,,Active
9259,1393,686,2025-10-06,2025-12-17,Returned
9260,658,162,2025-11-14,,Active
9261,1966,770,2023-10-08,2023-11-16,Returned
9262,581,774,2025-07-28,2026-06-05,Returned
9263,249,670,2024-10-21,2024-12-16,Returned
9264,1335,127,2023-11-14,2024-03-03,Returned
9265,1950,878,2024-09-14,2025-10-26,Returned
9266,1683,944,2026-06-02,2026-06-06,Returned
9267,1942,234,2025-09-23,2026-04-25,Returned
9268,1993,843,2023-11-29,2025-04-29,Returned
9269,758,713,2024-09-11,2025-05-08,Returned
9270,402,67,2025-12-15,2026-01-29,Returned
9271,113,270,2024-03-19,2025-04-26,Returned
9272,1428,213,2023-06-16,2024-03-06,Returned
9273,55,714,2025-01-07,,Late
9274,1045,856,2024-08-12,2026-02-02,Returned
9275,1282,386,2026-04-17,2026-04-27,Returned
9276,143,565,2024-10-12,2025-10-04,Returned
9277,341,643,2023-12-28,2026-02-05,Returned
9278,1376,233,2023-10-25,2024-07-15,Returned
9279,1770,521,2026-05-16,2026-05-30,Returned
9280,313,240,2024-02-04,2025-09-01,Returned
9281,1103,830,2024-07-07,2026-01-11,Returned
9282,106,924,2025-03-27,2025-12-22,Returned
9283,121,212,2023-09-11,2025-07-12,Returned
9284,1607,765,2024-09-23,,Active
9285,10,923,2026-03-26,2026-05-07,Returned
9286,55,13,2023-09-26,,Active
9287,1875,565,2025-12-07,2026-02-14,Returned
9288,34,204,2024-05-21,2025-08-30,Returned
9289,1659,512,2025-08-04,2025-08-16,Returned
9290,1638,498,2026-03-10,2026-06-02,Returned
9291,1085,434,2024-05-06,2024-06-18,Returned
9292,687,928,2023-09-22,2024-07-14,Returned
9293,1848,55,2025-12-04,2026-04-14,Returned
9294,1104,654,2024-12-22,2026-04-26,Returned
9295,1718,851,2024-04-21,2026-03-31,Returned
9296,186,682,2024-02-28,2025-05-01,Returned
9297,521,594,2024-01-10,2026-04-14,Returned
9298,1991,944,2026-03-12,,Late
9299,18,15,2024-02-02,2025-08-25,Returned
9300,429,363,2024-02-16,2024-03-16,Returned
9301,1478,190,2024-04-14,2024-05-23,Returned
9302,706,999,2025-03-11,2026-04-30,Returned
9303,60,792,2025-03-21,2025-09-14,Returned
9304,1387,752,2025-11-26,2026-03-04,Returned
9305,106,323,2025-08-08,2025-08-29,Returned
9306,783,124,2024-02-17,2024-08-14,Returned
9307,1328,921,2024-02-04,2025-10-19,Returned
9308,1121,919,2025-02-20,2025-09-12,Returned
9309,1708,31,2025-02-02,2025-11-03,Returned
9310,1500,533,2025-04-20,2026-01-25,Returned
9311,640,106,2023-10-25,2025-05-18,Returned
9312,1672,372,2026-03-01,2026-03-06,Returned
9313,1394,501,2026-04-09,2026-04-13,Returned
9314,524,182,2024-04-29,2024-05-10,Returned
9315,1759,912,2025-08-16,2026-02-16,Returned
9316,300,92,2023-11-20,2026-01-18,Returned
9317,1680,860,2026-05-19,2026-06-06,Returned
9318,1667,159,2023-08-13,2023-11-19,Returned
9319,1694,568,2025-04-01,,Active
9320,1102,280,2023-06-16,2026-05-30,Returned
9321,1410,105,2025-01-21,2025-11-02,Returned
9322,232,398,2024-09-24,2025-06-05,Returned
9323,617,930,2025-11-10,2025-11-30,Returned
9324,438,651,2024-04-06,2024-04-19,Returned
9325,1238,121,2025-01-21,2025-04-17,Returned
9326,1300,272,2025-06-25,,Active
9327,1345,406,2024-06-02,2025-02-12,Returned
9328,1552,588,2026-03-25,2026-05-07,Returned
9329,1269,315,2024-10-03,2026-05-24,Returned
9330,306,616,2024-04-20,2025-01-19,Returned
9331,1176,33,2024-09-15,2024-11-23,Returned
9332,608,418,2023-06-13,2024-11-20,Returned
9333,1943,351,2024-02-23,2025-03-27,Returned
9334,417,20,2025-05-09,2026-02-02,Returned
9335,190,47,2023-09-30,,Active
9336,28,644,2026-01-13,2026-03-19,Returned
9337,168,12,2026-03-08,,Late
9338,1205,973,2025-10-27,2026-05-04,Returned
9339,606,862,2025-12-08,2025-12-30,Returned
9340,1613,46,2025-03-16,2025-11-30,Returned
9341,1467,207,2024-09-24,2024-09-26,Returned
9342,179,289,2025-03-11,2025-07-07,Returned
9343,1917,752,2025-10-02,2025-12-29,Returned
9344,901,618,2024-09-25,2024-10-25,Returned
9345,1791,828,2024-09-10,2025-04-02,Returned
9346,998,116,2025-07-31,2025-09-07,Returned
9347,1462,366,2024-07-22,2025-09-26,Returned
9348,1409,239,2023-10-07,2023-12-18,Returned
9349,1915,20,2025-10-02,2026-03-27,Returned
9350,1724,522,2024-11-18,2025-05-22,Returned
9351,205,612,2024-04-03,,Active
9352,1844,752,2025-02-05,2025-09-19,Returned
9353,1668,75,2024-09-18,2025-11-05,Returned
9354,1821,766,2026-04-01,2026-04-25,Returned
9355,1317,880,2026-04-14,2026-05-10,Returned
9356,649,238,2023-12-23,2025-05-11,Returned
9357,1161,768,2023-07-09,2025-03-02,Returned
9358,995,946,2025-05-20,,Late
9359,265,35,2024-06-13,2026-01-21,Returned
9360,975,682,2025-07-08,2025-08-26,Returned
9361,843,214,2025-11-11,2026-01-26,Returned
9362,1112,675,2026-02-11,2026-06-04,Returned
9363,1880,470,2025-07-13,,Active
9364,1526,883,2024-12-26,2026-05-22,Returned
9365,225,812,2026-05-24,2026-05-31,Returned
9366,946,116,2025-01-23,2026-06-03,Returned
9367,734,991,2023-08-18,2024-03-11,Returned
9368,472,887,2023-09-25,2025-12-30,Returned
9369,1738,537,2026-02-07,2026-05-11,Returned
9370,129,591,2024-07-14,,Late
9371,135,425,2026-02-07,2026-03-27,Returned
9372,938,822,2023-11-22,2024-11-05,Returned
9373,277,410,2024-06-22,2025-09-04,Returned
9374,1682,603,2024-03-03,2024-08-30,Returned
9375,1835,224,2025-11-16,2025-11-21,Returned
9376,190,652,2024-09-08,2026-01-09,Returned
9377,898,852,2023-11-07,2025-08-24,Returned
9378,75,104,2025-11-28,2026-06-04,Returned
9379,1727,566,2025-05-13,2026-04-14,Returned
9380,1595,604,2026-05-04,2026-05-11,Returned
9381,89,971,2026-04-12,2026-05-05,Returned
9382,471,402,2025-08-27,2025-10-24,Returned
9383,86,403,2026-04-14,2026-05-15,Returned
9384,1588,949,2025-03-20,2025-08-03,Returned
9385,808,114,2025-09-25,2025-10-14,Returned
9386,351,532,2024-11-11,2025-10-07,Returned
9387,1931,745,2024-12-20,2024-12-31,Returned
9388,1585,678,2026-04-03,2026-06-02,Returned
9389,341,356,2024-05-12,2025-09-26,Returned
9390,1135,991,2024-03-13,2026-04-01,Returned
9391,200,325,2024-04-03,2024-04-29,Returned
9392,1961,556,2024-06-26,2025-01-18,Returned
9393,1612,461,2023-11-13,2024-02-10,Returned
9394,141,167,2025-01-20,2025-06-27,Returned
9395,270,869,2023-06-09,2024-07-17,Returned
9396,1133,510,2024-07-14,2025-08-17,Returned
9397,1061,811,2023-09-12,2026-03-27,Returned
9398,1169,86,2024-04-15,2025-10-13,Returned
9399,1263,691,2024-10-09,2024-11-07,Returned
9400,1855,523,2024-09-25,2026-02-25,Returned
9401,1329,543,2025-04-28,2025-12-28,Returned
9402,1690,970,2024-12-30,2026-05-16,Returned
9403,1349,27,2024-09-25,2025-06-01,Returned
9404,1129,236,2023-07-25,,Late
9405,1143,5,2024-10-23,,Active
9406,567,840,2023-11-19,2024-06-18,Returned
9407,1653,449,2024-09-06,2026-06-04,Returned
9408,1034,137,2024-05-31,2024-09-17,Returned
9409,1475,774,2024-09-12,2026-05-27,Returned
9410,1947,844,2025-12-09,2026-02-21,Returned
9411,694,940,2026-04-13,2026-04-29,Returned
9412,500,267,2024-10-23,2025-07-23,Returned
9413,1077,291,2024-07-28,2025-07-18,Returned
9414,1030,225,2026-04-15,2026-05-18,Returned
9415,1738,265,2023-07-13,2025-07-31,Returned
9416,961,753,2025-04-25,2025-10-17,Returned
9417,1084,479,2025-03-26,2025-10-04,Returned
9418,1344,150,2025-11-29,2025-12-18,Returned
9419,434,12,2024-08-10,2025-06-03,Returned
9420,42,836,2026-03-28,2026-05-12,Returned
9421,1026,190,2025-04-29,2026-06-03,Returned
9422,1989,326,2024-03-22,2024-05-18,Returned
9423,64,957,2024-03-29,2024-06-08,Returned
9424,774,916,2023-06-12,2025-05-20,Returned
9425,1426,627,2026-02-11,2026-05-26,Returned
9426,1124,737,2025-10-02,2026-01-26,Returned
9427,1425,703,2023-06-16,2025-06-26,Returned
9428,550,173,2025-09-18,2026-01-18,Returned
9429,1847,696,2024-12-30,2025-11-01,Returned
9430,1011,92,2023-08-14,2025-08-20,Returned
9431,703,246,2024-05-24,2026-04-14,Returned
9432,562,881,2025-11-18,2026-02-05,Returned
9433,982,174,2024-08-23,2026-05-22,Returned
9434,128,555,2024-05-02,,Active
9435,1284,790,2023-06-29,2025-10-27,Returned
9436,999,397,2024-06-01,2026-04-12,Returned
9437,953,134,2024-03-21,2026-02-03,Returned
9438,1113,242,2026-05-12,2026-05-25,Returned
9439,758,812,2024-10-26,2025-07-26,Returned
9440,1984,270,2025-07-13,2025-07-29,Returned
9441,1245,476,2025-04-08,2025-11-13,Returned
9442,1,404,2026-01-13,2026-05-29,Returned
9443,1393,278,2023-10-14,2024-01-24,Returned
9444,441,643,2023-12-10,2025-11-18,Returned
9445,812,217,2025-02-05,2025-05-19,Returned
9446,464,387,2023-07-10,2025-12-05,Returned
9447,79,100,2025-01-06,2025-05-21,Returned
9448,860,382,2024-10-17,2025-09-29,Returned
9449,1830,938,2023-08-28,,Late
9450,191,362,2024-11-15,2025-08-04,Returned
9451,632,207,2023-08-01,2026-01-23,Returned
9452,754,187,2025-05-30,2025-12-03,Returned
9453,425,202,2024-08-29,2025-01-16,Returned
9454,79,451,2025-07-07,,Active
9455,370,40,2023-10-07,2024-07-13,Returned
9456,1719,230,2026-02-04,2026-05-12,Returned
9457,741,109,2024-08-09,2026-03-04,Returned
9458,1738,800,2023-08-04,,Late
9459,846,468,2025-09-11,2025-10-18,Returned
9460,274,417,2025-11-22,2026-01-10,Returned
9461,444,365,2025-07-16,2026-05-23,Returned
9462,125,584,2024-08-19,2025-02-23,Returned
9463,129,769,2024-10-27,2025-10-15,Returned
9464,528,376,2023-10-11,2024-09-15,Returned
9465,223,733,2024-06-07,2026-06-04,Returned
9466,723,740,2023-12-09,2024-11-12,Returned
9467,77,834,2025-08-17,,Active
9468,529,517,2023-10-19,2025-10-05,Returned
9469,1393,56,2025-10-04,2025-11-02,Returned
9470,1474,962,2024-12-31,2025-07-14,Returned
9471,395,303,2025-05-04,2025-07-03,Returned
9472,458,411,2025-02-28,2026-01-29,Returned
9473,1795,105,2023-11-22,2025-03-24,Returned
9474,130,423,2026-04-20,2026-05-10,Returned
9475,842,217,2024-07-20,2025-08-13,Returned
9476,734,227,2024-09-12,2026-01-22,Returned
9477,1838,94,2025-01-23,2026-02-07,Returned
9478,953,571,2024-01-03,2026-04-07,Returned
9479,1826,90,2026-03-11,2026-03-12,Returned
9480,772,633,2024-11-15,2025-08-13,Returned
9481,374,384,2024-08-22,2025-05-19,Returned
9482,396,976,2024-11-24,,Active
9483,1196,53,2025-12-12,,Active
9484,1150,983,2024-06-26,2024-11-28,Returned
9485,1988,897,2024-02-16,2025-02-07,Returned
9486,612,971,2023-10-12,2025-04-07,Returned
9487,825,860,2023-06-30,2025-12-20,Returned
9488,1123,208,2024-02-02,2025-12-10,Returned
9489,1884,933,2024-09-23,,Active
9490,1216,606,2023-07-13,,Late
9491,511,642,2024-06-28,2026-01-31,Returned
9492,1812,520,2025-12-02,2026-01-23,Returned
9493,1523,473,2025-12-19,2026-01-06,Returned
9494,1865,806,2025-08-25,,Active
9495,1088,667,2025-04-03,2026-02-22,Returned
9496,1902,434,2023-12-20,2025-06-29,Returned
9497,1535,817,2024-09-28,2024-10-31,Returned
9498,359,147,2025-08-04,2026-02-01,Returned
9499,849,994,2025-09-23,2026-02-24,Returned
9500,206,234,2025-03-05,2026-05-16,Returned
9501,1583,626,2026-01-11,2026-04-20,Returned
9502,1243,524,2025-11-26,2025-12-23,Returned
9503,1710,274,2024-10-21,,Late
9504,623,183,2023-09-15,2025-07-21,Returned
9505,190,97,2026-05-09,2026-05-24,Returned
9506,22,930,2025-04-03,2025-10-03,Returned
9507,448,636,2025-05-20,,Active
9508,1105,487,2023-11-14,2025-05-15,Returned
9509,1406,523,2026-04-12,2026-05-05,Returned
9510,1569,676,2026-02-07,2026-03-18,Returned
9511,632,787,2025-03-15,2026-03-08,Returned
9512,1342,488,2025-01-27,2025-07-07,Returned
9513,1575,666,2024-10-03,2025-08-30,Returned
9514,1041,841,2024-09-26,2025-11-04,Returned
9515,928,392,2026-02-14,2026-04-13,Returned
9516,86,500,2024-01-03,2024-01-20,Returned
9517,412,658,2024-06-15,,Late
9518,1864,767,2024-08-10,2025-10-16,Returned
9519,1207,951,2025-07-28,2025-12-26,Returned
9520,321,581,2024-02-23,2025-01-29,Returned
9521,1614,776,2026-05-08,2026-05-17,Returned
9522,1346,837,2026-04-03,2026-04-09,Returned
9523,1203,265,2025-10-17,2026-06-03,Returned
9524,253,556,2024-11-07,2024-11-25,Returned
9525,28,870,2023-10-21,,Active
9526,504,552,2025-08-30,2026-03-26,Returned
9527,168,692,2025-04-08,2025-06-01,Returned
9528,248,289,2024-12-22,2025-10-08,Returned
9529,1154,893,2024-03-21,2024-06-01,Returned
9530,1214,402,2023-12-30,2025-05-29,Returned
9531,676,524,2024-04-06,2025-01-09,Returned
9532,370,217,2023-11-28,2024-07-28,Returned
9533,1832,237,2024-02-04,,Active
9534,536,858,2024-10-08,2024-11-26,Returned
9535,648,953,2024-10-03,2026-03-03,Returned
9536,557,334,2024-06-20,2026-01-02,Returned
9537,1215,364,2023-07-03,2023-12-12,Returned
9538,804,523,2023-09-18,2025-06-25,Returned
9539,1873,193,2024-11-29,2026-05-15,Returned
9540,1510,522,2025-03-12,2026-01-15,Returned
9541,304,139,2025-08-08,2026-02-22,Returned
9542,1648,331,2023-07-25,2025-05-18,Returned
9543,30,162,2024-03-23,2026-02-02,Returned
9544,641,131,2023-09-29,2025-01-12,Returned
9545,571,554,2023-10-18,2025-08-15,Returned
9546,1179,478,2023-11-25,2023-11-29,Returned
9547,556,445,2024-07-11,2025-02-14,Returned
9548,1489,824,2023-10-24,,Late
9549,850,793,2023-08-11,2026-01-24,Returned
9550,1327,878,2024-05-06,2024-06-04,Returned
9551,252,516,2026-02-13,2026-03-08,Returned
9552,762,66,2025-12-30,2026-05-13,Returned
9553,723,615,2024-08-16,2024-10-09,Returned
9554,606,384,2026-03-16,2026-03-28,Returned
9555,1347,856,2024-11-17,2025-05-14,Returned
9556,3,496,2023-11-24,,Active
9557,448,188,2023-07-31,2025-08-27,Returned
9558,679,340,2025-12-30,2026-05-22,Returned
9559,863,592,2024-06-28,2024-07-22,Returned
9560,873,148,2025-09-18,2026-05-03,Returned
9561,411,490,2025-11-14,,Late
9562,1869,428,2024-03-17,,Active
9563,844,589,2026-03-03,2026-04-27,Returned
9564,1785,169,2026-03-06,2026-04-07,Returned
9565,421,294,2024-07-11,2026-01-10,Returned
9566,951,78,2023-12-12,2024-02-19,Returned
9567,1247,64,2023-10-29,2023-11-05,Returned
9568,1492,795,2024-04-16,2024-09-28,Returned
9569,133,237,2023-08-12,2025-10-01,Returned
9570,1229,602,2025-09-08,2026-01-10,Returned
9571,1435,80,2024-06-25,2025-08-08,Returned
9572,1687,713,2024-01-13,2025-05-22,Returned
9573,1589,117,2025-01-16,2025-08-18,Returned
9574,446,968,2025-01-30,2026-01-01,Returned
9575,1064,163,2023-11-28,2024-08-22,Returned
9576,63,565,2024-06-30,2024-10-10,Returned
9577,1513,623,2025-08-01,2025-11-22,Returned
9578,856,81,2024-06-03,2024-08-13,Returned
9579,1666,78,2025-01-11,2025-07-17,Returned
9580,1940,788,2024-09-06,2025-06-30,Returned
9581,386,894,2025-09-29,2026-04-12,Returned
9582,1851,61,2023-10-31,2024-11-08,Returned
9583,97,693,2024-10-20,2025-06-26,Returned
9584,1365,116,2023-07-26,2025-05-21,Returned
9585,465,368,2024-08-30,2026-05-27,Returned
9586,186,106,2024-04-08,2024-08-26,Returned
9587,1313,134,2026-01-08,2026-03-27,Returned
9588,1526,844,2023-06-27,2023-12-27,Returned
9589,1387,187,2023-07-01,2024-09-21,Returned
9590,1533,884,2024-03-02,2025-04-10,Returned
9591,1324,995,2025-02-09,2025-03-19,Returned
9592,345,625,2025-02-12,2025-12-03,Returned
9593,277,842,2024-03-29,2025-06-12,Returned
9594,507,403,2026-01-19,2026-03-25,Returned
9595,391,582,2024-08-14,2026-05-15,Returned
9596,1965,861,2025-01-07,2026-02-05,Returned
9597,1570,23,2025-02-05,,Late
9598,1162,274,2025-07-15,2025-09-30,Returned
9599,877,425,2024-07-20,,Late
9600,1414,582,2024-11-12,2025-03-31,Returned
9601,799,638,2024-09-20,2025-05-25,Returned
9602,991,149,2025-07-08,2026-02-13,Returned
9603,924,989,2025-05-25,2026-05-06,Returned
9604,407,50,2024-06-13,2026-06-06,Returned
9605,1520,337,2023-07-29,,Active
9606,149,125,2024-03-16,2025-03-30,Returned
9607,516,675,2025-01-02,2025-12-24,Returned
9608,1151,1000,2025-03-03,,Active
9609,1041,216,2025-04-01,2025-05-04,Returned
9610,930,608,2023-08-17,2026-04-01,Returned
9611,1896,272,2024-08-07,2024-11-06,Returned
9612,889,135,2023-09-20,2024-06-05,Returned
9613,489,919,2025-09-23,2025-11-13,Returned
9614,897,955,2025-08-20,2025-08-22,Returned
9615,1573,455,2026-01-27,2026-03-23,Returned
9616,268,510,2026-01-11,2026-04-28,Returned
9617,1220,330,2025-03-05,2025-06-20,Returned
9618,635,132,2024-12-23,2026-02-17,Returned
9619,1156,378,2026-04-04,2026-04-25,Returned
9620,1650,777,2025-03-03,2025-06-24,Returned
9621,1020,152,2023-08-29,2025-07-17,Returned
9622,1842,130,2024-04-15,2025-04-27,Returned
9623,794,368,2024-08-25,2026-01-18,Returned
9624,1954,509,2026-02-02,,Late
9625,304,64,2025-07-19,2026-04-05,Returned
9626,170,693,2026-04-03,2026-05-11,Returned
9627,551,283,2024-12-03,2025-04-19,Returned
9628,727,631,2024-05-12,2025-04-24,Returned
9629,1830,855,2025-04-30,2026-04-01,Returned
9630,1016,205,2025-09-07,2026-03-02,Returned
9631,1579,338,2024-09-07,2025-12-04,Returned
9632,684,455,2025-06-15,2025-08-30,Returned
9633,1068,641,2025-02-26,2025-11-14,Returned
9634,743,951,2024-05-01,2025-10-17,Returned
9635,1519,330,2023-11-17,2024-05-01,Returned
9636,298,20,2024-06-29,2025-09-02,Returned
9637,563,930,2024-09-26,2026-03-02,Returned
9638,1378,69,2023-08-12,2025-03-07,Returned
9639,172,352,2025-05-23,2025-07-04,Returned
9640,152,862,2023-06-18,2025-11-27,Returned
9641,1856,298,2024-10-13,2026-03-14,Returned
9642,585,278,2025-08-09,2025-08-10,Returned
9643,1904,161,2026-04-20,2026-04-23,Returned
9644,1311,687,2023-12-22,2024-01-09,Returned
9645,821,328,2025-11-27,2026-03-21,Returned
9646,58,606,2024-05-08,2025-11-19,Returned
9647,730,643,2025-10-09,2026-05-28,Returned
9648,1945,822,2026-05-14,2026-06-03,Returned
9649,1490,207,2026-01-23,2026-04-11,Returned
9650,1851,295,2026-05-08,2026-05-30,Returned
9651,1042,118,2024-02-20,2026-02-06,Returned
9652,1826,91,2025-03-08,2025-12-31,Returned
9653,1621,42,2024-10-12,2025-12-19,Returned
9654,94,468,2023-07-16,2025-10-06,Returned
9655,316,764,2025-05-29,2025-07-08,Returned
9656,1487,151,2024-04-02,2025-02-01,Returned
9657,22,566,2024-05-10,2025-08-18,Returned
9658,336,867,2024-10-18,2025-12-21,Returned
9659,334,792,2025-09-15,,Late
9660,43,722,2025-10-24,2026-02-17,Returned
9661,1982,204,2025-06-14,2025-07-02,Returned
9662,1704,139,2026-02-15,2026-05-30,Returned
9663,1421,369,2026-05-29,2026-06-04,Returned
9664,1572,597,2026-05-08,2026-05-31,Returned
9665,1347,933,2023-11-17,2024-01-23,Returned
9666,728,320,2024-04-06,2025-05-09,Returned
9667,929,661,2024-12-05,2025-11-22,Returned
9668,148,602,2025-05-12,2026-03-01,Returned
9669,670,950,2025-08-28,2026-01-11,Returned
9670,1180,830,2026-04-26,2026-05-21,Returned
9671,836,834,2024-07-06,2025-11-06,Returned
9672,1776,430,2024-02-29,2024-12-19,Returned
9673,140,541,2024-02-15,2024-03-21,Returned
9674,1977,82,2025-08-13,2026-02-23,Returned
9675,1509,203,2023-10-10,2024-09-16,Returned
9676,354,754,2024-01-29,2024-01-31,Returned
9677,643,43,2025-11-18,,Late
9678,85,502,2024-01-15,2025-05-09,Returned
9679,1370,850,2023-08-23,2023-09-07,Returned
9680,1626,56,2024-09-04,2025-06-03,Returned
9681,250,55,2025-05-16,,Active
9682,1235,130,2025-11-24,2026-03-06,Returned
9683,1033,694,2025-03-01,2026-04-10,Returned
9684,283,768,2025-12-16,2025-12-18,Returned
9685,1051,884,2025-06-10,2025-12-10,Returned
9686,543,897,2023-10-15,2024-11-06,Returned
9687,787,300,2026-02-05,2026-05-01,Returned
9688,1135,281,2023-08-19,2026-04-14,Returned
9689,1586,51,2025-03-09,2025-04-25,Returned
9690,1792,295,2025-12-30,2026-04-30,Returned
9691,686,689,2025-04-30,2026-03-29,Returned
9692,1736,197,2023-06-08,2023-12-01,Returned
9693,499,533,2024-08-12,2026-04-18,Returned
9694,221,349,2026-01-19,2026-05-15,Returned
9695,51,649,2025-01-26,2026-02-28,Returned
9696,1313,921,2024-10-03,2025-11-15,Returned
9697,1891,257,2026-01-08,2026-03-14,Returned
9698,73,208,2025-03-15,2025-07-13,Returned
9699,226,945,2026-03-03,2026-05-24,Returned
9700,1652,136,2023-12-12,2024-04-07,Returned
9701,1093,768,2024-01-16,,Active
9702,447,807,2024-06-22,2025-01-30,Returned
9703,178,564,2024-02-03,2025-08-10,Returned
9704,485,759,2025-10-31,2026-03-09,Returned
9705,52,29,2024-03-14,,Active
9706,1138,543,2023-10-13,2025-04-29,Returned
9707,401,393,2023-11-13,2025-10-28,Returned
9708,1959,889,2024-10-16,2025-05-29,Returned
9709,710,813,2025-10-13,2026-02-05,Returned
9710,320,720,2024-03-17,,Active
9711,681,973,2024-09-08,2025-06-06,Returned
9712,1758,202,2023-12-04,2025-12-21,Returned
9713,1276,823,2025-08-04,2025-08-14,Returned
9714,337,442,2026-03-05,,Late
9715,208,550,2024-05-29,,Active
9716,313,102,2025-01-28,,Active
9717,518,674,2024-12-27,2025-02-27,Returned
9718,1190,749,2026-04-20,2026-05-21,Returned
9719,257,628,2025-04-11,,Active
9720,565,968,2025-02-07,2026-04-16,Returned
9721,872,745,2023-07-19,2025-07-25,Returned
9722,483,950,2025-04-28,,Active
9723,458,116,2024-08-06,2026-04-17,Returned
9724,354,551,2024-08-05,2025-02-26,Returned
9725,1818,771,2025-02-13,2025-09-15,Returned
9726,210,334,2025-11-02,2026-04-23,Returned
9727,166,582,2024-10-03,2024-10-31,Returned
9728,1158,557,2026-01-21,2026-02-28,Returned
9729,541,876,2023-07-02,2023-08-20,Returned
9730,1177,340,2026-01-30,2026-05-07,Returned
9731,1082,207,2024-02-24,2024-10-01,Returned
9732,1527,233,2024-06-19,2025-06-03,Returned
9733,945,743,2023-12-09,2025-05-12,Returned
9734,556,174,2025-07-17,2026-01-28,Returned
9735,1941,617,2026-04-01,2026-04-09,Returned
9736,1483,262,2025-08-23,2025-11-02,Returned
9737,992,477,2026-03-28,,Active
9738,1192,531,2023-11-27,2026-01-23,Returned
9739,533,639,2024-09-01,2025-01-23,Returned
9740,1030,251,2025-09-30,2026-01-22,Returned
9741,8,482,2024-03-15,2025-01-06,Returned
9742,1171,19,2025-03-01,2026-01-25,Returned
9743,1936,120,2025-05-22,2026-03-04,Returned
9744,1361,390,2024-05-12,2026-02-06,Returned
9745,526,385,2026-03-16,,Active
9746,1106,976,2026-05-18,2026-06-03,Returned
9747,1512,42,2025-12-10,2026-02-22,Returned
9748,597,343,2024-04-27,2025-07-16,Returned
9749,1862,818,2026-03-17,,Late
9750,954,35,2024-04-09,2025-03-11,Returned
9751,1517,134,2024-12-20,,Active
9752,553,988,2024-04-21,2024-10-21,Returned
9753,951,210,2024-05-16,2026-02-11,Returned
9754,693,843,2026-02-14,2026-02-15,Returned
9755,1876,571,2026-01-14,2026-03-18,Returned
9756,8,887,2026-01-11,2026-05-23,Returned
9757,214,445,2023-06-25,2024-09-29,Returned
9758,1391,256,2025-04-30,2026-05-27,Returned
9759,444,746,2025-06-17,2026-04-30,Returned
9760,1340,795,2025-01-04,2025-12-01,Returned
9761,1704,155,2024-10-04,2025-06-08,Returned
9762,78,835,2024-02-19,2024-06-27,Returned
9763,253,579,2025-06-14,2026-04-29,Returned
9764,46,150,2025-11-27,2026-01-02,Returned
9765,1590,438,2023-07-20,2024-09-08,Returned
9766,1986,867,2024-10-12,2025-12-12,Returned
9767,836,721,2026-04-07,2026-05-26,Returned
9768,1225,657,2025-08-08,2026-04-24,Returned
9769,772,306,2024-12-29,2026-05-22,Returned
9770,221,389,2025-07-11,,Active
9771,1663,746,2026-05-13,2026-05-30,Returned
9772,149,539,2024-06-13,2026-06-02,Returned
9773,1104,131,2025-10-10,2026-01-01,Returned
9774,1588,560,2025-09-15,2025-11-04,Returned
9775,1616,160,2025-01-29,,Active
9776,1336,538,2026-04-18,,Active
9777,979,776,2023-09-23,2025-06-25,Returned
9778,1205,91,2026-01-28,2026-05-29,Returned
9779,445,756,2025-05-02,2025-11-03,Returned
9780,781,192,2025-11-06,2025-11-23,Returned
9781,1276,146,2024-01-12,2025-10-12,Returned
9782,1284,927,2024-06-09,2025-09-29,Returned
9783,1383,833,2025-06-24,2026-03-17,Returned
9784,1711,182,2024-07-06,2026-01-26,Returned
9785,1486,382,2025-03-12,2025-06-15,Returned
9786,1834,159,2024-08-25,2024-11-05,Returned
9787,1445,614,2025-01-11,2025-07-05,Returned
9788,557,131,2026-01-22,2026-04-24,Returned
9789,82,832,2024-03-13,2026-01-23,Returned
9790,1050,412,2024-06-04,2025-01-11,Returned
9791,1810,135,2024-01-01,2024-10-29,Returned
9792,243,277,2025-07-21,2026-04-23,Returned
9793,278,111,2025-07-24,2026-01-22,Returned
9794,261,404,2023-12-09,2026-04-16,Returned
9795,896,964,2025-07-29,2026-03-16,Returned
9796,604,370,2023-09-21,,Active
9797,1851,446,2026-05-08,2026-05-13,Returned
9798,912,249,2024-11-20,2025-05-08,Returned
9799,927,923,2025-09-11,2025-12-11,Returned
9800,674,564,2024-01-07,2024-07-27,Returned
9801,1188,205,2024-12-13,2026-03-06,Returned
9802,1745,925,2024-04-16,2024-06-24,Returned
9803,1607,496,2025-03-06,2025-06-17,Returned
9804,1524,453,2024-11-10,2026-03-05,Returned
9805,1889,396,2026-04-15,,Active
9806,1612,297,2023-11-27,2025-07-30,Returned
9807,270,378,2023-10-23,2024-05-14,Returned
9808,1031,137,2023-08-21,2023-09-15,Returned
9809,1816,212,2025-10-04,2025-11-28,Returned
9810,1096,436,2026-01-14,2026-05-19,Returned
9811,549,770,2023-12-25,2025-02-16,Returned
9812,1063,511,2025-01-21,2025-03-01,Returned
9813,590,954,2026-04-11,2026-05-18,Returned
9814,1044,992,2023-08-10,2025-04-01,Returned
9815,534,565,2026-02-11,,Late
9816,5,12,2023-08-24,2024-11-05,Returned
9817,1541,211,2025-07-10,2025-12-19,Returned
9818,190,460,2023-06-08,2025-10-23,Returned
9819,229,79,2025-07-14,2026-02-01,Returned
9820,1526,217,2025-02-08,2025-06-24,Returned
9821,1693,180,2023-10-26,2024-09-08,Returned
9822,1530,427,2023-07-29,2023-09-19,Returned
9823,255,874,2024-09-18,,Active
9824,710,573,2026-02-12,2026-02-12,Returned
9825,985,911,2023-09-03,2024-03-13,Returned
9826,539,538,2024-03-11,2025-12-21,Returned
9827,1893,738,2024-10-22,2025-11-24,Returned
9828,1486,743,2025-07-03,,Late
9829,416,162,2024-04-07,2024-08-10,Returned
9830,1978,766,2024-10-15,2026-03-13,Returned
9831,1959,635,2025-12-24,,Late
9832,1985,131,2024-01-26,2024-10-14,Returned
9833,1743,748,2024-11-28,2024-12-24,Returned
9834,599,246,2023-11-06,2025-11-15,Returned
9835,1828,51,2025-02-03,2025-09-13,Returned
9836,1422,395,2023-08-13,2025-08-18,Returned
9837,1749,302,2026-01-02,2026-03-04,Returned
9838,326,703,2024-05-14,2025-07-11,Returned
9839,190,523,2023-12-14,,Active
9840,1786,321,2025-09-04,2026-03-02,Returned
9841,772,726,2024-11-03,2025-02-28,Returned
9842,231,818,2025-11-03,,Active
9843,1401,864,2026-01-04,2026-01-09,Returned
9844,504,396,2025-06-20,2026-01-21,Returned
9845,1577,813,2024-10-16,2025-11-02,Returned
9846,1997,741,2023-10-10,2025-06-07,Returned
9847,1932,254,2025-11-10,,Late
9848,454,578,2023-12-14,2026-04-06,Returned
9849,1538,610,2026-05-19,2026-05-25,Returned
9850,45,978,2025-02-06,2025-11-05,Returned
9851,1231,430,2026-03-13,,Late
9852,185,555,2023-07-15,2024-09-01,Returned
9853,341,167,2024-03-20,2024-11-12,Returned
9854,1863,380,2024-08-17,2025-02-16,Returned
9855,1402,140,2025-05-17,2025-07-05,Returned
9856,267,874,2024-08-28,2025-06-02,Returned
9857,1096,939,2023-07-04,2023-12-28,Returned
9858,184,579,2026-03-29,2026-04-01,Returned
9859,875,560,2025-12-04,2026-05-23,Returned
9860,629,629,2024-06-21,2025-05-07,Returned
9861,99,387,2025-01-03,2025-06-17,Returned
9862,1528,365,2025-12-01,2026-05-25,Returned
9863,1432,58,2026-05-23,2026-06-05,Returned
9864,1763,446,2024-12-12,2025-04-24,Returned
9865,411,343,2026-03-01,2026-05-02,Returned
9866,894,8,2024-08-21,2025-12-29,Returned
9867,36,13,2025-10-09,2026-03-17,Returned
9868,869,867,2026-04-01,2026-05-09,Returned
9869,866,915,2026-03-15,2026-05-19,Returned
9870,441,654,2024-09-07,2025-02-11,Returned
9871,104,629,2024-06-05,2024-10-28,Returned
9872,1962,690,2024-09-15,2025-12-28,Returned
9873,1013,892,2025-10-28,2026-01-29,Returned
9874,1356,35,2023-12-12,2026-03-05,Returned
9875,652,131,2025-11-10,,Late
9876,491,221,2025-08-23,2026-02-02,Returned
9877,997,344,2024-06-14,2024-10-07,Returned
9878,622,535,2024-06-30,2025-04-13,Returned
9879,1289,653,2025-02-14,2026-05-06,Returned
9880,1584,139,2024-06-01,2025-04-05,Returned
9881,1006,901,2023-12-31,2024-06-04,Returned
9882,1051,810,2025-12-08,2026-04-17,Returned
9883,1479,247,2023-07-27,2025-12-23,Returned
9884,675,457,2023-08-10,2023-08-13,Returned
9885,931,610,2025-12-22,2026-01-24,Returned
9886,1938,192,2024-02-03,2025-04-08,Returned
9887,1331,845,2024-11-08,,Active
9888,148,933,2025-03-03,2025-09-22,Returned
9889,1805,354,2025-05-23,2025-07-31,Returned
9890,1336,545,2025-07-19,2025-09-19,Returned
9891,856,864,2024-09-27,2025-05-03,Returned
9892,106,591,2025-04-16,2025-11-06,Returned
9893,408,877,2026-06-06,2026-06-06,Returned
9894,469,760,2023-08-27,2025-11-23,Returned
9895,400,617,2023-10-15,2025-05-06,Returned
9896,453,37,2025-12-25,2026-05-20,Returned
9897,805,116,2025-02-22,2025-02-26,Returned
9898,1507,66,2023-10-11,2023-10-27,Returned
9899,1314,365,2026-05-27,2026-05-28,Returned
9900,1892,835,2025-11-14,2026-05-19,Returned
9901,1799,675,2024-08-10,2025-11-06,Returned
9902,1730,768,2025-07-14,2025-09-28,Returned
9903,860,869,2025-08-15,2025-11-30,Returned
9904,529,201,2026-01-11,2026-04-24,Returned
9905,1568,897,2025-07-20,2025-11-29,Returned
9906,1666,92,2024-03-16,2024-07-10,Returned
9907,473,161,2025-12-20,2026-01-24,Returned
9908,675,956,2023-09-09,2023-12-29,Returned
9909,193,393,2025-11-02,,Active
9910,1120,676,2025-06-04,2025-06-20,Returned
9911,1467,812,2025-05-01,2025-10-16,Returned
9912,468,216,2024-10-16,2025-12-31,Returned
9913,1705,952,2024-10-04,2025-03-28,Returned
9914,1237,401,2025-11-21,2026-04-18,Returned
9915,922,699,2025-04-03,2025-07-23,Returned
9916,824,238,2024-01-03,2024-11-10,Returned
9917,812,134,2025-10-04,,Late
9918,216,31,2025-11-27,2026-02-01,Returned
9919,1138,729,2024-11-14,2025-04-05,Returned
9920,1072,319,2026-05-20,2026-05-24,Returned
9921,1826,341,2025-05-19,2025-11-10,Returned
9922,428,489,2026-03-19,2026-05-24,Returned
9923,665,513,2023-07-09,2024-01-05,Returned
9924,573,533,2025-05-02,2025-08-02,Returned
9925,382,400,2025-11-08,2026-02-23,Returned
9926,1066,800,2024-12-13,,Active
9927,94,264,2025-04-07,2025-10-27,Returned
9928,1766,860,2025-10-01,2026-04-08,Returned
9929,1894,226,2024-09-26,2025-11-26,Returned
9930,213,612,2025-12-11,2026-04-15,Returned
9931,453,547,2023-07-05,2024-05-30,Returned
9932,821,817,2025-09-19,2026-04-22,Returned
9933,1148,109,2024-01-20,,Active
9934,1049,661,2024-08-04,2025-04-08,Returned
9935,673,19,2025-06-04,2025-12-21,Returned
9936,265,476,2025-01-03,2025-10-22,Returned
9937,1387,472,2025-11-23,2026-03-20,Returned
9938,591,671,2026-01-30,2026-02-27,Returned
9939,1232,473,2024-01-06,2024-09-30,Returned
9940,1395,47,2024-03-03,2025-10-14,Returned
9941,1846,367,2026-04-19,2026-04-26,Returned
9942,1230,726,2024-07-03,2025-07-06,Returned
9943,853,851,2024-12-26,2025-10-10,Returned
9944,1648,15,2023-09-09,2025-01-20,Returned
9945,1177,328,2024-05-28,,Active
9946,749,656,2023-12-23,2024-12-16,Returned
9947,1396,663,2025-09-27,2025-11-20,Returned
9948,206,354,2023-12-02,,Active
9949,1636,799,2024-12-05,,Late
9950,14,528,2023-11-01,,Active
9951,1467,452,2024-09-09,2025-05-06,Returned
9952,1867,321,2026-01-11,2026-01-28,Returned
9953,1725,506,2024-05-24,2026-05-09,Returned
9954,184,793,2024-01-28,2025-08-09,Returned
9955,973,949,2025-03-16,2025-06-18,Returned
9956,85,289,2026-06-05,2026-06-05,Returned
9957,771,351,2025-01-05,2026-01-07,Returned
9958,342,29,2023-07-24,2023-08-14,Returned
9959,1504,207,2025-05-19,2026-02-22,Returned
9960,224,818,2023-08-09,2025-01-20,Returned
9961,1735,496,2024-08-05,2026-04-09,Returned
9962,106,294,2025-04-06,2025-04-26,Returned
9963,1150,920,2026-05-11,2026-05-18,Returned
9964,799,500,2025-04-01,2026-01-13,Returned
9965,227,63,2024-12-19,,Active
9966,1172,231,2025-11-26,2025-12-22,Returned
9967,728,114,2023-09-19,2024-07-14,Returned
9968,1171,380,2024-01-21,2024-08-29,Returned
9969,1221,93,2024-04-07,2025-06-11,Returned
9970,282,276,2025-11-12,2026-03-27,Returned
9971,1492,183,2025-06-03,2026-04-11,Returned
9972,1695,196,2023-10-13,2025-03-05,Returned
9973,1834,79,2025-07-24,2025-07-26,Returned
9974,1853,924,2024-10-27,2025-09-14,Returned
9975,1638,748,2025-06-22,2026-05-29,Returned
9976,426,933,2025-05-18,2025-06-10,Returned
9977,1532,431,2026-05-26,,Late
9978,940,820,2024-06-07,2024-07-06,Returned
9979,1450,38,2026-02-08,2026-03-25,Returned
9980,506,84,2025-04-06,2025-12-22,Returned
9981,998,122,2026-05-13,2026-05-15,Returned
9982,1134,317,2024-03-05,2024-07-30,Returned
9983,1520,318,2024-11-26,2025-07-27,Returned
9984,1780,102,2025-09-20,,Active
9985,1427,746,2024-01-02,2024-05-02,Returned
9986,350,623,2025-06-02,2026-02-11,Returned
9987,1069,400,2023-11-30,2025-10-24,Returned
9988,927,520,2025-11-27,2026-04-05,Returned
9989,1241,761,2025-09-18,2025-12-01,Returned
9990,946,904,2025-12-21,2026-01-04,Returned
9991,505,133,2025-10-09,2025-11-04,Returned
9992,1916,251,2024-11-29,2025-04-08,Returned
9993,1970,344,2024-02-08,2025-04-12,Returned
9994,1132,948,2024-04-19,2025-01-23,Returned
9995,982,583,2023-06-17,2025-04-06,Returned
9996,1069,301,2023-06-15,2025-05-20,Returned
9997,437,459,2024-06-06,2024-09-01,Returned
9998,1106,392,2024-12-23,2026-02-05,Returned
9999,1046,51,2026-05-28,2026-05-29,Returned
10000,1003,60,2023-09-16,2024-09-07,Returned
10001,267,171,2026-05-07,2026-06-05,Returned
10002,1342,458,2024-11-22,2026-03-22,Returned
10003,1389,237,2024-04-08,2024-08-30,Returned
10004,751,556,2025-07-25,2026-03-18,Returned
10005,1006,318,2023-12-09,2025-08-19,Returned
10006,1164,747,2024-09-19,2026-04-23,Returned
10007,1755,776,2023-08-09,2024-11-11,Returned
10008,83,938,2024-07-14,2025-09-22,Returned
10009,1367,491,2024-11-09,,Late
10010,1119,636,2026-04-21,,Active
10011,1310,186,2023-09-22,2025-12-07,Returned
10012,1965,911,2025-09-14,2026-05-29,Returned
10013,1470,270,2025-04-25,2026-03-18,Returned
10014,1901,10,2024-08-17,2025-09-06,Returned
10015,1541,240,2025-09-01,2026-03-25,Returned
10016,629,460,2025-01-05,2025-08-29,Returned
10017,460,536,2024-04-22,2026-01-21,Returned
10018,1793,946,2025-11-30,2026-02-17,Returned
10019,159,220,2026-05-06,2026-05-17,Returned
10020,19,301,2025-03-08,2025-05-15,Returned
10021,961,287,2025-08-05,2025-12-30,Returned
10022,1650,111,2026-02-14,2026-02-21,Returned
10023,1311,19,2025-11-22,2026-05-18,Returned
10024,1118,179,2024-06-09,2024-08-31,Returned
10025,45,224,2024-04-05,2024-11-04,Returned
10026,140,734,2024-05-13,2025-04-19,Returned
10027,152,286,2024-01-27,2025-12-15,Returned
10028,1905,595,2025-07-06,,Active
10029,1314,84,2026-02-15,2026-05-22,Returned
10030,1313,855,2026-01-23,2026-03-20,Returned
10031,450,863,2025-10-16,2026-02-16,Returned
10032,605,510,2025-09-26,2026-02-25,Returned
10033,488,766,2025-05-27,2026-02-15,Returned
10034,60,562,2024-02-12,2025-08-08,Returned
10035,1288,275,2025-12-26,,Active
10036,1741,335,2025-09-06,,Late
10037,420,220,2024-11-30,2024-12-01,Returned
10038,783,937,2024-07-04,2025-05-18,Returned
10039,1882,975,2025-05-23,,Active
10040,1544,181,2025-01-15,2025-10-22,Returned
10041,765,410,2025-12-05,2026-06-01,Returned
10042,311,239,2024-09-09,2025-10-30,Returned
10043,1865,724,2026-01-05,2026-04-18,Returned
10044,53,981,2026-03-16,2026-04-25,Returned
10045,1899,908,2024-03-30,2026-04-29,Returned
10046,1213,832,2024-05-07,2025-12-05,Returned
10047,444,810,2024-09-07,,Late
10048,1860,491,2026-04-08,2026-05-10,Returned
10049,1666,833,2026-03-04,2026-03-21,Returned
10050,1829,138,2024-11-22,2026-01-31,Returned
10051,76,732,2024-01-08,2024-12-08,Returned
10052,577,995,2025-06-21,2025-11-26,Returned
10053,758,481,2025-05-27,2025-10-24,Returned
10054,1320,255,2025-04-28,2026-03-18,Returned
10055,483,392,2024-10-31,2026-03-24,Returned
10056,1457,315,2025-06-17,,Active
10057,784,712,2025-10-08,,Active
10058,1315,80,2024-08-14,2025-09-24,Returned
10059,1379,934,2025-05-22,2026-01-17,Returned
10060,1339,881,2025-06-04,2025-11-21,Returned
10061,632,571,2023-12-17,,Active
10062,42,253,2025-05-16,2025-05-28,Returned
10063,175,405,2025-06-18,2025-12-30,Returned
10064,378,773,2026-02-02,2026-03-02,Returned
10065,1356,529,2024-06-10,,Active
10066,770,956,2024-11-18,2026-05-14,Returned
10067,1956,602,2024-03-29,2024-12-01,Returned
10068,1179,162,2024-11-17,2025-12-17,Returned
10069,1789,249,2026-01-06,2026-04-10,Returned
10070,811,345,2024-08-21,2025-05-12,Returned
10071,1749,581,2026-04-14,2026-05-26,Returned
10072,1202,993,2023-12-11,,Active
10073,1710,150,2026-01-29,2026-05-22,Returned
10074,209,343,2023-08-28,2024-06-05,Returned
10075,937,131,2026-01-23,2026-02-10,Returned
10076,287,101,2024-06-23,2026-03-22,Returned
10077,1891,426,2025-04-28,2026-01-04,Returned
10078,1634,830,2026-03-23,2026-05-29,Returned
10079,1073,864,2025-12-16,2026-03-03,Returned
10080,1775,598,2025-03-19,2025-12-29,Returned
10081,958,463,2025-06-24,2025-12-11,Returned
10082,52,200,2025-04-28,2026-05-11,Returned
10083,600,286,2024-12-16,2026-01-12,Returned
10084,675,788,2024-08-08,2025-12-25,Returned
10085,261,825,2023-11-27,2024-11-17,Returned
10086,1328,2,2025-12-26,2026-05-21,Returned
10087,950,181,2024-05-25,2026-01-02,Returned
10088,957,483,2025-04-26,2025-10-15,Returned
10089,1974,442,2024-10-15,2025-01-06,Returned
10090,1208,485,2023-06-16,2023-08-21,Returned
10091,1358,863,2026-05-06,2026-06-03,Returned
10092,303,805,2024-04-30,2026-03-23,Returned
10093,360,827,2025-08-04,2026-03-13,Returned
10094,422,75,2024-08-17,2025-12-27,Returned
10095,1966,454,2026-01-17,2026-04-21,Returned
10096,948,573,2025-01-02,,Active
10097,906,477,2024-06-23,2026-04-06,Returned
10098,622,157,2024-02-16,2025-05-26,Returned
10099,112,858,2024-11-16,2025-01-03,Returned
10100,1022,39,2024-12-29,2025-08-09,Returned
10101,1863,943,2023-11-06,2024-09-07,Returned
10102,653,519,2023-07-12,2025-02-20,Returned
10103,1147,419,2024-11-30,2025-05-12,Returned
10104,217,52,2025-11-09,2026-01-28,Returned
10105,1382,903,2025-01-26,2026-03-06,Returned
10106,843,412,2024-01-03,2024-07-29,Returned
10107,1754,263,2024-08-24,2024-09-11,Returned
10108,125,329,2024-03-26,2024-05-16,Returned
10109,1552,657,2025-03-09,2025-11-24,Returned
10110,275,713,2024-02-19,2025-04-19,Returned
10111,1484,988,2025-11-20,2026-01-23,Returned
10112,1632,505,2025-09-21,2026-05-16,Returned
10113,654,507,2023-09-08,,Active
10114,74,7,2026-04-24,2026-05-14,Returned
10115,167,972,2024-02-07,2024-06-30,Returned
10116,1723,412,2025-07-04,2025-10-23,Returned
10117,524,462,2024-01-03,2024-04-07,Returned
10118,843,539,2024-02-25,2025-01-20,Returned
10119,1764,247,2024-05-31,2024-07-27,Returned
10120,2,10,2023-08-17,2023-12-31,Returned
10121,1431,445,2026-06-03,2026-06-05,Returned
10122,646,459,2024-06-19,2024-11-06,Returned
10123,1101,586,2024-05-27,2025-07-15,Returned
10124,449,722,2024-09-06,2025-10-06,Returned
10125,217,18,2026-05-11,,Late
10126,1384,55,2024-02-21,2024-12-03,Returned
10127,899,644,2024-04-04,2026-05-20,Returned
10128,1702,988,2026-03-06,2026-06-01,Returned
10129,1959,468,2025-01-02,2025-10-02,Returned
10130,1426,702,2024-12-26,2025-08-16,Returned
10131,1214,746,2023-07-25,2025-05-25,Returned
10132,1778,693,2025-07-11,2026-04-01,Returned
10133,1230,816,2023-11-28,2024-11-18,Returned
10134,1227,241,2026-01-29,2026-02-19,Returned
10135,192,662,2023-09-25,2024-11-26,Returned
10136,1049,66,2024-03-14,2026-05-20,Returned
10137,810,685,2025-09-15,2026-01-27,Returned
10138,1037,150,2023-08-27,2024-04-29,Returned
10139,831,758,2023-07-11,2026-05-23,Returned
10140,861,174,2026-02-04,2026-05-30,Returned
10141,1928,284,2024-09-22,2026-02-15,Returned
10142,655,939,2023-09-11,2026-01-23,Returned
10143,779,959,2025-03-31,2025-11-20,Returned
10144,1749,937,2025-03-17,2025-10-31,Returned
10145,434,532,2025-08-16,2025-11-21,Returned
10146,291,322,2026-03-25,2026-04-19,Returned
10147,1624,564,2025-10-16,2026-04-10,Returned
10148,1083,933,2024-01-18,2025-12-02,Returned
10149,1554,390,2023-10-12,2025-09-21,Returned
10150,1133,347,2025-03-03,2025-03-12,Returned
10151,1815,664,2025-12-01,2025-12-05,Returned
10152,894,656,2025-10-05,2025-11-20,Returned
10153,48,959,2025-08-20,,Late
10154,1998,725,2024-02-03,2024-07-16,Returned
10155,593,295,2026-05-23,2026-05-23,Returned
10156,156,499,2024-08-08,2026-06-02,Returned
10157,839,640,2025-04-17,2026-02-04,Returned
10158,40,351,2024-04-02,2025-02-01,Returned
10159,519,519,2023-06-13,2025-09-16,Returned
10160,381,621,2024-01-13,2024-05-29,Returned
10161,156,218,2025-06-21,2026-03-08,Returned
10162,977,573,2025-02-12,,Late
10163,1749,544,2026-05-04,2026-05-10,Returned
10164,1253,796,2024-07-07,2024-09-04,Returned
10165,381,685,2023-10-10,2024-04-22,Returned
10166,584,871,2025-01-18,2026-02-23,Returned
10167,936,897,2025-09-14,2026-04-17,Returned
10168,1612,140,2026-03-31,2026-05-25,Returned
10169,1824,469,2024-07-09,2026-02-09,Returned
10170,675,807,2025-02-04,2025-06-04,Returned
10171,1766,310,2024-07-21,2025-08-18,Returned
10172,891,822,2024-05-25,,Late
10173,505,749,2025-08-26,2025-09-09,Returned
10174,759,491,2024-09-15,2025-04-07,Returned
10175,978,845,2026-02-10,2026-03-23,Returned
10176,1930,233,2026-03-21,,Active
10177,1820,6,2024-05-07,2025-11-14,Returned
10178,118,420,2026-04-22,2026-05-27,Returned
10179,1748,719,2023-06-21,2023-09-01,Returned
10180,301,764,2024-07-26,2026-01-26,Returned
10181,37,70,2024-10-18,2026-02-28,Returned
10182,577,41,2023-12-31,2026-03-30,Returned
10183,1542,163,2025-07-25,2025-08-01,Returned
10184,1163,616,2025-04-11,2026-04-29,Returned
10185,1437,239,2023-09-19,2023-09-26,Returned
10186,189,987,2025-01-08,2026-04-27,Returned
10187,1200,673,2025-12-18,2026-05-09,Returned
10188,1695,871,2024-05-25,2025-11-10,Returned
10189,1507,333,2026-05-22,2026-05-23,Returned
10190,1050,100,2023-07-04,2024-01-13,Returned
10191,292,306,2025-05-13,2025-08-20,Returned
10192,1891,994,2025-03-06,2025-03-25,Returned
10193,1835,264,2025-11-28,2026-04-16,Returned
10194,661,189,2026-05-07,2026-06-03,Returned
10195,1808,476,2023-09-30,2024-12-14,Returned
10196,1468,647,2025-02-01,2026-01-26,Returned
10197,73,62,2024-06-22,2025-06-17,Returned
10198,415,941,2026-03-23,2026-03-26,Returned
10199,1708,66,2026-01-01,2026-01-08,Returned
10200,1895,481,2026-05-29,,Late
10201,1396,55,2025-04-27,2025-06-08,Returned
10202,76,439,2025-08-30,2026-02-24,Returned
10203,1330,503,2023-10-28,2025-04-11,Returned
10204,1450,323,2024-10-23,2025-09-15,Returned
10205,71,219,2025-09-25,,Active
10206,1827,858,2026-03-10,2026-03-19,Returned
10207,1299,611,2025-08-11,2025-12-08,Returned
10208,1627,143,2024-01-26,,Active
10209,475,80,2025-06-24,2026-01-14,Returned
10210,1011,737,2026-04-05,2026-06-04,Returned
10211,473,701,2024-04-26,2024-12-26,Returned
10212,312,601,2024-10-24,2025-06-05,Returned
10213,1160,785,2023-10-27,2025-07-12,Returned
10214,789,614,2023-07-23,2024-02-07,Returned
10215,120,209,2023-12-31,2026-05-16,Returned
10216,1099,958,2024-06-11,2026-02-26,Returned
10217,1014,519,2026-04-25,2026-05-30,Returned
10218,1734,690,2023-06-08,2024-12-16,Returned
10219,1620,167,2025-12-17,2025-12-22,Returned
10220,1509,757,2025-12-29,2026-05-15,Returned
10221,1930,348,2025-03-25,2025-11-19,Returned
10222,134,626,2024-03-07,2025-11-11,Returned
10223,175,57,2023-10-30,2025-05-03,Returned
10224,1530,523,2024-07-21,2025-04-20,Returned
10225,219,171,2024-11-28,2025-01-05,Returned
10226,1537,3,2025-01-31,2025-09-18,Returned
10227,1109,320,2023-10-28,2025-01-18,Returned
10228,1073,972,2026-02-04,2026-03-14,Returned
10229,1462,544,2026-01-12,2026-05-15,Returned
10230,1032,170,2023-12-21,2026-02-12,Returned
10231,1378,718,2024-09-25,2025-10-15,Returned
10232,1250,61,2023-11-26,2026-01-05,Returned
10233,566,345,2023-11-23,2025-01-02,Returned
10234,1190,544,2024-11-12,2025-07-25,Returned
10235,266,299,2024-10-16,,Late
10236,1980,481,2024-01-17,2025-10-31,Returned
10237,1094,691,2026-04-19,2026-04-29,Returned
10238,15,194,2023-12-08,2024-03-10,Returned
10239,129,468,2024-10-12,2025-07-12,Returned
10240,646,974,2025-05-08,2026-04-11,Returned
10241,1630,744,2025-03-26,2025-12-27,Returned
10242,306,126,2025-11-16,2026-02-23,Returned
10243,814,972,2024-04-29,2025-03-08,Returned
10244,334,841,2024-12-29,2025-09-09,Returned
10245,1484,38,2024-01-30,2024-09-09,Returned
10246,1887,148,2025-05-06,2025-07-04,Returned
10247,1768,685,2025-12-29,,Late
10248,165,393,2025-11-10,2026-04-22,Returned
10249,1740,256,2023-06-27,2025-12-29,Returned
10250,893,450,2023-09-24,2026-01-21,Returned
10251,429,4,2025-12-26,2026-05-13,Returned
10252,752,442,2024-09-11,2026-02-22,Returned
10253,1161,808,2025-10-09,2026-01-07,Returned
10254,1134,181,2025-11-14,2025-12-05,Returned
10255,298,466,2026-04-04,,Active
10256,1049,862,2023-06-14,2023-07-08,Returned
10257,1006,160,2025-07-07,2026-05-21,Returned
10258,1472,183,2023-09-14,2024-04-12,Returned
10259,1136,17,2023-09-01,,Active
10260,1637,40,2023-08-31,2023-11-29,Returned
10261,481,633,2024-11-13,2026-02-12,Returned
10262,1997,823,2024-06-25,2026-01-06,Returned
10263,326,255,2024-02-09,2025-12-26,Returned
10264,284,802,2024-09-09,2026-04-09,Returned
10265,837,400,2024-11-11,2025-03-28,Returned
10266,1192,220,2024-10-01,2025-02-08,Returned
10267,290,126,2026-05-23,2026-05-23,Returned
10268,1683,28,2025-05-22,2026-05-19,Returned
10269,1918,89,2026-04-11,2026-05-30,Returned
10270,857,522,2026-01-09,2026-02-02,Returned
10271,905,818,2024-10-16,2026-02-27,Returned
10272,1049,296,2025-03-02,2025-11-08,Returned
10273,985,264,2024-11-13,2026-03-22,Returned
10274,1116,582,2024-06-01,2025-10-31,Returned
10275,79,341,2023-09-17,2025-11-10,Returned
10276,867,89,2025-09-01,2026-01-21,Returned
10277,154,965,2023-09-22,2024-10-28,Returned
10278,1983,303,2024-10-08,2025-01-12,Returned
10279,17,605,2023-09-30,,Active
10280,1232,788,2026-05-18,2026-05-27,Returned
10281,55,324,2026-01-04,2026-02-21,Returned
10282,480,77,2025-07-19,2026-02-08,Returned
10283,1469,842,2024-03-15,2024-12-26,Returned
10284,1444,29,2024-02-21,2025-01-17,Returned
10285,990,974,2023-07-10,,Late
10286,1320,86,2025-08-04,2025-08-16,Returned
10287,731,864,2026-05-26,2026-06-06,Returned
10288,41,622,2023-10-17,2026-03-11,Returned
10289,1375,953,2025-01-30,2025-05-12,Returned
10290,614,657,2023-10-19,2026-03-03,Returned
10291,655,920,2025-03-28,,Late
10292,1791,587,2025-07-31,2025-08-10,Returned
10293,837,424,2025-12-28,2026-02-23,Returned
10294,930,347,2024-04-30,2025-11-28,Returned
10295,758,761,2024-04-19,2026-06-04,Returned
10296,892,955,2025-05-16,2025-05-24,Returned
10297,731,673,2026-04-06,2026-05-31,Returned
10298,891,400,2024-09-18,2025-03-05,Returned
10299,1842,969,2025-05-26,2025-07-10,Returned
10300,1763,798,2025-04-10,2026-01-13,Returned
10301,621,113,2024-12-24,2025-06-17,Returned
10302,1754,677,2025-08-14,2026-05-02,Returned
10303,1845,722,2024-08-02,2025-05-08,Returned
10304,807,204,2023-09-24,2025-11-05,Returned
10305,683,84,2024-07-04,,Late
10306,402,737,2025-07-20,2026-05-14,Returned
10307,511,430,2025-06-16,2025-08-12,Returned
10308,937,58,2025-12-02,2026-02-09,Returned
10309,25,908,2025-10-19,2026-02-25,Returned
10310,1169,942,2023-07-05,2024-09-23,Returned
10311,1882,915,2024-09-16,2026-04-23,Returned
10312,1571,74,2023-08-09,2023-10-02,Returned
10313,270,677,2026-04-24,2026-05-31,Returned
10314,1907,806,2024-08-24,2025-11-23,Returned
10315,960,245,2025-07-14,2026-05-16,Returned
10316,599,35,2024-12-21,2025-04-24,Returned
10317,1349,391,2024-05-18,2025-06-24,Returned
10318,1162,792,2023-09-15,2024-03-14,Returned
10319,360,391,2023-06-10,2023-11-26,Returned
10320,1713,51,2026-02-25,2026-05-15,Returned
10321,1507,688,2026-05-17,2026-05-19,Returned
10322,273,345,2025-03-14,2025-05-19,Returned
10323,1039,647,2024-02-27,2024-05-18,Returned
10324,1537,526,2026-05-16,2026-05-20,Returned
10325,1151,877,2023-12-18,2025-04-11,Returned
10326,1842,812,2026-04-13,2026-04-13,Returned
10327,307,170,2025-10-09,2025-12-20,Returned
10328,526,820,2025-12-04,2026-05-20,Returned
10329,1550,582,2023-10-31,2024-07-10,Returned
10330,75,187,2024-06-02,2025-02-06,Returned
10331,1319,939,2023-09-27,2024-11-28,Returned
10332,1770,112,2025-10-03,2025-11-23,Returned
10333,1612,647,2023-08-22,2025-01-16,Returned
10334,904,103,2025-03-05,2026-01-07,Returned
10335,1411,847,2026-01-13,2026-01-24,Returned
10336,444,82,2024-08-30,2025-02-17,Returned
10337,539,801,2023-09-25,2026-05-13,Returned
10338,1530,198,2024-05-09,2025-12-07,Returned
10339,557,312,2023-12-18,,Late
10340,775,595,2025-10-04,2025-12-02,Returned
10341,1249,250,2023-07-08,2025-01-16,Returned
10342,777,89,2024-11-30,2025-09-08,Returned
10343,1959,355,2024-05-07,2026-02-13,Returned
10344,1749,249,2023-08-26,2023-11-04,Returned
10345,163,193,2025-09-02,2026-03-09,Returned
10346,669,44,2026-04-04,,Late
10347,816,789,2024-06-21,,Active
10348,153,193,2023-09-21,2026-01-21,Returned
10349,905,255,2023-06-21,2023-06-25,Returned
10350,1438,966,2024-08-23,2025-10-30,Returned
10351,1235,112,2025-01-22,2026-05-10,Returned
10352,1616,847,2025-06-28,2025-12-18,Returned
10353,1261,936,2023-12-11,2024-05-12,Returned
10354,71,455,2025-03-30,2026-01-01,Returned
10355,878,598,2025-11-15,,Active
10356,297,209,2025-06-03,2025-08-19,Returned
10357,1338,275,2024-09-12,2026-02-15,Returned
10358,787,425,2026-02-22,2026-05-14,Returned
10359,132,566,2025-01-25,2025-09-25,Returned
10360,1136,14,2025-08-02,2026-01-15,Returned
10361,1153,128,2024-11-08,2024-12-03,Returned
10362,1903,262,2025-05-29,2025-10-21,Returned
10363,1972,36,2025-04-18,2025-05-19,Returned
10364,419,93,2026-05-23,2026-05-27,Returned
10365,964,658,2026-03-06,2026-05-09,Returned
10366,1776,56,2026-06-04,2026-06-04,Returned
10367,92,220,2024-12-29,2025-03-16,Returned
10368,282,218,2026-03-26,2026-04-11,Returned
10369,1178,216,2025-04-02,2025-11-03,Returned
10370,1277,231,2025-06-14,2025-11-01,Returned
10371,959,638,2024-09-16,2025-01-03,Returned
10372,250,818,2025-02-20,2025-08-29,Returned
10373,1473,437,2024-12-24,2025-09-12,Returned
10374,879,663,2023-11-28,2024-02-17,Returned
10375,1755,476,2026-06-02,2026-06-04,Returned
10376,1637,954,2023-11-05,2025-02-19,Returned
10377,1184,927,2023-09-07,2026-05-23,Returned
10378,194,836,2024-11-21,2025-09-13,Returned
10379,1068,550,2025-07-19,2025-10-07,Returned
10380,11,295,2024-04-23,,Active
10381,1870,837,2025-07-27,2025-09-16,Returned
10382,425,803,2024-01-24,2025-11-21,Returned
10383,397,608,2025-05-12,2025-12-31,Returned
10384,1423,862,2025-07-03,2025-07-05,Returned
10385,721,379,2026-05-17,2026-05-31,Returned
10386,73,532,2026-03-14,2026-05-13,Returned
10387,136,304,2023-10-19,2024-06-17,Returned
10388,486,628,2023-10-17,,Active
10389,665,154,2023-07-25,,Active
10390,830,870,2023-06-08,,Active
10391,1825,5,2024-05-27,2026-05-20,Returned
10392,1349,906,2025-10-28,,Active
10393,1999,314,2024-08-05,2025-10-04,Returned
10394,422,497,2023-10-10,2025-12-29,Returned
10395,1510,371,2025-07-05,2025-07-19,Returned
10396,1262,195,2024-06-01,2025-01-21,Returned
10397,1312,688,2025-09-10,2025-11-23,Returned
10398,950,83,2023-07-25,2023-12-19,Returned
10399,1527,906,2025-02-13,2025-03-30,Returned
10400,894,120,2025-06-14,2025-09-04,Returned
10401,1888,416,2023-09-27,2025-01-09,Returned
10402,1597,154,2026-01-30,2026-04-26,Returned
10403,1319,742,2023-07-28,2026-02-10,Returned
10404,1128,404,2023-12-12,2024-07-08,Returned
10405,575,526,2025-05-05,2025-12-03,Returned
10406,823,639,2024-10-10,2026-01-19,Returned
10407,726,156,2025-10-11,2025-12-10,Returned
10408,1588,776,2024-06-16,2025-03-09,Returned
10409,1213,95,2024-09-19,2025-07-21,Returned
10410,863,800,2023-08-12,,Late
10411,715,745,2023-08-17,2024-05-06,Returned
10412,1484,86,2026-02-15,2026-04-04,Returned
10413,264,110,2024-01-14,,Active
10414,504,54,2026-03-10,2026-05-12,Returned
10415,1573,875,2024-12-21,2025-07-14,Returned
10416,1401,231,2025-04-28,2025-05-26,Returned
10417,743,143,2024-07-26,2025-01-26,Returned
10418,440,784,2025-01-04,2025-07-07,Returned
10419,435,357,2023-07-08,2024-08-12,Returned
10420,968,588,2024-07-11,2025-06-30,Returned
10421,1428,451,2023-09-28,,Active
10422,584,547,2025-10-02,2025-12-11,Returned
10423,1917,830,2023-07-25,2025-04-20,Returned
10424,1856,877,2023-10-23,2026-03-11,Returned
10425,1965,283,2024-12-21,2025-10-13,Returned
10426,535,193,2026-02-17,2026-05-26,Returned
10427,284,438,2025-12-01,2026-04-17,Returned
10428,1828,589,2024-12-23,2025-08-03,Returned
10429,984,234,2024-07-13,2025-11-14,Returned
10430,414,554,2025-05-02,2025-06-13,Returned
10431,1760,187,2026-01-02,2026-03-31,Returned
10432,1218,941,2023-07-01,2026-05-18,Returned
10433,975,424,2024-01-22,2024-07-21,Returned
10434,734,513,2025-03-31,2025-06-28,Returned
10435,852,978,2024-05-27,2025-06-28,Returned
10436,1775,308,2023-08-09,2024-05-05,Returned
10437,682,979,2026-01-07,,Active
10438,84,376,2024-12-07,2025-08-28,Returned
10439,1745,113,2026-03-12,,Active
10440,1515,953,2026-03-27,2026-04-02,Returned
10441,903,169,2026-01-19,2026-03-24,Returned
10442,1009,162,2025-01-11,2026-02-11,Returned
10443,462,422,2024-04-06,2024-10-21,Returned
10444,131,273,2024-10-06,2024-10-15,Returned
10445,1166,348,2024-03-19,2025-10-23,Returned
10446,1596,650,2025-07-20,2026-02-06,Returned
10447,756,632,2025-04-26,,Late
10448,591,696,2024-11-27,2025-08-16,Returned
10449,413,344,2025-05-10,2025-05-21,Returned
10450,1011,55,2024-01-03,2024-10-24,Returned
10451,603,936,2024-02-01,2025-09-03,Returned
10452,1614,960,2025-12-04,2026-04-16,Returned
10453,250,22,2025-02-27,2025-12-10,Returned
10454,164,190,2025-02-24,2025-05-22,Returned
10455,1970,778,2023-07-28,2024-03-13,Returned
10456,666,469,2025-03-04,2025-10-19,Returned
10457,1001,663,2024-09-08,2025-12-01,Returned
10458,633,819,2026-01-19,2026-05-16,Returned
10459,410,525,2025-03-24,2025-09-09,Returned
10460,1422,897,2026-04-04,,Active
10461,1581,316,2026-05-10,2026-05-14,Returned
10462,510,395,2023-07-23,2023-12-10,Returned
10463,1827,554,2023-11-29,2025-03-14,Returned
10464,542,845,2023-06-19,2025-06-14,Returned
10465,318,267,2026-04-05,2026-05-01,Returned
10466,1953,179,2026-04-23,,Active
10467,1854,322,2023-07-24,2024-03-03,Returned
10468,816,486,2023-06-10,2025-02-01,Returned
10469,1977,539,2024-05-05,,Active
10470,1374,148,2024-06-07,2026-05-25,Returned
10471,1195,269,2023-06-25,2025-07-30,Returned
10472,1938,182,2024-03-05,2026-05-04,Returned
10473,1247,656,2026-02-16,2026-03-09,Returned
10474,934,554,2025-03-17,2026-01-14,Returned
10475,1040,625,2026-01-04,2026-03-26,Returned
10476,90,742,2024-06-08,2025-11-03,Returned
10477,432,924,2025-10-27,2026-04-05,Returned
10478,1457,80,2024-08-11,2024-10-16,Returned
10479,1049,277,2025-08-10,,Late
10480,1834,274,2026-05-04,2026-05-16,Returned
10481,1514,751,2026-05-14,2026-05-30,Returned
10482,1254,728,2024-05-08,2024-09-15,Returned
10483,798,790,2024-09-09,2025-09-21,Returned
10484,1413,78,2023-07-27,2024-01-17,Returned
10485,90,249,2026-05-19,2026-05-26,Returned
10486,1614,58,2023-09-28,2025-11-03,Returned
10487,1375,482,2024-12-18,2025-05-16,Returned
10488,1797,990,2025-07-01,,Active
10489,1484,942,2023-10-28,2026-01-04,Returned
10490,1281,313,2026-05-13,2026-06-04,Returned
10491,1828,398,2024-04-19,2025-02-21,Returned
10492,511,303,2025-05-19,2025-08-05,Returned
10493,647,783,2025-01-07,2025-03-25,Returned
10494,515,980,2026-02-04,2026-02-26,Returned
10495,173,617,2025-04-26,2026-02-26,Returned
10496,289,834,2023-12-15,2024-06-08,Returned
10497,150,262,2024-01-29,2024-10-10,Returned
10498,494,208,2023-12-03,2024-02-03,Returned
10499,544,706,2025-11-23,,Active
10500,1160,184,2024-09-07,2025-09-24,Returned
10501,1051,602,2025-03-16,2025-12-24,Returned
10502,412,512,2024-07-08,2025-06-20,Returned
10503,1525,674,2024-06-27,2025-11-07,Returned
10504,473,477,2026-03-24,2026-05-14,Returned
10505,831,183,2025-03-15,2025-11-21,Returned
10506,1327,173,2024-07-20,2024-11-12,Returned
10507,1367,336,2023-06-14,2025-12-12,Returned
10508,563,429,2024-09-19,2025-03-14,Returned
10509,1835,573,2026-01-05,2026-05-12,Returned
10510,1683,135,2026-02-26,2026-04-15,Returned
10511,1852,133,2023-12-23,2026-01-21,Returned
10512,1618,284,2025-11-27,2026-03-30,Returned
10513,983,277,2025-03-06,2025-05-23,Returned
10514,41,722,2025-11-24,2026-01-29,Returned
10515,163,358,2024-09-16,,Active
10516,1263,312,2025-04-01,2026-03-19,Returned
10517,1527,610,2023-11-12,2025-04-27,Returned
10518,1543,213,2025-01-29,2025-07-26,Returned
10519,650,113,2024-02-05,2025-08-03,Returned
10520,101,19,2024-08-05,2024-12-26,Returned
10521,655,551,2024-07-19,2026-04-24,Returned
10522,825,515,2026-05-16,2026-05-18,Returned
10523,1074,426,2024-04-30,2026-03-18,Returned
10524,687,445,2025-01-04,2025-08-07,Returned
10525,1778,102,2023-07-07,,Active
10526,1214,31,2024-08-18,2025-02-07,Returned
10527,1627,63,2023-09-08,,Active
10528,896,780,2024-01-22,2025-08-23,Returned
10529,448,349,2025-03-12,2026-03-09,Returned
10530,1672,483,2024-12-15,,Late
10531,839,67,2025-07-28,2025-12-22,Returned
10532,1893,820,2023-10-09,2025-12-03,Returned
10533,111,513,2025-06-12,2025-09-06,Returned
10534,294,779,2023-09-03,2025-02-08,Returned
10535,582,206,2025-02-24,2025-05-31,Returned
10536,197,546,2023-11-21,2025-03-13,Returned
10537,1230,188,2023-08-31,2024-11-18,Returned
10538,1335,142,2023-12-05,2024-06-14,Returned
10539,146,400,2024-01-21,2026-05-03,Returned
10540,971,803,2025-02-21,,Active
10541,835,927,2024-11-07,2025-11-18,Returned
10542,269,579,2025-01-30,2025-09-13,Returned
10543,572,592,2025-05-13,2025-09-14,Returned
10544,1908,551,2024-04-20,2025-09-26,Returned
10545,1519,190,2025-11-15,,Late
10546,1325,688,2024-05-25,2025-06-26,Returned
10547,1816,389,2026-03-09,,Late
10548,730,338,2025-04-28,2025-08-18,Returned
10549,714,716,2024-04-04,2024-07-19,Returned
10550,978,543,2024-03-18,2025-04-02,Returned
10551,1064,758,2026-02-06,2026-05-12,Returned
10552,981,625,2025-06-25,2025-07-08,Returned
10553,1480,596,2025-04-27,2026-02-12,Returned
10554,467,872,2024-12-26,2025-04-25,Returned
10555,885,320,2025-05-08,2025-10-14,Returned
10556,1354,45,2026-04-29,2026-05-15,Returned
10557,310,161,2024-09-09,2025-06-17,Returned
10558,185,523,2025-06-09,2025-12-06,Returned
10559,330,578,2024-01-11,2026-02-22,Returned
10560,1939,978,2024-08-03,2024-08-06,Returned
10561,753,951,2024-04-23,,Late
10562,1261,48,2025-08-29,2025-12-09,Returned
10563,489,60,2025-05-28,2026-01-22,Returned
10564,1312,373,2023-10-01,,Active
10565,1993,556,2024-04-24,2024-08-23,Returned
10566,1687,603,2023-09-10,2025-03-20,Returned
10567,430,340,2024-01-22,,Late
10568,1033,424,2024-10-21,,Active
10569,557,398,2024-01-03,,Late
10570,1435,385,2025-06-04,2026-04-19,Returned
10571,1267,825,2024-05-24,2024-10-08,Returned
10572,1200,736,2023-06-12,,Active
10573,1356,74,2025-09-08,2026-03-18,Returned
10574,190,461,2023-10-26,2026-01-14,Returned
10575,1575,12,2024-01-05,2024-04-25,Returned
10576,1626,343,2025-04-06,2025-11-28,Returned
10577,1792,541,2025-06-21,2025-09-26,Returned
10578,1498,7,2026-05-28,2026-06-04,Returned
10579,1206,318,2025-08-13,2025-11-05,Returned
10580,398,804,2023-08-26,2023-11-10,Returned
10581,431,761,2024-03-13,2024-08-20,Returned
10582,1633,20,2024-08-08,2025-08-02,Returned
10583,1627,317,2025-04-02,2025-12-11,Returned
10584,911,662,2025-12-30,2026-01-23,Returned
10585,1705,216,2024-07-01,2025-11-28,Returned
10586,967,269,2023-09-16,2025-12-06,Returned
10587,1418,508,2025-01-28,2026-01-28,Returned
10588,894,428,2024-09-28,2025-10-12,Returned
10589,665,472,2023-07-17,2025-09-26,Returned
10590,1806,64,2023-11-16,2025-01-01,Returned
10591,77,878,2024-09-24,,Active
10592,1524,787,2024-11-09,2024-11-29,Returned
10593,659,224,2024-06-24,,Late
10594,40,295,2023-11-20,2023-12-26,Returned
10595,1437,560,2024-06-06,2026-05-31,Returned
10596,1993,540,2025-03-03,,Late
10597,1384,456,2024-01-10,2024-05-25,Returned
10598,664,379,2025-02-01,2026-03-08,Returned
10599,540,244,2024-11-17,2025-04-25,Returned
10600,414,846,2024-05-13,2025-04-14,Returned
10601,994,938,2024-12-15,2025-11-23,Returned
10602,32,517,2025-10-16,2026-03-23,Returned
10603,726,266,2026-01-08,2026-02-19,Returned
10604,1527,513,2024-10-13,2025-03-29,Returned
10605,1191,667,2024-02-29,2024-06-09,Returned
10606,1191,366,2025-06-25,2025-08-01,Returned
10607,1315,612,2026-05-26,2026-05-30,Returned
10608,410,275,2024-09-23,2025-11-16,Returned
10609,889,812,2025-06-03,2025-10-26,Returned
10610,31,213,2025-10-18,2026-01-27,Returned
10611,1882,352,2024-01-18,2025-04-18,Returned
10612,258,513,2026-02-23,2026-05-16,Returned
10613,10,919,2025-01-28,2025-05-06,Returned
10614,1465,834,2025-01-19,2026-04-26,Returned
10615,1843,888,2024-03-07,2024-04-25,Returned
10616,1185,478,2024-01-28,2025-01-09,Returned
10617,180,976,2026-02-02,2026-05-27,Returned
10618,280,782,2025-02-05,2025-03-01,Returned
10619,690,250,2026-04-13,2026-04-26,Returned
10620,1058,249,2025-09-04,2026-01-11,Returned
10621,572,970,2024-11-29,2025-10-19,Returned
10622,64,530,2023-09-09,2025-05-06,Returned
10623,790,141,2024-07-30,2025-08-25,Returned
10624,435,888,2024-09-23,2024-11-23,Returned
10625,173,686,2024-09-30,2026-05-04,Returned
10626,1813,820,2025-11-07,2026-02-10,Returned
10627,973,261,2025-04-30,2026-02-16,Returned
10628,356,19,2026-03-01,2026-05-24,Returned
10629,431,525,2026-02-13,2026-05-26,Returned
10630,1321,48,2024-03-09,,Late
10631,223,429,2024-06-03,2025-09-02,Returned
10632,1723,484,2025-10-22,2026-02-16,Returned
10633,235,361,2024-04-27,2025-11-20,Returned
10634,188,275,2025-01-21,2026-03-08,Returned
10635,1571,448,2025-08-06,2025-10-27,Returned
10636,574,735,2024-06-07,2025-08-22,Returned
10637,1442,196,2024-08-19,2025-02-16,Returned
10638,1440,26,2024-06-02,2024-09-02,Returned
10639,1383,943,2024-08-12,2026-04-21,Returned
10640,1371,624,2024-05-01,2024-11-08,Returned
10641,1806,365,2023-07-28,2025-10-07,Returned
10642,380,731,2024-10-27,2026-02-09,Returned
10643,824,797,2023-07-15,2026-05-06,Returned
10644,700,525,2024-06-19,,Active
10645,713,382,2025-03-16,2025-05-16,Returned
10646,516,553,2026-03-13,,Late
10647,1674,211,2023-06-15,2025-12-03,Returned
10648,1985,999,2024-11-10,2024-12-12,Returned
10649,956,556,2024-06-12,2026-05-20,Returned
10650,16,1,2025-11-24,2026-02-16,Returned
10651,1705,668,2025-04-16,2026-01-21,Returned
10652,310,278,2024-08-18,2025-06-14,Returned
10653,236,472,2025-12-02,2025-12-09,Returned
10654,1091,988,2024-04-20,2026-03-27,Returned
10655,752,936,2025-07-03,2025-12-18,Returned
10656,1962,898,2025-01-07,2025-03-07,Returned
10657,177,581,2025-05-15,,Active
10658,237,717,2023-12-08,2023-12-08,Returned
10659,262,42,2025-08-17,2026-04-13,Returned
10660,183,933,2024-04-09,,Active
10661,878,862,2023-10-25,2026-06-06,Returned
10662,1261,412,2023-11-23,2023-12-19,Returned
10663,195,99,2024-05-05,2025-12-15,Returned
10664,237,300,2023-07-03,2025-08-23,Returned
10665,1160,847,2026-04-10,2026-04-17,Returned
10666,1494,261,2023-12-17,2025-07-04,Returned
10667,376,24,2023-09-17,,Active
10668,1744,8,2025-02-12,2025-09-20,Returned
10669,409,896,2025-11-10,2025-12-27,Returned
10670,380,540,2024-07-15,2025-01-17,Returned
10671,278,52,2024-10-05,2025-08-30,Returned
10672,993,853,2025-11-02,,Active
10673,1719,151,2023-09-14,,Active
10674,1373,313,2024-12-03,2025-12-17,Returned
10675,383,562,2024-01-21,2024-07-24,Returned
10676,506,739,2025-02-03,2025-09-15,Returned
10677,206,432,2025-02-28,2025-09-08,Returned
10678,903,566,2026-01-21,2026-01-28,Returned
10679,723,471,2025-11-25,2026-02-28,Returned
10680,758,619,2024-03-02,2025-06-17,Returned
10681,1903,99,2024-09-03,2024-10-24,Returned
10682,1580,82,2025-04-13,2026-01-21,Returned
10683,753,613,2025-08-10,2026-02-14,Returned
10684,618,220,2025-08-15,2026-03-26,Returned
10685,309,852,2025-11-25,,Active
10686,1419,878,2024-09-06,,Late
10687,1177,66,2025-01-26,2025-07-25,Returned
10688,1943,774,2023-12-21,2024-03-22,Returned
10689,1576,751,2025-07-06,2026-05-31,Returned
10690,1863,44,2025-11-18,2026-03-01,Returned
10691,1434,448,2024-08-04,2025-12-20,Returned
10692,1956,44,2025-09-18,2026-02-07,Returned
10693,1669,358,2025-01-07,2026-04-03,Returned
10694,502,119,2023-12-07,,Late
10695,972,653,2024-01-21,2024-11-02,Returned
10696,1040,214,2024-09-14,2026-02-05,Returned
10697,1691,603,2024-01-10,2025-04-16,Returned
10698,449,134,2025-09-25,2025-11-22,Returned
10699,308,69,2023-07-26,2026-04-13,Returned
10700,715,343,2025-04-16,2025-10-12,Returned
10701,1584,761,2025-02-05,2025-10-04,Returned
10702,1882,294,2025-09-26,2025-12-22,Returned
10703,969,190,2025-10-26,,Active
10704,607,999,2024-01-13,2025-11-18,Returned
10705,538,651,2023-07-01,2025-04-04,Returned
10706,1967,407,2024-12-29,2026-05-03,Returned
10707,683,521,2024-01-22,2026-01-29,Returned
10708,1722,217,2026-01-18,,Active
10709,390,691,2025-03-27,2025-04-19,Returned
10710,1830,343,2026-05-05,,Active
10711,1059,511,2024-02-16,2025-09-25,Returned
10712,1290,787,2024-10-12,2026-04-23,Returned
10713,1712,48,2025-08-17,2025-10-19,Returned
10714,1413,92,2025-02-07,2025-03-31,Returned
10715,1904,551,2025-07-01,2026-03-23,Returned
10716,1143,753,2025-04-15,2025-04-30,Returned
10717,1254,934,2024-08-07,2025-07-09,Returned
10718,700,216,2025-11-14,2026-01-07,Returned
10719,437,707,2024-12-30,2026-01-12,Returned
10720,1281,346,2025-12-26,,Active
10721,1124,187,2023-10-26,2024-05-05,Returned
10722,200,465,2024-09-08,,Late
10723,824,905,2025-11-27,2026-03-04,Returned
10724,1296,995,2024-10-20,2025-06-28,Returned
10725,224,244,2025-06-26,2025-10-26,Returned
10726,1603,89,2024-05-22,,Active
10727,361,662,2023-09-20,2025-04-12,Returned
10728,957,185,2024-09-17,2024-11-23,Returned
10729,1193,503,2025-07-22,2026-04-17,Returned
10730,1516,339,2026-01-19,2026-03-19,Returned
10731,514,622,2023-08-29,2026-05-03,Returned
10732,491,520,2024-09-30,2025-06-12,Returned
10733,946,311,2025-03-21,,Active
10734,254,149,2025-12-19,2026-05-15,Returned
10735,509,469,2026-05-18,2026-05-25,Returned
10736,319,867,2024-12-28,2025-04-09,Returned
10737,1695,798,2024-07-24,2025-01-16,Returned
10738,927,582,2025-12-29,2026-04-15,Returned
10739,981,100,2024-01-07,2026-01-28,Returned
10740,687,523,2025-12-26,2026-05-09,Returned
10741,1485,1000,2024-05-03,2025-03-24,Returned
10742,147,788,2024-12-13,2025-10-10,Returned
10743,710,883,2024-10-17,2025-08-08,Returned
10744,511,595,2024-04-08,2026-02-23,Returned
10745,1016,822,2023-11-05,2024-07-11,Returned
10746,345,561,2025-06-26,2025-10-16,Returned
10747,988,263,2024-11-03,2026-05-24,Returned
10748,147,662,2026-02-23,2026-06-03,Returned
10749,449,5,2026-02-02,2026-02-02,Returned
10750,287,477,2024-10-24,2025-11-29,Returned
10751,1004,178,2023-11-04,2024-04-08,Returned
10752,607,351,2024-07-20,2025-03-07,Returned
10753,893,547,2025-11-07,2026-02-07,Returned
10754,333,239,2024-09-16,2025-11-28,Returned
10755,467,69,2024-09-05,2025-08-04,Returned
10756,1494,871,2024-02-22,2025-05-23,Returned
10757,1534,746,2025-08-17,2025-08-30,Returned
10758,813,819,2023-09-14,2025-10-01,Returned
10759,331,742,2024-08-04,2025-06-25,Returned
10760,1653,493,2026-04-06,2026-04-24,Returned
10761,1553,59,2024-05-30,2026-04-02,Returned
10762,553,225,2025-06-17,,Active
10763,255,834,2025-01-17,2026-01-14,Returned
10764,474,103,2024-07-17,2024-12-19,Returned
10765,84,221,2024-08-14,2024-11-04,Returned
10766,1801,478,2024-06-04,2024-11-19,Returned
10767,765,330,2024-05-23,2025-06-14,Returned
10768,660,34,2026-02-05,2026-05-20,Returned
10769,1809,507,2024-06-08,2026-01-10,Returned
10770,1135,3,2024-11-16,2025-05-30,Returned
10771,363,836,2025-06-08,2025-12-09,Returned
10772,1649,365,2023-10-14,2024-03-23,Returned
10773,1492,640,2025-06-30,2025-12-27,Returned
10774,223,40,2025-05-03,2025-09-01,Returned
10775,26,440,2026-02-24,2026-04-25,Returned
10776,1982,609,2023-10-31,2025-03-23,Returned
10777,1390,890,2025-01-16,2025-04-30,Returned
10778,1886,916,2025-07-12,2025-09-05,Returned
10779,587,306,2025-02-20,2025-05-02,Returned
10780,352,589,2024-04-26,,Active
10781,94,751,2025-04-05,2025-12-26,Returned
10782,1212,494,2024-07-03,2025-12-27,Returned
10783,154,126,2025-02-10,2025-07-13,Returned
10784,1059,383,2025-04-08,2026-02-03,Returned
10785,904,418,2025-03-31,2025-08-19,Returned
10786,237,340,2025-05-25,2025-07-21,Returned
10787,1929,306,2026-05-19,2026-05-31,Returned
10788,712,590,2024-07-25,,Active
10789,324,983,2025-10-03,2026-04-03,Returned
10790,445,248,2024-09-05,2025-09-02,Returned
10791,80,415,2024-10-01,2025-10-27,Returned
10792,1128,146,2023-10-01,2024-03-30,Returned
10793,1469,817,2023-06-08,2023-11-30,Returned
10794,23,632,2023-11-28,2025-04-25,Returned
10795,270,361,2023-08-20,2023-11-03,Returned
10796,659,585,2024-09-26,2025-07-11,Returned
10797,1224,549,2025-04-28,2026-04-17,Returned
10798,43,712,2025-06-20,,Active
10799,654,636,2024-01-22,2025-06-01,Returned
10800,1099,656,2025-09-12,2026-04-06,Returned
10801,120,30,2024-03-04,2025-08-30,Returned
10802,1163,388,2024-01-01,,Late
10803,434,565,2024-06-13,2025-08-28,Returned
10804,1263,337,2025-01-28,2025-02-04,Returned
10805,1740,875,2023-11-26,2024-12-07,Returned
10806,64,496,2025-08-03,2026-04-20,Returned
10807,1163,32,2026-05-05,2026-05-13,Returned
10808,232,584,2023-09-24,2024-09-06,Returned
10809,342,40,2023-06-25,2024-02-29,Returned
10810,1184,13,2025-05-17,2025-05-28,Returned
10811,1517,837,2023-12-07,,Active
10812,1439,645,2025-02-09,2025-03-14,Returned
10813,1591,649,2024-10-30,2025-07-14,Returned
10814,483,267,2024-10-07,2025-08-15,Returned
10815,494,612,2025-04-21,,Active
10816,797,75,2024-05-20,,Active
10817,1385,395,2023-08-01,2026-03-04,Returned
10818,117,926,2026-01-26,2026-01-29,Returned
10819,1077,580,2025-04-25,2025-05-22,Returned
10820,381,821,2024-12-27,2025-03-28,Returned
10821,1260,384,2025-08-04,,Active
10822,1465,327,2023-10-14,2026-02-04,Returned
10823,137,289,2023-12-18,2026-02-02,Returned
10824,1445,329,2024-07-18,2024-08-21,Returned
10825,1942,625,2024-12-02,2024-12-25,Returned
10826,949,822,2023-09-29,2025-04-09,Returned
10827,1828,735,2026-04-02,,Active
10828,1131,100,2024-03-10,2025-06-23,Returned
10829,1356,596,2024-04-11,2024-10-24,Returned
10830,1231,94,2024-05-15,2025-01-04,Returned
10831,1756,353,2025-11-24,2026-05-02,Returned
10832,975,349,2025-04-30,2025-05-07,Returned
10833,1665,783,2025-10-12,2026-03-12,Returned
10834,282,194,2023-10-19,2026-01-28,Returned
10835,180,244,2026-05-15,2026-05-20,Returned
10836,596,551,2025-12-20,2026-04-12,Returned
10837,767,104,2025-08-03,2026-02-11,Returned
10838,50,495,2024-03-01,2025-02-06,Returned
10839,559,896,2025-09-14,2025-10-15,Returned
10840,773,87,2024-02-19,,Active
10841,1404,882,2025-03-10,2025-10-09,Returned
10842,1640,352,2025-10-04,2026-01-15,Returned
10843,578,527,2026-03-30,2026-04-12,Returned
10844,122,139,2025-07-19,2025-09-01,Returned
10845,1519,908,2024-02-20,,Late
10846,844,234,2026-01-07,2026-03-25,Returned
10847,1175,967,2025-04-13,2025-07-21,Returned
10848,62,640,2023-09-13,2026-04-28,Returned
10849,907,465,2026-05-18,2026-05-28,Returned
10850,200,396,2024-11-17,2026-05-16,Returned
10851,1197,60,2025-08-29,2026-02-07,Returned
10852,1740,614,2025-10-09,,Late
10853,1587,704,2024-11-30,2025-09-08,Returned
10854,1630,569,2025-09-21,2026-05-14,Returned
10855,745,401,2024-06-05,2024-12-11,Returned
10856,1514,936,2024-06-20,2025-07-01,Returned
10857,1100,90,2024-01-13,2024-09-21,Returned
10858,511,101,2024-04-28,2025-06-03,Returned
10859,1357,461,2024-05-11,2025-01-13,Returned
10860,1799,369,2024-05-17,2024-05-18,Returned
10861,1845,902,2023-07-20,2024-03-05,Returned
10862,926,606,2026-04-08,2026-04-21,Returned
10863,736,458,2024-08-21,2024-09-27,Returned
10864,722,279,2024-11-18,2025-08-26,Returned
10865,316,79,2025-07-03,2025-11-28,Returned
10866,1659,709,2023-08-27,,Active
10867,1842,130,2023-12-28,,Active
10868,1379,572,2025-10-10,2025-12-29,Returned
10869,1364,538,2024-09-06,,Active
10870,1343,338,2024-07-23,2025-04-11,Returned
10871,1501,456,2025-06-16,2025-12-05,Returned
10872,487,538,2023-11-10,2025-01-03,Returned
10873,665,112,2025-09-01,2025-12-18,Returned
10874,1190,873,2024-12-12,2025-11-29,Returned
10875,1373,444,2023-08-02,2024-04-09,Returned
10876,1550,664,2025-12-28,2026-01-17,Returned
10877,1185,31,2024-04-27,2025-11-01,Returned
10878,1081,700,2025-07-10,2026-02-14,Returned
10879,861,18,2025-09-01,2026-01-06,Returned
10880,1318,217,2024-05-13,2025-11-27,Returned
10881,1580,655,2025-03-26,2025-04-16,Returned
10882,1264,862,2025-11-27,2026-01-24,Returned
10883,1355,117,2025-05-06,2025-07-05,Returned
10884,357,607,2026-06-04,2026-06-05,Returned
10885,49,33,2024-12-15,2025-08-09,Returned
10886,1348,178,2025-10-06,2025-12-04,Returned
10887,1343,896,2023-06-26,,Active
10888,39,659,2025-12-29,,Active
10889,829,332,2026-06-04,2026-06-04,Returned
10890,593,446,2023-11-19,2024-09-17,Returned
10891,1887,693,2025-08-07,2025-11-17,Returned
10892,1874,803,2024-03-27,2025-03-27,Returned
10893,1828,997,2025-05-17,2025-10-31,Returned
10894,1778,375,2025-08-28,2026-03-19,Returned
10895,1954,93,2023-10-31,2026-02-17,Returned
10896,1808,156,2024-08-06,2026-02-03,Returned
10897,14,159,2025-10-03,2026-03-12,Returned
10898,336,807,2024-01-21,2024-01-26,Returned
10899,849,311,2024-12-02,2025-09-06,Returned
10900,1804,748,2023-06-27,2024-12-20,Returned
10901,1910,76,2024-11-18,2026-03-14,Returned
10902,290,636,2026-01-22,2026-02-20,Returned
10903,417,709,2024-08-30,2025-05-21,Returned
10904,988,234,2023-07-06,2023-12-12,Returned
10905,780,410,2025-12-12,2026-01-10,Returned
10906,1981,749,2024-01-07,2025-12-02,Returned
10907,273,650,2025-01-30,2025-02-19,Returned
10908,1594,656,2024-08-28,2025-07-21,Returned
10909,1363,50,2026-03-19,2026-04-11,Returned
10910,142,171,2025-01-23,,Active
10911,807,364,2024-08-28,2024-09-27,Returned
10912,278,478,2023-07-02,2023-07-24,Returned
10913,1312,716,2023-06-24,2024-06-25,Returned
10914,11,468,2026-01-29,2026-03-13,Returned
10915,1326,509,2023-12-02,2024-02-12,Returned
10916,815,550,2025-01-30,2026-02-20,Returned
10917,850,871,2026-01-30,,Active
10918,1102,117,2025-06-21,2026-01-21,Returned
10919,992,273,2025-06-16,2026-04-26,Returned
10920,85,728,2025-05-21,2025-08-28,Returned
10921,1668,373,2024-02-28,2024-10-11,Returned
10922,1457,71,2025-03-05,2025-07-27,Returned
10923,1325,467,2024-05-30,2025-07-30,Returned
10924,211,378,2026-01-19,2026-03-15,Returned
10925,206,28,2025-12-18,2026-02-27,Returned
10926,502,733,2026-03-16,2026-05-22,Returned
10927,176,610,2023-09-04,2024-11-29,Returned
10928,624,864,2026-05-11,2026-05-14,Returned
10929,1933,176,2025-12-21,2026-03-13,Returned
10930,1875,218,2024-01-19,2024-10-10,Returned
10931,1663,134,2024-06-04,2024-08-23,Returned
10932,753,972,2025-07-28,2025-08-09,Returned
10933,892,369,2024-03-01,2025-05-23,Returned
10934,1631,910,2025-05-09,,Active
10935,946,629,2023-12-03,2025-01-04,Returned
10936,865,512,2023-08-13,2025-03-12,Returned
10937,1008,680,2026-01-09,2026-02-03,Returned
10938,344,888,2024-09-19,2025-09-24,Returned
10939,515,410,2025-10-28,2026-05-18,Returned
10940,745,600,2025-05-25,2026-04-23,Returned
10941,1462,391,2023-10-30,2025-07-06,Returned
10942,353,987,2025-02-11,2026-05-01,Returned
10943,1346,459,2023-10-18,2025-08-15,Returned
10944,533,101,2025-05-11,2025-09-13,Returned
10945,1700,832,2024-02-23,2025-09-02,Returned
10946,574,284,2023-10-13,2025-11-30,Returned
10947,1792,502,2024-05-16,2024-12-10,Returned
10948,532,295,2025-06-16,2025-10-14,Returned
10949,634,269,2024-10-27,2026-03-25,Returned
10950,1459,261,2025-08-28,2026-04-17,Returned
10951,844,232,2023-12-27,2024-08-11,Returned
10952,466,919,2024-03-29,2024-06-19,Returned
10953,328,4,2023-06-23,,Active
10954,316,197,2024-12-04,2025-01-07,Returned
10955,575,959,2026-05-23,2026-05-28,Returned
10956,1477,230,2025-12-12,2026-02-18,Returned
10957,1012,559,2024-09-10,2025-03-26,Returned
10958,756,646,2026-03-17,2026-05-29,Returned
10959,1462,885,2024-10-20,2026-04-24,Returned
10960,1456,564,2025-02-01,2025-11-03,Returned
10961,1814,835,2024-08-13,2024-11-14,Returned
10962,1360,759,2024-12-18,2026-01-07,Returned
10963,586,268,2026-03-07,2026-04-24,Returned
10964,598,251,2023-10-25,2024-03-19,Returned
10965,741,52,2024-11-13,,Active
10966,185,220,2024-06-05,2025-11-01,Returned
10967,811,998,2024-11-16,2025-08-31,Returned
10968,1090,997,2024-05-14,2026-02-26,Returned
10969,664,18,2023-09-01,2025-06-30,Returned
10970,1016,871,2025-09-05,2026-03-13,Returned
10971,566,104,2024-03-04,2025-09-18,Returned
10972,1042,849,2024-01-01,2026-04-27,Returned
10973,985,915,2024-11-22,2026-01-19,Returned
10974,1823,375,2026-01-27,2026-06-01,Returned
10975,1329,514,2025-05-12,2026-02-18,Returned
10976,1416,829,2025-07-27,,Active
10977,964,878,2025-02-04,2025-12-19,Returned
10978,1591,986,2024-11-05,2025-08-15,Returned
10979,631,30,2025-06-17,2025-11-16,Returned
10980,1793,529,2024-06-23,2024-08-26,Returned
10981,734,15,2023-09-21,2024-09-21,Returned
10982,151,328,2025-10-18,2026-03-23,Returned
10983,1780,727,2024-03-02,2025-02-07,Returned
10984,100,649,2024-09-16,2025-01-23,Returned
10985,1140,477,2026-03-19,,Late
10986,1971,259,2024-02-14,2025-04-07,Returned
10987,594,379,2025-04-05,2026-06-02,Returned
10988,1985,416,2024-10-15,,Active
10989,1139,697,2024-03-30,,Late
10990,1385,834,2025-08-26,2026-02-13,Returned
10991,587,628,2024-11-13,,Active
10992,17,498,2025-04-26,2026-02-23,Returned
10993,799,828,2026-04-19,2026-06-01,Returned
10994,1644,435,2024-05-31,2025-09-01,Returned
10995,179,68,2024-03-19,2026-04-08,Returned
10996,845,657,2023-09-27,2026-06-03,Returned
10997,1594,727,2026-03-31,2026-04-15,Returned
10998,679,171,2025-07-01,,Late
10999,345,968,2024-01-06,2024-09-20,Returned
11000,771,603,2025-08-07,2026-02-03,Returned
11001,811,753,2025-03-19,2025-03-29,Returned
11002,1475,355,2024-10-21,2026-05-07,Returned
11003,446,122,2026-01-04,2026-01-25,Returned
11004,571,784,2026-04-21,2026-05-31,Returned
11005,1780,608,2023-12-12,2024-09-29,Returned
11006,302,442,2024-03-01,2025-10-15,Returned
11007,50,421,2023-09-12,2025-12-30,Returned
11008,1116,617,2025-05-04,2026-01-09,Returned
11009,1990,991,2024-12-26,2026-04-23,Returned
11010,1509,388,2025-06-19,2025-08-30,Returned
11011,1175,488,2023-11-29,2024-11-15,Returned
11012,1297,565,2025-01-22,2025-03-13,Returned
11013,1033,374,2024-12-02,2025-08-08,Returned
11014,481,321,2024-04-06,,Active
11015,1602,935,2025-02-06,2025-09-21,Returned
11016,1775,443,2025-01-08,2025-04-07,Returned
11017,1706,697,2025-02-14,2025-12-18,Returned
11018,1765,950,2024-05-03,,Late
11019,28,363,2023-12-13,2025-03-14,Returned
11020,1823,416,2026-01-08,2026-02-12,Returned
11021,1327,584,2026-03-17,,Late
11022,716,907,2023-07-19,2024-11-24,Returned
11023,1785,684,2024-02-23,2024-07-03,Returned
11024,1985,939,2023-08-10,2025-09-25,Returned
11025,946,677,2025-02-10,2025-07-05,Returned
11026,1899,579,2024-11-22,2025-02-03,Returned
11027,17,257,2024-05-25,2025-01-05,Returned
11028,687,789,2025-06-28,2025-10-08,Returned
11029,1551,410,2023-11-24,2025-07-14,Returned
11030,1048,465,2023-11-08,2026-02-17,Returned
11031,296,203,2026-04-04,2026-05-02,Returned
11032,1222,528,2023-08-30,2025-11-29,Returned
11033,1656,459,2023-08-01,2024-05-14,Returned
11034,1794,480,2024-10-30,2025-09-01,Returned
11035,414,663,2026-05-22,2026-05-24,Returned
11036,1137,172,2026-04-25,2026-05-17,Returned
11037,1408,103,2023-10-21,2023-10-23,Returned
11038,959,297,2023-08-08,2025-02-05,Returned
11039,483,926,2023-11-29,2025-04-25,Returned
11040,1964,415,2025-01-18,2025-04-21,Returned
11041,1672,412,2024-10-12,2025-03-27,Returned
11042,163,433,2025-02-20,2025-06-02,Returned
11043,1099,877,2025-05-13,2025-05-22,Returned
11044,1273,376,2023-06-22,2024-05-27,Returned
11045,483,985,2025-08-30,,Late
11046,1857,494,2025-03-16,2026-02-14,Returned
11047,623,522,2024-07-18,2025-03-09,Returned
11048,836,145,2025-12-13,2026-03-19,Returned
11049,1732,500,2025-03-16,2025-04-20,Returned
11050,1797,26,2024-02-15,2025-03-06,Returned
11051,1135,707,2025-05-07,2025-09-08,Returned
11052,1719,996,2025-09-28,2026-06-05,Returned
11053,657,310,2025-11-15,2026-04-07,Returned
11054,1904,376,2026-03-27,,Active
11055,424,411,2025-05-27,2026-03-20,Returned
11056,1307,82,2025-08-29,2026-03-19,Returned
11057,122,297,2024-01-06,2024-05-30,Returned
11058,799,672,2025-08-09,2026-05-05,Returned
11059,291,474,2024-03-06,2025-01-11,Returned
11060,1165,232,2025-08-08,2025-08-15,Returned
11061,1031,79,2024-03-18,2025-12-17,Returned
11062,1256,600,2024-09-01,2025-03-31,Returned
11063,1385,696,2024-04-28,,Active
11064,293,293,2024-03-17,2024-05-15,Returned
11065,1836,95,2024-07-24,2025-02-08,Returned
11066,25,402,2024-12-18,2025-02-27,Returned
11067,1786,204,2023-10-10,2024-02-23,Returned
11068,370,217,2024-03-19,2024-04-29,Returned
11069,1334,568,2024-11-24,2026-05-23,Returned
11070,1577,43,2023-10-16,2026-01-31,Returned
11071,27,574,2025-05-21,2025-10-08,Returned
11072,1613,510,2024-08-02,2025-06-02,Returned
11073,483,122,2025-09-25,2026-02-10,Returned
11074,1241,373,2024-10-07,2025-02-14,Returned
11075,470,776,2023-12-03,2024-04-13,Returned
11076,483,174,2024-12-15,2025-10-30,Returned
11077,565,538,2025-11-11,2026-03-29,Returned
11078,59,125,2024-04-01,,Active
11079,199,960,2023-12-31,2024-05-12,Returned
11080,256,377,2026-01-22,2026-01-25,Returned
11081,1566,364,2025-02-25,2025-07-31,Returned
11082,620,663,2023-12-27,2024-07-20,Returned
11083,679,265,2024-08-29,2025-11-27,Returned
11084,191,422,2024-02-23,2026-01-25,Returned
11085,164,25,2026-03-04,2026-05-23,Returned
11086,1184,341,2024-12-20,2026-03-12,Returned
11087,16,525,2023-07-21,2023-09-16,Returned
11088,209,858,2024-02-19,2025-11-28,Returned
11089,1436,912,2024-09-08,2025-12-14,Returned
11090,786,31,2024-12-15,2025-06-17,Returned
11091,1366,199,2024-09-11,2025-06-17,Returned
11092,495,838,2026-01-11,2026-05-27,Returned
11093,68,455,2024-06-08,,Active
11094,894,140,2024-10-09,2026-03-18,Returned
11095,1953,519,2023-09-21,2025-02-01,Returned
11096,1744,816,2024-01-24,2024-12-11,Returned
11097,546,648,2025-04-15,2026-02-18,Returned
11098,1140,473,2025-10-22,2026-05-20,Returned
11099,1198,454,2023-11-15,2025-01-03,Returned
11100,1135,518,2024-04-02,2024-11-15,Returned
11101,703,151,2024-06-17,2025-08-24,Returned
11102,38,953,2025-03-24,,Active
11103,783,729,2024-07-16,2024-11-24,Returned
11104,1797,437,2023-06-13,2025-01-12,Returned
11105,170,123,2023-06-26,,Active
11106,747,976,2025-08-14,2026-01-05,Returned
11107,1218,482,2026-02-26,2026-04-03,Returned
11108,1434,636,2023-12-09,2025-05-26,Returned
11109,830,624,2023-06-26,2025-11-16,Returned
11110,1231,667,2024-03-15,2025-11-26,Returned
11111,1461,86,2025-12-07,2026-02-08,Returned
11112,1881,486,2025-07-06,2025-07-07,Returned
11113,1678,154,2025-07-23,2025-10-21,Returned
11114,684,253,2025-04-15,2025-11-05,Returned
11115,668,596,2025-01-09,2025-04-07,Returned
11116,597,265,2025-01-01,2025-07-24,Returned
11117,726,997,2025-06-18,2025-07-16,Returned
11118,427,578,2024-09-07,2025-11-25,Returned
11119,1200,176,2023-09-02,2024-05-27,Returned
11120,835,534,2026-05-04,2026-05-16,Returned
11121,1281,144,2026-04-20,2026-05-06,Returned
11122,1242,253,2023-11-09,2026-05-17,Returned
11123,82,184,2023-12-06,2024-04-13,Returned
11124,12,291,2024-01-18,2025-05-31,Returned
11125,615,555,2024-03-26,2024-06-07,Returned
11126,1986,981,2025-10-13,,Late
11127,1421,450,2025-11-09,2025-11-20,Returned
11128,3,427,2025-11-21,2026-03-18,Returned
11129,661,778,2025-09-22,2025-12-26,Returned
11130,240,254,2026-03-17,2026-05-17,Returned
11131,144,646,2023-09-18,2026-04-06,Returned
11132,499,416,2024-10-04,2025-02-09,Returned
11133,925,217,2025-11-14,2026-01-21,Returned
11134,1061,180,2025-03-16,2025-10-03,Returned
11135,1327,180,2023-06-08,2023-09-27,Returned
11136,179,931,2023-07-16,2025-11-24,Returned
11137,657,403,2026-01-12,2026-04-20,Returned
11138,1579,856,2025-10-01,2026-03-28,Returned
11139,1069,824,2025-12-06,2026-01-09,Returned
11140,1345,27,2023-09-26,2024-02-27,Returned
11141,1350,383,2024-01-21,2024-09-06,Returned
11142,1060,319,2023-11-15,2024-04-07,Returned
11143,162,902,2023-11-13,2025-02-23,Returned
11144,1264,296,2024-11-03,2026-02-15,Returned
11145,63,649,2026-04-14,2026-05-23,Returned
11146,1300,295,2026-02-07,2026-02-14,Returned
11147,178,388,2024-06-11,2025-09-29,Returned
11148,1035,405,2026-03-14,2026-05-05,Returned
11149,1790,562,2024-08-03,2025-08-26,Returned
11150,1347,990,2025-12-19,2026-04-14,Returned
11151,850,324,2026-05-18,2026-05-26,Returned
11152,389,70,2024-12-28,2026-01-25,Returned
11153,1982,249,2025-11-11,2026-01-28,Returned
11154,239,123,2025-09-30,2026-06-04,Returned
11155,1253,539,2025-06-17,2026-06-03,Returned
11156,1900,324,2026-02-25,2026-05-23,Returned
11157,1502,829,2025-01-01,2026-02-13,Returned
11158,708,142,2025-03-18,2026-06-03,Returned
11159,1151,326,2024-04-09,,Active
11160,524,898,2024-10-17,2026-05-15,Returned
11161,1992,262,2025-01-22,2025-07-22,Returned
11162,825,244,2023-06-09,2024-04-03,Returned
11163,1330,278,2023-09-03,2025-02-05,Returned
11164,118,77,2024-12-19,2025-10-18,Returned
11165,1716,467,2025-04-01,2025-04-27,Returned
11166,1364,329,2024-05-30,2024-06-18,Returned
11167,1698,81,2026-04-19,2026-04-27,Returned
11168,322,93,2025-06-06,2025-11-12,Returned
11169,1108,307,2023-10-30,2024-03-30,Returned
11170,1306,301,2025-01-28,2026-01-23,Returned
11171,584,174,2024-01-14,2025-10-08,Returned
11172,1102,130,2025-09-05,2026-03-20,Returned
11173,1320,619,2024-01-29,2026-01-27,Returned
11174,1067,954,2024-02-01,2025-10-19,Returned
11175,1306,220,2026-04-04,2026-05-08,Returned
11176,1490,737,2024-07-18,,Active
11177,525,517,2023-07-31,2024-05-31,Returned
11178,931,348,2024-05-22,2024-07-08,Returned
11179,1588,998,2024-05-02,2025-02-24,Returned
11180,1498,424,2026-05-29,2026-06-01,Returned
11181,1223,407,2025-12-28,2026-05-30,Returned
11182,1996,581,2025-06-27,2025-07-27,Returned
11183,523,160,2024-08-10,2024-08-15,Returned
11184,1152,743,2024-11-12,2025-06-16,Returned
11185,343,915,2024-05-08,2026-01-18,Returned
11186,1135,408,2024-10-21,2024-12-08,Returned
11187,315,38,2024-12-02,2026-04-11,Returned
11188,1909,721,2026-02-22,2026-05-08,Returned
11189,160,240,2024-03-29,2025-01-24,Returned
11190,1388,536,2024-07-29,,Active
11191,982,711,2026-02-24,2026-05-21,Returned
11192,847,431,2023-10-07,2025-05-03,Returned
11193,949,990,2025-10-31,2026-03-09,Returned
11194,407,916,2024-03-31,2026-02-26,Returned
11195,468,370,2026-04-04,2026-05-27,Returned
11196,1940,97,2025-08-13,2025-12-06,Returned
11197,1475,394,2025-08-17,2025-12-29,Returned
11198,1018,609,2025-05-31,2025-11-03,Returned
11199,627,243,2023-08-10,2025-09-28,Returned
11200,1716,187,2024-06-17,2025-10-08,Returned
11201,1398,338,2025-06-26,2026-03-31,Returned
11202,2000,259,2025-04-16,2026-04-15,Returned
11203,1672,452,2026-02-15,2026-04-14,Returned
11204,760,844,2025-09-26,2025-11-18,Returned
11205,804,892,2023-11-29,2024-05-15,Returned
11206,788,173,2023-06-17,2023-12-18,Returned
11207,1999,283,2024-03-24,2025-08-29,Returned
11208,1427,827,2024-12-05,2025-04-17,Returned
11209,1517,301,2023-09-25,2025-11-02,Returned
11210,818,783,2023-08-22,2023-11-15,Returned
11211,761,872,2024-11-03,2024-11-05,Returned
11212,179,884,2024-08-27,2025-08-19,Returned
11213,1778,256,2023-06-24,,Active
11214,906,581,2026-05-01,2026-06-02,Returned
11215,1420,316,2024-10-26,2025-05-22,Returned
11216,686,810,2026-05-11,2026-05-13,Returned
11217,575,470,2025-08-05,2026-02-17,Returned
11218,66,202,2025-07-01,2026-03-10,Returned
11219,328,396,2026-05-09,2026-05-21,Returned
11220,766,1,2026-02-20,2026-05-31,Returned
11221,1938,316,2024-02-08,2026-02-19,Returned
11222,1930,31,2025-04-10,2025-09-28,Returned
11223,1452,943,2026-01-06,2026-01-30,Returned
11224,845,347,2024-03-29,2025-09-03,Returned
11225,1052,766,2025-11-30,2025-12-15,Returned
11226,622,784,2025-06-06,2026-01-12,Returned
11227,32,629,2025-12-02,2025-12-18,Returned
11228,1108,425,2026-03-18,,Active
11229,33,113,2025-03-19,2026-04-15,Returned
11230,1176,418,2023-11-03,2024-07-08,Returned
11231,1844,381,2024-11-24,2026-04-28,Returned
11232,1068,755,2024-09-03,2025-11-29,Returned
11233,904,611,2023-06-28,2023-09-14,Returned
11234,568,719,2023-10-03,2023-12-06,Returned
11235,1393,129,2024-08-12,2025-10-31,Returned
11236,1227,87,2025-03-31,2025-04-24,Returned
11237,1239,773,2024-10-01,2026-01-16,Returned
11238,452,919,2026-04-24,2026-04-29,Returned
11239,1232,81,2025-03-17,2026-03-14,Returned
11240,240,928,2025-10-17,,Active
11241,822,611,2025-06-30,2025-12-04,Returned
11242,1803,770,2024-09-17,,Late
11243,145,352,2025-07-22,2025-10-03,Returned
11244,1721,859,2024-09-30,2026-05-16,Returned
11245,782,61,2023-06-16,2024-11-08,Returned
11246,21,289,2025-12-24,2026-03-11,Returned
11247,1416,463,2024-12-26,2026-04-06,Returned
11248,1517,623,2025-05-31,2025-11-09,Returned
11249,1107,93,2023-11-27,,Active
11250,1315,171,2024-09-12,2026-04-20,Returned
11251,1864,331,2024-11-29,2025-08-22,Returned
11252,1794,525,2023-11-04,2025-07-06,Returned
11253,260,614,2025-06-05,2025-09-10,Returned
11254,755,282,2024-10-11,2026-04-25,Returned
11255,1087,886,2025-10-15,2026-01-22,Returned
11256,391,715,2024-06-22,2025-08-15,Returned
11257,1790,367,2023-11-11,2026-02-17,Returned
11258,1279,111,2024-06-07,2024-08-04,Returned
11259,149,525,2025-10-05,2025-12-17,Returned
11260,729,129,2026-05-25,2026-06-02,Returned
11261,517,500,2026-01-12,2026-01-20,Returned
11262,1659,864,2025-08-18,2025-12-03,Returned
11263,1767,781,2026-04-02,2026-05-26,Returned
11264,1089,817,2025-09-04,2025-11-07,Returned
11265,1906,335,2024-01-23,2025-09-12,Returned
11266,169,193,2024-08-23,2024-12-31,Returned
11267,1958,398,2024-10-17,2025-10-31,Returned
11268,1310,364,2025-08-25,2025-10-31,Returned
11269,1240,125,2026-04-03,2026-04-17,Returned
11270,682,875,2026-04-25,2026-06-02,Returned
11271,1270,472,2026-03-30,2026-05-02,Returned
11272,941,756,2025-08-17,2026-01-16,Returned
11273,1228,837,2023-07-19,2025-02-27,Returned
11274,647,704,2024-09-21,2025-09-05,Returned
11275,1585,249,2025-06-15,2025-11-01,Returned
11276,1556,382,2025-09-22,2026-04-20,Returned
11277,1453,950,2025-08-16,2025-11-02,Returned
11278,108,69,2025-07-03,2025-08-30,Returned
11279,594,727,2024-01-19,2025-10-11,Returned
11280,1275,479,2024-04-16,2026-02-15,Returned
11281,722,130,2025-05-16,2026-04-02,Returned
11282,225,859,2025-09-27,2026-04-09,Returned
11283,1863,626,2023-10-24,2024-01-31,Returned
11284,613,853,2024-11-29,2026-01-02,Returned
11285,45,284,2023-06-07,2023-11-01,Returned
11286,1609,60,2025-02-26,2026-01-21,Returned
11287,1405,520,2024-05-11,,Active
11288,1839,922,2025-03-07,2026-03-27,Returned
11289,463,19,2025-04-04,2025-07-08,Returned
11290,50,961,2026-02-01,2026-03-02,Returned
11291,1009,237,2026-01-13,2026-02-12,Returned
11292,1490,607,2024-10-03,2025-11-25,Returned
11293,141,364,2025-11-19,2025-12-03,Returned
11294,1166,785,2025-05-19,2025-06-03,Returned
11295,180,34,2025-08-23,2026-04-10,Returned
11296,1100,545,2026-04-22,2026-05-01,Returned
11297,413,585,2025-12-08,,Active
11298,1364,746,2025-03-30,2026-02-09,Returned
11299,924,886,2025-03-11,2025-11-28,Returned
11300,1414,812,2024-03-19,2025-12-03,Returned
11301,1938,166,2026-03-03,,Active
11302,1048,20,2025-04-08,2025-08-25,Returned
11303,1114,548,2024-10-24,2026-02-22,Returned
11304,753,527,2025-04-16,2025-05-20,Returned
11305,310,907,2024-08-19,2024-10-29,Returned
11306,1603,400,2023-09-16,2024-09-03,Returned
11307,701,978,2026-04-30,,Active
11308,868,535,2025-03-31,2026-05-10,Returned
11309,1882,937,2025-08-17,2025-12-25,Returned
11310,1828,381,2024-11-05,2025-03-24,Returned
11311,289,426,2025-11-05,,Late
11312,1168,648,2024-10-19,,Active
11313,283,477,2024-11-24,2025-06-04,Returned
11314,325,249,2025-12-23,2026-01-31,Returned
11315,1135,95,2026-05-15,2026-05-23,Returned
11316,10,942,2025-10-29,2026-03-05,Returned
11317,741,1,2024-12-23,,Active
11318,865,944,2025-11-14,2026-01-22,Returned
11319,547,668,2024-04-17,2024-07-21,Returned
11320,787,6,2024-09-05,2025-11-20,Returned
11321,1427,359,2024-03-05,2026-01-06,Returned
11322,53,187,2026-03-24,2026-05-13,Returned
11323,1744,182,2026-02-02,2026-05-23,Returned
11324,187,984,2024-07-20,2024-11-09,Returned
11325,499,516,2024-12-20,2025-01-12,Returned
11326,1076,329,2025-06-13,2026-01-08,Returned
11327,444,944,2023-07-28,2025-03-10,Returned
11328,606,94,2025-04-16,2025-11-27,Returned
11329,239,966,2024-02-21,2024-10-19,Returned
11330,793,350,2025-05-03,2025-11-25,Returned
11331,1172,528,2025-01-29,2026-01-14,Returned
11332,202,673,2025-10-09,2025-12-31,Returned
11333,414,500,2026-04-16,2026-06-06,Returned
11334,1033,23,2023-12-05,2024-07-16,Returned
11335,433,613,2024-11-18,2026-04-13,Returned
11336,1510,42,2025-08-15,2026-02-02,Returned
11337,296,181,2026-01-31,2026-04-13,Returned
11338,1130,570,2023-09-21,2024-10-30,Returned
11339,1658,774,2025-05-26,2025-10-01,Returned
11340,73,921,2024-04-13,2025-09-05,Returned
11341,1568,484,2025-12-17,2026-04-18,Returned
11342,1175,33,2024-10-24,2024-12-08,Returned
11343,1820,150,2024-01-28,2024-07-07,Returned
11344,1731,734,2026-04-08,2026-05-23,Returned
11345,82,706,2024-03-31,2025-08-15,Returned
11346,52,185,2026-03-22,2026-05-21,Returned
11347,1366,332,2025-01-03,2025-08-29,Returned
11348,704,471,2023-08-10,2025-02-19,Returned
11349,503,328,2024-07-18,2025-12-13,Returned
11350,508,348,2024-02-17,2024-06-08,Returned
11351,856,256,2023-10-06,2024-05-30,Returned
11352,1767,305,2025-05-08,2025-05-21,Returned
11353,77,16,2024-12-01,2026-02-15,Returned
11354,432,243,2024-09-23,2025-07-03,Returned
11355,56,577,2024-11-08,2026-04-06,Returned
11356,867,387,2025-11-21,2026-01-25,Returned
11357,1217,390,2023-07-16,2023-08-01,Returned
11358,966,662,2024-08-21,2024-12-25,Returned
11359,1224,838,2024-05-18,2025-06-13,Returned
11360,815,141,2024-05-05,2024-05-09,Returned
11361,1284,302,2024-10-24,2026-01-02,Returned
11362,1754,485,2023-12-27,2024-10-31,Returned
11363,1170,803,2024-08-10,2025-06-09,Returned
11364,296,794,2025-02-13,2025-04-04,Returned
11365,1110,474,2025-01-03,2025-11-08,Returned
11366,99,500,2024-05-30,2025-11-19,Returned
11367,1205,315,2025-01-22,2025-07-14,Returned
11368,361,384,2025-06-03,2025-07-13,Returned
11369,1499,971,2024-03-23,2024-09-08,Returned
11370,570,225,2026-05-17,2026-06-01,Returned
11371,819,611,2025-04-11,2025-08-02,Returned
11372,327,604,2025-01-20,2026-03-05,Returned
11373,1326,939,2024-07-29,2025-10-08,Returned
11374,137,425,2025-11-12,2026-03-18,Returned
11375,1310,816,2024-05-03,2025-12-31,Returned
11376,816,988,2025-10-31,2025-12-23,Returned
11377,683,403,2024-01-26,2025-12-06,Returned
11378,1297,401,2023-12-26,2026-04-15,Returned
11379,1852,76,2024-12-04,2026-04-08,Returned
11380,1035,694,2025-03-29,2025-12-25,Returned
11381,425,963,2023-09-27,,Late
11382,417,509,2023-07-17,2025-08-08,Returned
11383,730,256,2024-10-15,2025-12-29,Returned
11384,1666,81,2024-08-27,2024-10-26,Returned
11385,477,653,2024-06-21,2025-04-06,Returned
11386,714,886,2024-09-26,2025-04-03,Returned
11387,1679,800,2026-05-13,2026-05-26,Returned
11388,913,568,2023-10-26,2025-05-23,Returned
11389,779,892,2026-02-08,2026-04-17,Returned
11390,1033,669,2024-01-10,2024-08-30,Returned
11391,57,512,2026-03-27,,Late
11392,683,716,2024-08-30,2025-05-08,Returned
11393,1037,669,2024-03-09,2025-07-07,Returned
11394,1776,854,2025-12-01,2026-01-04,Returned
11395,690,122,2024-03-10,2025-10-09,Returned
11396,1064,180,2024-05-18,2025-09-19,Returned
11397,277,555,2024-01-10,2024-10-01,Returned
11398,1606,47,2023-07-28,2024-03-09,Returned
11399,1157,453,2024-05-12,2024-11-28,Returned
11400,941,837,2023-08-19,2023-12-11,Returned
11401,1122,576,2025-02-21,2025-12-25,Returned
11402,657,457,2024-11-04,2025-02-09,Returned
11403,270,627,2023-09-25,2024-04-08,Returned
11404,886,625,2024-11-26,2026-01-28,Returned
11405,518,388,2025-09-12,2026-03-26,Returned
11406,1545,161,2026-05-06,2026-05-21,Returned
11407,1793,399,2024-11-17,,Active
11408,825,316,2025-03-11,2025-08-28,Returned
11409,642,697,2023-11-16,2024-04-08,Returned
11410,179,858,2025-11-14,2026-05-11,Returned
11411,1607,47,2025-03-06,2025-08-12,Returned
11412,584,255,2024-11-29,2025-08-22,Returned
11413,1106,550,2025-05-20,2026-02-27,Returned
11414,54,580,2026-04-21,2026-05-19,Returned
11415,91,205,2025-08-12,2026-03-24,Returned
11416,365,175,2025-12-16,2026-05-15,Returned
11417,1295,992,2026-03-14,2026-05-16,Returned
11418,1309,807,2026-05-30,2026-06-06,Returned
11419,759,535,2025-07-04,2025-08-29,Returned
11420,571,902,2024-02-26,2025-08-25,Returned
11421,1939,451,2024-09-17,2026-04-01,Returned
11422,1454,280,2025-07-17,2026-02-02,Returned
11423,1520,951,2024-04-27,2025-10-29,Returned
11424,1930,503,2026-05-17,2026-05-25,Returned
11425,451,33,2025-08-27,,Active
11426,893,832,2023-08-30,2026-03-22,Returned
11427,334,737,2024-07-25,2026-02-27,Returned
11428,1860,676,2023-10-12,2025-12-14,Returned
11429,1554,458,2023-12-26,2024-11-10,Returned
11430,210,780,2023-08-23,,Late
11431,253,281,2026-05-20,2026-05-28,Returned
11432,239,124,2024-08-19,2025-02-15,Returned
11433,1454,508,2025-10-24,2026-02-04,Returned
11434,1783,811,2024-01-23,2025-06-19,Returned
11435,747,733,2026-02-18,,Active
11436,1017,506,2025-10-01,2025-10-02,Returned
11437,1855,409,2024-12-24,,Active
11438,22,912,2025-08-15,,Active
11439,1181,734,2024-03-07,2025-11-27,Returned
11440,1265,280,2023-12-12,2024-07-12,Returned
11441,851,688,2024-04-10,2024-10-27,Returned
11442,1935,186,2025-03-30,2025-07-06,Returned
11443,766,159,2024-06-17,2025-12-23,Returned
11444,165,45,2026-02-27,2026-05-24,Returned
11445,595,622,2025-07-13,2026-05-02,Returned
11446,1002,554,2025-07-15,2025-10-05,Returned
11447,898,44,2026-03-18,2026-05-13,Returned
11448,110,989,2024-10-09,2026-02-28,Returned
11449,1587,685,2025-03-05,2026-05-10,Returned
11450,1030,221,2026-01-06,2026-04-15,Returned
11451,592,957,2023-10-16,2025-04-02,Returned
11452,1814,812,2025-11-16,2026-03-20,Returned
11453,382,908,2023-12-07,2025-09-08,Returned
11454,747,721,2023-07-14,2025-05-22,Returned
11455,1442,199,2026-06-03,2026-06-03,Returned
11456,1112,621,2025-08-31,2026-03-08,Returned
11457,1327,710,2025-08-17,2026-05-06,Returned
11458,749,800,2023-09-09,2026-04-22,Returned
11459,1235,794,2025-07-05,2025-10-07,Returned
11460,308,504,2025-07-24,2026-01-10,Returned
11461,1282,729,2025-03-19,2025-08-30,Returned
11462,852,504,2024-02-01,2026-03-01,Returned
11463,852,594,2024-06-23,2025-11-03,Returned
11464,957,142,2023-06-09,2025-07-09,Returned
11465,1332,652,2024-05-25,2026-04-23,Returned
11466,1594,270,2024-07-14,2024-08-14,Returned
11467,1403,617,2023-09-16,2024-05-04,Returned
11468,1408,759,2024-01-04,2026-01-05,Returned
11469,354,468,2024-08-03,,Active
11470,1989,820,2024-03-26,2025-11-17,Returned
11471,382,3,2025-10-16,,Active
11472,333,200,2025-08-08,2025-11-30,Returned
11473,1849,589,2026-05-23,2026-05-25,Returned
11474,1571,863,2026-04-05,2026-05-27,Returned
11475,964,740,2025-11-19,2026-01-17,Returned
11476,1687,953,2024-07-25,2025-04-27,Returned
11477,384,234,2024-05-15,2024-10-15,Returned
11478,1016,422,2025-11-24,2026-04-18,Returned
11479,773,429,2023-06-16,2024-02-28,Returned
11480,1435,258,2024-03-07,2025-11-11,Returned
11481,1733,841,2025-05-02,,Active
11482,470,218,2023-12-11,2026-04-25,Returned
11483,1566,575,2023-06-11,2025-03-04,Returned
11484,1710,271,2024-09-23,2026-05-05,Returned
11485,96,441,2023-12-08,,Active
11486,1792,681,2024-09-04,2025-12-28,Returned
11487,377,897,2025-11-30,,Active
11488,72,396,2026-02-03,2026-03-29,Returned
11489,1801,664,2026-03-28,2026-04-12,Returned
11490,785,931,2025-03-17,2026-03-06,Returned
11491,1129,120,2023-12-01,2025-07-13,Returned
11492,1839,192,2024-03-07,2025-12-10,Returned
11493,1729,222,2024-01-07,2025-05-18,Returned
11494,306,915,2024-04-11,2025-12-14,Returned
11495,1076,470,2024-01-10,2024-07-13,Returned
11496,1472,722,2023-12-09,,Late
11497,360,919,2023-07-03,2026-05-29,Returned
11498,1441,960,2023-11-05,2025-10-30,Returned
11499,204,937,2025-05-06,2025-06-06,Returned
11500,1478,574,2025-03-30,2025-10-28,Returned
11501,1624,388,2025-12-22,2026-03-01,Returned
11502,1801,500,2025-05-27,2025-08-13,Returned
11503,102,602,2024-11-20,2025-06-09,Returned
11504,703,792,2025-12-17,2026-02-24,Returned
11505,541,641,2025-06-19,,Active
11506,171,784,2025-02-23,2025-07-01,Returned
11507,17,890,2023-07-03,2024-01-22,Returned
11508,674,128,2023-11-24,2025-09-09,Returned
11509,1886,919,2025-02-21,2026-05-18,Returned
11510,666,170,2024-10-22,2025-09-28,Returned
11511,317,440,2025-08-08,2026-03-14,Returned
11512,933,924,2026-04-09,2026-04-30,Returned
11513,1873,378,2024-07-07,,Active
11514,916,593,2023-08-25,2025-12-15,Returned
11515,1936,138,2025-03-04,2025-09-05,Returned
11516,1737,851,2023-12-26,2025-10-05,Returned
11517,1196,385,2025-01-14,2025-07-26,Returned
11518,435,288,2023-09-24,2026-02-18,Returned
11519,794,352,2025-04-13,2025-06-02,Returned
11520,7,534,2026-04-10,2026-04-19,Returned
11521,26,953,2024-07-01,2025-08-23,Returned
11522,103,413,2024-03-29,2025-05-10,Returned
11523,1068,664,2025-02-09,2025-11-03,Returned
11524,855,131,2023-06-29,2026-03-31,Returned
11525,1509,629,2026-05-02,2026-05-24,Returned
11526,1687,682,2025-08-16,2026-02-08,Returned
11527,478,646,2024-11-13,2025-11-30,Returned
11528,27,871,2025-12-09,2026-05-31,Returned
11529,635,914,2026-01-15,2026-04-13,Returned
11530,578,215,2025-10-08,2026-04-06,Returned
11531,351,504,2024-12-23,2025-09-29,Returned
11532,752,727,2023-11-09,2024-06-13,Returned
11533,603,437,2024-02-15,,Active
11534,1849,62,2024-08-28,2024-11-27,Returned
11535,1468,256,2025-04-05,2025-09-01,Returned
11536,1648,740,2024-01-29,2026-02-04,Returned
11537,182,21,2024-11-06,2024-11-15,Returned
11538,1438,862,2024-02-25,2026-01-07,Returned
11539,1203,120,2025-03-18,2025-05-13,Returned
11540,1435,590,2024-07-17,2025-05-25,Returned
11541,951,131,2025-03-21,2025-10-29,Returned
11542,628,232,2025-10-23,2026-02-17,Returned
11543,757,199,2024-01-18,2026-05-28,Returned
11544,1420,500,2024-01-16,,Active
11545,1057,826,2024-01-17,2026-01-05,Returned
11546,1749,995,2024-03-30,2024-11-27,Returned
11547,658,704,2024-11-05,2025-08-28,Returned
11548,417,264,2025-01-30,2025-06-08,Returned
11549,1667,223,2023-10-01,2026-05-04,Returned
11550,1113,102,2025-11-28,2025-12-30,Returned
11551,1382,884,2025-11-02,2025-11-06,Returned
11552,1297,644,2023-09-02,2024-06-19,Returned
11553,867,878,2025-03-18,2025-08-12,Returned
11554,205,214,2025-11-11,2026-03-26,Returned
11555,962,54,2025-02-05,2026-03-18,Returned
11556,234,885,2023-09-20,2024-06-14,Returned
11557,60,32,2023-08-01,,Active
11558,1477,530,2023-06-13,2026-02-02,Returned
11559,977,709,2023-12-29,2025-05-25,Returned
11560,472,932,2024-08-06,2025-02-25,Returned
11561,1258,669,2024-05-21,2025-11-23,Returned
11562,631,448,2025-09-04,2025-10-26,Returned
11563,95,310,2025-06-08,,Late
11564,1818,480,2025-04-09,2026-02-07,Returned
11565,993,598,2023-08-19,2024-10-20,Returned
11566,1851,354,2025-11-15,2025-12-06,Returned
11567,1173,35,2024-02-13,2024-12-21,Returned
11568,1172,782,2023-09-19,2023-11-29,Returned
11569,1317,914,2025-10-27,2025-11-21,Returned
11570,1794,944,2025-11-16,2026-03-14,Returned
11571,892,870,2024-03-17,2025-04-30,Returned
11572,1214,295,2025-09-26,2026-01-22,Returned
11573,349,668,2026-01-30,2026-05-26,Returned
11574,310,25,2025-08-09,2025-10-04,Returned
11575,839,294,2023-11-16,2025-04-23,Returned
11576,895,757,2024-07-20,2024-11-03,Returned
11577,1858,188,2025-07-04,2026-04-24,Returned
11578,592,126,2026-04-20,2026-06-02,Returned
11579,351,244,2025-08-23,2026-02-21,Returned
11580,1048,386,2025-10-18,2026-05-03,Returned
11581,510,230,2025-10-12,2026-02-27,Returned
11582,1042,405,2024-08-31,2025-05-18,Returned
11583,678,165,2024-07-18,2026-06-04,Returned
11584,787,883,2023-10-02,2024-11-01,Returned
11585,174,830,2025-12-05,2026-01-01,Returned
11586,1125,107,2024-06-11,2025-03-15,Returned
11587,1,351,2023-10-26,2025-08-23,Returned
11588,399,296,2025-12-09,2026-02-02,Returned
11589,1327,783,2023-07-16,2024-11-19,Returned
11590,235,736,2026-06-04,2026-06-04,Returned
11591,1247,568,2024-09-06,2024-12-29,Returned
11592,1402,199,2024-09-19,2024-11-30,Returned
11593,1161,760,2025-04-19,2026-01-24,Returned
11594,664,492,2024-06-09,2026-02-16,Returned
11595,1223,634,2025-02-04,2025-07-17,Returned
11596,225,364,2026-03-13,,Active
11597,173,656,2025-06-28,2026-04-12,Returned
11598,992,41,2023-10-19,2025-04-05,Returned
11599,1471,26,2025-06-15,,Active
11600,844,586,2025-11-08,2026-01-12,Returned
11601,1885,190,2026-02-07,,Active
11602,1933,403,2024-01-31,2025-08-09,Returned
11603,1556,68,2025-02-09,2026-01-30,Returned
11604,1749,749,2023-11-07,2026-02-09,Returned
11605,821,291,2025-03-13,2026-04-22,Returned
11606,947,515,2026-05-08,2026-05-18,Returned
11607,1767,472,2024-09-06,2025-01-11,Returned
11608,17,648,2024-11-09,2025-09-22,Returned
11609,1250,562,2023-07-18,2025-12-13,Returned
11610,100,556,2024-06-28,2026-03-11,Returned
11611,111,653,2025-06-24,,Active
11612,1225,310,2025-06-09,2026-03-19,Returned
11613,119,527,2023-09-05,,Late
11614,1395,78,2024-12-29,2025-04-26,Returned
11615,1724,831,2023-10-01,2025-07-08,Returned
11616,967,949,2025-04-23,,Active
11617,1584,538,2023-08-07,,Active
11618,578,213,2024-06-07,2025-03-20,Returned
11619,1643,210,2023-07-27,2025-08-26,Returned
11620,1024,766,2026-06-05,2026-06-05,Returned
11621,1544,704,2024-03-26,2025-11-03,Returned
11622,758,759,2026-04-19,2026-04-30,Returned
11623,1321,236,2025-10-29,2025-11-09,Returned
11624,205,877,2025-05-29,2025-09-03,Returned
11625,1379,282,2026-01-31,,Late
11626,840,455,2025-01-18,,Active
11627,119,933,2026-05-05,2026-05-26,Returned
11628,1571,573,2024-01-28,2025-07-19,Returned
11629,579,350,2024-02-08,2026-03-11,Returned
11630,916,314,2026-01-07,,Late
11631,360,822,2025-03-25,2025-05-02,Returned
11632,788,635,2025-07-16,2025-09-28,Returned
11633,163,470,2026-05-29,2026-05-30,Returned
11634,1715,194,2024-04-26,2024-08-07,Returned
11635,1456,378,2024-10-12,2025-05-22,Returned
11636,136,858,2025-05-28,2025-06-27,Returned
11637,519,757,2025-03-11,2025-05-22,Returned
11638,1535,15,2023-09-05,2024-02-01,Returned
11639,1239,379,2024-12-26,2025-09-03,Returned
11640,870,108,2024-01-16,2025-06-24,Returned
11641,982,949,2025-10-31,2026-02-24,Returned
11642,923,377,2025-06-17,2025-10-23,Returned
11643,1052,350,2026-04-28,2026-05-17,Returned
11644,770,984,2025-08-29,2026-03-26,Returned
11645,113,171,2024-02-20,2024-10-17,Returned
11646,648,575,2024-09-10,2025-03-13,Returned
11647,1625,454,2026-04-29,2026-05-03,Returned
11648,1078,956,2024-07-07,2025-12-11,Returned
11649,67,735,2023-09-06,2024-04-09,Returned
11650,1982,298,2025-10-16,2026-04-30,Returned
11651,305,704,2025-07-11,2025-11-06,Returned
11652,994,492,2025-05-29,2026-01-03,Returned
11653,288,929,2025-03-19,2025-04-01,Returned
11654,1696,650,2024-01-03,2026-02-14,Returned
11655,1402,574,2026-01-23,2026-02-27,Returned
11656,1209,911,2023-07-26,2025-10-26,Returned
11657,1954,582,2025-09-06,2026-03-01,Returned
11658,1452,720,2025-08-30,2026-04-21,Returned
11659,1511,633,2024-03-27,2025-02-19,Returned
11660,152,847,2025-01-02,2025-05-31,Returned
11661,341,162,2023-10-16,2026-02-28,Returned
11662,1402,692,2023-12-21,2026-02-01,Returned
11663,1489,983,2023-07-13,2025-03-15,Returned
11664,1951,369,2023-09-16,2024-09-09,Returned
11665,1922,549,2023-06-11,2024-12-23,Returned
11666,154,86,2024-08-11,,Active
11667,672,264,2026-04-16,2026-06-03,Returned
11668,1153,841,2023-08-28,2025-08-18,Returned
11669,1139,688,2025-06-01,2026-01-03,Returned
11670,1471,894,2024-11-10,2025-02-15,Returned
11671,517,448,2025-02-21,2025-06-22,Returned
11672,1094,906,2025-04-23,,Active
11673,343,910,2026-05-05,,Late
11674,7,710,2025-11-09,2026-01-27,Returned
11675,747,742,2024-05-11,2026-02-25,Returned
11676,1002,824,2024-01-07,2026-03-26,Returned
11677,842,802,2023-08-15,2025-05-11,Returned
11678,408,799,2024-10-22,2025-08-09,Returned
11679,1130,848,2023-07-11,2024-04-06,Returned
11680,252,595,2023-06-23,2026-05-20,Returned
11681,1431,117,2024-07-22,2026-01-23,Returned
11682,205,524,2024-12-05,2026-03-09,Returned
11683,607,708,2025-07-26,2026-01-31,Returned
11684,279,953,2024-03-30,2024-11-01,Returned
11685,1052,913,2024-09-09,2025-06-26,Returned
11686,1118,747,2025-06-19,,Active
11687,172,166,2024-10-20,2025-02-21,Returned
11688,1537,275,2025-06-17,2025-08-30,Returned
11689,449,477,2024-06-13,2025-02-19,Returned
11690,1122,129,2024-12-30,2025-06-29,Returned
11691,547,748,2023-06-25,2025-04-13,Returned
11692,1719,288,2023-09-10,,Late
11693,687,9,2024-02-14,2025-04-06,Returned
11694,479,452,2024-04-25,2026-04-19,Returned
11695,1703,96,2026-01-25,2026-02-17,Returned
11696,195,984,2025-05-17,2026-03-26,Returned
11697,1859,563,2024-09-30,2025-05-14,Returned
11698,164,378,2024-07-29,2025-03-15,Returned
11699,1150,662,2025-05-06,2026-03-20,Returned
11700,26,585,2024-04-15,2025-08-13,Returned
11701,1593,263,2024-06-13,2024-11-04,Returned
11702,896,844,2025-06-05,,Active
11703,714,441,2024-11-15,2025-11-08,Returned
11704,823,619,2023-08-01,2023-08-27,Returned
11705,599,584,2025-10-12,2026-06-06,Returned
11706,626,952,2025-09-17,2026-04-17,Returned
11707,372,476,2023-11-26,2025-09-23,Returned
11708,1044,407,2025-09-14,2026-02-16,Returned
11709,1767,648,2025-07-27,2026-02-19,Returned
11710,1683,9,2026-03-17,2026-04-14,Returned
11711,1538,534,2023-10-27,2026-02-18,Returned
11712,1538,863,2023-11-07,2026-04-19,Returned
11713,1802,23,2024-08-09,2024-12-27,Returned
11714,424,221,2024-08-23,2024-10-31,Returned
11715,1160,922,2024-11-04,2026-04-30,Returned
11716,619,494,2026-03-13,2026-04-28,Returned
11717,1896,335,2026-05-14,2026-05-19,Returned
11718,337,829,2026-01-12,2026-04-04,Returned
11719,1517,341,2024-05-31,2025-03-17,Returned
11720,681,880,2024-09-29,2025-07-10,Returned
11721,1973,720,2024-10-15,2026-01-08,Returned
11722,1410,148,2023-06-30,2024-07-03,Returned
11723,1593,649,2026-02-07,2026-04-29,Returned
11724,337,669,2025-10-15,2026-02-02,Returned
11725,794,818,2023-11-25,2024-11-24,Returned
11726,616,515,2026-04-08,2026-04-10,Returned
11727,644,914,2024-05-30,2024-11-11,Returned
11728,1935,182,2025-10-07,2026-04-28,Returned
11729,659,861,2024-03-04,2025-07-05,Returned
11730,1684,461,2024-06-15,,Active
11731,1609,971,2024-10-14,2025-09-22,Returned
11732,1400,735,2025-04-25,2026-02-24,Returned
11733,12,555,2023-11-10,2025-01-16,Returned
11734,1196,322,2025-02-19,,Active
11735,1290,116,2023-11-18,2026-03-04,Returned
11736,1947,297,2023-07-11,2023-10-27,Returned
11737,110,693,2026-04-26,2026-04-28,Returned
11738,1027,100,2024-12-11,2025-04-23,Returned
11739,1238,525,2024-03-23,2026-04-09,Returned
11740,380,519,2024-03-19,2025-07-18,Returned
11741,1027,336,2024-04-23,2024-05-16,Returned
11742,675,346,2024-01-16,2024-01-29,Returned
11743,1829,921,2026-05-11,2026-05-21,Returned
11744,1757,816,2026-05-03,2026-05-07,Returned
11745,934,169,2023-09-13,2025-01-24,Returned
11746,715,855,2026-03-16,2026-04-06,Returned
11747,522,378,2024-12-13,2025-09-27,Returned
11748,1860,795,2025-03-07,2026-05-13,Returned
11749,1312,460,2024-06-11,2026-03-30,Returned
11750,1750,422,2024-09-19,2025-01-21,Returned
11751,768,60,2025-08-19,2026-03-22,Returned
11752,718,676,2025-09-25,2025-11-07,Returned
11753,1205,568,2024-11-18,2025-08-26,Returned
11754,759,799,2026-06-02,2026-06-04,Returned
11755,582,129,2024-01-11,2024-05-29,Returned
11756,892,75,2026-02-09,2026-05-16,Returned
11757,934,167,2024-01-27,2025-10-06,Returned
11758,1189,133,2025-01-03,2025-08-03,Returned
11759,970,680,2025-11-03,2025-11-13,Returned
11760,1240,607,2024-04-06,2024-08-09,Returned
11761,851,139,2025-07-26,2026-05-22,Returned
11762,1372,851,2024-11-10,2025-12-19,Returned
11763,720,682,2025-03-24,2025-04-01,Returned
11764,38,547,2024-08-16,,Active
11765,1571,62,2023-08-27,2024-05-05,Returned
11766,260,644,2025-01-06,2026-03-01,Returned
11767,1973,136,2024-05-11,2025-01-25,Returned
11768,105,709,2026-05-11,2026-05-21,Returned
11769,1452,833,2024-12-17,2026-02-06,Returned
11770,420,806,2023-10-16,2025-08-01,Returned
11771,1540,901,2024-04-12,2025-05-17,Returned
11772,702,694,2024-07-01,2026-01-14,Returned
11773,1713,93,2023-12-17,,Active
11774,1232,617,2023-09-24,2025-10-08,Returned
11775,1332,307,2023-06-25,2025-10-16,Returned
11776,1110,288,2024-10-22,2025-11-09,Returned
11777,1988,418,2024-10-15,2026-03-22,Returned
11778,673,639,2025-11-05,2026-02-02,Returned
11779,1220,549,2024-03-16,2026-03-04,Returned
11780,216,69,2024-11-04,2025-01-15,Returned
11781,1332,965,2024-04-03,2026-04-22,Returned
11782,987,758,2024-05-14,2025-05-07,Returned
11783,89,396,2025-11-28,2026-03-24,Returned
11784,1275,999,2025-02-20,2026-04-26,Returned
11785,648,906,2026-04-20,2026-04-26,Returned
11786,137,908,2026-05-06,2026-05-29,Returned
11787,1528,661,2025-02-17,2025-04-23,Returned
11788,136,525,2024-12-07,2025-01-07,Returned
11789,211,707,2023-11-16,2026-03-05,Returned
11790,1271,156,2024-10-11,2024-10-16,Returned
11791,363,566,2023-08-07,2025-12-06,Returned
11792,59,618,2025-11-28,2026-03-14,Returned
11793,494,290,2024-06-15,,Active
11794,639,819,2025-10-20,2026-05-26,Returned
11795,1603,16,2024-03-16,2025-07-31,Returned
11796,619,691,2025-06-21,2026-05-08,Returned
11797,1846,978,2026-05-09,2026-05-25,Returned
11798,1916,989,2026-02-07,2026-04-08,Returned
11799,1359,462,2024-05-27,2025-12-14,Returned
11800,777,982,2025-01-03,,Active
11801,1589,158,2023-08-04,2024-05-22,Returned
11802,612,298,2026-03-30,2026-05-18,Returned
11803,1396,570,2024-09-12,2025-11-15,Returned
11804,1963,567,2024-05-13,2024-09-16,Returned
11805,1171,741,2024-03-16,2024-03-21,Returned
11806,113,354,2026-02-02,2026-04-22,Returned
11807,1058,155,2024-11-04,2026-03-27,Returned
11808,1720,764,2026-03-15,2026-05-14,Returned
11809,1088,853,2026-02-08,2026-02-23,Returned
11810,1328,700,2026-02-16,2026-04-18,Returned
11811,1515,38,2024-10-14,2026-05-06,Returned
11812,774,552,2024-05-10,,Late
11813,1814,116,2023-12-12,2026-01-07,Returned
11814,1976,896,2025-05-03,2026-01-09,Returned
11815,1951,418,2023-09-07,,Active
11816,694,236,2026-04-12,2026-06-03,Returned
11817,653,868,2025-05-02,2025-10-25,Returned
11818,962,948,2025-03-26,2026-05-16,Returned
11819,1240,55,2024-04-08,2024-05-01,Returned
11820,1648,876,2025-05-29,2026-06-04,Returned
11821,1342,459,2025-01-13,2025-01-31,Returned
11822,531,341,2026-06-02,2026-06-05,Returned
11823,1203,350,2026-01-26,2026-04-27,Returned
11824,400,154,2024-06-07,2025-12-30,Returned
11825,1233,765,2024-11-01,2026-04-02,Returned
11826,1166,572,2023-08-27,2023-10-16,Returned
11827,512,106,2024-06-22,2025-04-13,Returned
11828,725,696,2024-09-07,2025-04-21,Returned
11829,1653,943,2025-04-04,2026-03-02,Returned
11830,1347,252,2026-04-01,2026-05-13,Returned
11831,333,534,2025-02-12,2025-06-26,Returned
11832,842,300,2023-07-29,2023-10-07,Returned
11833,1732,289,2024-07-08,2025-08-22,Returned
11834,457,818,2025-05-24,2026-06-01,Returned
11835,1849,850,2023-08-09,2025-08-23,Returned
11836,314,936,2025-02-11,2026-01-19,Returned
11837,50,344,2023-07-07,2024-09-24,Returned
11838,667,950,2024-09-14,2025-05-23,Returned
11839,1046,753,2025-07-31,2026-01-12,Returned
11840,814,62,2025-04-18,2025-05-29,Returned
11841,474,164,2025-01-14,2026-03-11,Returned
11842,746,576,2023-07-08,2026-02-19,Returned
11843,913,638,2026-05-01,2026-05-11,Returned
11844,1168,372,2025-08-30,2026-01-02,Returned
11845,600,284,2024-08-18,2025-11-07,Returned
11846,1645,316,2024-12-22,2026-04-25,Returned
11847,245,33,2024-03-08,2026-03-22,Returned
11848,1177,88,2024-11-18,2025-01-08,Returned
11849,2000,794,2025-03-03,2025-10-25,Returned
11850,464,908,2024-01-02,2024-10-29,Returned
11851,1074,862,2024-06-28,2025-07-03,Returned
11852,822,450,2026-05-08,2026-05-17,Returned
11853,1782,606,2024-03-24,2025-02-08,Returned
11854,1226,13,2026-01-15,2026-04-23,Returned
11855,192,604,2026-02-24,2026-05-20,Returned
11856,1191,499,2026-01-25,,Active
11857,493,265,2025-07-10,2026-04-08,Returned
11858,223,79,2026-02-21,2026-03-06,Returned
11859,1291,921,2024-12-15,,Active
11860,1018,408,2024-10-20,2025-07-04,Returned
11861,343,870,2023-12-23,2025-06-18,Returned
11862,1176,754,2025-06-12,2025-11-07,Returned
11863,1639,941,2024-01-24,2025-02-23,Returned
11864,1622,977,2024-06-17,2025-02-12,Returned
11865,1310,180,2026-05-28,2026-05-29,Returned
11866,945,287,2024-11-07,2025-03-06,Returned
11867,55,525,2026-04-03,2026-05-25,Returned
11868,1834,750,2023-06-29,2025-10-12,Returned
11869,165,69,2024-11-23,2026-05-22,Returned
11870,1534,298,2025-06-29,2026-01-09,Returned
11871,1103,673,2025-10-15,2025-11-17,Returned
11872,929,100,2023-10-08,2025-03-11,Returned
11873,11,805,2025-02-27,2025-03-13,Returned
11874,1458,143,2024-07-09,2026-03-26,Returned
11875,422,192,2025-07-06,2026-03-17,Returned
11876,1302,590,2023-06-26,2025-04-01,Returned
11877,702,390,2025-04-11,2025-10-15,Returned
11878,442,51,2023-10-06,2024-10-05,Returned
11879,1220,835,2025-09-05,2026-04-25,Returned
11880,1759,556,2026-02-22,2026-03-16,Returned
11881,591,749,2023-11-14,2024-06-29,Returned
11882,1706,667,2026-03-05,2026-03-30,Returned
11883,1899,498,2025-02-12,2025-04-24,Returned
11884,607,521,2025-04-26,2025-07-29,Returned
11885,1044,493,2025-04-20,2026-03-03,Returned
11886,1612,293,2024-03-19,2024-08-23,Returned
11887,324,475,2023-12-09,2026-04-10,Returned
11888,1340,203,2025-10-10,,Active
11889,1034,699,2026-03-16,2026-04-24,Returned
11890,1395,1,2023-07-10,2023-10-26,Returned
11891,555,251,2024-11-12,2025-08-22,Returned
11892,1840,222,2024-12-19,2025-09-04,Returned
11893,1499,294,2024-10-17,2026-05-12,Returned
11894,1288,434,2026-04-22,2026-05-17,Returned
11895,672,25,2024-01-17,2025-06-26,Returned
11896,480,918,2026-02-13,2026-04-30,Returned
11897,371,945,2024-10-06,2025-01-13,Returned
11898,1119,594,2025-01-23,,Late
11899,883,931,2023-12-20,2024-02-18,Returned
11900,187,404,2024-12-01,2026-05-29,Returned
11901,1188,759,2025-02-22,2025-08-04,Returned
11902,1524,333,2023-10-04,2024-11-11,Returned
11903,1179,829,2024-09-29,2025-06-19,Returned
11904,718,652,2026-06-01,2026-06-02,Returned
11905,1069,758,2024-02-12,2026-02-20,Returned
11906,1036,857,2025-01-19,2025-03-07,Returned
11907,976,233,2025-11-02,2026-06-01,Returned
11908,1840,255,2024-05-05,2024-12-27,Returned
11909,886,632,2023-12-19,2024-05-19,Returned
11910,1984,955,2024-11-12,2025-06-18,Returned
11911,1575,792,2025-09-17,2025-12-20,Returned
11912,1414,101,2025-09-19,2026-04-25,Returned
11913,893,501,2025-10-21,2025-11-13,Returned
11914,613,776,2024-10-28,2025-12-25,Returned
11915,897,767,2024-03-02,2024-03-28,Returned
11916,1975,289,2025-10-05,2025-11-01,Returned
11917,1758,396,2024-04-23,,Late
11918,1380,207,2023-10-27,2025-03-07,Returned
11919,1806,154,2023-08-08,2024-01-28,Returned
11920,1169,972,2025-09-13,2026-04-21,Returned
11921,1127,450,2025-02-26,,Active
11922,664,150,2025-02-09,2025-02-15,Returned
11923,1715,733,2024-09-26,2026-02-27,Returned
11924,47,646,2023-10-19,2024-05-27,Returned
11925,507,418,2023-07-03,,Active
11926,404,980,2026-02-02,,Active
11927,1049,469,2024-03-31,2024-06-03,Returned
11928,857,390,2024-06-22,2025-05-19,Returned
11929,233,314,2026-02-06,2026-06-03,Returned
11930,558,494,2024-09-10,2025-09-28,Returned
11931,1698,928,2026-03-19,2026-05-12,Returned
11932,526,17,2026-04-26,2026-05-21,Returned
11933,1988,820,2026-05-16,2026-06-04,Returned
11934,886,520,2025-11-04,2025-11-29,Returned
11935,1890,269,2024-12-21,2025-05-26,Returned
11936,1901,68,2025-09-12,2026-02-10,Returned
11937,841,661,2025-07-07,2026-03-27,Returned
11938,1146,987,2025-04-28,2026-06-02,Returned
11939,1445,936,2025-07-11,2025-12-27,Returned
11940,344,498,2024-10-06,2026-01-23,Returned
11941,38,928,2025-12-24,2026-05-14,Returned
11942,1239,319,2024-03-02,2026-02-24,Returned
11943,1907,896,2026-02-01,2026-03-31,Returned
11944,155,215,2024-12-10,2026-03-09,Returned
11945,337,387,2026-01-09,2026-06-02,Returned
11946,1788,442,2024-08-17,,Active
11947,1143,797,2023-11-06,2024-10-03,Returned
11948,221,949,2025-02-26,,Active
11949,1492,729,2025-09-08,2025-09-26,Returned
11950,47,839,2024-09-21,2025-12-14,Returned
11951,208,731,2024-09-04,2025-02-10,Returned
11952,1181,792,2023-10-06,,Active
11953,320,534,2024-07-23,2024-07-23,Returned
11954,1806,474,2026-02-25,2026-05-05,Returned
11955,1088,495,2025-12-25,2026-05-13,Returned
11956,1203,902,2025-01-08,2025-07-12,Returned
11957,103,629,2024-10-19,2026-01-08,Returned
11958,1255,356,2026-01-25,2026-01-31,Returned
11959,592,115,2026-05-10,2026-05-28,Returned
11960,415,624,2023-12-01,2025-02-02,Returned
11961,1857,107,2023-11-20,2025-10-04,Returned
11962,535,184,2024-05-11,2024-09-20,Returned
11963,76,313,2024-05-11,2024-05-11,Returned
11964,1512,26,2026-04-17,2026-06-02,Returned
11965,676,20,2025-04-20,2026-04-10,Returned
11966,725,104,2025-11-29,2026-04-28,Returned
11967,330,122,2025-08-01,2025-09-23,Returned
11968,348,638,2025-01-17,2025-06-26,Returned
11969,914,560,2024-09-16,2024-10-23,Returned
11970,879,332,2024-08-17,2025-01-08,Returned
11971,1460,360,2023-11-13,2025-07-06,Returned
11972,811,135,2025-03-16,2025-06-19,Returned
11973,72,268,2026-03-11,2026-03-23,Returned
11974,883,872,2024-03-18,2025-03-07,Returned
11975,1398,537,2025-08-27,2025-11-27,Returned
11976,926,287,2025-03-11,2026-05-31,Returned
11977,368,895,2024-10-03,2025-06-11,Returned
11978,244,509,2024-02-27,2025-10-02,Returned
11979,34,283,2025-12-04,2025-12-15,Returned
11980,1097,218,2024-08-13,,Late
11981,347,628,2023-12-01,2024-01-20,Returned
11982,1177,780,2025-08-26,2026-01-04,Returned
11983,1873,992,2023-11-16,2026-01-08,Returned
11984,934,796,2023-08-10,2024-06-29,Returned
11985,474,747,2025-06-24,2026-05-20,Returned
11986,692,952,2023-08-06,2024-10-21,Returned
11987,445,17,2023-08-30,2025-12-22,Returned
11988,889,19,2024-09-10,2025-09-16,Returned
11989,1749,439,2024-11-29,2026-03-19,Returned
11990,752,857,2025-09-15,2026-02-08,Returned
11991,296,929,2024-01-05,2026-02-28,Returned
11992,1018,16,2025-08-26,2026-05-16,Returned
11993,734,947,2024-07-31,2026-03-22,Returned
11994,1814,305,2023-09-07,2025-08-03,Returned
11995,1323,11,2024-04-14,2026-04-26,Returned
11996,1203,134,2024-02-15,2024-09-15,Returned
11997,821,14,2024-01-18,2024-08-10,Returned
11998,1763,40,2023-08-31,2026-02-21,Returned
11999,1605,581,2025-09-26,2025-12-29,Returned
12000,769,448,2024-06-13,2025-03-29,Returned
12001,360,724,2023-06-13,,Late
12002,1653,232,2023-12-14,2026-02-10,Returned
12003,462,209,2024-01-20,2025-01-28,Returned
12004,1426,118,2024-09-30,2026-01-08,Returned
12005,988,678,2026-02-10,2026-02-22,Returned
12006,1825,8,2025-11-08,2025-11-11,Returned
12007,1359,225,2025-10-04,2025-11-14,Returned
12008,1495,550,2024-10-19,2025-04-28,Returned
12009,259,946,2025-05-23,2025-07-21,Returned
12010,1338,988,2023-09-19,2024-06-12,Returned
12011,342,59,2025-11-05,2026-04-20,Returned
12012,1845,386,2026-05-16,,Late
12013,406,518,2023-08-14,2024-07-09,Returned
12014,776,485,2023-09-19,,Active
12015,1536,25,2024-05-06,2026-04-29,Returned
12016,1939,411,2024-01-12,,Active
12017,184,281,2024-07-04,2024-10-07,Returned
12018,1514,935,2023-09-25,2024-06-19,Returned
12019,1068,573,2025-05-16,2025-12-24,Returned
12020,1485,684,2025-08-17,2026-01-28,Returned
12021,688,58,2024-07-09,2026-05-22,Returned
12022,1213,492,2024-06-12,2024-07-23,Returned
12023,296,208,2024-07-30,2024-09-14,Returned
12024,400,761,2024-08-07,2026-04-12,Returned
12025,1952,652,2023-12-09,2024-12-14,Returned
12026,271,119,2024-10-27,2026-02-23,Returned
12027,1388,42,2026-01-06,2026-02-27,Returned
12028,550,464,2026-04-30,2026-05-27,Returned
12029,1868,87,2023-12-11,2025-03-31,Returned
12030,1050,669,2024-06-12,,Late
12031,178,679,2024-02-20,2024-12-25,Returned
12032,699,843,2024-03-22,2025-07-07,Returned
12033,1968,811,2026-02-27,2026-03-20,Returned
12034,1816,937,2024-03-03,2025-08-17,Returned
12035,701,776,2023-12-27,2025-12-10,Returned
12036,1225,767,2024-11-12,2026-04-06,Returned
12037,712,421,2025-12-03,2026-01-04,Returned
12038,1883,659,2024-12-08,2025-11-09,Returned
12039,397,56,2024-11-13,2025-10-26,Returned
12040,149,346,2024-11-11,2025-02-22,Returned
12041,929,252,2026-04-17,2026-05-24,Returned
12042,754,370,2025-07-15,2025-12-30,Returned
12043,1450,85,2025-09-06,,Late
12044,87,551,2024-01-08,2024-08-04,Returned
12045,1376,558,2026-02-22,2026-04-12,Returned
12046,269,857,2023-11-21,2025-02-13,Returned
12047,1059,219,2025-11-23,2026-06-03,Returned
12048,1562,333,2025-09-22,,Active
12049,1210,665,2024-07-28,2024-12-04,Returned
12050,1797,507,2024-03-20,2025-09-12,Returned
12051,1180,689,2026-05-23,2026-05-31,Returned
12052,470,803,2024-04-09,,Active
12053,932,846,2023-08-27,2024-10-13,Returned
12054,1282,539,2026-05-21,2026-05-27,Returned
12055,1509,59,2026-05-11,2026-05-18,Returned
12056,396,818,2025-12-26,2026-01-16,Returned
12057,1158,854,2024-11-08,2025-12-21,Returned
12058,1597,546,2024-01-13,2024-01-27,Returned
12059,969,742,2023-07-01,2023-10-26,Returned
12060,1968,480,2025-06-18,2025-11-25,Returned
12061,132,139,2025-04-26,,Late
12062,685,244,2024-11-08,2025-12-01,Returned
12063,1054,29,2023-06-12,2024-05-26,Returned
12064,182,410,2026-04-15,,Active
12065,919,300,2023-12-11,2025-09-16,Returned
12066,1108,818,2025-10-31,2025-12-21,Returned
12067,1988,591,2025-10-18,2026-01-13,Returned
12068,1382,218,2026-04-20,2026-05-05,Returned
12069,1638,103,2024-01-05,2024-05-09,Returned
12070,933,399,2025-05-17,2026-03-20,Returned
12071,1774,333,2024-06-18,2025-09-21,Returned
12072,1299,924,2024-12-26,2025-04-08,Returned
12073,381,332,2023-10-04,2025-03-28,Returned
12074,430,732,2026-04-17,2026-06-04,Returned
12075,1379,523,2023-08-17,2025-08-21,Returned
12076,665,914,2024-08-25,2026-02-08,Returned
12077,637,353,2025-02-25,2025-05-21,Returned
12078,1761,41,2023-06-26,2026-04-13,Returned
12079,1633,333,2025-10-01,2026-06-03,Returned
12080,1416,840,2026-05-05,2026-06-03,Returned
12081,1878,946,2023-11-23,2024-08-06,Returned
12082,381,757,2025-09-26,,Late
12083,1324,983,2024-08-13,2025-10-28,Returned
12084,1453,165,2023-08-07,2024-01-09,Returned
12085,1270,94,2026-01-11,2026-01-31,Returned
12086,1254,121,2025-05-08,2026-01-05,Returned
12087,1121,707,2024-05-13,2024-05-25,Returned
12088,1607,595,2025-07-03,2025-10-05,Returned
12089,282,147,2023-08-27,2024-11-11,Returned
12090,1679,966,2023-09-04,2025-08-01,Returned
12091,144,894,2025-11-19,2026-05-09,Returned
12092,1408,156,2024-02-13,2025-02-05,Returned
12093,245,170,2025-12-21,2026-04-10,Returned
12094,552,332,2024-12-09,2026-03-27,Returned
12095,801,401,2023-08-25,2024-09-22,Returned
12096,1992,732,2023-12-20,2025-03-25,Returned
12097,581,726,2023-08-27,2024-04-18,Returned
12098,1417,675,2026-01-04,2026-05-15,Returned
12099,394,295,2024-12-20,2026-05-21,Returned
12100,1216,19,2025-09-23,2026-05-05,Returned
12101,1699,736,2023-11-16,2025-04-09,Returned
12102,1668,629,2024-10-17,2026-01-01,Returned
12103,1141,123,2025-05-12,2025-06-21,Returned
12104,1353,911,2026-04-21,2026-05-08,Returned
12105,1060,512,2026-02-27,2026-03-09,Returned
12106,45,311,2025-07-09,2026-02-02,Returned
12107,430,266,2026-01-25,2026-05-16,Returned
12108,1451,706,2025-05-07,2025-09-06,Returned
12109,941,844,2025-09-15,2026-01-12,Returned
12110,694,778,2025-09-13,2025-10-14,Returned
12111,1637,10,2023-11-10,2024-02-15,Returned
12112,816,859,2024-06-04,2026-03-18,Returned
12113,206,929,2025-09-13,2025-11-22,Returned
12114,731,417,2024-04-05,2025-04-05,Returned
12115,1840,408,2026-04-17,2026-04-24,Returned
12116,1215,345,2024-03-30,2025-01-22,Returned
12117,923,265,2024-02-23,2024-12-23,Returned
12118,1214,413,2024-11-08,2025-12-30,Returned
12119,1072,930,2024-09-28,2024-10-17,Returned
12120,1199,983,2023-11-03,2024-03-12,Returned
12121,113,730,2023-07-28,2026-03-19,Returned
12122,110,980,2024-09-19,2025-12-14,Returned
12123,1895,548,2024-12-23,2025-06-22,Returned
12124,444,46,2025-09-28,,Active
12125,1835,17,2024-09-25,2025-03-07,Returned
12126,811,164,2024-02-26,2024-07-21,Returned
12127,1373,647,2025-01-19,2025-11-14,Returned
12128,1316,856,2024-01-22,2025-08-03,Returned
12129,1044,768,2025-11-19,2026-01-11,Returned
12130,1941,376,2026-06-02,2026-06-02,Returned
12131,962,889,2023-10-23,2026-01-31,Returned
12132,600,61,2025-11-05,2025-11-26,Returned
12133,512,419,2024-10-08,2024-11-25,Returned
12134,1407,224,2024-10-10,2024-12-17,Returned
12135,1124,103,2025-07-21,2025-09-16,Returned
12136,501,871,2026-05-29,2026-06-02,Returned
12137,1036,517,2024-11-09,2025-04-25,Returned
12138,1044,758,2024-04-09,2024-05-28,Returned
12139,904,297,2025-06-27,,Late
12140,1710,678,2023-10-29,2024-02-28,Returned
12141,1243,535,2024-11-03,,Active
12142,1616,762,2024-07-13,2024-10-31,Returned
12143,264,134,2024-01-25,2026-02-22,Returned
12144,1837,753,2024-07-22,2024-12-17,Returned
12145,47,591,2024-11-27,2025-05-29,Returned
12146,1719,358,2023-10-28,2024-12-26,Returned
12147,365,799,2025-03-19,2025-03-19,Returned
12148,439,590,2025-08-11,,Active
12149,658,525,2026-04-14,2026-04-27,Returned
12150,614,846,2025-10-07,2026-05-01,Returned
12151,709,876,2024-04-28,2026-03-21,Returned
12152,223,530,2026-01-06,2026-03-13,Returned
12153,167,561,2023-12-09,,Late
12154,1671,868,2026-02-07,2026-04-27,Returned
12155,1311,43,2023-06-26,2024-11-06,Returned
12156,380,360,2024-10-16,2025-03-09,Returned
12157,386,339,2025-08-26,2026-02-20,Returned
12158,333,539,2024-03-06,2024-08-18,Returned
12159,1660,266,2026-03-20,2026-06-05,Returned
12160,1382,802,2024-08-14,2025-06-08,Returned
12161,1860,317,2023-10-14,2024-10-19,Returned
12162,1637,284,2025-08-03,2025-09-03,Returned
12163,786,158,2025-06-14,,Late
12164,589,270,2023-11-05,2024-08-16,Returned
12165,1720,870,2023-07-14,2026-02-07,Returned
12166,1571,155,2026-03-01,2026-05-14,Returned
12167,1166,983,2025-05-17,2025-08-31,Returned
12168,597,647,2025-10-20,2026-01-16,Returned
12169,803,389,2023-09-21,2023-09-26,Returned
12170,354,643,2025-04-03,2025-04-05,Returned
12171,293,352,2024-06-10,2025-02-01,Returned
12172,1985,611,2025-05-07,2025-09-17,Returned
12173,1589,919,2025-04-26,2026-02-12,Returned
12174,750,184,2024-03-02,2026-03-30,Returned
12175,283,494,2025-07-03,2025-12-14,Returned
12176,331,112,2025-06-19,2026-01-30,Returned
12177,207,19,2025-04-07,2025-11-16,Returned
12178,1745,610,2023-08-26,2024-03-30,Returned
12179,119,28,2025-04-07,,Late
12180,214,56,2024-11-26,2025-10-29,Returned
12181,785,688,2024-12-16,2025-03-24,Returned
12182,1739,602,2024-10-14,2025-09-10,Returned
12183,1315,490,2026-05-22,2026-05-28,Returned
12184,1004,565,2023-06-07,2024-03-21,Returned
12185,942,437,2025-05-07,,Active
12186,1342,702,2026-01-23,2026-03-11,Returned
12187,47,446,2025-11-17,2026-05-12,Returned
12188,1281,460,2026-03-30,2026-04-18,Returned
12189,1001,724,2024-11-06,2026-05-26,Returned
12190,1375,839,2025-07-08,2025-12-12,Returned
12191,238,619,2025-06-06,2026-01-07,Returned
12192,1188,440,2024-02-14,2024-04-10,Returned
12193,136,745,2026-04-06,2026-04-30,Returned
12194,1468,906,2024-09-16,2025-11-26,Returned
12195,1660,867,2026-03-07,2026-03-15,Returned
12196,497,665,2024-07-26,2025-07-30,Returned
12197,1836,901,2024-08-21,,Late
12198,874,386,2025-12-08,2026-01-17,Returned
12199,1358,979,2023-11-01,2023-11-03,Returned
12200,1261,953,2026-01-01,2026-01-29,Returned
12201,1806,928,2025-12-27,2026-03-25,Returned
12202,902,312,2025-09-26,2025-12-10,Returned
12203,1162,211,2026-01-07,2026-01-29,Returned
12204,683,906,2024-07-03,2025-02-24,Returned
12205,1686,663,2025-06-23,2025-12-08,Returned
12206,1939,601,2023-06-21,2025-06-11,Returned
12207,858,961,2025-07-18,2025-12-30,Returned
12208,717,274,2026-02-15,2026-03-28,Returned
12209,1348,797,2024-05-02,2025-04-04,Returned
12210,180,804,2023-08-22,2023-09-22,Returned
12211,984,423,2025-03-12,2025-10-02,Returned
12212,415,59,2024-01-11,2024-10-07,Returned
12213,1136,589,2026-01-21,2026-02-04,Returned
12214,1010,236,2024-06-22,2026-04-06,Returned
12215,232,521,2024-10-29,2025-03-08,Returned
12216,1045,712,2024-10-20,2024-12-18,Returned
12217,459,219,2024-06-22,2025-07-26,Returned
12218,823,502,2025-08-02,2025-10-04,Returned
12219,1222,141,2023-09-20,2024-08-05,Returned
12220,697,196,2023-08-12,2024-03-30,Returned
12221,1325,722,2023-06-29,,Late
12222,358,216,2025-08-14,2026-01-12,Returned
12223,1679,264,2026-03-30,2026-05-27,Returned
12224,1065,263,2026-05-26,2026-05-29,Returned
12225,751,889,2025-02-23,,Late
12226,1135,48,2023-07-12,2025-02-06,Returned
12227,236,512,2026-04-28,2026-06-04,Returned
12228,1800,294,2025-12-30,2026-04-23,Returned
12229,1029,887,2023-11-07,2024-10-20,Returned
12230,620,808,2023-07-04,2026-01-11,Returned
12231,1915,966,2025-01-15,2025-07-27,Returned
12232,1886,837,2025-12-11,2026-05-18,Returned
12233,966,575,2024-04-26,2025-06-01,Returned
12234,1922,384,2024-11-26,2026-01-25,Returned
12235,861,142,2026-02-11,,Late
12236,1291,449,2023-11-05,2025-11-25,Returned
12237,919,446,2023-12-25,2024-01-20,Returned
12238,295,288,2024-09-22,2025-03-13,Returned
12239,1034,239,2024-11-22,2025-03-14,Returned
12240,461,213,2023-06-23,2023-06-26,Returned
12241,1153,412,2026-05-27,2026-05-31,Returned
12242,1612,540,2024-06-05,,Active
12243,1069,80,2025-11-23,2026-03-27,Returned
12244,1322,519,2025-07-30,2026-04-25,Returned
12245,1093,30,2025-12-25,2026-04-05,Returned
12246,847,327,2026-02-02,2026-02-04,Returned
12247,1270,860,2025-12-16,2026-01-28,Returned
12248,1358,444,2023-06-28,2025-06-28,Returned
12249,786,414,2023-06-26,2023-07-26,Returned
12250,1076,482,2024-05-08,2024-08-02,Returned
12251,1228,830,2025-12-01,2026-01-25,Returned
12252,352,872,2026-01-05,,Active
12253,1942,547,2024-04-06,2025-05-11,Returned
12254,87,557,2024-06-30,2025-03-21,Returned
12255,106,471,2025-02-09,,Late
12256,365,217,2025-09-21,2026-03-15,Returned
12257,901,466,2025-12-28,2026-05-28,Returned
12258,1162,596,2025-05-08,2026-05-25,Returned
12259,779,198,2024-02-09,2024-02-28,Returned
12260,844,764,2024-10-16,2024-11-18,Returned
12261,1639,464,2024-02-16,2025-04-06,Returned
12262,434,555,2025-11-30,2026-05-09,Returned
12263,883,674,2025-10-14,2025-12-19,Returned
12264,363,185,2024-02-28,2024-07-31,Returned
12265,1088,965,2025-11-09,2026-05-20,Returned
12266,284,709,2025-12-04,2026-03-03,Returned
12267,372,532,2025-07-14,2025-09-08,Returned
12268,1211,555,2026-04-13,2026-05-18,Returned
12269,1995,401,2024-04-13,2025-07-18,Returned
12270,1845,273,2023-07-20,2026-01-30,Returned
12271,1843,586,2023-08-15,2025-02-24,Returned
12272,1350,273,2024-12-07,2025-06-24,Returned
12273,1740,464,2024-07-16,2025-12-30,Returned
12274,1847,58,2026-01-14,2026-02-05,Returned
12275,136,330,2026-03-04,2026-03-21,Returned
12276,1806,852,2024-10-28,2025-11-04,Returned
12277,804,420,2024-06-28,2026-02-26,Returned
12278,1061,967,2025-02-25,2025-10-20,Returned
12279,1768,528,2025-08-03,2025-08-07,Returned
12280,490,64,2025-09-01,2026-05-25,Returned
12281,1804,385,2024-11-27,2025-12-15,Returned
12282,1254,432,2025-09-01,2026-05-28,Returned
12283,743,462,2024-02-15,2024-08-15,Returned
12284,1449,113,2023-07-05,2023-10-14,Returned
12285,1044,909,2024-12-05,2025-12-16,Returned
12286,1250,129,2025-10-27,,Late
12287,1060,931,2026-01-09,2026-02-21,Returned
12288,1551,527,2025-06-01,,Active
12289,1571,911,2023-06-07,2025-05-02,Returned
12290,699,317,2024-10-05,2025-06-06,Returned
12291,800,979,2024-05-19,2025-09-03,Returned
12292,871,964,2025-08-16,2025-08-16,Returned
12293,1132,838,2025-08-16,2025-12-26,Returned
12294,928,132,2025-11-17,2025-12-23,Returned
12295,324,27,2025-03-02,2025-03-30,Returned
12296,935,952,2024-03-09,2026-04-11,Returned
12297,1130,569,2025-12-18,2026-04-12,Returned
12298,961,429,2026-03-07,2026-05-05,Returned
12299,410,116,2024-04-24,2025-12-18,Returned
12300,1413,640,2025-09-24,2025-12-25,Returned
12301,798,36,2025-09-08,2025-12-16,Returned
12302,815,57,2025-04-26,2026-02-08,Returned
12303,902,42,2024-09-05,2026-05-05,Returned
12304,1322,816,2026-03-03,2026-04-15,Returned
12305,1186,715,2025-08-31,2025-10-13,Returned
12306,415,412,2024-05-11,2024-09-12,Returned
12307,412,643,2024-03-30,2025-11-11,Returned
12308,1389,239,2026-04-23,2026-04-27,Returned
12309,728,162,2025-04-01,2025-05-09,Returned
12310,95,438,2025-08-02,2025-08-22,Returned
12311,283,257,2023-12-07,2026-02-28,Returned
12312,486,594,2025-07-25,2026-05-22,Returned
12313,1712,699,2025-04-29,2026-01-19,Returned
12314,1102,68,2023-12-17,2024-02-28,Returned
12315,1516,847,2026-05-12,2026-05-17,Returned
12316,74,230,2023-07-15,2025-05-03,Returned
12317,1133,167,2023-08-09,2026-01-01,Returned
12318,1862,835,2023-06-22,2024-03-14,Returned
12319,999,127,2024-01-07,2026-02-01,Returned
12320,451,725,2024-03-19,2025-03-28,Returned
12321,1812,297,2025-05-21,2025-11-05,Returned
12322,1555,402,2024-04-02,2025-01-17,Returned
12323,462,410,2023-08-20,2026-03-06,Returned
12324,142,418,2023-09-16,2026-01-16,Returned
12325,747,87,2023-08-30,,Late
12326,204,260,2025-05-13,2025-12-25,Returned
12327,360,877,2025-04-11,2025-07-30,Returned
12328,1763,152,2025-02-13,2026-02-06,Returned
12329,1345,524,2025-03-16,2025-09-04,Returned
12330,229,94,2023-06-29,2026-01-18,Returned
12331,1070,153,2023-07-26,2023-10-02,Returned
12332,1155,527,2025-03-11,2026-06-04,Returned
12333,46,154,2023-11-09,2024-10-25,Returned
12334,632,151,2026-01-18,2026-04-08,Returned
12335,1592,50,2025-03-22,2026-03-26,Returned
12336,226,762,2026-01-30,2026-02-07,Returned
12337,317,224,2026-02-01,2026-03-18,Returned
12338,799,995,2026-01-03,2026-02-14,Returned
12339,1631,477,2024-10-04,2026-05-21,Returned
12340,1717,919,2026-01-20,2026-05-22,Returned
12341,1074,298,2024-09-08,2025-07-22,Returned
12342,1327,39,2023-10-05,2023-10-15,Returned
12343,1566,547,2025-01-11,2026-04-17,Returned
12344,1413,99,2023-12-05,2023-12-08,Returned
12345,1650,193,2026-03-18,2026-05-08,Returned
12346,1814,264,2024-02-27,2026-02-10,Returned
12347,901,383,2024-08-31,2026-01-07,Returned
12348,725,605,2025-07-14,2026-04-12,Returned
12349,1356,639,2024-03-04,2025-01-26,Returned
12350,1664,712,2026-01-18,2026-04-19,Returned
12351,1112,445,2025-06-13,2026-05-10,Returned
12352,1776,562,2025-12-21,2026-03-09,Returned
12353,1270,923,2025-05-21,2025-06-24,Returned
12354,129,894,2025-12-02,2026-03-12,Returned
12355,1246,701,2025-11-29,2025-12-18,Returned
12356,1326,440,2024-05-27,2024-10-25,Returned
12357,1614,819,2025-06-28,2025-10-18,Returned
12358,1951,54,2023-06-16,2024-09-30,Returned
12359,974,977,2024-01-20,,Active
12360,1226,673,2023-08-23,2023-11-02,Returned
12361,1271,204,2024-12-24,2026-02-15,Returned
12362,1551,909,2024-02-02,2025-03-10,Returned
12363,557,1,2023-09-11,2025-12-17,Returned
12364,1471,65,2024-11-03,2026-01-22,Returned
12365,160,446,2025-10-24,2025-12-13,Returned
12366,712,923,2025-01-26,2026-01-19,Returned
12367,1660,448,2024-02-25,2025-04-17,Returned
12368,1478,149,2024-03-03,2024-08-27,Returned
12369,1805,43,2025-07-21,2025-08-08,Returned
12370,1919,245,2026-01-14,2026-02-28,Returned
12371,784,598,2026-05-25,2026-05-27,Returned
12372,1500,537,2024-01-27,2024-07-23,Returned
12373,477,861,2025-03-03,2025-08-05,Returned
12374,217,272,2025-08-05,2025-12-21,Returned
12375,292,591,2025-02-10,2026-02-21,Returned
12376,1447,413,2025-06-14,2026-03-12,Returned
12377,5,116,2026-03-06,,Late
12378,267,253,2026-04-12,2026-04-26,Returned
12379,1072,621,2024-02-04,2026-01-17,Returned
12380,554,121,2024-03-23,2025-09-16,Returned
12381,223,521,2026-02-17,2026-05-19,Returned
12382,150,443,2023-10-14,2026-02-04,Returned
12383,1081,313,2024-01-13,2025-10-11,Returned
12384,1540,681,2024-01-21,2025-03-01,Returned
12385,1118,879,2025-12-15,2026-01-28,Returned
12386,363,12,2024-11-03,,Active
12387,1800,581,2024-06-13,2026-04-04,Returned
12388,1874,352,2025-02-23,2026-02-13,Returned
12389,106,34,2024-08-18,2025-06-28,Returned
12390,1626,176,2026-04-16,2026-06-05,Returned
12391,1039,456,2025-07-19,2026-04-07,Returned
12392,888,637,2026-02-26,,Late
12393,1482,341,2025-06-18,2025-09-05,Returned
12394,1794,805,2025-10-04,2026-03-03,Returned
12395,681,168,2023-09-05,,Late
12396,1286,957,2024-04-08,2026-05-31,Returned
12397,1491,945,2023-11-09,2024-09-06,Returned
12398,1431,140,2025-07-09,2025-08-08,Returned
12399,211,899,2025-12-19,2026-03-31,Returned
12400,1834,387,2024-02-26,2025-12-11,Returned
12401,1854,953,2025-07-27,2025-11-30,Returned
12402,706,818,2024-07-12,2024-11-06,Returned
12403,1359,469,2025-10-31,2026-01-04,Returned
12404,1933,463,2024-10-10,2024-11-08,Returned
12405,1277,816,2025-01-01,2026-01-23,Returned
12406,1167,729,2026-04-20,,Active
12407,1923,560,2025-09-13,2025-12-27,Returned
12408,1463,419,2026-01-08,2026-02-12,Returned
12409,880,602,2024-12-09,2025-10-25,Returned
12410,624,839,2025-10-04,2026-02-18,Returned
12411,521,566,2025-10-29,2026-05-15,Returned
12412,472,772,2023-11-16,2025-11-08,Returned
12413,1245,505,2026-01-01,2026-03-18,Returned
12414,928,565,2025-03-28,2025-06-21,Returned
12415,781,413,2025-01-05,2025-03-21,Returned
12416,470,651,2025-01-20,2025-03-04,Returned
12417,1472,646,2025-07-14,2025-08-18,Returned
12418,413,377,2025-06-30,2026-03-23,Returned
12419,163,844,2025-11-30,2026-03-02,Returned
12420,1872,780,2024-01-07,2025-10-30,Returned
12421,1361,232,2024-04-02,2025-11-09,Returned
12422,1714,557,2025-10-29,2026-01-25,Returned
12423,1947,493,2023-06-21,2025-09-06,Returned
12424,1812,934,2023-09-28,2023-11-17,Returned
12425,160,597,2024-02-06,2025-03-24,Returned
12426,747,976,2026-01-13,2026-02-26,Returned
12427,1521,312,2025-02-20,2026-03-23,Returned
12428,1755,378,2024-05-30,2026-04-17,Returned
12429,796,488,2025-10-06,2026-02-28,Returned
12430,160,447,2024-02-20,2024-12-27,Returned
12431,654,686,2024-08-20,,Active
12432,1659,377,2023-10-24,2026-05-25,Returned
12433,1897,758,2025-12-16,2026-04-12,Returned
12434,1264,641,2025-01-11,,Active
12435,1502,982,2024-04-21,,Active
12436,1085,817,2024-03-14,2025-08-23,Returned
12437,13,875,2025-12-13,2026-03-07,Returned
12438,230,41,2024-02-27,2025-12-16,Returned
12439,1066,351,2025-09-03,2026-02-22,Returned
12440,305,457,2025-02-21,2025-09-13,Returned
12441,107,424,2025-08-26,2025-12-07,Returned
12442,1699,706,2025-03-06,2025-06-23,Returned
12443,1196,451,2023-09-23,,Late
12444,830,425,2025-06-17,2025-12-10,Returned
12445,163,523,2025-06-20,2026-03-30,Returned
12446,344,364,2024-12-19,2025-11-04,Returned
12447,965,29,2025-12-30,2026-01-25,Returned
12448,288,656,2024-11-01,,Active
12449,538,543,2024-12-19,2025-08-30,Returned
12450,987,239,2023-11-10,,Active
12451,965,70,2025-07-11,2026-01-27,Returned
12452,1358,29,2024-05-26,2026-01-31,Returned
12453,650,108,2026-04-27,2026-05-21,Returned
12454,686,589,2023-07-07,,Active
12455,1165,527,2023-12-11,2024-07-21,Returned
12456,1322,568,2025-01-15,2026-05-05,Returned
12457,1223,884,2025-12-17,,Late
12458,757,512,2026-05-12,2026-06-04,Returned
12459,853,419,2024-10-15,2024-11-18,Returned
12460,45,247,2026-02-22,2026-05-11,Returned
12461,67,835,2024-07-04,2024-11-17,Returned
12462,1571,415,2024-12-05,2026-04-14,Returned
12463,195,675,2025-02-28,2026-04-29,Returned
12464,924,493,2026-02-25,2026-04-25,Returned
12465,119,618,2025-06-21,2025-10-31,Returned
12466,1421,962,2024-01-22,2025-02-15,Returned
12467,1967,899,2023-10-30,2023-12-21,Returned
12468,1608,273,2025-03-14,2025-07-19,Returned
12469,1409,795,2024-11-10,2025-07-04,Returned
12470,187,187,2025-07-17,2026-02-16,Returned
12471,1674,32,2025-02-02,2025-07-22,Returned
12472,877,319,2023-07-24,2024-01-26,Returned
12473,1298,205,2024-11-10,,Active
12474,707,354,2026-05-26,2026-05-26,Returned
12475,707,902,2024-03-19,2026-02-25,Returned
12476,1642,325,2024-12-31,2026-02-04,Returned
12477,377,726,2025-06-25,2025-12-06,Returned
12478,1411,758,2025-07-18,2026-05-27,Returned
12479,953,150,2026-04-02,,Late
12480,1169,208,2025-07-06,2025-07-31,Returned
12481,103,408,2024-03-25,2025-08-23,Returned
12482,109,810,2025-11-18,,Active
12483,255,954,2025-12-18,2026-05-01,Returned
12484,128,751,2025-03-23,2025-10-08,Returned
12485,505,800,2025-06-14,,Active
12486,1474,473,2026-04-03,2026-05-23,Returned
12487,1881,43,2025-05-11,2025-09-02,Returned
12488,1356,75,2025-06-13,2026-06-04,Returned
12489,554,145,2024-12-16,2026-02-18,Returned
12490,956,310,2023-06-28,2024-05-17,Returned
12491,1730,306,2025-11-29,2026-03-21,Returned
12492,1732,343,2025-10-18,2025-11-11,Returned
12493,1721,540,2026-04-18,2026-05-28,Returned
12494,617,416,2023-11-14,2023-12-05,Returned
12495,1565,35,2025-10-30,2026-03-30,Returned
12496,1651,653,2026-05-18,2026-05-25,Returned
12497,266,609,2026-02-24,2026-04-14,Returned
12498,1693,861,2025-12-15,2026-01-30,Returned
12499,806,522,2023-11-20,2025-08-05,Returned
12500,963,859,2025-04-19,2026-05-22,Returned
12501,49,364,2025-08-21,2026-04-30,Returned
12502,141,417,2024-05-16,2024-09-25,Returned
12503,545,388,2026-02-21,2026-02-21,Returned
12504,1476,865,2026-04-11,2026-04-11,Returned
12505,1801,732,2025-11-09,2026-05-16,Returned
12506,239,828,2023-07-16,2025-01-16,Returned
12507,454,865,2025-11-30,2026-04-16,Returned
12508,1632,277,2024-01-04,2024-05-07,Returned
12509,760,286,2026-05-27,2026-06-05,Returned
12510,1985,78,2024-02-23,2024-11-10,Returned
12511,115,809,2025-03-18,2025-07-13,Returned
12512,1040,321,2024-01-23,2025-01-29,Returned
12513,1598,588,2024-04-17,2025-06-25,Returned
12514,909,318,2026-05-30,2026-06-04,Returned
12515,78,67,2025-08-12,2026-04-23,Returned
12516,576,533,2024-08-06,2025-05-08,Returned
12517,1598,641,2024-01-21,2025-08-24,Returned
12518,257,546,2023-06-18,,Late
12519,1431,452,2023-07-01,2023-08-25,Returned
12520,683,792,2025-02-27,2026-03-26,Returned
12521,720,251,2025-01-21,2026-01-31,Returned
12522,569,551,2024-01-15,2025-11-28,Returned
12523,115,198,2025-06-25,2025-12-03,Returned
12524,1704,54,2023-06-09,2026-01-27,Returned
12525,167,560,2023-09-06,2024-03-30,Returned
12526,1518,138,2026-05-02,2026-05-16,Returned
12527,1422,310,2025-02-21,2025-04-06,Returned
12528,231,402,2024-10-01,2025-05-18,Returned
12529,1305,555,2025-07-25,,Active
12530,1968,23,2023-10-20,2024-07-11,Returned
12531,478,234,2025-03-02,2025-07-01,Returned
12532,334,100,2024-04-18,2026-01-15,Returned
12533,903,464,2024-05-23,2025-04-30,Returned
12534,1644,791,2023-11-10,2025-09-22,Returned
12535,307,678,2024-04-05,,Active
12536,1466,865,2026-03-31,2026-05-31,Returned
12537,1817,838,2025-03-16,2025-12-25,Returned
12538,423,129,2024-05-26,2025-09-28,Returned
12539,1697,71,2023-10-17,2024-10-27,Returned
12540,173,824,2024-11-12,2025-03-12,Returned
12541,329,150,2024-12-03,2026-05-22,Returned
12542,897,386,2025-06-20,2026-01-26,Returned
12543,398,204,2024-02-21,2026-04-14,Returned
12544,366,630,2024-01-20,2025-10-30,Returned
12545,1343,627,2025-06-14,2026-04-29,Returned
12546,640,794,2025-12-25,2026-03-17,Returned
12547,1502,968,2025-08-14,,Late
12548,1621,715,2024-08-11,2025-09-01,Returned
12549,635,259,2023-08-16,2023-11-27,Returned
12550,646,983,2023-09-18,2024-09-02,Returned
12551,1652,920,2026-03-27,2026-04-18,Returned
12552,304,502,2024-05-10,2024-10-09,Returned
12553,1234,941,2024-09-09,2024-09-15,Returned
12554,937,260,2025-10-12,2025-12-19,Returned
12555,836,221,2025-06-08,2026-03-09,Returned
12556,481,362,2024-09-25,,Late
12557,501,463,2025-08-10,2026-05-16,Returned
12558,1893,475,2026-03-19,2026-05-13,Returned
12559,126,875,2024-09-10,2025-12-19,Returned
12560,1942,490,2024-07-16,2026-01-20,Returned
12561,755,807,2025-12-03,2026-04-05,Returned
12562,325,17,2025-12-17,2026-04-27,Returned
12563,1887,921,2025-01-23,2026-04-05,Returned
12564,1518,236,2024-07-15,2025-10-28,Returned
12565,884,199,2026-05-05,2026-05-18,Returned
12566,1046,605,2024-04-01,2026-04-17,Returned
12567,263,685,2025-04-02,2025-11-02,Returned
12568,274,29,2024-08-11,2026-04-08,Returned
12569,134,384,2026-03-14,2026-05-19,Returned
12570,1416,497,2025-03-17,2026-03-16,Returned
12571,1968,253,2025-02-24,2025-10-01,Returned
12572,1617,167,2023-09-08,2024-06-07,Returned
12573,687,543,2024-05-07,2024-10-05,Returned
12574,362,277,2024-05-02,2025-01-30,Returned
12575,213,229,2026-04-02,2026-04-30,Returned
12576,1726,501,2024-05-22,,Active
12577,1709,509,2025-09-04,2025-10-26,Returned
12578,475,33,2024-06-03,2024-08-08,Returned
12579,654,910,2025-11-24,2026-02-28,Returned
12580,1851,698,2024-04-21,2026-03-17,Returned
12581,494,601,2025-12-19,2026-02-05,Returned
12582,1166,218,2024-01-15,2024-05-10,Returned
12583,160,968,2023-12-17,2026-06-01,Returned
12584,1680,337,2024-11-20,2026-01-15,Returned
12585,1488,14,2025-04-25,2026-04-03,Returned
12586,243,132,2025-12-31,2026-01-23,Returned
12587,369,185,2024-03-28,2025-10-25,Returned
12588,789,680,2026-05-06,2026-05-11,Returned
12589,1542,676,2026-04-16,2026-05-08,Returned
12590,757,900,2024-04-09,2024-08-15,Returned
12591,645,233,2024-07-06,2025-10-13,Returned
12592,1608,608,2023-06-17,2025-08-04,Returned
12593,939,999,2025-03-27,2025-08-17,Returned
12594,1752,525,2023-11-05,2024-06-06,Returned
12595,465,588,2023-07-24,2023-12-10,Returned
12596,263,34,2024-04-11,2026-01-27,Returned
12597,1691,304,2025-06-03,2026-02-24,Returned
12598,342,303,2025-11-04,2026-02-20,Returned
12599,1749,159,2023-07-02,2025-07-18,Returned
12600,162,799,2026-05-04,2026-05-29,Returned
12601,1594,123,2024-02-10,2024-12-08,Returned
12602,1616,694,2025-02-26,2025-05-08,Returned
12603,1324,776,2025-12-30,2026-01-05,Returned
12604,1706,519,2023-10-27,2025-09-12,Returned
12605,62,848,2024-03-12,2026-03-26,Returned
12606,1591,717,2026-01-01,2026-01-20,Returned
12607,1822,768,2026-06-02,2026-06-06,Returned
12608,1040,335,2026-02-05,2026-04-17,Returned
12609,559,446,2024-08-16,2025-06-29,Returned
12610,487,328,2025-07-14,,Late
12611,1272,28,2024-04-30,2025-01-27,Returned
12612,563,187,2026-04-09,2026-05-16,Returned
12613,949,31,2025-02-08,2025-06-02,Returned
12614,1727,711,2025-09-24,2026-03-08,Returned
12615,1886,234,2024-09-13,2025-06-15,Returned
12616,625,884,2023-11-19,2024-03-05,Returned
12617,1390,410,2024-01-02,2024-09-07,Returned
12618,1995,279,2026-03-31,2026-05-31,Returned
12619,502,279,2026-02-17,2026-02-27,Returned
12620,349,964,2023-11-24,2025-04-19,Returned
12621,835,77,2025-09-22,2026-03-27,Returned
12622,248,937,2023-10-19,2025-09-11,Returned
12623,488,51,2025-10-22,2026-04-12,Returned
12624,767,487,2023-10-18,2024-06-05,Returned
12625,1061,367,2023-08-18,2024-07-03,Returned
12626,1837,704,2024-02-28,2024-09-08,Returned
12627,1255,774,2025-04-24,2025-09-12,Returned
12628,1168,136,2025-12-07,2026-02-16,Returned
12629,1468,999,2025-09-14,2026-01-23,Returned
12630,1502,660,2024-03-01,2024-03-17,Returned
12631,868,413,2025-05-07,2025-12-22,Returned
12632,89,597,2024-05-15,2026-02-20,Returned
12633,108,431,2026-02-10,2026-03-16,Returned
12634,1093,848,2023-11-30,2026-02-21,Returned
12635,1849,96,2026-05-08,2026-05-10,Returned
12636,1825,166,2026-04-25,2026-05-18,Returned
12637,1850,767,2026-02-19,2026-05-22,Returned
12638,1357,465,2023-06-30,2024-08-31,Returned
12639,551,938,2023-10-29,2025-10-21,Returned
12640,1963,196,2024-10-18,2025-06-01,Returned
12641,1696,718,2023-11-18,,Late
12642,19,41,2024-09-29,2026-05-30,Returned
12643,1273,331,2024-08-08,2025-05-27,Returned
12644,159,118,2026-02-24,2026-04-27,Returned
12645,1252,925,2024-10-18,2026-03-08,Returned
12646,512,967,2025-12-29,2025-12-31,Returned
12647,1893,738,2024-11-12,2026-01-31,Returned
12648,1661,95,2023-06-19,2023-11-04,Returned
12649,502,976,2026-04-14,2026-06-01,Returned
12650,1965,268,2024-04-28,2025-04-16,Returned
12651,479,323,2026-03-17,2026-03-27,Returned
12652,1835,883,2023-10-04,2025-05-11,Returned
12653,438,368,2025-11-09,,Active
12654,1215,495,2023-10-15,2025-04-12,Returned
12655,482,125,2024-10-19,2024-11-24,Returned
12656,1922,948,2025-09-04,,Active
12657,391,253,2025-08-24,2026-04-06,Returned
12658,1651,897,2024-06-06,2025-07-15,Returned
12659,150,55,2025-05-01,2025-06-25,Returned
12660,843,722,2026-03-08,2026-03-10,Returned
12661,1240,768,2025-02-19,2025-07-29,Returned
12662,211,401,2026-01-05,2026-02-13,Returned
12663,821,639,2025-05-23,2026-05-30,Returned
12664,1700,459,2025-01-30,2026-03-13,Returned
12665,1438,126,2024-06-02,,Active
12666,1484,507,2026-03-03,2026-06-06,Returned
12667,1583,288,2025-04-07,,Active
12668,1704,203,2025-09-05,2026-02-17,Returned
12669,1794,328,2025-01-18,,Active
12670,1110,10,2024-01-11,2024-07-15,Returned
12671,391,135,2024-04-16,2025-03-10,Returned
12672,1936,952,2026-02-11,2026-03-18,Returned
12673,1670,604,2024-07-27,2025-11-06,Returned
12674,232,130,2023-06-10,2024-03-30,Returned
12675,951,247,2024-04-29,2025-12-07,Returned
12676,1618,822,2026-01-15,,Late
12677,857,217,2024-09-19,2024-10-05,Returned
12678,1034,845,2026-03-23,2026-05-08,Returned
12679,14,508,2024-09-30,2025-05-12,Returned
12680,568,208,2025-07-24,2025-11-23,Returned
12681,577,368,2026-01-29,,Late
12682,380,838,2024-10-26,2024-12-16,Returned
12683,249,807,2024-05-17,2025-01-27,Returned
12684,1235,890,2024-06-07,2024-09-16,Returned
12685,88,851,2024-07-27,2025-07-05,Returned
12686,481,373,2024-05-04,2024-11-19,Returned
12687,925,605,2024-02-17,2024-10-02,Returned
12688,1170,908,2026-01-12,2026-03-30,Returned
12689,944,965,2024-01-01,,Late
12690,704,320,2023-10-17,2025-06-21,Returned
12691,995,850,2024-09-07,2026-05-18,Returned
12692,1642,372,2023-12-08,2024-03-21,Returned
12693,119,798,2024-05-02,2025-09-18,Returned
12694,764,67,2024-07-14,,Late
12695,725,574,2024-02-19,2025-08-13,Returned
12696,31,381,2024-12-09,2025-08-13,Returned
12697,1798,85,2025-02-22,2025-03-03,Returned
12698,1995,57,2025-05-23,2026-04-14,Returned
12699,372,218,2024-07-28,2026-04-07,Returned
12700,215,110,2024-06-15,2025-03-18,Returned
12701,1478,185,2024-06-25,2025-10-26,Returned
12702,1826,59,2024-05-11,2024-12-17,Returned
12703,1858,325,2025-07-08,2025-12-18,Returned
12704,1134,396,2025-05-03,2025-09-22,Returned
12705,713,951,2026-05-22,2026-06-05,Returned
12706,1910,747,2025-09-09,2026-01-21,Returned
12707,402,762,2025-01-27,2025-12-26,Returned
12708,1316,133,2023-10-02,2024-01-29,Returned
12709,1851,382,2024-01-08,2025-10-10,Returned
12710,91,936,2023-08-14,2024-04-20,Returned
12711,734,563,2026-03-27,2026-05-18,Returned
12712,110,27,2024-12-25,2025-07-25,Returned
12713,568,69,2024-05-01,2025-09-15,Returned
12714,557,498,2024-03-31,2025-11-22,Returned
12715,1720,669,2024-04-19,,Late
12716,976,911,2024-12-26,2025-01-17,Returned
12717,162,875,2024-09-29,2025-10-08,Returned
12718,1798,850,2023-12-04,2025-01-19,Returned
12719,1206,173,2025-04-21,2025-04-27,Returned
12720,111,178,2025-08-04,2026-02-06,Returned
12721,1213,991,2023-12-15,2025-12-11,Returned
12722,681,393,2025-08-21,2026-02-22,Returned
12723,502,465,2025-12-06,2026-05-11,Returned
12724,1635,400,2024-07-08,2025-05-09,Returned
12725,72,978,2024-09-15,2025-07-25,Returned
12726,835,953,2023-08-24,,Active
12727,1720,268,2025-06-12,2026-02-28,Returned
12728,469,963,2024-11-13,2024-11-14,Returned
12729,24,715,2025-12-10,2026-02-23,Returned
12730,237,774,2023-09-29,2025-12-19,Returned
12731,1565,237,2026-04-05,2026-04-21,Returned
12732,925,578,2023-08-16,2025-03-09,Returned
12733,1198,857,2025-09-04,2026-04-09,Returned
12734,67,358,2025-07-11,2025-10-23,Returned
12735,1229,618,2024-01-02,2025-08-10,Returned
12736,1804,429,2024-11-26,2025-06-10,Returned
12737,1428,242,2026-03-14,2026-05-11,Returned
12738,57,303,2025-05-05,2025-12-14,Returned
12739,342,871,2025-01-14,2025-07-03,Returned
12740,613,451,2025-05-12,2025-09-27,Returned
12741,1773,923,2025-01-28,,Active
12742,724,417,2023-08-15,2024-04-27,Returned
12743,1804,796,2025-09-12,2026-05-28,Returned
12744,1845,269,2025-12-03,2025-12-22,Returned
12745,1466,11,2026-03-17,2026-05-30,Returned
12746,682,210,2023-10-05,2024-07-04,Returned
12747,1647,686,2023-12-05,2024-05-04,Returned
12748,876,736,2024-02-14,2025-02-20,Returned
12749,358,969,2024-12-01,,Active
12750,842,338,2024-06-09,,Active
12751,1574,247,2023-11-20,2024-07-10,Returned
12752,1459,984,2024-12-05,2025-01-24,Returned
12753,1972,70,2024-11-13,2025-03-16,Returned
12754,1682,441,2026-04-05,2026-04-25,Returned
12755,1768,58,2024-10-13,2025-03-02,Returned
12756,580,543,2025-06-09,2026-05-06,Returned
12757,1181,565,2023-10-16,2024-02-12,Returned
12758,676,72,2025-11-25,2026-02-13,Returned
12759,70,586,2025-09-04,2026-05-08,Returned
12760,1431,141,2026-03-10,2026-04-09,Returned
12761,1252,531,2025-11-09,2026-05-20,Returned
12762,985,933,2023-09-30,2025-06-15,Returned
12763,1486,283,2024-04-10,2025-03-23,Returned
12764,1693,86,2025-05-25,2025-11-16,Returned
12765,449,590,2024-02-17,2024-08-23,Returned
12766,470,426,2026-03-24,2026-03-29,Returned
12767,908,266,2024-03-24,2024-07-11,Returned
12768,273,860,2024-03-02,2025-07-20,Returned
12769,1338,213,2025-10-01,2025-11-15,Returned
12770,1536,788,2025-09-30,2026-05-15,Returned
12771,1978,971,2024-03-02,2025-09-03,Returned
12772,475,9,2023-06-23,2024-03-05,Returned
12773,681,833,2024-09-30,2025-06-09,Returned
12774,475,663,2026-05-17,2026-05-30,Returned
12775,1209,242,2025-10-31,2026-03-24,Returned
12776,429,804,2024-03-08,2025-08-09,Returned
12777,1352,711,2026-03-01,2026-04-27,Returned
12778,1284,417,2026-01-29,2026-06-05,Returned
12779,541,159,2024-09-26,,Active
12780,591,993,2024-06-03,2024-07-04,Returned
12781,1220,331,2024-06-24,2026-02-08,Returned
12782,466,725,2025-08-14,2025-09-16,Returned
12783,1292,940,2024-10-21,2025-04-17,Returned
12784,1607,238,2023-10-08,2025-08-01,Returned
12785,1313,944,2023-11-13,2025-05-24,Returned
12786,568,910,2025-02-15,2026-06-04,Returned
12787,718,887,2024-09-23,,Late
12788,135,506,2025-12-30,2026-03-24,Returned
12789,81,474,2024-02-27,2025-05-11,Returned
12790,123,572,2023-12-28,2026-05-19,Returned
12791,67,175,2023-07-16,2025-10-12,Returned
12792,1297,721,2025-01-12,2025-01-15,Returned
12793,917,432,2024-05-08,2024-12-13,Returned
12794,1832,160,2025-08-13,2026-02-16,Returned
12795,195,121,2025-05-06,2025-08-02,Returned
12796,543,823,2025-04-02,,Active
12797,166,737,2024-05-25,2026-05-05,Returned
12798,1342,612,2024-09-26,2025-01-04,Returned
12799,225,194,2024-12-25,2025-02-20,Returned
12800,253,733,2026-01-22,,Late
12801,178,337,2025-04-24,2025-12-26,Returned
12802,1318,730,2023-06-14,2024-09-13,Returned
12803,1114,5,2025-11-04,2026-02-28,Returned
12804,979,439,2024-07-22,2024-12-30,Returned
12805,200,296,2023-11-29,,Active
12806,1661,577,2026-01-18,2026-03-25,Returned
12807,1745,921,2026-01-31,2026-02-07,Returned
12808,498,117,2025-05-04,,Active
12809,494,616,2023-12-06,2025-11-29,Returned
12810,153,594,2025-12-18,2025-12-22,Returned
12811,267,687,2025-03-12,2025-11-13,Returned
12812,957,24,2024-08-25,2026-04-21,Returned
12813,202,33,2023-11-19,2024-02-19,Returned
12814,730,924,2025-09-20,2026-01-15,Returned
12815,1140,685,2023-09-24,2025-04-16,Returned
12816,99,510,2023-09-06,2026-01-26,Returned
12817,658,621,2025-04-29,2026-03-16,Returned
12818,841,116,2024-09-22,,Late
12819,1996,556,2026-02-03,2026-04-11,Returned
12820,794,579,2024-10-16,2025-12-31,Returned
12821,240,287,2023-10-01,2024-10-21,Returned
12822,1752,805,2024-01-28,2024-03-14,Returned
12823,1911,428,2025-10-25,,Active
12824,1110,299,2024-10-28,2025-08-14,Returned
12825,1733,547,2023-06-14,2025-10-04,Returned
12826,1754,61,2024-06-30,2024-09-03,Returned
12827,718,317,2025-11-11,2025-11-20,Returned
12828,831,958,2024-04-13,2024-11-09,Returned
12829,1051,837,2025-01-11,,Active
12830,80,73,2024-07-12,2026-05-07,Returned
12831,400,793,2024-12-19,2025-04-16,Returned
12832,1675,33,2024-05-09,,Active
12833,1302,643,2024-04-11,,Late
12834,1712,745,2026-02-14,2026-04-27,Returned
12835,1763,72,2025-07-10,2026-03-14,Returned
12836,1960,977,2024-06-30,2025-12-17,Returned
12837,1685,579,2024-09-02,2025-02-11,Returned
12838,811,955,2025-03-24,,Active
12839,569,344,2025-05-07,2025-12-07,Returned
12840,359,690,2025-08-03,2025-11-23,Returned
12841,1991,266,2023-11-30,2025-09-16,Returned
12842,1043,665,2025-03-06,,Active
12843,599,503,2024-05-04,2024-10-12,Returned
12844,749,917,2024-07-19,2024-10-24,Returned
12845,1795,703,2024-03-29,2025-08-18,Returned
12846,1507,741,2024-10-24,2025-04-10,Returned
12847,1347,707,2026-02-13,2026-05-22,Returned
12848,82,496,2024-04-27,2025-06-14,Returned
12849,1290,671,2025-03-27,2026-05-03,Returned
12850,1996,63,2025-09-23,2026-01-25,Returned
12851,1770,734,2023-08-22,2025-08-04,Returned
12852,590,648,2025-10-31,2026-01-31,Returned
12853,1350,919,2025-05-27,,Active
12854,1889,232,2023-11-13,2024-01-29,Returned
12855,1232,819,2026-06-01,2026-06-05,Returned
12856,880,130,2025-09-28,2026-01-27,Returned
12857,1342,954,2026-03-20,2026-04-06,Returned
12858,1204,449,2023-07-06,2024-03-01,Returned
12859,1811,317,2024-02-17,2026-01-27,Returned
12860,450,364,2024-11-26,2025-06-05,Returned
12861,608,573,2023-09-28,2024-10-04,Returned
12862,1432,787,2026-02-07,2026-04-05,Returned
12863,534,204,2026-04-11,,Active
12864,1630,104,2024-07-06,2025-11-11,Returned
12865,1121,912,2025-08-23,2025-09-19,Returned
12866,1538,95,2023-08-29,2026-01-16,Returned
12867,488,915,2023-06-13,2024-08-15,Returned
12868,823,413,2024-02-16,2025-10-04,Returned
12869,452,56,2024-09-30,2025-03-11,Returned
12870,252,96,2025-07-21,,Active
12871,1223,160,2025-07-22,2025-12-28,Returned
12872,814,385,2025-01-08,2025-07-15,Returned
12873,1704,335,2025-05-23,2026-03-12,Returned
12874,266,399,2025-01-30,2025-11-22,Returned
12875,1656,850,2025-06-19,2025-07-11,Returned
12876,1552,697,2025-08-24,,Active
12877,347,427,2024-10-09,2025-11-14,Returned
12878,211,78,2024-09-18,2025-01-12,Returned
12879,651,119,2023-07-21,,Late
12880,175,327,2024-05-05,2026-01-13,Returned
12881,777,71,2025-12-19,2026-04-25,Returned
12882,436,39,2024-05-23,2025-02-13,Returned
12883,1020,262,2024-07-04,,Late
12884,241,94,2025-06-30,2025-11-26,Returned
12885,846,546,2025-07-20,2025-09-11,Returned
12886,1674,315,2024-02-18,,Active
12887,1862,259,2026-02-02,2026-02-28,Returned
12888,1224,315,2023-06-08,2024-08-15,Returned
12889,826,619,2024-10-26,2025-01-21,Returned
12890,1198,600,2024-12-30,2026-02-11,Returned
12891,1805,341,2025-06-30,2026-03-21,Returned
12892,1645,92,2025-09-05,2026-05-04,Returned
12893,1117,359,2023-12-05,2025-07-10,Returned
12894,840,37,2024-02-17,2024-02-25,Returned
12895,431,269,2024-07-07,,Late
12896,1494,949,2024-10-01,2025-07-10,Returned
12897,1815,829,2025-04-11,2025-08-24,Returned
12898,1777,945,2025-07-01,2026-05-13,Returned
12899,668,701,2025-10-11,2026-04-18,Returned
12900,397,302,2025-08-16,2025-12-23,Returned
12901,48,775,2025-05-11,2025-12-06,Returned
12902,991,820,2025-01-27,2025-10-09,Returned
12903,416,217,2025-06-11,2026-01-07,Returned
12904,760,56,2024-11-25,,Active
12905,1049,738,2025-09-01,,Active
12906,828,342,2026-01-07,2026-01-11,Returned
12907,901,533,2026-01-24,2026-04-02,Returned
12908,58,213,2025-04-04,2025-12-13,Returned
12909,1245,611,2025-11-04,2025-11-20,Returned
12910,487,483,2026-03-01,,Active
12911,198,375,2023-12-08,2024-10-15,Returned
12912,261,827,2024-02-07,2025-04-07,Returned
12913,400,384,2025-12-13,2026-03-16,Returned
12914,419,601,2026-04-22,2026-05-05,Returned
12915,696,833,2024-12-23,2025-07-09,Returned
12916,448,661,2025-05-06,2025-10-26,Returned
12917,1103,522,2023-08-27,2023-11-21,Returned
12918,1263,271,2024-09-04,2024-12-30,Returned
12919,1711,382,2025-08-25,2025-08-29,Returned
12920,100,855,2023-08-11,2026-01-18,Returned
12921,1234,54,2024-11-19,2025-04-27,Returned
12922,776,848,2023-11-21,2025-09-22,Returned
12923,984,540,2024-07-31,,Active
12924,1254,508,2025-09-29,2026-05-16,Returned
12925,1731,581,2024-04-18,2025-12-25,Returned
12926,1609,612,2026-03-02,2026-05-26,Returned
12927,1954,913,2025-08-06,2026-03-17,Returned
12928,1615,510,2024-02-24,2024-04-23,Returned
12929,1503,64,2025-09-21,2026-04-19,Returned
12930,786,147,2024-06-27,2025-08-03,Returned
12931,1286,557,2025-08-15,2025-12-16,Returned
12932,1186,98,2025-05-03,2026-04-18,Returned
12933,1182,253,2026-04-07,2026-05-27,Returned
12934,166,598,2025-02-14,2026-05-24,Returned
12935,597,926,2024-07-04,2025-04-01,Returned
12936,1342,824,2025-03-14,2025-09-10,Returned
12937,1613,315,2024-08-25,,Late
12938,572,833,2024-10-29,,Active
12939,1838,947,2025-07-15,2025-12-17,Returned
12940,1164,730,2024-06-27,2024-09-03,Returned
12941,1585,401,2023-06-22,2023-10-15,Returned
12942,1984,480,2026-03-12,2026-05-25,Returned
12943,364,891,2025-05-09,,Active
12944,244,171,2026-05-25,,Active
12945,191,417,2025-11-18,2026-01-30,Returned
12946,189,773,2023-10-06,,Active
12947,51,216,2025-02-19,2025-04-28,Returned
12948,284,838,2025-12-02,2025-12-15,Returned
12949,96,554,2025-08-17,2026-04-15,Returned
12950,1309,603,2024-02-20,2024-03-29,Returned
12951,354,340,2023-07-02,2025-09-16,Returned
12952,226,539,2025-06-11,2025-09-04,Returned
12953,1927,939,2024-01-08,2025-03-06,Returned
12954,1454,478,2025-06-10,2026-06-01,Returned
12955,1602,18,2025-12-06,2026-04-11,Returned
12956,1433,284,2025-06-07,2026-06-01,Returned
12957,721,105,2024-01-25,2026-02-17,Returned
12958,1154,523,2024-10-27,2025-07-15,Returned
12959,1052,969,2024-01-06,2026-05-26,Returned
12960,1721,911,2024-04-25,2024-08-27,Returned
12961,499,101,2025-03-24,2025-07-05,Returned
12962,763,818,2025-08-25,2025-10-13,Returned
12963,1689,735,2026-05-26,2026-05-28,Returned
12964,704,267,2024-10-02,2025-01-31,Returned
12965,18,805,2024-10-24,2025-09-27,Returned
12966,754,596,2025-08-11,2026-04-05,Returned
12967,363,118,2023-08-13,2024-02-12,Returned
12968,1349,496,2023-11-03,2025-07-05,Returned
12969,578,876,2024-10-22,2025-06-02,Returned
12970,1824,562,2024-05-31,2026-03-06,Returned
12971,1171,541,2025-09-20,2026-06-01,Returned
12972,158,909,2025-06-14,2026-03-24,Returned
12973,959,971,2024-02-20,2024-12-16,Returned
12974,1855,376,2025-08-26,2025-10-31,Returned
12975,1740,584,2024-08-17,2026-01-10,Returned
12976,477,878,2024-03-21,2026-06-03,Returned
12977,69,52,2026-05-26,2026-05-28,Returned
12978,809,356,2024-04-23,,Active
12979,706,135,2026-05-17,,Late
12980,978,847,2026-02-06,2026-04-26,Returned
12981,392,939,2023-08-27,2024-11-13,Returned
12982,604,541,2023-07-22,,Late
12983,730,604,2025-03-25,2025-06-03,Returned
12984,510,1000,2023-06-14,2025-03-23,Returned
12985,891,184,2026-04-12,2026-04-21,Returned
12986,1658,952,2024-03-26,2026-04-26,Returned
12987,774,427,2024-09-07,2025-06-05,Returned
12988,781,998,2023-08-20,2025-05-30,Returned
12989,578,709,2024-03-03,2025-07-18,Returned
12990,1063,810,2023-12-03,,Active
12991,1762,225,2025-06-08,2026-04-30,Returned
12992,1252,267,2024-07-11,2025-12-11,Returned
12993,286,971,2023-07-17,2025-03-04,Returned
12994,97,456,2024-09-25,2024-11-11,Returned
12995,695,635,2024-08-10,2025-01-24,Returned
12996,1597,112,2023-12-22,2025-03-10,Returned
12997,1032,271,2025-03-16,2025-08-14,Returned
12998,134,162,2025-07-26,,Active
12999,146,571,2023-08-14,,Active
13000,789,515,2025-02-26,2025-05-07,Returned
13001,1463,552,2025-08-10,2026-01-13,Returned
13002,1839,971,2025-10-03,2025-12-31,Returned
13003,1005,38,2023-06-19,2024-09-15,Returned
13004,98,855,2023-07-21,2024-01-09,Returned
13005,1482,356,2023-07-04,2023-07-19,Returned
13006,1189,797,2025-04-04,2025-09-29,Returned
13007,1141,760,2025-10-23,2026-04-06,Returned
13008,1606,846,2026-02-17,2026-03-10,Returned
13009,237,735,2023-11-11,2025-03-01,Returned
13010,1004,175,2026-05-30,2026-06-06,Returned
13011,882,56,2024-04-08,2025-10-21,Returned
13012,201,140,2024-07-04,2025-07-21,Returned
13013,1946,691,2024-12-08,2025-04-12,Returned
13014,279,966,2026-03-21,2026-04-13,Returned
13015,1607,877,2026-05-09,2026-05-13,Returned
13016,649,606,2024-03-13,2024-09-30,Returned
13017,392,208,2024-10-13,2025-03-02,Returned
13018,893,482,2025-09-21,2026-03-17,Returned
13019,978,65,2024-12-31,2026-01-22,Returned
13020,1724,308,2026-05-09,,Active
13021,264,379,2024-07-13,2025-09-23,Returned
13022,241,814,2023-09-21,2024-06-12,Returned
13023,1223,24,2024-01-17,2025-02-06,Returned
13024,2000,779,2024-11-15,2026-05-03,Returned
13025,181,188,2023-07-18,2026-01-01,Returned
13026,1969,290,2024-10-04,2025-08-27,Returned
13027,344,189,2024-02-19,2025-01-23,Returned
13028,1794,697,2024-08-17,2024-09-09,Returned
13029,989,593,2024-08-01,,Active
13030,1372,254,2025-12-31,2026-04-03,Returned
13031,83,979,2025-09-09,2026-05-22,Returned
13032,150,828,2025-06-06,2026-03-28,Returned
13033,947,988,2024-11-23,2025-06-20,Returned
13034,1847,886,2025-11-28,2026-01-28,Returned
13035,859,428,2025-11-10,2025-11-16,Returned
13036,1081,293,2026-03-11,2026-05-01,Returned
13037,1448,838,2025-01-26,2025-03-14,Returned
13038,1025,194,2024-02-02,2024-08-03,Returned
13039,563,58,2024-03-06,2025-04-17,Returned
13040,212,915,2024-06-25,2025-01-16,Returned
13041,11,596,2023-10-11,2025-09-06,Returned
13042,1935,172,2025-06-12,2026-06-04,Returned
13043,501,685,2023-06-22,2024-04-11,Returned
13044,478,658,2025-05-03,2026-03-25,Returned
13045,659,857,2023-06-27,2024-02-24,Returned
13046,259,930,2025-01-29,2026-02-17,Returned
13047,206,255,2025-05-06,2025-08-21,Returned
13048,1420,891,2025-02-19,2026-02-05,Returned
13049,1396,282,2024-11-13,2026-03-01,Returned
13050,103,570,2023-12-17,2025-11-01,Returned
13051,1900,450,2025-10-16,2026-03-19,Returned
13052,1628,141,2024-03-10,2024-12-01,Returned
13053,1040,708,2024-06-09,,Active
13054,1549,257,2025-08-19,2026-01-09,Returned
13055,1204,818,2024-06-24,2025-09-28,Returned
13056,1430,277,2024-09-15,,Active
13057,489,590,2025-10-25,2026-05-16,Returned
13058,804,699,2025-06-15,2025-06-25,Returned
13059,987,72,2023-07-24,,Active
13060,173,568,2026-02-28,2026-04-26,Returned
13061,1644,965,2024-11-26,,Late
13062,168,501,2025-11-19,2026-03-30,Returned
13063,1008,105,2024-03-29,,Late
13064,792,989,2026-05-15,2026-06-02,Returned
13065,803,325,2024-02-07,2025-12-10,Returned
13066,1742,768,2025-05-01,2026-01-01,Returned
13067,1732,584,2025-11-29,2026-04-02,Returned
13068,1355,704,2024-12-16,2026-02-10,Returned
13069,229,612,2025-08-07,2026-02-24,Returned
13070,1317,344,2025-09-19,2026-03-18,Returned
13071,1076,86,2025-09-20,2026-01-09,Returned
13072,1812,739,2025-08-31,2025-11-03,Returned
13073,693,810,2023-10-09,2024-09-15,Returned
13074,410,233,2025-12-28,2026-02-13,Returned
13075,1399,811,2025-03-28,2026-05-28,Returned
13076,949,63,2025-08-04,2025-10-01,Returned
13077,1129,421,2023-12-20,2024-05-04,Returned
13078,662,65,2024-06-04,,Active
13079,643,282,2025-03-11,2026-02-19,Returned
13080,474,541,2025-08-22,2026-02-06,Returned
13081,1461,691,2023-08-26,2025-08-17,Returned
13082,1615,147,2025-08-19,2025-12-18,Returned
13083,789,629,2024-02-02,2024-03-25,Returned
13084,911,748,2023-08-14,2025-05-01,Returned
13085,1770,965,2026-01-12,2026-01-30,Returned
13086,1371,901,2024-12-21,,Late
13087,1598,821,2025-04-12,2026-01-20,Returned
13088,503,83,2024-07-10,2026-04-15,Returned
13089,186,389,2023-11-18,2024-01-24,Returned
13090,1120,373,2024-10-02,2025-10-31,Returned
13091,1656,61,2025-01-26,2025-12-03,Returned
13092,12,459,2026-03-14,,Late
13093,1192,370,2024-11-19,2026-05-30,Returned
13094,896,588,2026-05-19,2026-05-31,Returned
13095,590,370,2024-12-26,,Late
13096,510,402,2024-08-04,2026-03-24,Returned
13097,1561,390,2025-04-02,2026-05-09,Returned
13098,620,381,2026-04-10,2026-05-03,Returned
13099,479,223,2023-09-26,2026-02-16,Returned
13100,1766,279,2025-05-09,2026-05-05,Returned
13101,1003,777,2023-11-13,2025-07-11,Returned
13102,988,244,2026-05-09,2026-05-11,Returned
13103,666,786,2024-06-29,2024-09-21,Returned
13104,1853,133,2025-06-26,2026-04-16,Returned
13105,1781,80,2025-07-07,2025-09-22,Returned
13106,440,798,2023-11-29,2025-05-14,Returned
13107,1298,892,2026-03-08,2026-05-09,Returned
13108,244,180,2023-10-16,,Active
13109,1743,220,2026-04-13,2026-05-07,Returned
13110,1872,767,2023-08-14,2025-08-08,Returned
13111,678,924,2023-12-28,2024-10-29,Returned
13112,1022,891,2025-05-13,2025-05-21,Returned
13113,560,925,2025-04-02,2025-12-27,Returned
13114,987,451,2023-07-05,2024-12-20,Returned
13115,446,34,2026-03-29,2026-05-06,Returned
13116,700,372,2026-04-23,2026-05-26,Returned
13117,987,511,2023-09-13,2024-02-24,Returned
13118,1453,157,2026-02-22,2026-03-12,Returned
13119,1563,893,2026-05-15,2026-05-24,Returned
13120,1555,755,2023-09-19,2024-07-13,Returned
13121,1961,34,2024-09-09,,Active
13122,1522,330,2023-09-16,2025-02-15,Returned
13123,1001,392,2025-09-22,2026-02-02,Returned
13124,908,39,2025-06-23,2025-07-29,Returned
13125,1828,245,2024-07-29,2026-01-26,Returned
13126,159,298,2025-12-01,,Active
13127,1650,269,2025-02-22,2025-07-06,Returned
13128,1144,382,2025-02-11,2026-01-22,Returned
13129,422,173,2024-11-30,2025-07-21,Returned
13130,1638,36,2024-09-05,2025-05-24,Returned
13131,1470,674,2023-11-24,2025-06-06,Returned
13132,1409,944,2024-03-12,2024-08-05,Returned
13133,1843,143,2025-10-24,2026-04-10,Returned
13134,525,65,2023-09-08,,Late
13135,498,413,2025-12-19,2026-01-24,Returned
13136,1478,659,2026-03-12,2026-03-30,Returned
13137,1782,509,2023-06-22,2025-09-25,Returned
13138,1399,131,2024-05-24,2025-05-21,Returned
13139,877,466,2024-06-20,2025-06-03,Returned
13140,349,999,2025-11-14,,Active
13141,1750,384,2026-01-07,2026-05-07,Returned
13142,1345,813,2025-02-17,2025-05-03,Returned
13143,370,850,2026-03-20,,Late
13144,1744,637,2024-02-11,2024-09-03,Returned
13145,1054,720,2023-09-25,2024-01-16,Returned
13146,1661,901,2024-03-10,2026-04-06,Returned
13147,1963,960,2025-01-19,2025-10-21,Returned
13148,945,115,2024-07-28,2025-07-04,Returned
13149,914,393,2025-06-29,2025-12-26,Returned
13150,1346,392,2023-09-18,2024-09-20,Returned
13151,1739,334,2024-11-07,2026-02-26,Returned
13152,1744,118,2026-03-26,2026-05-28,Returned
13153,1071,231,2023-10-28,2023-12-16,Returned
13154,241,189,2025-04-10,,Late
13155,509,557,2025-01-11,2025-11-26,Returned
13156,1417,626,2024-07-02,2025-06-26,Returned
13157,1571,585,2025-07-04,2025-07-19,Returned
13158,1680,939,2025-09-25,2026-04-30,Returned
13159,1293,271,2023-08-23,2024-11-18,Returned
13160,1983,809,2025-10-19,2025-12-06,Returned
13161,954,675,2024-04-18,2024-09-15,Returned
13162,1439,693,2024-07-19,2025-05-28,Returned
13163,1234,325,2024-02-05,2024-12-16,Returned
13164,973,551,2023-10-08,2023-10-22,Returned
13165,1415,104,2023-06-07,2024-04-26,Returned
13166,1164,725,2025-05-03,2025-12-29,Returned
13167,977,763,2023-11-08,,Active
13168,259,269,2025-07-27,2026-02-02,Returned
13169,63,736,2024-01-18,2026-01-27,Returned
13170,496,475,2023-06-08,,Active
13171,600,907,2025-03-09,2025-10-02,Returned
13172,88,6,2025-03-27,2026-04-02,Returned
13173,1887,9,2023-12-24,,Active
13174,377,862,2025-06-28,2025-09-29,Returned
13175,1193,727,2024-05-12,2026-05-27,Returned
13176,1832,471,2025-02-16,2025-06-17,Returned
13177,1732,302,2024-05-01,2026-03-01,Returned
13178,1063,673,2023-07-05,2024-06-11,Returned
13179,1185,859,2025-10-13,,Active
13180,1529,243,2024-03-31,2024-08-17,Returned
13181,995,250,2024-05-15,2025-08-30,Returned
13182,251,290,2026-05-20,2026-05-30,Returned
13183,1879,510,2023-12-05,,Active
13184,1527,269,2025-01-01,2026-02-17,Returned
13185,299,747,2025-01-31,2026-06-02,Returned
13186,469,857,2023-07-20,2024-12-30,Returned
13187,884,981,2023-07-17,2024-11-09,Returned
13188,675,347,2026-01-25,2026-01-31,Returned
13189,657,531,2023-09-26,2024-10-11,Returned
13190,750,605,2024-08-01,2026-04-04,Returned
13191,1816,244,2026-03-19,2026-06-02,Returned
13192,1695,135,2023-06-17,2025-11-17,Returned
13193,1134,511,2026-04-12,2026-05-20,Returned
13194,1374,502,2026-05-10,2026-05-25,Returned
13195,1551,267,2026-05-25,2026-06-06,Returned
13196,1883,912,2025-04-09,2025-10-09,Returned
13197,1176,466,2025-05-09,2025-09-13,Returned
13198,1088,295,2026-03-21,2026-04-14,Returned
13199,1859,378,2024-03-28,2025-03-11,Returned
13200,764,994,2024-06-15,2026-01-01,Returned
13201,1178,198,2024-11-29,2025-05-16,Returned
13202,434,829,2024-09-05,2025-04-12,Returned
13203,1785,976,2024-08-28,2026-05-30,Returned
13204,1863,67,2025-02-14,2026-04-04,Returned
13205,1822,670,2023-10-09,,Late
13206,1048,574,2024-11-28,2025-10-20,Returned
13207,1920,578,2024-01-06,2025-07-16,Returned
13208,1504,887,2025-05-09,,Active
13209,368,138,2025-05-12,2026-04-15,Returned
13210,1770,928,2025-11-17,2025-11-23,Returned
13211,1421,863,2023-12-03,2025-01-05,Returned
13212,1483,324,2025-05-13,2025-09-15,Returned
13213,1419,595,2023-06-08,2024-08-03,Returned
13214,1981,436,2024-07-31,2026-01-07,Returned
13215,1717,271,2026-04-24,2026-05-08,Returned
13216,1487,497,2026-05-07,2026-05-24,Returned
13217,1073,787,2025-07-19,2026-01-03,Returned
13218,887,986,2023-06-11,2025-12-10,Returned
13219,1118,689,2024-09-21,2026-04-11,Returned
13220,228,415,2023-07-22,2026-06-05,Returned
13221,530,956,2025-01-09,2025-03-01,Returned
13222,1282,610,2025-10-21,2026-03-08,Returned
13223,138,843,2024-08-16,2025-07-22,Returned
13224,1491,232,2024-09-18,2025-12-21,Returned
13225,1953,841,2025-08-05,2025-10-05,Returned
13226,1323,355,2025-06-08,2025-08-08,Returned
13227,1726,736,2023-08-24,2024-04-26,Returned
13228,1230,742,2025-11-18,2025-12-24,Returned
13229,1230,305,2025-10-25,2026-03-18,Returned
13230,140,494,2025-09-01,2026-02-22,Returned
13231,1876,879,2023-09-02,2024-04-28,Returned
13232,954,767,2026-05-24,2026-05-26,Returned
13233,156,268,2025-11-06,,Late
13234,681,626,2026-01-16,,Late
13235,1580,845,2023-07-06,2024-03-03,Returned
13236,1966,932,2025-05-23,2026-02-18,Returned
13237,1117,940,2026-01-13,2026-02-28,Returned
13238,927,115,2024-05-11,2026-03-27,Returned
13239,9,359,2025-05-03,2025-05-22,Returned
13240,1408,845,2025-07-08,2026-02-10,Returned
13241,1855,623,2025-08-23,2025-11-05,Returned
13242,1335,177,2024-09-27,2025-08-01,Returned
13243,204,43,2023-07-30,2026-04-13,Returned
13244,372,920,2024-12-08,2025-06-13,Returned
13245,402,782,2025-06-05,2026-01-28,Returned
13246,713,268,2023-06-16,2025-06-22,Returned
13247,764,987,2023-11-19,2025-07-03,Returned
13248,24,966,2023-11-27,2025-07-22,Returned
13249,1496,578,2025-10-03,2026-01-09,Returned
13250,1645,415,2025-06-09,2025-09-03,Returned
13251,545,379,2025-10-26,2025-11-16,Returned
13252,856,393,2026-06-03,2026-06-04,Returned
13253,1547,684,2023-10-07,2025-09-30,Returned
13254,608,181,2025-10-30,2026-03-26,Returned
13255,1561,231,2024-10-27,2026-01-17,Returned
13256,1244,214,2023-11-06,2026-03-19,Returned
13257,308,859,2026-03-24,2026-05-10,Returned
13258,219,773,2024-07-06,2025-11-16,Returned
13259,1972,248,2026-04-22,2026-06-02,Returned
13260,401,444,2023-12-10,2025-01-13,Returned
13261,1754,710,2024-06-20,2024-12-29,Returned
13262,902,588,2026-04-19,2026-04-19,Returned
13263,1282,739,2023-06-28,2024-08-30,Returned
13264,319,470,2024-10-23,2025-03-14,Returned
13265,430,871,2023-11-17,2025-11-09,Returned
13266,1721,1000,2025-06-18,2026-04-06,Returned
13267,1481,998,2024-01-16,2025-10-18,Returned
13268,294,998,2025-06-06,2025-10-14,Returned
13269,1150,367,2023-10-13,2025-08-27,Returned
13270,439,162,2025-06-25,2025-10-26,Returned
13271,877,784,2025-07-06,,Active
13272,82,191,2026-03-14,2026-05-20,Returned
13273,1290,697,2024-05-23,2026-03-22,Returned
13274,431,283,2025-08-21,2025-09-16,Returned
13275,94,688,2024-06-12,2025-05-19,Returned
13276,1815,728,2023-09-11,2024-02-08,Returned
13277,1950,931,2024-07-22,,Late
13278,1280,411,2024-09-18,2026-06-04,Returned
13279,28,636,2025-04-06,2025-04-12,Returned
13280,146,927,2024-07-14,2024-11-29,Returned
13281,1312,278,2025-05-19,2026-02-25,Returned
13282,971,853,2024-10-03,2026-05-08,Returned
13283,60,705,2024-01-07,2025-04-29,Returned
13284,1549,7,2023-09-08,2026-01-13,Returned
13285,744,799,2025-03-26,2025-05-27,Returned
13286,1548,523,2026-01-16,2026-05-21,Returned
13287,1963,955,2023-11-04,2025-12-20,Returned
13288,1222,208,2024-06-04,2024-11-02,Returned
13289,183,681,2026-02-27,2026-05-03,Returned
13290,292,444,2024-06-25,2025-06-18,Returned
13291,1287,298,2024-09-25,2025-12-24,Returned
13292,1528,984,2025-09-02,2026-05-24,Returned
13293,1664,380,2023-07-10,2023-09-14,Returned
13294,1116,500,2023-11-13,2024-02-23,Returned
13295,607,661,2025-07-03,2026-02-14,Returned
13296,1392,274,2025-12-12,2026-05-29,Returned
13297,39,939,2025-02-20,2025-10-03,Returned
13298,1385,2,2026-02-25,2026-03-16,Returned
13299,1637,782,2023-07-29,2026-05-29,Returned
13300,1852,363,2024-05-23,2025-08-01,Returned
13301,439,193,2025-11-24,2026-03-24,Returned
13302,1877,565,2024-04-15,2025-06-28,Returned
13303,556,573,2025-08-05,,Active
13304,1094,919,2023-08-11,2024-11-30,Returned
13305,1118,107,2025-03-09,2025-08-30,Returned
13306,1994,414,2023-08-05,,Active
13307,1914,354,2023-11-29,2024-07-28,Returned
13308,100,575,2026-04-13,,Active
13309,1404,685,2023-11-18,2024-12-07,Returned
13310,1269,468,2024-12-30,2025-11-26,Returned
13311,1514,148,2025-03-29,2026-03-22,Returned
13312,1284,243,2026-02-19,,Active
13313,1075,639,2026-01-12,2026-05-14,Returned
13314,1682,906,2024-09-08,2024-10-17,Returned
13315,565,108,2023-06-11,2025-06-11,Returned
13316,742,517,2023-09-29,2025-02-13,Returned
13317,1809,647,2023-12-10,2024-10-04,Returned
13318,1617,72,2025-11-25,2026-03-13,Returned
13319,1868,903,2025-10-25,2026-02-22,Returned
13320,1273,984,2025-01-18,2025-07-08,Returned
13321,1043,386,2023-11-28,2024-10-07,Returned
13322,1352,137,2025-01-20,2026-03-26,Returned
13323,759,417,2024-08-06,2026-02-05,Returned
13324,995,22,2023-12-26,2025-03-09,Returned
13325,391,421,2024-11-01,2026-06-05,Returned
13326,399,364,2024-07-26,2025-05-30,Returned
13327,116,128,2023-08-22,2026-05-31,Returned
13328,389,857,2025-10-09,2026-04-15,Returned
13329,1555,473,2024-02-25,2024-12-15,Returned
13330,463,966,2025-01-18,2025-10-13,Returned
13331,863,495,2024-10-21,2026-03-20,Returned
13332,1846,83,2025-01-11,2025-02-08,Returned
13333,330,883,2025-03-21,2026-05-02,Returned
13334,1623,2,2026-04-21,2026-05-26,Returned
13335,338,149,2023-10-12,2023-11-03,Returned
13336,1390,55,2026-04-20,,Active
13337,325,753,2025-02-02,2025-05-21,Returned
13338,520,346,2024-11-02,2025-07-29,Returned
13339,688,220,2024-05-03,2024-12-14,Returned
13340,1720,163,2024-06-05,2025-02-15,Returned
13341,531,760,2025-03-19,2025-11-16,Returned
13342,48,970,2024-01-17,2025-12-30,Returned
13343,204,770,2023-09-15,2024-03-30,Returned
13344,881,365,2026-03-27,2026-05-08,Returned
13345,1812,398,2026-05-09,2026-06-02,Returned
13346,510,75,2024-08-16,2025-06-23,Returned
13347,908,194,2023-08-17,2024-06-12,Returned
13348,1970,377,2023-09-20,2026-05-23,Returned
13349,1572,385,2023-08-09,2024-09-14,Returned
13350,1664,684,2024-11-02,2024-11-19,Returned
13351,210,452,2024-03-19,2025-11-08,Returned
13352,1406,146,2023-09-12,2025-02-06,Returned
13353,370,988,2024-10-22,,Active
13354,1381,834,2024-09-23,2025-09-24,Returned
13355,1145,561,2023-09-09,2025-03-12,Returned
13356,1824,486,2025-08-03,2026-04-14,Returned
13357,226,142,2025-03-10,2026-05-17,Returned
13358,1205,560,2026-02-08,2026-05-20,Returned
13359,1148,476,2024-04-03,2025-02-02,Returned
13360,119,189,2023-09-08,2024-02-27,Returned
13361,369,85,2024-10-28,2025-06-19,Returned
13362,1380,1000,2024-03-27,2025-02-09,Returned
13363,463,317,2023-09-08,2025-05-15,Returned
13364,1713,937,2023-08-06,2024-12-16,Returned
13365,1939,783,2024-06-05,2024-12-30,Returned
13366,1121,540,2024-04-28,2025-09-30,Returned
13367,1762,534,2024-01-04,2024-02-16,Returned
13368,1255,580,2025-01-03,2025-12-05,Returned
13369,1390,400,2025-11-06,2025-11-14,Returned
13370,882,783,2025-09-22,2025-10-06,Returned
13371,142,914,2025-09-05,2025-09-30,Returned
13372,606,670,2025-06-17,2026-01-14,Returned
13373,1995,438,2024-11-01,2026-01-06,Returned
13374,1547,530,2024-12-22,2025-06-27,Returned
13375,1231,774,2024-11-03,2025-04-10,Returned
13376,1382,33,2024-06-15,2026-04-22,Returned
13377,1999,60,2024-02-17,,Active
13378,614,125,2024-12-22,2025-06-22,Returned
13379,96,166,2023-11-27,2025-01-02,Returned
13380,1806,122,2024-11-02,2025-01-30,Returned
13381,1918,11,2025-11-23,2026-06-03,Returned
13382,1817,71,2024-11-13,2024-12-28,Returned
13383,1708,769,2025-03-28,2026-02-11,Returned
13384,1519,705,2024-08-09,2025-07-11,Returned
13385,545,517,2025-01-06,2025-11-27,Returned
13386,1971,580,2024-10-22,2026-05-08,Returned
13387,1,535,2025-02-20,2026-05-13,Returned
13388,519,760,2024-01-05,,Active
13389,128,178,2023-11-03,2024-06-18,Returned
13390,1214,777,2023-08-20,2024-09-16,Returned
13391,1382,190,2024-12-22,2026-05-26,Returned
13392,743,311,2025-09-15,2025-09-18,Returned
13393,1737,432,2023-11-12,2024-04-29,Returned
13394,1152,537,2025-04-07,2025-11-12,Returned
13395,895,686,2025-12-03,2025-12-21,Returned
13396,1409,422,2025-04-18,2026-04-10,Returned
13397,1816,528,2025-06-25,2025-08-01,Returned
13398,184,797,2025-10-01,2026-05-16,Returned
13399,39,696,2026-04-09,2026-05-18,Returned
13400,1611,930,2025-11-28,2026-02-11,Returned
13401,1851,523,2023-12-10,2025-12-03,Returned
13402,796,538,2025-02-18,2025-11-07,Returned
13403,1048,416,2025-11-04,2026-03-03,Returned
13404,835,509,2025-07-19,2026-03-24,Returned
13405,1137,777,2023-06-16,2025-11-03,Returned
13406,271,185,2023-06-07,2026-02-11,Returned
13407,1732,628,2024-07-27,2025-07-27,Returned
13408,1273,557,2024-05-24,2025-05-04,Returned
13409,878,385,2025-10-30,2025-11-21,Returned
13410,1223,733,2023-09-09,2025-10-19,Returned
13411,1938,704,2024-01-10,2024-09-26,Returned
13412,50,789,2026-05-04,2026-05-21,Returned
13413,1074,373,2024-03-30,2026-01-05,Returned
13414,1500,938,2024-09-30,2025-06-28,Returned
13415,1576,586,2025-12-19,2026-04-11,Returned
13416,1085,239,2024-12-22,2025-10-07,Returned
13417,1865,970,2025-05-30,2026-05-21,Returned
13418,1775,865,2023-09-09,2024-06-24,Returned
13419,997,690,2026-01-27,,Late
13420,1490,671,2024-07-03,2025-02-23,Returned
13421,1597,725,2024-10-13,2025-08-13,Returned
13422,1548,958,2023-12-15,2024-05-30,Returned
13423,1236,83,2023-08-17,2023-10-12,Returned
13424,888,733,2026-04-28,2026-05-13,Returned
13425,293,736,2025-10-24,2025-11-20,Returned
13426,799,776,2023-11-02,2025-07-15,Returned
13427,94,157,2024-05-29,2025-04-21,Returned
13428,850,40,2024-03-19,2024-06-18,Returned
13429,742,704,2026-04-24,2026-06-01,Returned
13430,1005,549,2024-10-21,2025-03-09,Returned
13431,239,398,2025-06-20,2026-04-23,Returned
13432,444,916,2024-06-29,,Late
13433,1481,445,2025-06-11,2026-03-16,Returned
13434,1231,61,2025-01-13,2026-01-20,Returned
13435,976,615,2023-06-26,2025-01-07,Returned
13436,1081,155,2026-05-12,2026-06-04,Returned
13437,1308,756,2025-03-17,2025-09-18,Returned
13438,221,204,2025-11-20,2026-02-19,Returned
13439,1230,828,2023-09-06,2024-04-22,Returned
13440,949,148,2024-11-24,2026-01-11,Returned
13441,606,9,2024-01-04,2025-10-03,Returned
13442,10,862,2023-12-18,2024-05-30,Returned
13443,529,321,2025-12-02,2026-01-29,Returned
13444,337,501,2023-12-28,2026-05-03,Returned
13445,247,494,2024-06-22,2025-01-19,Returned
13446,1085,467,2023-10-14,2024-02-01,Returned
13447,1610,361,2025-11-26,2025-12-28,Returned
13448,1654,857,2025-12-07,,Active
13449,450,669,2025-12-13,2026-01-02,Returned
13450,1886,847,2025-02-09,2026-02-12,Returned
13451,280,358,2025-01-20,2026-03-23,Returned
13452,936,31,2026-01-06,2026-01-19,Returned
13453,1534,462,2024-02-29,2026-02-11,Returned
13454,1752,213,2023-10-18,2024-05-11,Returned
13455,616,835,2023-07-17,2025-12-29,Returned
13456,577,164,2025-10-30,2026-05-24,Returned
13457,2000,110,2025-07-14,2025-08-12,Returned
13458,1139,193,2024-05-13,2024-08-19,Returned
13459,1737,97,2023-09-08,2025-05-16,Returned
13460,1461,121,2023-06-08,2024-07-05,Returned
13461,1776,830,2024-02-22,2024-02-23,Returned
13462,450,923,2025-10-26,2025-12-02,Returned
13463,1678,100,2024-10-24,2025-12-04,Returned
13464,1510,14,2025-08-18,,Active
13465,1860,338,2025-04-26,2025-11-01,Returned
13466,1741,587,2023-12-05,,Active
13467,1989,208,2024-11-03,2025-06-23,Returned
13468,670,768,2025-01-21,2025-05-15,Returned
13469,144,982,2025-11-26,2026-04-03,Returned
13470,1345,1000,2026-01-20,2026-05-17,Returned
13471,1920,254,2023-11-28,,Late
13472,1356,952,2025-02-28,2026-04-30,Returned
13473,1162,27,2024-01-10,2025-10-26,Returned
13474,1088,105,2025-08-31,2025-10-25,Returned
13475,1926,928,2023-06-16,2025-11-21,Returned
13476,282,843,2025-08-11,2026-01-31,Returned
13477,1447,407,2025-12-28,2026-03-23,Returned
13478,810,415,2023-09-07,2023-12-17,Returned
13479,986,167,2023-11-21,2024-07-30,Returned
13480,1263,768,2025-05-19,2026-05-09,Returned
13481,985,203,2024-03-01,,Late
13482,895,729,2023-12-18,2026-02-14,Returned
13483,1575,588,2025-02-28,,Active
13484,455,737,2023-12-19,2024-11-21,Returned
13485,685,198,2024-06-23,2025-01-28,Returned
13486,117,4,2024-02-14,2025-01-08,Returned
13487,127,213,2023-10-30,2025-04-02,Returned
13488,872,810,2025-07-10,2026-01-22,Returned
13489,874,796,2024-03-22,2026-04-17,Returned
13490,246,430,2023-06-18,2025-05-03,Returned
13491,1623,520,2024-10-03,2025-08-30,Returned
13492,1385,259,2024-06-29,2026-05-30,Returned
13493,1200,69,2024-06-04,2026-05-21,Returned
13494,416,50,2024-10-18,2024-10-27,Returned
13495,1858,27,2023-12-11,2024-09-23,Returned
13496,668,887,2023-12-09,2024-11-21,Returned
13497,228,803,2024-10-17,2025-02-10,Returned
13498,1670,234,2023-08-12,2023-12-22,Returned
13499,1306,308,2023-12-04,,Active
13500,549,612,2023-09-15,2025-12-04,Returned
13501,774,810,2025-08-31,2025-12-23,Returned
13502,395,208,2024-10-30,2024-11-26,Returned
13503,200,170,2025-06-27,2025-07-11,Returned
13504,1243,293,2026-06-03,2026-06-04,Returned
13505,1684,176,2025-05-05,2026-01-26,Returned
13506,1000,573,2023-11-11,2025-01-10,Returned
13507,1522,305,2024-07-11,2025-04-27,Returned
13508,1935,172,2026-02-12,2026-04-07,Returned
13509,962,474,2026-01-30,2026-03-31,Returned
13510,831,133,2025-12-15,2025-12-28,Returned
13511,757,201,2024-01-28,2024-11-18,Returned
13512,579,812,2025-04-20,2025-11-01,Returned
13513,1586,865,2024-07-18,2025-11-17,Returned
13514,666,757,2024-09-15,2025-10-19,Returned
13515,1228,946,2025-02-18,2026-01-28,Returned
13516,203,810,2025-06-17,2026-01-14,Returned
13517,580,321,2026-03-02,2026-04-17,Returned
13518,222,733,2024-05-02,2025-01-03,Returned
13519,1803,86,2025-09-29,2025-11-12,Returned
13520,636,2,2023-09-28,2024-01-27,Returned
13521,620,388,2023-09-20,2025-11-27,Returned
13522,922,183,2024-01-02,2026-01-31,Returned
13523,725,168,2024-05-22,2024-07-23,Returned
13524,1029,820,2025-05-10,2026-01-31,Returned
13525,1213,465,2023-11-30,2024-12-29,Returned
13526,1158,474,2024-02-18,2025-07-11,Returned
13527,195,28,2026-05-17,2026-06-03,Returned
13528,90,285,2025-05-31,2026-04-16,Returned
13529,943,493,2024-10-13,2024-10-16,Returned
13530,1429,655,2025-06-28,2026-04-28,Returned
13531,812,905,2023-06-10,2023-09-15,Returned
13532,475,742,2024-04-14,2025-12-20,Returned
13533,530,737,2026-01-27,2026-05-14,Returned
13534,211,580,2024-08-08,2024-10-01,Returned
13535,1906,228,2025-12-10,2026-01-14,Returned
13536,650,444,2025-03-16,2025-04-19,Returned
13537,1598,948,2026-01-13,,Late
13538,1771,191,2026-04-17,2026-05-21,Returned
13539,1916,867,2025-10-19,2025-12-08,Returned
13540,866,797,2025-03-29,2026-05-03,Returned
13541,732,73,2024-08-22,2025-03-02,Returned
13542,1361,85,2024-05-04,2025-03-27,Returned
13543,1892,918,2023-11-28,2025-10-26,Returned
13544,805,308,2025-11-22,,Late
13545,1263,781,2023-11-28,2026-01-23,Returned
13546,1149,384,2025-10-31,,Active
13547,1921,389,2024-03-07,2024-09-27,Returned
13548,164,876,2025-04-01,2026-04-24,Returned
13549,449,975,2023-10-23,,Active
13550,1292,969,2024-03-26,2025-09-04,Returned
13551,531,4,2026-02-25,2026-03-08,Returned
13552,1363,999,2025-06-15,2026-05-29,Returned
13553,1951,454,2026-01-25,2026-05-12,Returned
13554,1468,808,2023-12-13,2025-10-03,Returned
13555,1278,671,2024-04-10,2026-01-31,Returned
13556,1034,432,2024-01-09,2024-07-16,Returned
13557,1214,484,2024-01-13,2025-09-05,Returned
13558,1189,20,2026-01-09,2026-01-20,Returned
13559,1471,526,2023-07-09,2024-05-09,Returned
13560,99,316,2025-03-30,2026-03-22,Returned
13561,251,326,2025-08-21,2025-12-11,Returned
13562,1109,800,2025-08-05,2026-05-03,Returned
13563,442,671,2025-05-23,2025-12-25,Returned
13564,274,739,2025-03-12,2025-05-12,Returned
13565,400,276,2025-07-12,2025-08-31,Returned
13566,1681,998,2023-09-04,2024-01-10,Returned
13567,1533,476,2023-12-04,2026-02-20,Returned
13568,896,774,2025-06-19,2025-09-16,Returned
13569,861,496,2025-04-02,2025-10-30,Returned
13570,43,155,2025-04-23,2026-05-09,Returned
13571,428,700,2024-01-26,2026-02-15,Returned
13572,226,90,2024-07-10,2025-02-13,Returned
13573,1586,399,2024-01-11,2024-05-12,Returned
13574,539,874,2026-03-19,2026-05-04,Returned
13575,502,697,2026-05-06,2026-06-02,Returned
13576,1264,437,2023-11-16,2025-09-03,Returned
13577,199,549,2026-01-22,2026-03-13,Returned
13578,1649,338,2025-11-02,2026-01-11,Returned
13579,396,878,2024-06-07,2025-03-06,Returned
13580,1074,144,2024-04-03,2024-07-19,Returned
13581,1957,246,2026-04-02,2026-04-11,Returned
13582,1142,821,2024-11-15,2025-04-04,Returned
13583,1894,375,2023-09-12,2025-10-05,Returned
13584,265,634,2026-02-18,2026-05-01,Returned
13585,402,477,2026-05-26,2026-06-01,Returned
13586,913,290,2025-10-27,2026-03-03,Returned
13587,1659,361,2024-01-03,2025-10-09,Returned
13588,1246,497,2025-01-15,,Late
13589,1113,837,2023-06-14,2024-04-17,Returned
13590,1190,798,2025-06-04,,Late
13591,35,954,2023-08-12,2025-06-10,Returned
13592,895,27,2025-06-13,2025-07-08,Returned
13593,988,323,2026-03-12,2026-03-13,Returned
13594,280,389,2025-04-15,2025-08-29,Returned
13595,506,283,2026-05-31,,Active
13596,598,146,2024-10-20,2024-10-31,Returned
13597,1247,655,2025-01-26,2025-07-15,Returned
13598,624,395,2024-03-06,2024-12-05,Returned
13599,373,627,2024-03-04,,Late
13600,948,286,2025-08-25,2025-10-03,Returned
13601,1217,819,2023-08-08,2023-12-13,Returned
13602,1169,720,2024-05-14,2026-05-11,Returned
13603,288,255,2023-08-05,2024-09-22,Returned
13604,356,494,2024-01-24,2024-08-11,Returned
13605,545,762,2024-05-24,2026-02-18,Returned
13606,604,950,2025-03-15,2025-04-02,Returned
13607,1633,485,2024-09-01,2025-04-12,Returned
13608,998,914,2025-10-03,2026-02-06,Returned
13609,1802,421,2026-01-25,2026-04-29,Returned
13610,1255,679,2024-10-23,2026-04-25,Returned
13611,1646,650,2023-12-05,2024-08-16,Returned
13612,1155,659,2026-02-16,2026-03-27,Returned
13613,507,633,2026-06-04,2026-06-04,Returned
13614,1029,656,2025-11-10,2026-01-21,Returned
13615,722,781,2024-12-09,2026-05-22,Returned
13616,762,613,2025-07-25,,Late
13617,711,507,2025-10-14,,Active
13618,1701,970,2023-12-28,2024-11-15,Returned
13619,1190,4,2025-10-27,2025-12-30,Returned
13620,689,243,2024-12-05,2025-05-27,Returned
13621,505,540,2024-10-19,2024-11-02,Returned
13622,1244,413,2025-04-27,2025-06-17,Returned
13623,1374,947,2025-10-07,2026-02-08,Returned
13624,967,255,2024-02-11,2025-11-03,Returned
13625,1166,134,2023-12-15,2025-10-20,Returned
13626,635,893,2026-02-15,,Active
13627,1781,449,2025-12-19,2026-02-20,Returned
13628,1363,304,2024-11-20,2026-01-07,Returned
13629,832,474,2024-08-24,2024-09-10,Returned
13630,442,883,2025-11-20,2025-12-13,Returned
13631,1279,451,2024-02-15,2025-04-28,Returned
13632,966,237,2025-12-11,2026-01-27,Returned
13633,1212,752,2023-08-25,2026-04-27,Returned
13634,791,369,2026-03-01,2026-06-05,Returned
13635,627,401,2024-05-01,2025-03-11,Returned
13636,1734,30,2026-01-22,2026-03-08,Returned
13637,1663,745,2024-11-19,2025-01-22,Returned
13638,457,191,2024-10-12,2025-08-06,Returned
13639,1561,163,2026-03-22,2026-03-28,Returned
13640,93,251,2026-04-09,2026-05-25,Returned
13641,348,522,2023-12-30,2024-05-16,Returned
13642,196,355,2024-05-01,,Active
13643,743,880,2026-04-30,,Active
13644,1413,87,2023-08-02,,Active
13645,689,772,2025-10-07,2025-10-16,Returned
13646,1389,923,2024-10-21,2026-06-04,Returned
13647,1920,591,2025-01-29,2025-04-04,Returned
13648,1981,729,2024-03-18,2026-03-07,Returned
13649,113,865,2025-02-02,2026-01-13,Returned
13650,1953,551,2023-08-30,2025-12-09,Returned
13651,1456,267,2024-10-18,2025-05-07,Returned
13652,1567,51,2025-07-23,2025-10-19,Returned
13653,1680,1000,2024-12-12,2025-03-15,Returned
13654,1523,354,2023-07-20,2024-04-26,Returned
13655,1952,82,2023-06-16,2024-06-15,Returned
13656,10,531,2023-06-11,2025-01-20,Returned
13657,258,592,2025-02-06,2025-08-06,Returned
13658,445,710,2025-06-19,2025-07-10,Returned
13659,1300,531,2024-07-23,2025-08-03,Returned
13660,332,11,2025-11-08,2026-04-16,Returned
13661,1850,874,2025-07-23,2025-12-26,Returned
13662,1954,966,2025-05-17,2026-05-04,Returned
13663,1255,871,2024-12-20,2025-11-20,Returned
13664,536,350,2024-04-14,2025-11-06,Returned
13665,732,675,2024-09-21,2026-03-25,Returned
13666,1623,912,2025-05-21,2026-06-01,Returned
13667,1522,682,2025-06-26,,Active
13668,572,220,2024-11-25,2025-02-26,Returned
13669,718,755,2026-02-01,2026-03-06,Returned
13670,463,422,2026-05-15,2026-05-21,Returned
13671,249,526,2024-07-30,2025-10-04,Returned
13672,639,983,2024-04-09,2024-06-14,Returned
13673,1617,481,2023-06-20,2025-07-07,Returned
13674,1620,976,2025-03-11,2026-04-23,Returned
13675,1020,393,2025-05-30,2025-10-21,Returned
13676,1770,52,2024-10-25,2026-01-05,Returned
13677,110,212,2025-12-18,2026-05-26,Returned
13678,989,915,2026-01-17,2026-03-11,Returned
13679,693,139,2024-09-04,,Active
13680,583,218,2025-10-22,2026-06-02,Returned
13681,1894,562,2024-03-14,2024-04-06,Returned
13682,333,430,2026-05-28,2026-06-06,Returned
13683,1402,841,2023-07-21,2024-05-22,Returned
13684,1844,213,2024-08-10,2026-03-29,Returned
13685,128,168,2025-10-26,2026-04-07,Returned
13686,850,494,2025-09-30,2026-04-10,Returned
13687,1067,433,2025-01-07,2025-12-04,Returned
13688,433,294,2025-07-07,2026-01-14,Returned
13689,402,471,2025-01-06,2025-03-08,Returned
13690,125,75,2024-09-21,2025-03-18,Returned
13691,1051,773,2025-03-23,2025-05-18,Returned
13692,1727,495,2024-12-10,2025-03-25,Returned
13693,1362,231,2025-08-09,2025-10-14,Returned
13694,1664,758,2024-05-13,2025-12-17,Returned
13695,1131,679,2024-03-31,,Active
13696,130,426,2026-05-21,2026-05-24,Returned
13697,1925,560,2024-12-02,2026-03-06,Returned
13698,1680,153,2024-03-11,,Active
13699,1203,483,2024-05-01,2025-11-28,Returned
13700,1658,782,2024-11-15,2025-03-17,Returned
13701,1178,544,2024-11-05,2025-06-05,Returned
13702,1870,875,2023-07-20,2025-06-13,Returned
13703,1517,418,2025-09-17,2026-04-25,Returned
13704,1124,956,2023-07-08,2023-12-31,Returned
13705,359,303,2026-02-04,2026-03-26,Returned
13706,967,559,2024-02-22,2024-04-07,Returned
13707,1188,571,2024-01-15,2025-09-18,Returned
13708,1246,109,2023-12-05,2025-03-09,Returned
13709,1255,649,2025-05-15,2025-12-07,Returned
13710,1787,976,2023-07-15,2025-05-18,Returned
13711,666,137,2024-02-10,2024-11-06,Returned
13712,1095,241,2025-07-11,2025-08-02,Returned
13713,772,349,2024-09-23,2025-11-13,Returned
13714,1641,867,2025-07-06,,Late
13715,808,41,2023-11-18,2026-02-08,Returned
13716,1642,310,2025-04-01,2025-10-16,Returned
13717,1985,677,2023-10-06,2024-01-13,Returned
13718,1101,326,2026-02-28,2026-03-11,Returned
13719,957,344,2024-06-09,2025-11-04,Returned
13720,395,981,2025-11-28,2026-05-02,Returned
13721,714,951,2024-10-28,2025-05-22,Returned
13722,417,968,2023-06-30,2025-08-12,Returned
13723,136,559,2026-01-02,2026-05-13,Returned
13724,1775,418,2026-01-05,2026-04-10,Returned
13725,423,760,2026-02-07,2026-04-09,Returned
13726,1557,410,2024-11-24,,Active
13727,305,406,2023-09-09,2024-12-16,Returned
13728,1071,272,2024-04-15,2025-10-15,Returned
13729,794,498,2024-01-07,2024-03-11,Returned
13730,1064,168,2025-06-24,2025-10-09,Returned
13731,475,142,2025-10-31,2026-04-28,Returned
13732,1375,297,2023-08-19,2025-02-16,Returned
13733,191,260,2025-08-02,,Active
13734,1803,282,2025-10-04,,Late
13735,854,762,2025-07-27,2026-03-27,Returned
13736,94,476,2025-03-17,2025-12-16,Returned
13737,1256,973,2023-11-04,,Active
13738,637,422,2025-08-14,2026-01-04,Returned
13739,382,1,2023-09-27,2024-12-09,Returned
13740,1074,666,2024-04-17,2024-11-03,Returned
13741,266,235,2025-04-02,2025-11-05,Returned
13742,1904,217,2023-11-11,2024-08-07,Returned
13743,798,620,2023-11-26,2026-03-20,Returned
13744,1636,155,2023-07-31,2025-06-03,Returned
13745,414,134,2023-06-08,2024-08-22,Returned
13746,1792,278,2023-09-12,2023-12-24,Returned
13747,1629,414,2026-02-14,2026-04-15,Returned
13748,843,789,2025-08-02,2026-05-20,Returned
13749,1430,272,2025-05-05,2025-06-30,Returned
13750,1692,243,2023-10-11,2025-06-18,Returned
13751,203,419,2026-06-01,2026-06-01,Returned
13752,1992,232,2025-11-29,2026-02-06,Returned
13753,136,760,2023-11-07,2024-04-23,Returned
13754,192,312,2024-03-14,2024-12-12,Returned
13755,140,321,2024-06-19,2025-02-19,Returned
13756,516,440,2025-08-15,2026-03-14,Returned
13757,1122,263,2024-08-24,2024-12-17,Returned
13758,277,747,2025-02-17,2025-04-13,Returned
13759,1078,599,2024-07-22,2025-11-10,Returned
13760,1283,506,2025-09-01,2025-10-16,Returned
13761,864,424,2026-02-12,2026-03-11,Returned
13762,1692,42,2023-09-02,2026-02-02,Returned
13763,979,62,2024-01-10,2025-11-08,Returned
13764,1109,931,2024-11-05,2025-09-09,Returned
13765,1868,4,2025-03-27,2026-04-07,Returned
13766,36,933,2024-02-04,2025-03-27,Returned
13767,1033,402,2025-10-09,2025-10-14,Returned
13768,111,46,2025-12-29,2026-02-07,Returned
13769,1135,686,2026-02-18,2026-02-19,Returned
13770,702,180,2024-10-01,2026-03-23,Returned
13771,289,264,2026-05-19,2026-05-19,Returned
13772,1909,851,2025-11-03,2025-12-11,Returned
13773,564,888,2024-09-09,2025-07-20,Returned
13774,1254,32,2024-06-04,2024-08-17,Returned
13775,1458,398,2024-02-19,2026-04-16,Returned
13776,795,67,2023-12-08,2024-12-15,Returned
13777,1127,204,2024-06-18,2025-05-05,Returned
13778,1562,111,2024-07-21,2024-08-02,Returned
13779,281,16,2025-05-28,2026-01-15,Returned
13780,1879,609,2026-05-10,2026-05-29,Returned
13781,1333,197,2025-07-12,2025-09-05,Returned
13782,1335,446,2026-02-15,2026-04-23,Returned
13783,883,9,2024-10-11,2025-12-12,Returned
13784,1536,631,2024-03-25,2026-05-07,Returned
13785,1222,182,2025-12-09,2026-02-16,Returned
13786,1655,977,2026-01-16,2026-03-05,Returned
13787,1628,963,2026-04-10,2026-05-20,Returned
13788,1222,38,2024-12-12,2026-03-14,Returned
13789,1766,893,2025-12-27,2026-02-03,Returned
13790,1805,654,2025-06-25,2026-01-24,Returned
13791,528,305,2025-06-22,2025-12-27,Returned
13792,1612,343,2025-05-22,2025-08-31,Returned
13793,1541,339,2025-03-24,2025-11-12,Returned
13794,1434,884,2026-03-29,2026-04-15,Returned
13795,443,925,2025-03-28,2025-05-28,Returned
13796,1621,177,2023-11-21,2025-06-06,Returned
13797,1977,461,2024-06-27,2026-03-02,Returned
13798,518,318,2023-06-17,2024-10-30,Returned
13799,964,908,2025-10-31,2026-05-04,Returned
13800,1539,797,2024-09-09,2026-01-26,Returned
13801,1277,980,2026-05-31,2026-05-31,Returned
13802,891,391,2026-01-26,2026-04-21,Returned
13803,1543,551,2025-01-29,,Late
13804,298,435,2024-04-07,2025-02-05,Returned
13805,15,13,2023-07-28,2025-11-20,Returned
13806,669,866,2026-01-13,2026-04-23,Returned
13807,1307,697,2023-09-12,2024-03-24,Returned
13808,1941,444,2023-07-13,2023-10-07,Returned
13809,822,791,2025-06-19,,Active
13810,839,140,2024-06-02,2025-07-18,Returned
13811,566,11,2026-02-10,,Active
13812,1399,916,2023-11-19,2026-05-20,Returned
13813,1353,494,2025-01-28,2025-04-01,Returned
13814,1921,517,2026-01-28,2026-04-20,Returned
13815,1570,836,2023-11-16,2024-01-25,Returned
13816,641,352,2024-10-26,2025-02-13,Returned
13817,237,441,2026-02-12,2026-02-14,Returned
13818,524,186,2023-10-28,2024-11-28,Returned
13819,1575,110,2025-11-19,2026-05-02,Returned
13820,1876,115,2023-09-29,2023-10-18,Returned
13821,303,735,2023-06-07,2024-01-23,Returned
13822,1958,771,2026-01-28,2026-05-24,Returned
13823,1115,973,2025-07-31,2025-12-20,Returned
13824,1853,818,2026-04-17,2026-06-03,Returned
13825,1877,654,2026-05-29,2026-06-02,Returned
13826,103,425,2025-10-09,2025-12-10,Returned
13827,1757,765,2025-12-08,2026-02-24,Returned
13828,417,701,2024-08-13,2025-12-01,Returned
13829,1081,388,2025-12-06,2026-03-18,Returned
13830,1329,421,2024-02-17,2026-03-24,Returned
13831,75,807,2024-07-02,2025-09-20,Returned
13832,295,917,2023-12-22,2024-01-24,Returned
13833,1627,899,2026-06-06,,Active
13834,1134,3,2025-08-03,2026-04-22,Returned
13835,1521,412,2025-04-19,2026-04-14,Returned
13836,853,460,2025-09-05,,Late
13837,1149,953,2024-11-03,2025-01-11,Returned
13838,688,580,2024-11-18,2025-05-25,Returned
13839,476,355,2025-07-25,2026-04-10,Returned
13840,857,181,2026-01-08,2026-04-09,Returned
13841,430,953,2025-09-23,2025-11-12,Returned
13842,715,711,2024-02-22,2026-01-18,Returned
13843,1208,996,2023-10-22,,Active
13844,1693,627,2024-05-27,2024-12-30,Returned
13845,968,570,2025-06-15,2025-10-02,Returned
13846,388,277,2025-04-09,2025-12-29,Returned
13847,1753,431,2025-01-24,2025-11-30,Returned
13848,866,967,2025-12-12,2026-06-05,Returned
13849,868,385,2025-03-31,2026-02-11,Returned
13850,465,148,2025-10-23,2026-03-05,Returned
13851,800,53,2025-02-27,2025-07-24,Returned
13852,300,249,2024-05-29,2025-04-05,Returned
13853,1842,140,2024-10-29,2026-01-07,Returned
13854,1657,316,2026-05-10,2026-06-05,Returned
13855,179,477,2024-10-30,2025-04-28,Returned
13856,776,542,2023-08-12,2025-11-21,Returned
13857,250,562,2026-01-05,2026-05-14,Returned
13858,239,844,2024-10-28,2025-03-24,Returned
13859,655,695,2024-12-28,,Active
13860,1125,663,2026-05-27,2026-06-01,Returned
13861,926,695,2024-05-01,2024-12-19,Returned
13862,1100,889,2026-02-08,,Late
13863,641,751,2025-12-28,2026-01-22,Returned
13864,1698,763,2023-08-14,2024-09-04,Returned
13865,1496,670,2024-08-16,2025-12-24,Returned
13866,306,61,2026-02-01,2026-02-05,Returned
13867,1949,996,2024-07-08,,Late
13868,9,201,2025-04-01,2025-12-18,Returned
13869,1429,800,2025-04-06,,Active
13870,883,618,2026-04-14,2026-05-30,Returned
13871,792,671,2023-11-24,2025-09-30,Returned
13872,280,665,2024-03-29,2024-10-11,Returned
13873,588,656,2025-12-09,,Active
13874,1496,886,2024-07-10,2025-02-03,Returned
13875,727,73,2026-03-21,2026-05-19,Returned
13876,1270,100,2025-03-30,2025-11-25,Returned
13877,1962,685,2024-10-19,2025-07-06,Returned
13878,1758,725,2025-10-26,2025-11-24,Returned
13879,144,477,2025-05-07,2026-04-17,Returned
13880,848,884,2023-09-18,2026-04-03,Returned
13881,1841,831,2024-01-20,2026-04-27,Returned
13882,1156,552,2024-08-21,,Late
13883,69,551,2023-09-09,2025-12-02,Returned
13884,958,941,2025-05-21,2025-07-24,Returned
13885,1186,183,2024-03-25,2025-10-24,Returned
13886,140,121,2024-03-27,2024-08-26,Returned
13887,1592,721,2024-02-11,2026-03-23,Returned
13888,760,241,2024-09-19,,Late
13889,1417,428,2024-05-23,2025-02-28,Returned
13890,1411,331,2025-07-04,,Active
13891,1853,764,2025-07-06,2025-12-31,Returned
13892,733,907,2025-11-20,2026-06-05,Returned
13893,1070,930,2024-05-16,2025-02-22,Returned
13894,505,953,2024-03-10,2025-09-02,Returned
13895,1328,265,2026-02-27,2026-05-18,Returned
13896,1783,911,2023-10-11,2025-04-26,Returned
13897,1277,597,2024-09-16,2025-03-26,Returned
13898,429,591,2024-05-08,2025-12-31,Returned
13899,1244,87,2024-01-31,2025-08-13,Returned
13900,1464,473,2023-06-09,,Active
13901,343,218,2024-10-16,2025-05-13,Returned
13902,960,435,2026-02-15,2026-05-12,Returned
13903,29,661,2025-08-08,2026-05-14,Returned
13904,1529,273,2024-02-26,2025-06-23,Returned
13905,1775,162,2024-09-01,2024-10-11,Returned
13906,1,47,2024-09-09,2025-02-13,Returned
13907,857,15,2023-08-30,2024-06-28,Returned
13908,858,301,2025-03-30,2025-07-11,Returned
13909,861,967,2025-08-25,2026-04-02,Returned
13910,1706,635,2026-02-22,2026-05-21,Returned
13911,1605,818,2025-03-27,2025-10-20,Returned
13912,209,975,2025-08-10,2025-09-26,Returned
13913,567,177,2025-11-10,2026-02-17,Returned
13914,670,97,2025-02-07,2025-07-20,Returned
13915,1177,978,2023-10-28,2025-04-04,Returned
13916,721,284,2024-06-16,2026-04-17,Returned
13917,902,826,2024-04-27,2024-09-16,Returned
13918,932,662,2024-08-19,2026-01-10,Returned
13919,1967,641,2024-08-14,2024-09-17,Returned
13920,60,689,2024-07-13,2025-07-30,Returned
13921,1413,511,2025-02-25,,Active
13922,1222,90,2025-03-21,2025-06-27,Returned
13923,180,907,2023-09-06,2024-04-30,Returned
13924,1437,587,2025-09-22,,Active
13925,1317,790,2023-10-08,2025-12-04,Returned
13926,578,363,2023-06-27,2025-10-12,Returned
13927,1452,611,2025-05-12,2026-02-21,Returned
13928,1301,725,2024-05-27,2024-09-29,Returned
13929,1713,740,2025-06-15,2026-02-23,Returned
13930,1081,573,2024-03-12,2026-05-21,Returned
13931,22,124,2023-12-08,2026-05-31,Returned
13932,1766,520,2024-11-30,2025-03-04,Returned
13933,1817,985,2025-07-15,2025-12-11,Returned
13934,926,698,2025-07-26,,Active
13935,207,319,2025-08-28,2025-11-16,Returned
13936,199,482,2026-03-08,2026-04-10,Returned
13937,770,222,2026-05-28,2026-05-31,Returned
13938,828,347,2023-09-14,,Active
13939,1201,507,2026-01-08,2026-01-08,Returned
13940,1351,524,2025-10-13,2026-01-30,Returned
13941,1091,722,2026-02-02,2026-03-21,Returned
13942,187,482,2023-09-04,2025-10-18,Returned
13943,795,95,2024-11-05,2026-04-12,Returned
13944,549,714,2025-07-03,2025-08-03,Returned
13945,993,718,2023-07-17,2026-06-02,Returned
13946,662,133,2025-01-16,2026-05-08,Returned
13947,1078,469,2024-02-14,2024-10-08,Returned
13948,974,628,2026-05-14,2026-05-31,Returned
13949,377,657,2024-08-12,2026-06-04,Returned
13950,538,677,2025-06-06,,Late
13951,814,675,2025-12-02,2026-03-18,Returned
13952,1240,579,2026-01-04,2026-04-20,Returned
13953,79,148,2024-08-26,2025-09-27,Returned
13954,1757,953,2025-09-15,2026-06-02,Returned
13955,188,376,2026-03-28,2026-05-09,Returned
13956,1509,877,2025-01-10,2025-01-14,Returned
13957,771,516,2025-03-21,2025-06-23,Returned
13958,280,42,2025-10-29,2025-12-19,Returned
13959,1746,250,2023-10-27,2025-10-12,Returned
13960,940,760,2024-01-13,2025-09-29,Returned
13961,882,30,2025-02-16,2025-05-26,Returned
13962,976,267,2024-01-24,2026-02-25,Returned
13963,561,530,2024-07-26,2025-03-21,Returned
13964,1597,155,2024-11-14,2025-12-06,Returned
13965,1175,127,2026-03-05,,Active
13966,724,412,2023-06-12,2026-04-27,Returned
13967,810,901,2024-03-26,2026-04-28,Returned
13968,1291,323,2023-12-25,2025-09-22,Returned
13969,342,648,2025-08-15,2025-12-01,Returned
13970,916,146,2024-03-15,2024-07-22,Returned
13971,871,212,2024-05-02,2024-06-04,Returned
13972,23,242,2026-05-09,2026-05-31,Returned
13973,832,596,2023-09-13,2024-05-26,Returned
13974,965,717,2024-12-30,2026-03-02,Returned
13975,1155,897,2025-09-14,2026-05-28,Returned
13976,824,108,2025-12-25,2026-04-05,Returned
13977,1564,874,2023-06-26,2024-06-27,Returned
13978,1764,67,2025-10-04,2026-02-26,Returned
13979,1201,767,2024-12-20,2025-06-18,Returned
13980,14,423,2025-04-17,2025-11-14,Returned
13981,1116,618,2025-01-11,2025-06-10,Returned
13982,1703,981,2023-07-10,2024-06-13,Returned
13983,1534,78,2026-03-12,2026-05-13,Returned
13984,591,342,2025-07-22,2025-10-15,Returned
13985,1423,516,2026-01-10,2026-03-24,Returned
13986,894,584,2023-08-21,2024-05-26,Returned
13987,391,724,2026-03-30,2026-06-05,Returned
13988,411,461,2025-04-16,,Active
13989,345,55,2024-05-13,2025-03-05,Returned
13990,810,916,2025-07-01,2026-04-25,Returned
13991,766,399,2024-06-10,2025-07-21,Returned
13992,810,578,2024-01-02,2026-05-24,Returned
13993,1167,551,2023-10-23,,Late
13994,1556,769,2025-08-30,2026-05-19,Returned
13995,1471,263,2024-09-16,2025-12-08,Returned
13996,1027,122,2025-06-08,2026-04-27,Returned
13997,906,303,2023-08-05,2023-10-03,Returned
13998,47,713,2025-06-05,2025-10-26,Returned
13999,950,311,2023-11-01,2026-01-19,Returned
14000,1253,371,2025-06-12,2025-08-17,Returned
14001,359,703,2025-05-20,,Active
14002,1165,334,2024-11-08,2026-06-04,Returned
14003,174,977,2024-01-19,2025-07-14,Returned
14004,752,743,2025-06-28,2025-10-29,Returned
14005,1964,467,2024-03-31,2026-01-04,Returned
14006,511,533,2025-10-09,2026-04-25,Returned
14007,251,790,2025-01-25,,Active
14008,511,519,2024-10-14,2026-04-22,Returned
14009,1156,616,2025-10-05,2025-10-30,Returned
14010,83,721,2023-12-21,2025-04-04,Returned
14011,1984,233,2024-09-23,2024-12-02,Returned
14012,671,702,2025-05-22,2025-12-02,Returned
14013,744,43,2023-11-18,2024-08-24,Returned
14014,794,836,2023-11-30,2026-02-06,Returned
14015,509,624,2023-11-18,2024-04-28,Returned
14016,270,120,2025-04-05,,Active
14017,433,918,2023-09-05,2023-10-13,Returned
14018,1667,14,2025-12-29,2026-05-01,Returned
14019,282,6,2025-06-04,2026-02-23,Returned
14020,1391,498,2026-01-18,2026-02-04,Returned
14021,851,310,2024-02-29,,Active
14022,415,567,2025-11-03,2026-04-24,Returned
14023,1660,359,2026-03-13,2026-04-02,Returned
14024,365,702,2023-07-23,,Active
14025,1905,610,2024-10-30,2026-03-09,Returned
14026,669,896,2024-04-15,2025-06-13,Returned
14027,1069,709,2025-05-30,2025-06-27,Returned
14028,1405,173,2024-09-07,2024-11-23,Returned
14029,1025,313,2025-02-18,,Late
14030,1931,855,2025-07-12,2025-07-18,Returned
14031,1782,179,2025-12-24,2026-05-28,Returned
14032,34,783,2023-09-11,2023-10-18,Returned
14033,1531,506,2026-04-06,2026-04-22,Returned
14034,1011,39,2023-12-23,2024-02-15,Returned
14035,1008,927,2025-07-22,2026-04-23,Returned
14036,321,900,2023-12-15,2025-02-05,Returned
14037,1276,759,2023-10-27,2024-04-25,Returned
14038,969,310,2025-08-16,2025-12-18,Returned
14039,509,927,2024-02-05,,Active
14040,213,309,2024-09-18,2025-02-14,Returned
14041,44,694,2024-07-09,2024-09-07,Returned
14042,1939,426,2024-09-09,2025-12-02,Returned
14043,455,443,2026-03-06,2026-04-20,Returned
14044,922,914,2023-09-19,2023-11-06,Returned
14045,1602,250,2024-02-22,2024-10-17,Returned
14046,1614,793,2023-09-04,2025-05-28,Returned
14047,142,833,2023-07-21,2026-03-25,Returned
14048,1253,344,2025-02-06,2025-12-25,Returned
14049,1314,426,2024-07-01,2024-09-14,Returned
14050,1149,495,2025-11-14,2026-02-17,Returned
14051,1687,700,2023-12-23,2026-01-25,Returned
14052,1363,747,2023-11-23,2024-03-11,Returned
14053,1721,171,2024-01-19,2024-10-27,Returned
14054,393,959,2026-01-22,2026-05-26,Returned
14055,937,756,2023-11-01,2025-06-24,Returned
14056,1648,20,2026-03-07,2026-05-28,Returned
14057,53,725,2023-09-25,2024-06-29,Returned
14058,440,23,2025-08-30,2025-11-01,Returned
14059,141,826,2023-12-14,2026-04-03,Returned
14060,1459,786,2025-04-05,2025-11-02,Returned
14061,120,698,2024-09-05,2025-01-29,Returned
14062,832,390,2024-04-07,2024-09-11,Returned
14063,504,283,2026-04-09,2026-05-03,Returned
14064,1575,402,2023-06-12,2026-02-23,Returned
14065,1986,381,2025-08-12,,Active
14066,609,337,2025-11-17,2026-05-01,Returned
14067,46,897,2026-01-31,2026-05-04,Returned
14068,329,296,2024-08-01,2024-09-19,Returned
14069,1240,156,2025-06-15,2025-09-08,Returned
14070,24,286,2025-02-21,2026-02-02,Returned
14071,302,174,2024-06-04,2025-06-20,Returned
14072,1416,499,2025-04-08,2025-11-18,Returned
14073,1791,825,2024-09-12,2025-01-06,Returned
14074,813,989,2024-11-20,,Active
14075,1982,43,2023-06-27,,Late
14076,1814,652,2025-08-18,2026-01-09,Returned
14077,511,724,2026-01-13,2026-04-28,Returned
14078,788,619,2023-07-15,2024-08-30,Returned
14079,618,541,2024-01-25,2025-06-23,Returned
14080,1176,931,2025-10-25,2025-11-19,Returned
14081,1692,771,2025-10-02,2025-12-25,Returned
14082,116,534,2024-02-08,2026-03-11,Returned
14083,1883,786,2023-10-21,2024-09-06,Returned
14084,1780,815,2025-03-28,2026-05-25,Returned
14085,1689,359,2024-06-28,2024-11-08,Returned
14086,1634,499,2025-09-07,2025-11-12,Returned
14087,1279,601,2025-08-24,2026-04-25,Returned
14088,619,167,2025-07-02,2026-03-07,Returned
14089,1110,995,2023-11-22,2023-12-14,Returned
14090,1518,999,2026-03-20,2026-03-24,Returned
14091,942,192,2024-06-23,2025-06-21,Returned
14092,666,915,2026-05-18,2026-05-30,Returned
14093,895,922,2025-07-05,2025-11-01,Returned
14094,184,670,2025-04-15,2026-03-11,Returned
14095,212,799,2023-10-22,2026-05-22,Returned
14096,101,279,2025-10-29,2026-02-13,Returned
14097,724,219,2025-02-14,2025-09-11,Returned
14098,539,928,2023-12-20,2024-09-02,Returned
14099,49,61,2024-09-04,2025-08-11,Returned
14100,1844,998,2024-01-31,2025-05-04,Returned
14101,937,525,2024-06-08,2025-08-09,Returned
14102,785,326,2024-09-10,2025-11-25,Returned
14103,1311,337,2025-05-02,2026-03-22,Returned
14104,1023,773,2023-11-16,2025-07-31,Returned
14105,192,914,2025-04-03,2025-10-08,Returned
14106,1350,188,2023-12-14,2025-01-30,Returned
14107,1512,974,2025-04-28,2025-10-19,Returned
14108,1183,171,2026-05-10,2026-05-18,Returned
14109,86,180,2025-12-21,2026-03-22,Returned
14110,436,346,2024-07-26,2025-10-23,Returned
14111,1399,699,2025-10-07,2025-12-25,Returned
14112,1978,183,2024-07-31,2024-11-18,Returned
14113,1504,878,2025-03-11,2026-03-11,Returned
14114,514,271,2023-12-12,,Late
14115,1178,587,2024-12-07,2026-05-13,Returned
14116,994,484,2025-05-18,,Active
14117,1640,207,2023-07-06,2025-08-08,Returned
14118,863,37,2023-08-05,2024-09-06,Returned
14119,716,628,2024-05-29,2026-05-28,Returned
14120,1296,810,2024-03-16,2025-11-15,Returned
14121,1944,261,2024-01-18,2025-09-01,Returned
14122,1669,909,2024-12-26,2025-12-19,Returned
14123,744,370,2023-07-31,2024-09-24,Returned
14124,990,130,2025-09-24,2026-05-17,Returned
14125,1258,409,2023-06-09,2023-08-30,Returned
14126,1347,805,2024-03-05,2024-10-10,Returned
14127,379,460,2024-11-12,2025-04-06,Returned
14128,1324,975,2023-11-09,2024-06-13,Returned
14129,585,208,2024-01-04,2025-11-12,Returned
14130,1758,918,2024-05-19,,Active
14131,1293,272,2023-08-23,2023-11-08,Returned
14132,1624,304,2025-12-06,2026-04-05,Returned
14133,1516,62,2025-06-08,2026-04-03,Returned
14134,1132,784,2025-10-22,2026-04-27,Returned
14135,981,406,2024-05-26,2025-04-08,Returned
14136,1513,307,2023-10-13,2025-10-07,Returned
14137,657,113,2025-05-07,2025-10-23,Returned
14138,1898,781,2024-05-05,2025-04-11,Returned
14139,978,492,2025-09-08,2025-12-03,Returned
14140,1924,504,2024-06-26,2025-10-26,Returned
14141,188,844,2024-11-21,2026-02-06,Returned
14142,727,621,2025-02-18,2025-08-23,Returned
14143,757,369,2024-12-07,2026-05-02,Returned
14144,260,164,2023-11-21,,Late
14145,1907,345,2024-05-28,2024-07-12,Returned
14146,836,256,2025-09-11,2026-01-22,Returned
14147,1055,887,2023-07-18,,Late
14148,963,272,2024-12-19,2025-08-11,Returned
14149,917,94,2024-09-25,,Active
14150,272,124,2025-04-08,2026-02-01,Returned
14151,379,968,2025-10-04,2025-12-30,Returned
14152,56,635,2024-08-03,2025-04-10,Returned
14153,1258,539,2025-09-14,2026-03-13,Returned
14154,680,175,2024-05-20,2024-07-23,Returned
14155,1135,46,2024-11-12,2026-04-17,Returned
14156,311,824,2026-05-27,2026-05-30,Returned
14157,844,516,2026-01-19,2026-03-03,Returned
14158,363,783,2023-10-31,2024-04-08,Returned
14159,725,734,2026-03-26,2026-04-19,Returned
14160,383,150,2025-09-23,2026-03-05,Returned
14161,1446,261,2023-09-30,2025-11-25,Returned
14162,1312,517,2026-01-30,2026-05-02,Returned
14163,167,802,2025-04-15,2025-07-17,Returned
14164,141,137,2024-04-25,2024-12-28,Returned
14165,1017,983,2024-10-23,2025-12-12,Returned
14166,1674,896,2024-08-14,2025-04-14,Returned
14167,753,175,2025-08-23,2026-04-25,Returned
14168,1075,643,2025-07-09,2025-09-07,Returned
14169,1187,846,2025-05-18,2025-10-27,Returned
14170,1872,984,2025-08-24,2026-05-20,Returned
14171,790,697,2025-07-31,2025-08-02,Returned
14172,975,275,2024-06-16,2024-11-28,Returned
14173,1336,450,2023-08-25,2023-10-16,Returned
14174,253,29,2024-03-12,2025-08-05,Returned
14175,1160,827,2023-10-28,2023-11-15,Returned
14176,1381,242,2024-06-14,2025-08-28,Returned
14177,1750,936,2024-12-13,2026-02-02,Returned
14178,449,898,2025-12-06,2026-03-24,Returned
14179,1906,500,2026-04-01,2026-05-30,Returned
14180,1728,434,2026-02-21,2026-05-24,Returned
14181,102,738,2026-05-01,2026-05-12,Returned
14182,446,808,2023-12-22,2025-11-22,Returned
14183,373,592,2025-12-10,2025-12-22,Returned
14184,102,59,2023-07-05,2025-10-31,Returned
14185,1244,114,2026-03-01,2026-04-13,Returned
14186,653,63,2026-03-18,2026-03-24,Returned
14187,370,870,2025-10-11,2025-12-28,Returned
14188,463,228,2024-04-07,2025-05-05,Returned
14189,378,103,2024-03-31,2025-02-19,Returned
14190,1567,152,2025-09-30,2026-03-12,Returned
14191,822,26,2026-05-14,2026-06-04,Returned
14192,223,957,2026-05-04,2026-05-17,Returned
14193,895,471,2024-03-02,2025-02-06,Returned
14194,1488,933,2026-05-08,2026-06-04,Returned
14195,1133,262,2026-05-07,2026-05-13,Returned
14196,594,994,2025-08-04,2026-02-05,Returned
14197,826,43,2023-07-19,2025-09-09,Returned
14198,1663,404,2024-09-11,2025-03-11,Returned
14199,109,30,2024-12-10,2025-12-27,Returned
14200,516,96,2023-11-09,2025-09-28,Returned
14201,1998,530,2025-12-16,2026-03-23,Returned
14202,243,199,2024-11-28,2025-10-15,Returned
14203,855,232,2025-06-19,,Active
14204,1291,1,2023-06-30,2026-03-17,Returned
14205,1054,909,2024-06-30,2025-06-02,Returned
14206,1643,816,2023-06-28,2023-08-11,Returned
14207,227,529,2025-05-09,2026-01-29,Returned
14208,1938,905,2024-11-24,,Active
14209,1266,690,2024-11-12,2026-01-16,Returned
14210,644,104,2025-07-31,2025-09-22,Returned
14211,629,959,2024-04-27,2025-03-28,Returned
14212,1520,844,2026-03-05,2026-04-01,Returned
14213,1824,847,2024-02-04,2024-05-11,Returned
14214,355,569,2024-07-29,2025-03-16,Returned
14215,1255,594,2025-02-25,2026-03-25,Returned
14216,1093,60,2025-01-03,2025-01-31,Returned
14217,848,686,2024-12-26,2025-04-14,Returned
14218,718,524,2024-04-25,,Active
14219,664,743,2026-01-18,2026-04-05,Returned
14220,1714,492,2026-05-26,2026-06-02,Returned
14221,1676,530,2025-06-24,,Late
14222,1631,85,2025-01-27,2025-10-09,Returned
14223,660,771,2025-01-09,2025-06-19,Returned
14224,219,698,2025-02-25,2025-11-15,Returned
14225,824,789,2026-04-24,2026-05-26,Returned
14226,1708,171,2024-02-05,2025-02-09,Returned
14227,1542,630,2024-10-04,2025-01-24,Returned
14228,1163,695,2025-06-17,2025-07-02,Returned
14229,1392,127,2024-10-02,,Active
14230,1844,771,2025-10-18,2025-11-19,Returned
14231,908,837,2025-04-27,2025-12-28,Returned
14232,1181,638,2026-06-03,2026-06-06,Returned
14233,866,646,2025-12-17,2026-03-16,Returned
14234,814,831,2024-02-25,2026-03-17,Returned
14235,1403,582,2025-03-17,,Late
14236,512,349,2025-02-13,2025-07-25,Returned
14237,122,263,2025-09-16,2025-10-15,Returned
14238,1961,998,2024-11-29,2025-09-23,Returned
14239,1237,578,2023-10-08,2025-03-12,Returned
14240,102,361,2024-12-11,2025-11-19,Returned
14241,1382,833,2025-12-03,2025-12-30,Returned
14242,1804,803,2023-09-23,2025-07-05,Returned
14243,1826,398,2024-04-15,2024-06-25,Returned
14244,1115,863,2024-11-24,2025-05-03,Returned
14245,440,475,2024-07-02,2025-11-04,Returned
14246,1678,690,2026-04-21,,Late
14247,985,489,2023-08-14,2024-12-14,Returned
14248,3,391,2025-11-23,2026-05-24,Returned
14249,1642,200,2023-10-10,2024-04-10,Returned
14250,149,476,2026-05-27,2026-05-30,Returned
14251,73,256,2023-09-14,2023-12-13,Returned
14252,186,907,2025-08-02,2025-09-20,Returned
14253,1008,958,2023-06-28,2024-06-14,Returned
14254,1600,931,2026-03-09,2026-03-16,Returned
14255,52,101,2025-08-10,2025-12-18,Returned
14256,794,785,2025-12-29,2026-05-22,Returned
14257,814,693,2026-06-04,2026-06-05,Returned
14258,1810,208,2025-03-19,2026-02-07,Returned
14259,258,568,2025-02-23,,Active
14260,720,983,2025-01-14,2026-05-06,Returned
14261,1598,760,2024-07-23,,Active
14262,1008,814,2023-08-18,2025-12-26,Returned
14263,173,951,2025-03-26,2025-07-11,Returned
14264,1469,35,2025-05-05,,Late
14265,1198,1,2025-08-25,2026-05-16,Returned
14266,1787,687,2023-08-29,2024-10-19,Returned
14267,214,43,2025-02-28,2025-08-17,Returned
14268,273,255,2024-12-01,2025-09-15,Returned
14269,839,166,2025-01-18,2026-02-05,Returned
14270,1380,237,2023-10-28,2024-04-23,Returned
14271,507,134,2024-01-08,2026-04-26,Returned
14272,1170,891,2025-08-08,2025-09-18,Returned
14273,1152,844,2025-06-27,2026-05-14,Returned
14274,85,4,2025-12-13,2025-12-22,Returned
14275,528,259,2025-11-11,2025-12-11,Returned
14276,1439,687,2025-04-18,2025-10-18,Returned
14277,396,722,2025-11-04,2026-02-26,Returned
14278,803,884,2024-10-26,2025-01-05,Returned
14279,1581,449,2025-08-17,2026-02-11,Returned
14280,1194,636,2023-11-20,2024-12-19,Returned
14281,1620,641,2024-02-22,2025-05-13,Returned
14282,1635,802,2025-02-15,2026-01-06,Returned
14283,739,862,2023-06-20,2024-03-05,Returned
14284,519,801,2025-08-28,2026-05-07,Returned
14285,1092,138,2025-04-18,2025-07-03,Returned
14286,948,800,2025-02-22,2025-08-28,Returned
14287,1612,596,2023-08-21,2023-11-13,Returned
14288,582,968,2025-02-02,2026-04-15,Returned
14289,630,148,2024-09-22,,Late
14290,2000,60,2023-08-10,2024-04-03,Returned
14291,467,762,2024-07-04,2026-01-30,Returned
14292,1799,793,2023-10-09,2025-06-26,Returned
14293,1493,556,2025-07-13,,Late
14294,1112,761,2024-11-17,2025-06-02,Returned
14295,1471,46,2024-05-04,2024-06-02,Returned
14296,949,373,2025-09-11,2025-10-31,Returned
14297,1673,223,2024-06-03,2024-07-15,Returned
14298,1807,517,2023-09-01,2023-10-21,Returned
14299,440,950,2026-04-06,2026-04-16,Returned
14300,409,254,2024-07-16,2025-12-13,Returned
14301,483,95,2025-01-15,2025-06-25,Returned
14302,946,143,2026-03-06,2026-03-11,Returned
14303,1551,999,2023-07-20,,Active
14304,1212,866,2024-10-12,2025-10-10,Returned
14305,497,112,2025-06-20,2026-05-08,Returned
14306,1809,100,2024-10-16,2026-03-06,Returned
14307,474,399,2024-05-19,2024-12-13,Returned
14308,1115,795,2025-04-07,2025-06-25,Returned
14309,1389,972,2025-08-27,2025-11-05,Returned
14310,1335,457,2023-08-29,2025-11-19,Returned
14311,741,38,2025-03-13,2026-02-28,Returned
14312,1674,940,2025-12-29,2026-05-22,Returned
14313,1642,941,2024-04-14,2025-03-01,Returned
14314,870,681,2023-09-30,2024-03-11,Returned
14315,1882,224,2025-10-08,2026-02-25,Returned
14316,1633,719,2024-05-11,2026-04-09,Returned
14317,674,197,2026-06-06,,Active
14318,1304,238,2023-09-28,2025-11-29,Returned
14319,1634,950,2023-07-16,2024-03-22,Returned
14320,172,475,2024-08-31,,Active
14321,1121,150,2024-04-30,2025-05-27,Returned
14322,1703,813,2023-07-27,2026-03-30,Returned
14323,261,108,2025-03-24,2026-02-08,Returned
14324,1084,560,2024-03-11,2025-10-04,Returned
14325,1744,759,2025-03-10,2025-12-25,Returned
14326,1497,824,2023-11-17,,Active
14327,244,674,2024-05-28,2025-08-10,Returned
14328,40,940,2024-08-03,2026-02-18,Returned
14329,1215,638,2024-10-12,,Active
14330,1453,602,2024-09-16,2024-12-01,Returned
14331,1753,954,2023-06-18,2024-09-25,Returned
14332,112,84,2023-10-02,2023-12-14,Returned
14333,150,800,2025-11-05,2025-12-23,Returned
14334,1775,833,2026-06-05,2026-06-05,Returned
14335,1808,689,2025-12-09,2026-05-06,Returned
14336,248,595,2023-11-20,2024-07-16,Returned
14337,724,837,2024-11-16,2026-02-13,Returned
14338,1206,924,2024-09-01,2025-08-18,Returned
14339,1800,57,2024-08-26,,Active
14340,1949,983,2024-12-01,,Late
14341,928,217,2025-11-24,2025-12-22,Returned
14342,775,190,2025-08-22,2026-02-09,Returned
14343,729,373,2025-02-22,2025-11-12,Returned
14344,847,149,2025-06-14,2025-12-16,Returned
14345,1248,160,2024-08-14,2025-04-18,Returned
14346,1479,814,2025-12-16,2026-01-18,Returned
14347,1256,763,2025-07-06,2026-01-15,Returned
14348,1696,996,2025-08-23,2025-11-22,Returned
14349,162,994,2025-08-02,2026-01-21,Returned
14350,1969,118,2025-05-29,2025-05-30,Returned
14351,1378,479,2026-04-23,2026-05-25,Returned
14352,110,253,2025-07-25,2026-02-27,Returned
14353,1862,981,2024-05-25,,Active
14354,143,617,2024-03-21,2026-05-12,Returned
14355,454,708,2024-08-22,2025-10-07,Returned
14356,44,570,2024-09-08,2025-10-03,Returned
14357,943,922,2025-11-21,2025-12-09,Returned
14358,1277,114,2024-07-13,2025-09-23,Returned
14359,488,719,2025-09-05,2026-05-27,Returned
14360,1081,369,2025-07-23,2025-12-07,Returned
14361,1078,916,2026-05-19,2026-06-05,Returned
14362,24,510,2023-10-19,2026-02-23,Returned
14363,482,793,2024-01-04,2025-03-13,Returned
14364,327,76,2025-04-13,2025-11-01,Returned
14365,106,728,2023-12-18,2025-12-17,Returned
14366,1076,195,2025-03-25,2025-11-12,Returned
14367,1891,438,2023-11-27,2024-09-12,Returned
14368,670,393,2025-12-20,2026-05-09,Returned
14369,459,676,2026-05-21,2026-05-31,Returned
14370,1373,824,2026-05-08,2026-06-01,Returned
14371,667,310,2025-11-24,2025-12-31,Returned
14372,1011,960,2023-06-13,2023-11-17,Returned
14373,1887,37,2024-06-02,2026-05-06,Returned
14374,1524,425,2024-02-16,,Active
14375,1747,604,2024-03-03,2024-07-03,Returned
14376,1924,684,2024-02-28,2024-07-31,Returned
14377,1894,925,2023-07-19,2025-08-14,Returned
14378,775,40,2024-06-23,,Active
14379,1062,495,2026-02-18,2026-06-02,Returned
14380,1677,19,2025-12-13,2026-05-20,Returned
14381,588,56,2025-01-10,2025-02-08,Returned
14382,1607,794,2024-09-25,2024-11-06,Returned
14383,1281,570,2025-12-13,2026-04-30,Returned
14384,1270,985,2025-04-15,,Active
14385,1970,308,2024-05-11,2025-05-29,Returned
14386,1898,467,2025-11-19,2026-01-11,Returned
14387,876,220,2023-09-19,2025-03-12,Returned
14388,1670,973,2024-05-16,2025-07-30,Returned
14389,189,963,2025-10-04,2026-05-14,Returned
14390,1824,611,2026-04-27,2026-04-28,Returned
14391,466,404,2026-05-19,2026-06-01,Returned
14392,1779,665,2025-08-18,2026-01-23,Returned
14393,1952,508,2024-02-21,2025-12-19,Returned
14394,487,278,2024-11-01,2026-03-23,Returned
14395,818,99,2025-08-12,2026-02-25,Returned
14396,1449,483,2024-09-08,2025-10-31,Returned
14397,1215,724,2026-04-27,2026-05-10,Returned
14398,1246,381,2024-05-17,2025-07-25,Returned
14399,563,746,2026-01-23,2026-03-19,Returned
14400,1941,146,2023-07-11,,Late
14401,899,949,2024-10-30,2025-10-19,Returned
14402,1717,147,2024-01-08,2024-02-28,Returned
14403,1475,264,2023-06-21,2025-09-20,Returned
14404,1808,711,2024-08-27,2025-11-08,Returned
14405,1559,839,2024-06-20,2026-02-07,Returned
14406,1300,183,2024-12-09,2026-05-01,Returned
14407,1453,767,2024-12-17,2025-03-09,Returned
14408,842,786,2025-10-31,2025-11-09,Returned
14409,1672,840,2023-10-11,2025-07-01,Returned
14410,739,1,2024-05-19,2024-10-18,Returned
14411,808,944,2025-05-24,2025-12-12,Returned
14412,945,734,2024-02-04,2024-10-07,Returned
14413,1021,142,2026-01-30,2026-03-15,Returned
14414,847,278,2024-11-10,2026-02-28,Returned
14415,562,31,2023-10-27,2024-11-04,Returned
14416,616,705,2026-01-19,2026-03-12,Returned
14417,542,239,2025-03-02,2026-03-07,Returned
14418,1780,37,2023-07-29,2025-04-18,Returned
14419,43,320,2023-07-31,2026-01-06,Returned
14420,760,759,2025-08-28,2025-12-20,Returned
14421,1453,266,2024-01-22,2025-12-08,Returned
14422,679,801,2024-11-09,2025-12-07,Returned
14423,1538,970,2025-01-03,2026-03-02,Returned
14424,884,483,2026-03-02,2026-03-17,Returned
14425,795,391,2024-06-26,2025-08-22,Returned
14426,1267,558,2023-10-20,2026-04-22,Returned
14427,1940,167,2024-04-09,2026-02-05,Returned
14428,1829,874,2024-01-02,2025-02-22,Returned
14429,992,397,2025-06-12,2026-04-10,Returned
14430,1013,467,2025-11-01,,Active
14431,468,358,2023-08-16,2024-12-14,Returned
14432,775,501,2025-11-17,2025-11-20,Returned
14433,743,570,2023-07-24,2025-07-19,Returned
14434,1176,216,2025-11-26,2025-12-26,Returned
14435,605,788,2026-01-14,2026-03-25,Returned
14436,1719,927,2024-12-09,2025-08-11,Returned
14437,1368,433,2023-11-09,2024-04-11,Returned
14438,1739,289,2025-03-30,2025-04-23,Returned
14439,1529,634,2023-08-08,2024-01-03,Returned
14440,109,244,2025-05-07,2025-07-22,Returned
14441,1528,994,2025-10-26,2025-11-17,Returned
14442,1010,264,2023-06-10,2024-07-01,Returned
14443,1564,187,2024-04-02,2024-09-03,Returned
14444,1054,57,2023-08-31,2024-10-05,Returned
14445,860,33,2026-04-16,2026-06-04,Returned
14446,390,84,2026-01-05,,Active
14447,567,823,2025-10-19,2026-03-12,Returned
14448,1600,422,2025-12-26,2026-04-01,Returned
14449,979,343,2024-11-18,2025-10-23,Returned
14450,834,499,2024-01-16,,Active
14451,1286,894,2023-06-16,2023-08-21,Returned
14452,909,351,2024-05-19,2024-09-13,Returned
14453,173,511,2025-03-19,,Active
14454,1621,46,2026-04-11,2026-04-26,Returned
14455,1203,671,2026-03-31,2026-03-31,Returned
14456,1105,810,2023-12-20,2024-10-27,Returned
14457,1552,172,2023-10-10,2025-12-08,Returned
14458,1958,690,2025-03-13,2025-06-25,Returned
14459,1991,772,2024-03-10,2025-07-05,Returned
14460,1624,676,2023-09-02,,Active
14461,1470,56,2026-04-03,,Active
14462,1816,791,2023-06-10,2023-11-05,Returned
14463,1075,853,2025-06-16,2025-06-25,Returned
14464,1444,298,2026-05-10,2026-05-20,Returned
14465,1680,927,2024-03-28,2024-09-27,Returned
14466,1778,870,2023-11-01,2025-01-12,Returned
14467,1483,896,2023-11-01,2024-08-10,Returned
14468,1640,135,2023-08-29,2026-03-16,Returned
14469,1644,590,2025-06-19,2025-07-08,Returned
14470,698,445,2023-08-17,2024-01-05,Returned
14471,1036,551,2023-08-27,2025-12-25,Returned
14472,444,393,2024-05-01,2025-06-28,Returned
14473,837,601,2026-04-28,2026-05-06,Returned
14474,1086,185,2025-12-23,2026-01-01,Returned
14475,1899,160,2023-09-21,2025-03-25,Returned
14476,335,382,2023-10-11,2026-03-22,Returned
14477,1272,233,2024-04-21,2025-02-02,Returned
14478,1737,543,2025-04-27,2025-08-22,Returned
14479,674,888,2025-08-30,2025-09-19,Returned
14480,1945,556,2025-03-04,2026-05-23,Returned
14481,589,311,2023-10-04,2024-05-13,Returned
14482,1490,291,2024-11-02,2025-06-24,Returned
14483,908,3,2024-01-04,2025-12-05,Returned
14484,1521,270,2025-08-06,2026-04-05,Returned
14485,1327,194,2024-01-21,2025-12-04,Returned
14486,945,976,2024-03-24,2025-04-18,Returned
14487,1120,437,2024-01-29,2024-11-12,Returned
14488,965,564,2025-09-12,,Active
14489,997,527,2024-10-20,2025-06-12,Returned
14490,1606,962,2024-09-13,2026-02-20,Returned
14491,767,433,2023-10-27,2026-01-07,Returned
14492,288,744,2025-12-16,2026-04-24,Returned
14493,1810,553,2023-08-12,2024-02-19,Returned
14494,1623,32,2026-04-17,2026-05-23,Returned
14495,366,925,2024-10-24,,Active
14496,150,265,2023-10-26,2025-06-09,Returned
14497,1761,533,2025-10-27,2026-04-25,Returned
14498,1864,610,2025-12-12,2026-06-02,Returned
14499,704,121,2025-04-25,2026-03-22,Returned
14500,933,205,2025-06-11,2025-07-06,Returned
14501,297,948,2023-07-18,2024-03-06,Returned
14502,500,67,2026-03-08,2026-03-16,Returned
14503,165,233,2024-03-24,2024-11-21,Returned
14504,1305,301,2025-07-22,,Active
14505,430,447,2026-05-03,2026-05-07,Returned
14506,1301,531,2023-09-25,2025-02-19,Returned
14507,153,851,2024-05-15,2025-09-14,Returned
14508,1337,965,2023-10-19,2024-01-28,Returned
14509,818,603,2026-01-25,2026-04-16,Returned
14510,216,27,2026-03-06,2026-03-28,Returned
14511,1228,149,2026-01-07,2026-04-18,Returned
14512,978,590,2024-06-07,2026-04-07,Returned
14513,1791,946,2025-02-13,2026-06-03,Returned
14514,31,695,2025-02-28,2025-11-19,Returned
14515,83,732,2024-10-25,2025-05-24,Returned
14516,471,151,2023-06-13,2025-04-08,Returned
14517,674,782,2024-10-27,2025-01-11,Returned
14518,783,228,2023-12-08,2026-03-14,Returned
14519,1636,925,2025-03-11,2026-04-30,Returned
14520,687,238,2025-09-18,2026-01-20,Returned
14521,586,86,2025-01-05,2026-04-24,Returned
14522,57,686,2024-02-16,2026-02-13,Returned
14523,962,208,2024-03-01,2024-11-26,Returned
14524,1671,134,2024-06-22,,Active
14525,1557,185,2024-12-13,2025-07-08,Returned
14526,1880,454,2025-04-07,2025-10-07,Returned
14527,1999,850,2025-06-16,,Active
14528,1680,985,2023-06-21,2025-07-06,Returned
14529,546,69,2023-07-24,2025-09-10,Returned
14530,1516,148,2024-09-18,2024-11-11,Returned
14531,1716,50,2023-11-19,2023-12-18,Returned
14532,1996,335,2025-09-03,2025-11-24,Returned
14533,1635,857,2023-06-11,2024-03-05,Returned
14534,507,231,2026-02-01,2026-04-24,Returned
14535,1180,664,2024-05-13,2024-12-22,Returned
14536,824,364,2024-05-31,2024-12-22,Returned
14537,1745,153,2026-01-01,2026-01-24,Returned
14538,1179,593,2026-01-21,2026-05-14,Returned
14539,1449,901,2024-02-02,2025-04-21,Returned
14540,692,152,2023-10-25,2025-12-24,Returned
14541,983,870,2025-02-16,2025-11-12,Returned
14542,1455,752,2023-11-10,2025-01-06,Returned
14543,834,502,2023-12-22,2025-11-16,Returned
14544,211,872,2024-05-24,,Active
14545,1588,40,2025-08-03,2025-08-06,Returned
14546,1939,718,2024-11-03,2025-09-07,Returned
14547,472,204,2023-06-09,2024-01-16,Returned
14548,1676,529,2026-03-20,2026-04-14,Returned
14549,1564,367,2025-10-09,2026-01-12,Returned
14550,1947,342,2026-05-17,2026-05-22,Returned
14551,1687,604,2024-08-01,2025-08-07,Returned
14552,1956,835,2024-11-22,2024-12-08,Returned
14553,1165,455,2024-08-13,2025-08-21,Returned
14554,1126,841,2024-10-03,2025-03-21,Returned
14555,1583,944,2026-03-05,2026-04-16,Returned
14556,1922,820,2023-08-12,2023-11-08,Returned
14557,1045,263,2025-07-08,2026-03-29,Returned
14558,1941,452,2023-12-22,2026-04-14,Returned
14559,443,516,2024-01-19,2025-11-06,Returned
14560,919,82,2023-06-30,2024-05-28,Returned
14561,834,961,2023-08-05,2023-10-20,Returned
14562,1313,305,2024-03-01,2026-04-29,Returned
14563,1291,229,2024-03-31,2026-04-22,Returned
14564,1414,874,2025-01-01,2025-07-21,Returned
14565,302,128,2026-05-02,2026-05-29,Returned
14566,646,359,2024-07-28,2024-09-28,Returned
14567,1515,52,2024-02-16,2026-01-13,Returned
14568,1702,648,2024-06-06,2024-07-27,Returned
14569,438,136,2024-09-25,2026-01-31,Returned
14570,1065,816,2024-12-21,2025-08-09,Returned
14571,722,560,2025-03-03,2025-06-03,Returned
14572,713,636,2025-12-10,2025-12-28,Returned
14573,605,701,2026-04-26,2026-05-17,Returned
14574,1693,502,2026-04-30,2026-05-04,Returned
14575,1340,941,2024-09-05,2026-04-29,Returned
14576,1162,517,2024-10-22,2025-08-09,Returned
14577,259,903,2025-06-04,2026-05-08,Returned
14578,577,955,2026-05-06,2026-05-11,Returned
14579,473,491,2025-08-10,,Active
14580,94,433,2024-06-26,2026-03-09,Returned
14581,541,487,2026-01-08,2026-01-18,Returned
14582,1923,531,2025-04-07,2026-05-21,Returned
14583,138,423,2024-12-26,2025-02-14,Returned
14584,1429,326,2024-01-11,,Active
14585,1378,379,2025-09-15,2026-02-19,Returned
14586,1884,619,2024-11-04,2024-12-16,Returned
14587,1657,154,2024-06-03,2026-03-19,Returned
14588,1910,367,2026-03-17,2026-05-20,Returned
14589,1559,28,2024-12-20,2025-09-28,Returned
14590,1724,421,2025-04-18,,Active
14591,486,555,2024-04-13,2026-01-24,Returned
14592,91,152,2025-05-17,2025-12-11,Returned
14593,371,949,2026-05-02,2026-05-02,Returned
14594,908,7,2025-01-16,2026-04-06,Returned
14595,939,596,2025-05-31,2025-08-08,Returned
14596,1308,323,2025-10-15,2026-04-18,Returned
14597,879,407,2025-05-14,2025-11-29,Returned
14598,267,534,2025-04-18,2026-02-10,Returned
14599,1447,740,2024-08-24,2025-02-06,Returned
14600,1505,915,2023-07-25,2026-04-28,Returned
14601,401,704,2023-11-26,2024-06-28,Returned
14602,804,669,2026-02-10,2026-06-04,Returned
14603,1388,442,2025-08-29,2026-02-07,Returned
14604,752,155,2025-07-15,2026-02-06,Returned
14605,445,510,2024-06-23,2024-10-09,Returned
14606,1550,326,2025-02-11,,Active
14607,451,615,2024-09-24,2024-12-09,Returned
14608,1031,483,2025-11-21,2026-02-13,Returned
14609,204,880,2024-01-09,2024-07-08,Returned
14610,1047,13,2025-06-02,2025-08-20,Returned
14611,697,961,2024-02-19,2025-05-12,Returned
14612,777,514,2023-08-16,,Active
14613,1061,856,2024-05-04,2026-03-10,Returned
14614,1401,562,2025-12-14,2026-03-06,Returned
14615,1744,777,2026-01-10,2026-04-04,Returned
14616,46,338,2024-05-20,2025-12-29,Returned
14617,1265,223,2023-10-30,2025-10-12,Returned
14618,1471,816,2026-02-21,2026-05-30,Returned
14619,710,637,2023-08-20,2023-10-30,Returned
14620,229,503,2025-09-29,2025-12-02,Returned
14621,1707,308,2026-01-07,2026-01-16,Returned
14622,465,10,2026-05-01,2026-05-03,Returned
14623,1078,773,2024-05-06,2024-08-11,Returned
14624,1512,794,2025-06-26,,Active
14625,1862,121,2024-09-14,2024-11-02,Returned
14626,524,496,2025-04-25,2025-12-23,Returned
14627,1559,799,2024-09-18,2025-11-11,Returned
14628,1874,966,2024-03-02,2025-06-22,Returned
14629,314,313,2025-10-22,2025-11-12,Returned
14630,896,88,2023-07-20,2023-09-25,Returned
14631,247,34,2024-02-27,2024-11-17,Returned
14632,257,978,2023-12-04,2024-01-28,Returned
14633,1768,654,2024-05-01,2024-12-18,Returned
14634,1543,948,2026-05-27,2026-06-01,Returned
14635,554,173,2024-12-15,2025-09-02,Returned
14636,1508,362,2025-01-01,2025-10-26,Returned
14637,90,116,2024-07-13,2024-10-17,Returned
14638,636,279,2023-07-04,2025-10-01,Returned
14639,978,917,2026-01-12,2026-04-24,Returned
14640,294,915,2023-10-23,2026-02-08,Returned
14641,643,210,2023-07-10,2025-01-31,Returned
14642,1772,605,2025-01-15,2025-11-20,Returned
14643,521,55,2024-03-18,,Active
14644,1410,518,2023-08-02,2025-02-06,Returned
14645,239,399,2023-07-15,2026-01-12,Returned
14646,159,461,2024-07-27,2026-04-24,Returned
14647,1494,351,2024-11-15,2024-11-21,Returned
14648,358,194,2023-10-15,2025-12-11,Returned
14649,1786,491,2023-10-19,2025-04-04,Returned
14650,356,504,2025-02-11,2026-06-02,Returned
14651,41,484,2024-04-10,2024-08-29,Returned
14652,1417,168,2023-08-19,2024-07-09,Returned
14653,1164,683,2025-08-06,2026-05-28,Returned
14654,397,799,2025-05-02,2026-04-18,Returned
14655,321,131,2024-09-10,2025-09-03,Returned
14656,1167,417,2025-04-02,2025-07-08,Returned
14657,162,74,2026-04-26,2026-05-06,Returned
14658,60,81,2023-07-14,2026-02-22,Returned
14659,1605,398,2025-06-30,2026-04-13,Returned
14660,1364,128,2026-05-27,2026-05-28,Returned
14661,2,685,2025-05-13,2026-01-28,Returned
14662,373,476,2025-06-28,,Active
14663,1298,597,2023-06-14,2023-10-08,Returned
14664,1509,262,2024-05-24,2024-10-26,Returned
14665,869,376,2024-12-30,2025-12-28,Returned
14666,1721,180,2025-11-22,,Active
14667,702,419,2024-03-01,2024-12-11,Returned
14668,641,943,2025-01-31,2025-09-05,Returned
14669,140,970,2024-10-06,2024-12-06,Returned
14670,516,455,2024-04-16,2026-03-05,Returned
14671,1715,255,2023-10-19,2025-08-16,Returned
14672,1252,300,2026-03-01,2026-04-22,Returned
14673,515,755,2025-07-21,2026-01-14,Returned
14674,1606,672,2024-03-23,2025-10-11,Returned
14675,390,88,2024-06-21,2024-10-18,Returned
14676,158,564,2024-04-16,2025-01-09,Returned
14677,1164,819,2024-08-12,2025-01-11,Returned
14678,746,28,2024-10-28,2026-05-19,Returned
14679,519,211,2025-07-28,2026-05-08,Returned
14680,1084,272,2025-04-29,2025-09-21,Returned
14681,1533,327,2024-01-19,,Active
14682,552,655,2024-12-31,2025-12-26,Returned
14683,118,974,2024-01-28,2025-11-14,Returned
14684,1101,722,2024-04-28,2026-01-21,Returned
14685,247,8,2025-07-05,2026-01-24,Returned
14686,1777,86,2025-02-08,2026-06-01,Returned
14687,1170,666,2025-08-23,2025-10-15,Returned
14688,184,346,2025-10-26,2026-01-05,Returned
14689,100,336,2025-03-14,2025-05-12,Returned
14690,668,329,2024-08-31,2026-04-25,Returned
14691,1484,714,2025-11-30,2026-02-09,Returned
14692,1717,969,2024-05-25,2024-05-29,Returned
14693,1009,747,2024-07-01,,Active
14694,1051,94,2023-08-20,2023-09-15,Returned
14695,1175,864,2025-08-07,2026-03-20,Returned
14696,1990,918,2024-08-16,2024-09-12,Returned
14697,430,221,2023-12-03,2025-05-30,Returned
14698,943,916,2025-07-25,2026-05-07,Returned
14699,197,410,2024-04-27,2025-07-06,Returned
14700,873,569,2023-12-11,2024-09-16,Returned
14701,799,292,2026-01-07,2026-04-08,Returned
14702,672,690,2023-12-08,2025-01-02,Returned
14703,404,297,2024-01-13,2025-09-15,Returned
14704,509,353,2023-12-24,2025-12-28,Returned
14705,1272,781,2024-05-16,2026-02-21,Returned
14706,1712,764,2025-02-09,2025-03-05,Returned
14707,898,390,2025-11-25,2026-05-15,Returned
14708,923,551,2024-07-26,2025-09-11,Returned
14709,65,318,2023-11-20,2026-04-14,Returned
14710,855,660,2026-06-06,2026-06-06,Returned
14711,557,142,2023-07-20,2024-09-13,Returned
14712,949,181,2025-07-27,2026-02-26,Returned
14713,705,911,2023-11-01,2024-08-23,Returned
14714,1854,804,2023-06-11,2023-09-08,Returned
14715,115,893,2025-10-30,2026-03-27,Returned
14716,212,283,2024-06-21,2025-07-22,Returned
14717,1282,434,2024-11-24,2025-10-05,Returned
14718,1341,659,2023-09-03,2025-03-30,Returned
14719,876,541,2023-09-26,2026-04-24,Returned
14720,172,991,2023-09-29,2024-05-01,Returned
14721,692,952,2024-11-10,2026-05-21,Returned
14722,1498,248,2024-06-22,2025-10-19,Returned
14723,1559,713,2023-10-29,2026-05-18,Returned
14724,1483,151,2025-04-11,2026-03-06,Returned
14725,1998,815,2025-10-02,2026-04-10,Returned
14726,380,561,2025-08-01,2026-05-22,Returned
14727,732,877,2023-08-15,2025-01-23,Returned
14728,54,914,2024-03-31,2025-10-04,Returned
14729,677,114,2023-08-29,2024-05-05,Returned
14730,1642,516,2024-12-09,2025-04-03,Returned
14731,979,470,2025-08-27,2025-09-08,Returned
14732,602,862,2024-03-26,2025-07-28,Returned
14733,1989,612,2025-02-26,2026-01-19,Returned
14734,1156,281,2024-12-09,2025-08-12,Returned
14735,652,448,2024-09-03,2024-11-09,Returned
14736,749,164,2023-11-21,,Active
14737,971,918,2025-01-09,2026-01-23,Returned
14738,1269,313,2023-11-04,2024-12-29,Returned
14739,1624,61,2026-03-24,2026-05-30,Returned
14740,212,832,2025-08-01,2026-02-14,Returned
14741,404,581,2024-09-09,2026-03-27,Returned
14742,1318,276,2023-09-04,2024-04-07,Returned
14743,1155,507,2026-04-11,2026-04-18,Returned
14744,1546,719,2024-10-07,,Active
14745,243,691,2025-01-23,2026-03-14,Returned
14746,43,275,2024-04-09,2025-01-30,Returned
14747,1764,109,2025-05-13,2026-01-11,Returned
14748,1323,607,2026-03-30,2026-05-18,Returned
14749,1770,277,2025-02-14,2026-03-20,Returned
14750,365,240,2024-04-16,2026-02-27,Returned
14751,941,91,2025-07-30,,Active
14752,1406,983,2024-07-19,2025-07-28,Returned
14753,1913,48,2024-05-18,2026-01-18,Returned
14754,1008,72,2026-03-28,2026-05-10,Returned
14755,1656,726,2024-07-18,2025-10-15,Returned
14756,1776,979,2026-06-06,2026-06-06,Returned
14757,1908,304,2023-12-31,2024-10-30,Returned
14758,1003,258,2024-05-18,2025-02-09,Returned
14759,1177,121,2025-05-11,,Active
14760,1105,340,2025-10-09,2025-12-09,Returned
14761,1988,380,2026-04-28,2026-05-16,Returned
14762,849,793,2023-09-30,,Active
14763,217,656,2026-02-01,2026-05-26,Returned
14764,1738,370,2024-09-07,2026-05-21,Returned
14765,1766,251,2025-04-19,2025-11-26,Returned
14766,531,443,2025-06-26,2025-07-20,Returned
14767,1384,743,2023-06-23,2025-09-11,Returned
14768,59,725,2025-10-05,2026-03-06,Returned
14769,338,239,2024-05-04,,Late
14770,1128,85,2023-10-01,2026-04-08,Returned
14771,401,605,2023-12-25,2024-03-11,Returned
14772,1297,220,2026-02-26,2026-05-11,Returned
14773,1726,579,2025-03-29,,Late
14774,1430,861,2025-03-04,2025-11-15,Returned
14775,1558,456,2025-02-03,2025-12-23,Returned
14776,752,835,2025-01-14,,Active
14777,517,218,2023-07-13,2025-02-18,Returned
14778,743,92,2026-05-28,2026-06-04,Returned
14779,934,179,2024-12-10,2025-08-13,Returned
14780,848,694,2026-06-02,2026-06-05,Returned
14781,1453,94,2025-02-21,2026-05-18,Returned
14782,1405,955,2024-11-24,2025-05-28,Returned
14783,1179,899,2024-05-05,2026-05-14,Returned
14784,1927,63,2025-11-13,2026-06-06,Returned
14785,558,821,2023-06-07,2024-08-06,Returned
14786,205,524,2023-06-13,2026-03-16,Returned
14787,785,607,2024-03-15,2026-01-31,Returned
14788,1533,260,2025-07-04,2025-09-14,Returned
14789,375,912,2025-09-05,2025-10-01,Returned
14790,540,402,2026-05-19,,Active
14791,1239,87,2024-06-17,2024-09-19,Returned
14792,42,304,2024-02-10,2025-05-16,Returned
14793,1205,676,2023-12-02,,Active
14794,1560,23,2023-07-20,2024-01-19,Returned
14795,1272,145,2025-01-26,2025-08-30,Returned
14796,817,259,2025-05-10,2026-03-27,Returned
14797,1652,855,2024-07-28,2025-03-21,Returned
14798,1833,575,2023-06-08,2025-02-07,Returned
14799,1761,741,2025-12-03,2026-05-09,Returned
14800,1892,762,2023-09-13,2024-05-05,Returned
14801,1347,212,2023-10-10,2024-12-25,Returned
14802,1716,779,2025-12-21,2026-02-12,Returned
14803,886,126,2024-12-21,2025-09-09,Returned
14804,1681,97,2024-09-01,2024-12-23,Returned
14805,1351,15,2025-12-09,2026-03-31,Returned
14806,61,1000,2025-04-08,2025-12-20,Returned
14807,1535,266,2024-07-27,2025-05-07,Returned
14808,1317,542,2023-08-07,2024-08-11,Returned
14809,1658,770,2026-04-12,2026-05-25,Returned
14810,322,333,2024-03-04,2024-08-28,Returned
14811,1966,158,2025-08-12,2025-12-21,Returned
14812,1926,525,2025-01-21,2025-07-30,Returned
14813,1762,190,2024-12-20,2025-11-10,Returned
14814,418,608,2024-03-15,2025-09-09,Returned
14815,1295,743,2025-11-14,2026-02-13,Returned
14816,1045,632,2025-07-07,2026-02-07,Returned
14817,702,797,2024-02-21,2025-03-15,Returned
14818,1225,346,2023-06-25,,Active
14819,1396,41,2025-05-16,2026-03-07,Returned
14820,450,40,2025-09-14,2026-01-10,Returned
14821,1993,637,2025-09-24,2025-10-02,Returned
14822,966,314,2026-02-03,,Active
14823,1069,763,2024-07-24,,Active
14824,1930,605,2024-06-17,2025-12-10,Returned
14825,215,461,2025-03-14,2025-11-26,Returned
14826,595,498,2023-07-08,2023-09-25,Returned
14827,688,830,2025-08-18,2025-12-31,Returned
14828,396,738,2023-12-27,2025-04-10,Returned
14829,1835,955,2025-05-29,,Active
14830,1938,244,2025-07-09,2026-05-12,Returned
14831,1514,184,2024-12-25,2026-03-07,Returned
14832,548,235,2024-11-01,2025-10-13,Returned
14833,594,397,2026-05-03,2026-05-11,Returned
14834,1645,555,2024-10-30,2025-12-21,Returned
14835,417,538,2024-12-10,,Active
14836,1190,31,2025-10-05,2026-04-03,Returned
14837,761,997,2026-01-01,2026-01-12,Returned
14838,1618,822,2025-12-05,2026-03-31,Returned
14839,1191,167,2024-10-10,2025-03-18,Returned
14840,473,279,2025-02-11,2025-09-23,Returned
14841,691,103,2024-07-20,2025-06-02,Returned
14842,1064,127,2023-07-14,2024-02-06,Returned
14843,1517,908,2023-10-18,,Active
14844,87,815,2023-10-07,2025-06-02,Returned
14845,1362,287,2025-01-17,2025-11-30,Returned
14846,1463,328,2025-07-07,2026-05-19,Returned
14847,1485,827,2024-12-24,,Active
14848,1964,17,2026-04-23,2026-05-16,Returned
14849,831,276,2025-08-12,2026-05-01,Returned
14850,156,310,2023-08-02,2024-11-23,Returned
14851,627,761,2024-07-21,2025-08-13,Returned
14852,1232,154,2024-09-12,2025-12-28,Returned
14853,1029,1,2025-03-14,,Late
14854,1404,144,2023-11-01,2026-03-09,Returned
14855,1920,303,2026-01-24,2026-01-31,Returned
14856,1142,962,2025-09-21,2025-12-03,Returned
14857,1275,457,2026-02-13,2026-03-10,Returned
14858,852,6,2023-10-07,,Active
14859,1067,590,2026-05-21,2026-05-23,Returned
14860,996,254,2025-06-04,2026-01-18,Returned
14861,516,537,2025-06-29,2026-05-30,Returned
14862,1630,928,2024-10-07,,Late
14863,466,419,2024-10-26,,Active
14864,1874,11,2025-09-10,2025-12-26,Returned
14865,1289,13,2025-12-02,2026-05-12,Returned
14866,1635,757,2024-08-31,2025-08-29,Returned
14867,778,721,2025-11-25,2026-02-08,Returned
14868,77,2,2026-03-19,,Late
14869,821,771,2025-05-05,2025-07-20,Returned
14870,1646,823,2023-12-10,2026-02-06,Returned
14871,385,261,2025-01-09,2025-08-22,Returned
14872,30,846,2025-08-22,2026-04-04,Returned
14873,1760,875,2026-01-29,2026-04-16,Returned
14874,1972,922,2024-03-08,2025-11-28,Returned
14875,689,476,2023-08-31,2025-08-08,Returned
14876,179,643,2024-12-16,2025-07-18,Returned
14877,1893,778,2023-08-22,2024-02-11,Returned
14878,1918,725,2025-09-28,2026-06-04,Returned
14879,112,599,2024-09-09,2025-12-22,Returned
14880,1895,814,2023-10-07,2023-11-16,Returned
14881,98,473,2025-03-23,2025-08-14,Returned
14882,422,265,2026-05-15,2026-06-05,Returned
14883,1785,710,2024-04-10,2026-04-13,Returned
14884,824,238,2025-04-30,2025-08-17,Returned
14885,181,563,2025-04-30,2025-09-11,Returned
14886,1709,65,2026-03-30,2026-05-11,Returned
14887,1094,834,2025-06-08,2025-07-26,Returned
14888,675,325,2023-06-29,2024-10-20,Returned
14889,1000,325,2024-10-14,2025-02-26,Returned
14890,1617,634,2025-11-13,2026-05-01,Returned
14891,820,642,2024-10-08,2025-07-16,Returned
14892,1015,998,2024-04-01,2025-06-05,Returned
14893,180,804,2023-07-13,2023-07-13,Returned
14894,196,205,2024-12-03,2025-10-12,Returned
14895,2000,764,2024-07-18,2025-07-10,Returned
14896,865,782,2024-02-15,2024-12-29,Returned
14897,1006,873,2025-10-07,2026-02-27,Returned
14898,1232,473,2026-01-23,,Active
14899,1428,668,2025-02-24,,Active
14900,1887,342,2024-02-05,2024-07-22,Returned
14901,1963,95,2026-06-04,2026-06-04,Returned
14902,499,415,2025-06-20,2026-05-20,Returned
14903,1192,539,2025-04-27,2026-01-09,Returned
14904,1535,370,2025-11-05,2026-03-05,Returned
14905,991,386,2025-05-06,2025-10-16,Returned
14906,1197,70,2026-01-25,2026-04-03,Returned
14907,1890,976,2025-06-15,2025-08-29,Returned
14908,237,294,2025-03-20,2026-05-03,Returned
14909,1916,552,2025-12-01,2026-05-17,Returned
14910,310,856,2024-03-26,2025-12-03,Returned
14911,312,56,2024-04-01,2024-12-12,Returned
14912,1230,497,2024-12-20,2025-04-18,Returned
14913,1419,513,2024-03-19,2025-11-19,Returned
14914,1883,264,2024-11-09,2025-10-31,Returned
14915,1448,982,2024-12-27,2026-01-12,Returned
14916,1724,141,2023-11-24,2025-09-29,Returned
14917,648,479,2026-04-24,2026-05-10,Returned
14918,331,887,2024-06-03,2026-01-31,Returned
14919,1388,742,2024-04-25,2026-05-08,Returned
14920,1564,173,2024-12-24,2025-12-13,Returned
14921,412,463,2025-07-17,2026-05-15,Returned
14922,1405,439,2026-03-14,2026-03-16,Returned
14923,514,351,2024-09-18,2025-04-21,Returned
14924,695,996,2026-04-05,2026-04-23,Returned
14925,25,848,2024-10-02,2026-04-05,Returned
14926,369,416,2026-03-02,2026-05-16,Returned
14927,1363,164,2024-11-07,2025-06-18,Returned
14928,738,764,2025-07-23,2026-03-23,Returned
14929,299,834,2024-05-04,2024-08-15,Returned
14930,1387,252,2026-04-16,2026-05-08,Returned
14931,1754,210,2024-10-27,2025-01-10,Returned
14932,267,280,2025-02-06,2026-01-17,Returned
14933,68,233,2024-11-11,2026-01-07,Returned
14934,626,507,2024-08-22,2024-10-24,Returned
14935,1181,873,2025-10-17,2025-11-04,Returned
14936,1842,126,2024-09-07,2025-11-17,Returned
14937,1097,928,2025-01-28,2025-10-02,Returned
14938,825,618,2026-02-20,2026-05-14,Returned
14939,1758,256,2024-01-04,2026-05-25,Returned
14940,172,937,2026-03-19,,Late
14941,1669,538,2023-10-26,2024-01-19,Returned
14942,194,884,2024-12-10,2025-07-01,Returned
14943,987,236,2025-06-14,,Active
14944,1908,687,2024-09-09,,Active
14945,1439,652,2024-02-08,2025-07-16,Returned
14946,611,158,2024-07-07,2025-05-30,Returned
14947,1853,257,2024-10-05,2026-01-10,Returned
14948,1654,428,2025-03-19,2026-05-05,Returned
14949,1319,209,2025-04-27,2025-05-18,Returned
14950,966,772,2025-02-10,2025-12-06,Returned
14951,551,737,2024-08-15,2025-03-13,Returned
14952,1526,210,2025-09-05,2025-11-17,Returned
14953,1678,802,2026-05-24,,Late
14954,930,304,2023-06-15,2023-12-19,Returned
14955,1942,90,2023-08-10,2024-08-22,Returned
14956,77,89,2024-05-10,2024-09-22,Returned
14957,1617,637,2023-08-25,2026-05-19,Returned
14958,126,833,2024-09-12,2025-07-26,Returned
14959,335,761,2023-11-05,2026-02-23,Returned
14960,1434,831,2025-08-03,2026-03-26,Returned
14961,500,503,2024-06-19,2026-03-14,Returned
14962,1420,631,2025-02-06,2025-12-02,Returned
14963,845,770,2024-09-22,2024-11-28,Returned
14964,636,687,2025-11-20,2026-01-11,Returned
14965,879,697,2025-07-07,2026-04-17,Returned
14966,1395,413,2026-02-21,2026-03-18,Returned
14967,1688,367,2024-10-25,2025-04-07,Returned
14968,523,85,2024-11-13,2025-11-17,Returned
14969,1691,929,2024-01-14,,Active
14970,1315,697,2024-05-13,,Late
14971,1629,173,2023-09-17,2023-10-27,Returned
14972,460,813,2025-02-21,2025-06-01,Returned
14973,1787,780,2025-10-19,2026-03-12,Returned
14974,1503,948,2023-12-10,2024-06-04,Returned
14975,134,410,2025-05-26,2025-09-02,Returned
14976,862,483,2023-08-24,2025-05-03,Returned
14977,1487,646,2025-06-08,2025-08-02,Returned
14978,1109,342,2026-04-24,2026-06-05,Returned
14979,1408,619,2024-10-08,2026-03-22,Returned
14980,533,158,2024-11-28,2025-06-06,Returned
14981,1694,977,2024-03-02,2024-04-02,Returned
14982,1170,216,2024-04-27,2024-10-31,Returned
14983,1351,902,2025-10-13,2025-12-30,Returned
14984,1159,970,2023-09-06,2024-10-13,Returned
14985,97,257,2023-09-19,2024-09-29,Returned
14986,712,670,2024-07-25,2026-01-11,Returned
14987,305,996,2023-06-09,2025-07-12,Returned
14988,1775,571,2025-11-04,2026-03-02,Returned
14989,188,758,2025-07-15,2025-09-24,Returned
14990,1174,732,2025-05-17,2026-03-05,Returned
14991,1320,885,2025-01-22,2026-05-05,Returned
14992,443,166,2023-12-28,2025-10-29,Returned
14993,950,647,2024-02-03,2024-06-17,Returned
14994,1163,391,2024-10-27,,Active
14995,1925,773,2025-10-11,2026-04-04,Returned
14996,1165,706,2023-08-19,2024-04-01,Returned
14997,313,751,2025-02-14,,Active
14998,527,497,2025-09-22,2025-12-28,Returned
14999,139,852,2026-04-04,2026-04-07,Returned
15000,351,899,2023-07-09,2023-07-28,Returned
15001,1422,783,2025-09-25,2025-11-14,Returned
15002,168,431,2025-08-18,2025-12-28,Returned
15003,1611,194,2024-05-19,2025-07-24,Returned
15004,1500,965,2025-10-23,2026-01-23,Returned
15005,1108,741,2025-12-21,2026-01-17,Returned
15006,1718,273,2025-06-06,2025-07-12,Returned
15007,1366,383,2025-09-01,2025-10-13,Returned
15008,224,637,2026-06-03,2026-06-04,Returned
15009,1584,451,2025-10-17,2025-12-04,Returned
15010,487,328,2024-07-16,,Active
15011,1541,243,2025-01-08,2025-01-22,Returned
15012,1357,194,2023-06-13,2025-05-01,Returned
15013,1167,59,2025-05-07,2026-02-21,Returned
15014,881,669,2026-03-12,2026-05-03,Returned
15015,1992,616,2025-12-31,2026-02-06,Returned
15016,509,626,2025-08-08,2025-12-25,Returned
15017,1062,649,2024-05-07,2025-07-23,Returned
15018,753,215,2024-05-22,2025-04-07,Returned
15019,1163,753,2024-01-26,2026-03-17,Returned
15020,1108,825,2025-07-04,2026-03-21,Returned
15021,961,146,2026-06-04,2026-06-04,Returned
15022,1095,97,2024-07-30,2024-09-16,Returned
15023,1823,573,2023-10-23,2026-01-22,Returned
15024,1305,843,2024-11-07,2026-03-17,Returned
15025,1030,40,2024-07-20,2025-09-15,Returned
15026,1479,416,2024-06-17,2026-03-26,Returned
15027,198,358,2024-03-16,,Active
15028,1491,665,2024-10-23,2025-06-29,Returned
15029,834,548,2026-04-27,,Late
15030,192,170,2023-06-29,2025-03-04,Returned
15031,1698,693,2024-07-17,2025-09-25,Returned
15032,1138,114,2025-01-17,2025-03-09,Returned
15033,1091,359,2025-06-26,2025-08-02,Returned
15034,694,585,2026-01-04,,Active
15035,787,894,2025-10-06,2025-10-25,Returned
15036,370,226,2026-05-10,2026-05-26,Returned
15037,1446,560,2025-01-21,2025-06-26,Returned
15038,1873,512,2025-11-29,2026-02-24,Returned
15039,880,71,2023-08-31,2025-05-17,Returned
15040,1995,249,2025-03-06,2025-09-22,Returned
15041,33,360,2025-03-27,2025-04-16,Returned
15042,1777,582,2026-03-31,2026-04-08,Returned
15043,1841,598,2025-03-31,2025-05-02,Returned
15044,840,171,2024-01-04,2025-06-23,Returned
15045,1650,933,2023-08-09,2024-06-04,Returned
15046,242,115,2025-04-20,2025-11-23,Returned
15047,121,855,2023-11-11,2024-10-30,Returned
15048,1913,397,2025-01-20,2026-03-13,Returned
15049,338,24,2026-03-23,2026-05-15,Returned
15050,344,199,2025-09-13,,Active
15051,1187,725,2024-04-02,2025-08-17,Returned
15052,738,544,2025-10-18,2026-01-12,Returned
15053,1608,285,2024-08-16,2025-03-12,Returned
15054,1308,706,2024-07-14,2026-04-05,Returned
15055,1623,29,2025-10-05,2026-05-11,Returned
15056,638,698,2024-01-04,2024-06-26,Returned
15057,1468,223,2026-02-20,2026-03-17,Returned
15058,280,425,2024-06-02,2024-06-22,Returned
15059,634,672,2024-12-07,2025-07-14,Returned
15060,1805,526,2023-10-30,2025-12-22,Returned
15061,774,40,2024-01-11,2025-08-20,Returned
15062,1488,346,2026-02-10,,Active
15063,776,112,2023-12-11,,Late
15064,1076,824,2025-10-06,2026-04-10,Returned
15065,1712,13,2024-06-20,2025-06-28,Returned
15066,424,549,2024-07-30,2024-08-18,Returned
15067,1360,953,2025-03-03,2025-09-12,Returned
15068,1973,931,2023-08-10,2024-06-01,Returned
15069,272,323,2024-03-02,2025-01-13,Returned
15070,1879,143,2026-02-15,2026-03-16,Returned
15071,49,773,2025-08-11,2026-02-28,Returned
15072,1407,739,2023-10-13,2026-02-08,Returned
15073,1704,349,2024-12-28,2026-04-02,Returned
15074,352,663,2025-06-25,2026-06-04,Returned
15075,75,181,2023-08-29,2025-11-30,Returned
15076,147,916,2025-12-12,2026-03-27,Returned
15077,1626,22,2025-07-28,2025-07-30,Returned
15078,905,650,2024-05-15,2024-11-01,Returned
15079,520,974,2024-08-20,2025-12-27,Returned
15080,1208,157,2025-11-24,2026-01-27,Returned
15081,1585,496,2026-01-20,2026-01-23,Returned
15082,1487,256,2025-08-07,2025-11-20,Returned
15083,609,453,2024-06-17,2025-03-09,Returned
15084,1901,605,2023-06-23,2025-12-20,Returned
15085,796,710,2025-09-23,2026-02-25,Returned
15086,226,741,2025-05-06,2026-05-16,Returned
15087,1416,509,2025-04-10,,Active
15088,1689,225,2026-01-26,2026-02-25,Returned
15089,269,894,2023-06-21,2025-12-17,Returned
15090,666,601,2024-05-30,2025-10-27,Returned
15091,467,997,2025-08-27,2026-02-28,Returned
15092,1847,838,2024-02-15,2026-05-09,Returned
15093,325,524,2025-07-21,2025-12-03,Returned
15094,691,387,2025-07-24,,Late
15095,255,388,2024-07-20,2024-11-06,Returned
15096,1703,4,2025-05-09,2025-08-02,Returned
15097,1624,204,2025-08-19,2025-08-19,Returned
15098,339,359,2024-12-07,2024-12-10,Returned
15099,281,806,2023-07-04,2026-02-26,Returned
15100,996,450,2025-01-10,2026-02-02,Returned
15101,1671,791,2024-07-17,2025-12-12,Returned
15102,1338,946,2024-04-30,2024-08-16,Returned
15103,1491,543,2024-07-06,2026-01-11,Returned
15104,1180,596,2023-11-16,2024-12-15,Returned
15105,1599,190,2026-01-11,2026-03-08,Returned
15106,755,27,2025-02-03,2025-10-15,Returned
15107,1033,608,2025-05-25,2026-04-18,Returned
15108,140,459,2024-07-02,2025-05-29,Returned
15109,992,185,2023-07-15,2025-11-04,Returned
15110,1239,756,2023-10-17,2024-02-17,Returned
15111,1043,17,2026-02-14,2026-05-03,Returned
15112,520,876,2025-05-30,2025-09-06,Returned
15113,371,100,2023-08-07,2024-10-23,Returned
15114,1609,115,2025-09-17,,Late
15115,799,852,2024-04-19,2025-09-07,Returned
15116,1391,547,2024-04-26,2026-02-25,Returned
15117,263,64,2024-04-25,2025-05-15,Returned
15118,1934,732,2025-07-31,2025-12-05,Returned
15119,1468,121,2024-05-08,2025-10-25,Returned
15120,63,794,2024-10-24,2025-06-23,Returned
15121,1533,611,2024-12-10,2025-10-01,Returned
15122,818,762,2025-01-29,2025-06-25,Returned
15123,272,218,2024-08-05,2025-08-26,Returned
15124,1850,672,2025-11-17,2026-03-17,Returned
15125,570,610,2025-06-12,2025-10-01,Returned
15126,286,470,2024-06-06,2024-10-17,Returned
15127,74,211,2023-12-03,2026-04-25,Returned
15128,206,896,2024-10-30,2025-05-22,Returned
15129,1151,411,2025-12-24,2026-04-11,Returned
15130,1729,464,2025-06-27,2025-12-19,Returned
15131,137,36,2026-02-02,2026-03-02,Returned
15132,983,230,2025-03-20,2025-09-02,Returned
15133,218,826,2026-02-23,2026-03-13,Returned
15134,1458,161,2024-08-09,2024-12-21,Returned
15135,1482,512,2024-05-23,2025-04-15,Returned
15136,269,477,2024-05-03,2024-06-18,Returned
15137,1501,126,2023-10-05,2026-05-26,Returned
15138,1757,17,2026-02-23,2026-03-13,Returned
15139,1832,430,2023-12-28,2024-12-25,Returned
15140,525,402,2023-09-20,2023-10-12,Returned
15141,1351,943,2023-12-04,2025-08-15,Returned
15142,1269,345,2025-05-15,2026-01-15,Returned
15143,1183,661,2026-03-26,2026-05-22,Returned
15144,456,644,2023-11-03,2026-02-26,Returned
15145,470,273,2025-04-04,2026-04-14,Returned
15146,1137,15,2025-05-31,2025-10-03,Returned
15147,901,152,2024-04-30,2024-11-14,Returned
15148,816,708,2024-10-26,2025-12-01,Returned
15149,506,873,2024-08-01,2025-04-22,Returned
15150,1499,318,2025-12-14,2026-04-20,Returned
15151,512,331,2025-11-14,2026-02-04,Returned
15152,888,469,2025-10-05,,Late
15153,1484,134,2023-12-24,2024-08-13,Returned
15154,1208,394,2025-07-19,2025-10-02,Returned
15155,1680,230,2024-07-26,2025-05-23,Returned
15156,613,383,2024-05-25,2025-02-21,Returned
15157,605,979,2024-12-01,,Late
15158,670,585,2024-06-13,2025-01-04,Returned
15159,1353,429,2026-01-14,2026-03-01,Returned
15160,1834,908,2023-10-09,2025-03-05,Returned
15161,754,656,2024-11-19,2025-03-03,Returned
15162,1688,969,2026-05-30,2026-05-31,Returned
15163,907,104,2023-08-05,,Active
15164,998,979,2025-03-16,2025-04-13,Returned
15165,303,188,2024-03-22,2025-04-01,Returned
15166,1272,919,2023-07-25,2026-04-19,Returned
15167,1160,128,2025-05-09,2025-12-31,Returned
15168,1903,644,2023-07-20,2026-01-30,Returned
15169,28,761,2026-06-01,2026-06-02,Returned
15170,1687,826,2023-07-28,2025-02-24,Returned
15171,986,86,2024-03-31,2025-10-18,Returned
15172,1017,430,2024-09-06,2024-09-19,Returned
15173,800,538,2025-08-30,2025-12-14,Returned
15174,478,760,2025-10-27,2025-11-16,Returned
15175,165,173,2025-01-10,2026-02-11,Returned
15176,1825,849,2025-02-26,2026-04-19,Returned
15177,1358,208,2025-05-29,,Active
15178,76,701,2026-04-06,2026-04-08,Returned
15179,582,385,2026-05-17,2026-05-26,Returned
15180,339,103,2026-03-11,,Late
15181,912,939,2023-08-01,2025-11-20,Returned
15182,1271,540,2026-01-07,2026-03-30,Returned
15183,1968,246,2026-02-02,2026-04-13,Returned
15184,1160,895,2025-03-23,2026-04-30,Returned
15185,1071,797,2025-01-06,2026-02-24,Returned
15186,426,646,2026-04-02,2026-05-01,Returned
15187,1413,496,2025-02-01,2025-11-04,Returned
15188,1824,317,2025-11-20,2026-05-14,Returned
15189,239,88,2024-12-23,2025-02-13,Returned
15190,50,488,2024-06-14,2024-06-18,Returned
15191,770,106,2024-04-13,2026-03-06,Returned
15192,13,457,2026-02-23,2026-04-24,Returned
15193,953,599,2024-05-17,2026-02-14,Returned
15194,282,68,2024-10-20,2025-03-06,Returned
15195,351,210,2024-02-28,2026-05-02,Returned
15196,1542,160,2024-02-08,2024-12-01,Returned
15197,1388,758,2026-01-29,,Active
15198,266,84,2025-05-11,2026-01-06,Returned
15199,801,747,2024-06-24,2025-10-14,Returned
15200,904,180,2025-12-19,2025-12-30,Returned
15201,138,509,2026-06-05,2026-06-06,Returned
15202,683,972,2023-10-30,2024-05-26,Returned
15203,986,584,2025-10-29,2025-11-22,Returned
15204,467,280,2023-06-18,2023-07-18,Returned
15205,1484,999,2025-08-16,,Active
15206,1220,711,2025-08-08,2025-09-03,Returned
15207,303,62,2024-04-20,2025-12-11,Returned
15208,1907,163,2025-06-03,2026-04-18,Returned
15209,324,877,2024-09-26,2026-04-27,Returned
15210,720,4,2024-02-22,2025-03-30,Returned
15211,921,642,2026-04-06,2026-05-27,Returned
15212,1647,782,2026-05-07,2026-05-15,Returned
15213,1560,308,2024-06-29,2026-04-16,Returned
15214,1349,131,2025-03-12,2025-12-04,Returned
15215,687,229,2025-11-15,2026-05-23,Returned
15216,1868,240,2024-07-18,2026-06-05,Returned
15217,1925,885,2026-01-10,2026-03-01,Returned
15218,1983,974,2025-12-05,2026-04-19,Returned
15219,1754,439,2025-11-20,2026-01-11,Returned
15220,557,805,2025-07-16,2026-04-25,Returned
15221,255,403,2024-04-07,2026-04-26,Returned
15222,897,461,2026-05-21,2026-06-03,Returned
15223,712,327,2023-09-25,2025-03-31,Returned
15224,463,150,2024-01-20,2024-06-14,Returned
15225,244,669,2025-09-15,2025-12-28,Returned
15226,1974,490,2025-07-27,2025-11-08,Returned
15227,258,687,2024-03-05,2026-01-12,Returned
15228,1881,323,2024-09-07,2025-11-20,Returned
15229,568,122,2024-06-19,2025-11-08,Returned
15230,11,834,2025-03-30,2026-01-17,Returned
15231,1978,423,2025-08-05,2025-10-11,Returned
15232,1854,148,2023-07-07,2024-09-16,Returned
15233,1335,524,2025-11-02,2025-12-25,Returned
15234,1815,858,2024-11-22,,Active
15235,1694,205,2026-01-17,2026-06-04,Returned
15236,393,886,2025-05-21,2025-06-16,Returned
15237,203,843,2024-11-15,2025-10-08,Returned
15238,43,19,2024-03-14,2025-07-06,Returned
15239,1819,487,2025-09-06,2025-11-10,Returned
15240,602,284,2024-10-01,,Late
15241,1561,160,2024-01-26,2024-06-01,Returned
15242,1062,117,2024-12-11,2025-08-29,Returned
15243,1760,422,2026-01-07,2026-02-06,Returned
15244,1330,488,2023-11-23,2025-05-19,Returned
15245,554,582,2025-09-10,2026-05-11,Returned
15246,1878,341,2025-08-31,2025-11-28,Returned
15247,1994,656,2023-11-18,2023-11-30,Returned
15248,1342,810,2024-06-19,2024-12-31,Returned
15249,2,59,2024-03-15,2024-10-27,Returned
15250,430,730,2024-05-11,2025-08-10,Returned
15251,1728,178,2026-01-09,2026-01-20,Returned
15252,456,166,2025-11-20,2026-05-17,Returned
15253,848,708,2023-12-15,,Active
15254,746,612,2025-03-16,2025-05-19,Returned
15255,1537,308,2024-08-05,2024-10-07,Returned
15256,670,588,2024-12-18,,Active
15257,1233,726,2025-06-09,,Late
15258,535,913,2023-12-26,2025-09-10,Returned
15259,1386,1,2025-10-06,2026-05-22,Returned
15260,274,814,2023-07-10,,Late
15261,814,354,2025-05-02,2026-03-28,Returned
15262,35,837,2023-10-26,2025-12-27,Returned
15263,148,944,2024-07-11,2025-01-11,Returned
15264,1800,967,2026-03-22,2026-04-19,Returned
15265,1028,726,2024-04-24,,Late
15266,252,93,2026-04-16,2026-05-17,Returned
15267,287,148,2026-06-05,2026-06-06,Returned
15268,809,380,2024-08-22,2025-01-24,Returned
15269,785,557,2025-06-11,,Late
15270,74,792,2023-11-22,2025-07-19,Returned
15271,933,857,2026-04-27,,Active
15272,1038,289,2024-11-30,2025-02-17,Returned
15273,377,559,2026-02-02,2026-04-27,Returned
15274,1028,503,2024-04-26,2026-05-22,Returned
15275,223,671,2023-10-14,2024-01-10,Returned
15276,531,437,2023-12-17,2025-01-11,Returned
15277,1724,42,2023-07-09,2023-12-15,Returned
15278,1256,418,2023-12-29,2025-11-13,Returned
15279,299,785,2024-09-23,2025-05-23,Returned
15280,960,532,2024-12-16,2025-08-14,Returned
15281,681,189,2025-02-03,2025-04-12,Returned
15282,943,141,2024-03-22,2024-11-10,Returned
15283,234,297,2024-10-06,2025-07-29,Returned
15284,1601,248,2023-12-26,,Late
15285,269,142,2026-02-26,2026-05-05,Returned
15286,1861,815,2023-06-18,2024-09-01,Returned
15287,1270,97,2024-04-04,,Late
15288,431,405,2023-07-14,,Active
15289,649,732,2023-11-10,2026-04-02,Returned
15290,944,541,2025-06-18,2025-07-26,Returned
15291,938,213,2025-08-17,,Late
15292,1128,791,2025-12-16,2025-12-24,Returned
15293,1300,19,2024-12-22,2025-09-30,Returned
15294,50,143,2023-08-02,2023-12-08,Returned
15295,1649,88,2023-07-25,2026-06-06,Returned
15296,1260,362,2023-12-11,2024-11-08,Returned
15297,1833,866,2023-10-12,2025-12-11,Returned
15298,1430,733,2023-12-03,2024-05-11,Returned
15299,1106,568,2023-11-10,2024-05-09,Returned
15300,1794,836,2025-12-28,2026-04-27,Returned
15301,139,215,2023-06-28,2025-07-19,Returned
15302,711,675,2026-02-18,2026-05-08,Returned
15303,1825,233,2023-07-04,2024-07-06,Returned
15304,749,876,2024-06-28,2025-10-16,Returned
15305,909,440,2025-11-05,,Active
15306,162,676,2025-01-26,2025-09-16,Returned
15307,1306,384,2026-02-19,2026-04-13,Returned
15308,1816,738,2023-07-13,2023-10-19,Returned
15309,1872,348,2024-08-25,2025-03-16,Returned
15310,394,992,2025-10-09,2026-01-10,Returned
15311,1979,517,2026-01-04,2026-03-05,Returned
15312,208,903,2023-11-18,2025-12-23,Returned
15313,890,230,2023-10-12,2025-03-10,Returned
15314,696,94,2026-04-15,2026-04-21,Returned
15315,728,58,2025-11-05,2026-04-23,Returned
15316,52,208,2025-01-12,2025-12-20,Returned
15317,403,696,2023-07-05,2026-04-17,Returned
15318,480,628,2025-10-07,2026-05-21,Returned
15319,1266,723,2024-11-19,2026-03-06,Returned
15320,454,764,2025-01-25,2026-04-05,Returned
15321,368,858,2026-01-13,2026-05-21,Returned
15322,1304,430,2025-08-12,2025-08-24,Returned
15323,574,746,2024-04-09,2024-11-11,Returned
15324,1935,745,2024-08-31,2026-02-12,Returned
15325,189,935,2023-07-17,2025-05-15,Returned
15326,202,471,2026-04-08,2026-05-20,Returned
15327,1234,221,2024-03-25,2025-03-03,Returned
15328,1257,273,2025-12-12,2026-01-15,Returned
15329,1188,950,2023-08-06,2025-02-17,Returned
15330,656,144,2024-12-21,2025-08-07,Returned
15331,1543,757,2026-02-24,2026-04-25,Returned
15332,108,113,2024-01-08,2026-04-04,Returned
15333,1965,891,2026-01-21,2026-03-31,Returned
15334,161,648,2026-05-16,2026-05-29,Returned
15335,1922,804,2023-06-22,2026-04-03,Returned
15336,981,155,2023-06-26,2026-03-08,Returned
15337,271,971,2025-12-25,2026-04-19,Returned
15338,877,730,2023-06-16,2024-08-08,Returned
15339,930,293,2024-01-06,2025-09-28,Returned
15340,1075,136,2023-12-05,2025-08-28,Returned
15341,983,364,2025-12-23,2026-01-06,Returned
15342,108,808,2024-08-17,2026-04-22,Returned
15343,101,370,2023-07-28,2024-07-03,Returned
15344,905,445,2025-08-17,2026-06-02,Returned
15345,1441,293,2026-05-12,2026-05-20,Returned
15346,439,807,2025-10-07,2026-01-25,Returned
15347,490,883,2023-08-29,2024-11-30,Returned
15348,124,8,2023-10-16,2025-11-13,Returned
15349,462,644,2026-02-08,2026-05-16,Returned
15350,506,717,2023-10-28,2026-03-04,Returned
15351,1672,515,2024-03-14,2025-04-04,Returned
15352,794,583,2026-03-02,2026-03-09,Returned
15353,707,295,2026-03-20,2026-04-12,Returned
15354,1553,712,2024-02-28,2024-06-16,Returned
15355,156,143,2026-04-24,2026-04-30,Returned
15356,288,114,2026-03-06,2026-05-14,Returned
15357,1046,452,2023-06-30,2025-02-28,Returned
15358,198,83,2024-04-19,2024-07-29,Returned
15359,369,48,2025-08-21,2025-10-08,Returned
15360,1174,999,2024-06-15,2026-06-02,Returned
15361,962,327,2023-12-17,2024-02-18,Returned
15362,460,153,2024-07-25,2024-08-07,Returned
15363,112,743,2023-10-10,2025-02-26,Returned
15364,94,37,2025-02-17,2026-02-26,Returned
15365,919,850,2024-03-16,2026-03-20,Returned
15366,1881,466,2025-01-09,,Active
15367,1510,580,2025-01-31,2025-10-22,Returned
15368,330,227,2024-12-14,2025-06-16,Returned
15369,891,404,2024-02-14,2024-12-06,Returned
15370,1298,564,2024-05-14,2026-04-13,Returned
15371,410,817,2023-07-22,2024-09-20,Returned
15372,205,65,2024-09-20,2025-11-22,Returned
15373,898,841,2025-09-24,2026-06-04,Returned
15374,975,433,2025-11-12,2026-02-03,Returned
15375,1516,407,2025-10-01,2026-03-20,Returned
15376,1321,580,2025-01-12,2025-01-23,Returned
15377,1092,230,2025-01-02,2025-09-15,Returned
15378,967,218,2025-06-13,2025-12-30,Returned
15379,1175,676,2024-11-06,2024-12-17,Returned
15380,368,290,2024-08-14,2025-10-11,Returned
15381,91,511,2026-04-15,2026-04-18,Returned
15382,1848,489,2023-09-13,2023-10-29,Returned
15383,1210,884,2024-01-20,2025-10-03,Returned
15384,1339,509,2023-10-10,2024-01-08,Returned
15385,796,20,2024-11-24,2025-03-05,Returned
15386,1447,490,2025-11-04,2026-03-14,Returned
15387,1702,609,2026-06-01,2026-06-06,Returned
15388,865,396,2026-05-30,2026-06-03,Returned
15389,533,58,2026-02-21,,Active
15390,1927,560,2024-08-02,2025-12-05,Returned
15391,1151,549,2025-09-17,2025-09-29,Returned
15392,998,766,2024-11-23,2025-02-04,Returned
15393,916,644,2025-11-01,2026-04-23,Returned
15394,172,620,2025-01-05,2025-07-26,Returned
15395,964,902,2024-02-13,2024-04-14,Returned
15396,119,485,2023-08-08,2026-01-01,Returned
15397,1914,466,2026-01-21,2026-02-08,Returned
15398,1487,403,2026-03-23,,Active
15399,1221,181,2025-02-21,2026-03-11,Returned
15400,639,719,2026-04-22,2026-05-21,Returned
15401,1241,254,2023-11-22,2025-03-06,Returned
15402,911,509,2025-03-19,,Late
15403,642,609,2024-04-30,2026-02-20,Returned
15404,1583,79,2024-04-08,2025-05-24,Returned
15405,504,389,2024-11-23,2025-06-23,Returned
15406,367,833,2024-07-18,2024-09-03,Returned
15407,1435,113,2025-08-07,,Active
15408,1843,328,2023-10-20,2025-10-12,Returned
15409,1343,610,2023-07-06,2026-03-22,Returned
15410,1614,798,2025-11-08,2025-11-10,Returned
15411,72,708,2024-09-22,2025-04-15,Returned
15412,1993,919,2024-07-22,2026-05-06,Returned
15413,1684,459,2023-08-02,,Active
15414,10,582,2024-04-11,2024-11-09,Returned
15415,1717,858,2023-06-15,2024-06-07,Returned
15416,214,741,2026-02-03,2026-04-25,Returned
15417,1264,481,2025-03-05,2025-09-24,Returned
15418,569,736,2024-04-28,2024-08-29,Returned
15419,309,447,2023-11-28,,Late
15420,1037,990,2024-10-04,2025-10-21,Returned
15421,1049,202,2026-04-05,2026-05-31,Returned
15422,103,872,2023-12-19,,Active
15423,1425,501,2024-06-02,2025-10-07,Returned
15424,1351,141,2026-02-12,2026-03-09,Returned
15425,1129,753,2024-03-02,2025-09-14,Returned
15426,61,542,2024-01-02,2024-09-20,Returned
15427,448,79,2023-07-09,,Active
15428,1121,449,2025-11-17,2026-03-09,Returned
15429,1676,125,2023-11-10,2026-01-23,Returned
15430,1300,665,2024-05-13,2024-12-03,Returned
15431,1954,617,2024-08-09,2025-08-22,Returned
15432,1056,925,2025-07-27,2026-03-19,Returned
15433,1176,858,2025-09-28,,Late
15434,1216,497,2024-10-09,2024-11-09,Returned
15435,985,527,2025-03-13,2025-09-15,Returned
15436,1527,618,2025-09-24,2026-01-20,Returned
15437,101,44,2023-11-14,2024-03-28,Returned
15438,613,198,2025-02-04,2025-11-24,Returned
15439,38,574,2024-05-22,2026-05-24,Returned
15440,179,656,2025-11-06,2026-01-08,Returned
15441,1312,607,2024-01-02,2025-01-02,Returned
15442,1026,54,2024-08-07,2025-11-01,Returned
15443,127,38,2023-12-31,2024-10-23,Returned
15444,1072,838,2023-09-08,,Active
15445,339,783,2023-11-22,2024-06-11,Returned
15446,692,234,2026-05-28,2026-06-02,Returned
15447,1559,464,2024-12-16,2025-04-22,Returned
15448,441,909,2026-01-03,2026-01-28,Returned
15449,1854,328,2025-04-21,2025-05-14,Returned
15450,161,272,2025-04-04,2026-03-16,Returned
15451,1762,326,2023-08-08,2025-05-14,Returned
15452,808,165,2024-11-13,2024-11-22,Returned
15453,67,60,2023-11-01,2024-09-23,Returned
15454,994,852,2024-02-29,2025-05-20,Returned
15455,1000,422,2024-11-09,2025-02-12,Returned
15456,229,792,2025-03-03,2026-05-16,Returned
15457,1428,575,2026-05-17,2026-05-27,Returned
15458,283,383,2023-08-30,2023-11-13,Returned
15459,483,907,2025-08-09,2026-04-23,Returned
15460,169,182,2023-10-10,2025-10-19,Returned
15461,242,148,2025-03-21,2025-04-23,Returned
15462,1207,226,2023-11-30,2026-01-23,Returned
15463,545,190,2025-05-02,2025-08-12,Returned
15464,1285,821,2024-04-24,2025-12-06,Returned
15465,1213,284,2023-12-04,2026-01-10,Returned
15466,1755,37,2026-04-13,2026-04-18,Returned
15467,1160,398,2024-03-23,2026-03-03,Returned
15468,1908,923,2023-10-17,2025-03-17,Returned
15469,1525,943,2023-12-03,,Active
15470,54,843,2025-09-13,2026-04-11,Returned
15471,87,794,2024-02-29,2025-05-07,Returned
15472,1634,742,2023-10-15,2025-02-07,Returned
15473,736,293,2026-01-11,2026-04-17,Returned
15474,905,913,2024-05-21,2025-02-18,Returned
15475,636,853,2024-01-01,2026-02-04,Returned
15476,682,832,2024-02-16,2024-03-11,Returned
15477,1599,240,2026-03-10,2026-04-14,Returned
15478,301,65,2025-01-07,2025-06-22,Returned
15479,315,957,2025-11-09,2026-04-09,Returned
15480,387,43,2026-01-09,2026-01-29,Returned
15481,855,598,2023-08-26,2026-03-09,Returned
15482,1300,846,2023-07-13,2025-05-11,Returned
15483,1013,763,2024-11-01,2025-02-23,Returned
15484,911,314,2024-07-03,2025-02-06,Returned
15485,1641,483,2025-03-18,2026-01-22,Returned
15486,1726,622,2025-07-08,2026-05-28,Returned
15487,360,652,2025-08-11,,Late
15488,1831,315,2025-04-22,2025-05-15,Returned
15489,1853,305,2025-05-21,2026-01-20,Returned
15490,57,804,2024-07-26,2025-08-25,Returned
15491,286,380,2023-12-04,2024-11-24,Returned
15492,1167,646,2024-06-28,2025-04-15,Returned
15493,1890,404,2025-02-26,2025-03-01,Returned
15494,823,89,2026-04-01,2026-04-13,Returned
15495,1921,585,2026-04-20,2026-06-03,Returned
15496,1239,871,2024-07-29,2025-05-07,Returned
15497,59,716,2025-11-01,2025-11-06,Returned
15498,434,380,2025-12-07,2026-04-05,Returned
15499,526,783,2024-05-18,2025-07-17,Returned
15500,706,754,2024-02-16,2024-12-26,Returned
15501,968,157,2025-04-03,,Late
15502,1720,340,2025-09-19,2026-02-18,Returned
15503,1820,564,2026-04-12,2026-04-22,Returned
15504,1807,526,2023-08-16,,Active
15505,133,527,2025-06-17,,Late
15506,1064,726,2026-04-13,2026-05-08,Returned
15507,564,309,2023-10-07,2026-04-16,Returned
15508,1063,503,2026-06-04,,Late
15509,1046,618,2025-09-08,2025-12-05,Returned
15510,444,349,2023-08-08,2024-04-23,Returned
15511,217,516,2023-08-01,2023-08-11,Returned
15512,1320,583,2025-08-08,2025-11-26,Returned
15513,18,620,2023-08-17,,Active
15514,1389,369,2024-12-10,2025-04-11,Returned
15515,1567,666,2025-02-05,2026-03-01,Returned
15516,1033,538,2025-06-12,2025-10-13,Returned
15517,344,842,2025-10-31,2026-03-13,Returned
15518,1052,923,2025-02-05,2026-04-27,Returned
15519,1991,799,2025-06-18,2026-06-05,Returned
15520,313,781,2024-09-06,2025-08-14,Returned
15521,504,997,2023-09-24,,Active
15522,1619,558,2024-11-08,2025-12-22,Returned
15523,722,37,2024-07-14,2025-12-13,Returned
15524,455,418,2026-04-22,2026-04-28,Returned
15525,951,829,2024-02-27,2026-01-03,Returned
15526,99,60,2024-08-18,,Active
15527,899,301,2024-07-05,2025-09-28,Returned
15528,1276,528,2025-01-09,2025-05-12,Returned
15529,682,586,2024-05-10,2026-03-10,Returned
15530,808,260,2025-06-04,2025-06-19,Returned
15531,1746,45,2025-01-31,2026-03-20,Returned
15532,1411,970,2023-06-16,2023-11-05,Returned
15533,1553,858,2025-08-23,2025-12-03,Returned
15534,1515,465,2025-09-13,2026-03-26,Returned
15535,1780,322,2023-11-30,2025-10-14,Returned
15536,1209,121,2025-08-20,,Active
15537,588,742,2024-07-16,2025-10-07,Returned
15538,319,635,2024-02-03,2024-11-13,Returned
15539,1382,758,2024-12-03,2026-03-23,Returned
15540,1078,704,2023-12-10,2025-09-03,Returned
15541,1109,455,2024-01-21,,Active
15542,1062,841,2024-08-25,2024-09-14,Returned
15543,746,269,2026-02-14,2026-04-27,Returned
15544,875,468,2023-11-23,,Active
15545,1552,780,2024-05-26,2026-02-16,Returned
15546,849,519,2024-03-13,2025-10-06,Returned
15547,1196,296,2026-02-21,2026-03-08,Returned
15548,815,215,2025-07-16,2026-01-07,Returned
15549,1091,705,2024-03-12,2025-12-05,Returned
15550,148,191,2025-09-20,2026-01-04,Returned
15551,1748,328,2025-12-01,2026-04-18,Returned
15552,908,23,2026-01-29,2026-03-28,Returned
15553,716,143,2025-12-17,2026-01-18,Returned
15554,1752,187,2026-03-27,2026-05-24,Returned
15555,386,19,2025-04-02,2026-04-14,Returned
15556,1887,209,2023-09-01,2024-07-03,Returned
15557,99,661,2024-01-02,2026-05-30,Returned
15558,19,501,2026-04-05,,Active
15559,839,291,2023-07-09,2025-04-12,Returned
15560,1496,138,2025-03-23,2026-01-04,Returned
15561,868,238,2024-08-07,,Active
15562,1478,211,2025-07-31,2026-03-26,Returned
15563,1081,177,2025-12-14,2026-03-17,Returned
15564,1731,4,2024-01-14,2026-03-20,Returned
15565,611,299,2025-12-10,2026-03-18,Returned
15566,1386,617,2024-09-17,2025-04-10,Returned
15567,708,477,2025-06-16,2025-07-04,Returned
15568,1714,551,2024-07-18,2025-01-24,Returned
15569,363,189,2024-07-30,2024-12-12,Returned
15570,1420,800,2026-05-16,2026-06-03,Returned
15571,1237,547,2024-10-13,,Late
15572,1473,405,2024-10-01,2026-04-09,Returned
15573,270,167,2023-09-07,2024-03-12,Returned
15574,1244,141,2023-07-28,2025-04-06,Returned
15575,765,982,2024-12-22,2025-11-19,Returned
15576,161,82,2024-10-29,2026-01-23,Returned
15577,1069,48,2024-08-08,2026-05-08,Returned
15578,1037,494,2026-05-28,2026-06-01,Returned
15579,101,150,2024-12-14,2025-03-22,Returned
15580,193,101,2025-06-03,2026-03-27,Returned
15581,571,19,2023-08-15,2026-04-22,Returned
15582,593,639,2024-05-24,,Active
15583,1523,885,2025-10-27,2026-02-21,Returned
15584,1973,294,2024-07-11,2026-02-20,Returned
15585,1302,698,2024-12-04,2025-01-15,Returned
15586,1189,961,2024-04-10,,Active
15587,1732,224,2023-08-26,2025-06-21,Returned
15588,1069,726,2026-04-26,2026-05-03,Returned
15589,1252,690,2024-09-14,2024-09-17,Returned
15590,1895,961,2024-01-31,2026-03-01,Returned
15591,448,79,2025-11-20,2026-03-17,Returned
15592,1827,566,2025-01-22,2025-05-12,Returned
15593,1478,55,2023-06-10,2025-11-18,Returned
15594,992,85,2024-07-06,2025-04-05,Returned
15595,1932,585,2024-08-21,2025-03-19,Returned
15596,1979,743,2026-02-09,2026-04-10,Returned
15597,1289,67,2023-09-11,2025-05-20,Returned
15598,755,430,2023-06-25,2023-09-29,Returned
15599,586,25,2026-02-24,2026-05-06,Returned
15600,1325,874,2024-05-10,2025-04-06,Returned
15601,1240,445,2023-08-13,2024-04-18,Returned
15602,703,720,2024-02-18,2026-03-07,Returned
15603,729,195,2025-12-17,2026-05-10,Returned
15604,924,328,2026-05-28,2026-05-28,Returned
15605,993,330,2025-09-05,2026-04-21,Returned
15606,450,916,2024-08-26,2026-01-23,Returned
15607,667,411,2026-02-18,2026-05-21,Returned
15608,1855,568,2024-08-20,2025-09-11,Returned
15609,1141,370,2023-11-21,2025-06-19,Returned
15610,1246,194,2025-08-04,2026-04-29,Returned
15611,1788,229,2024-05-05,2024-06-19,Returned
15612,662,75,2026-04-07,2026-05-30,Returned
15613,1742,949,2025-04-02,2025-11-06,Returned
15614,1639,648,2023-11-26,2026-01-15,Returned
15615,1374,817,2023-10-30,2025-08-19,Returned
15616,384,308,2023-08-25,2024-08-20,Returned
15617,1532,713,2024-08-07,2024-10-15,Returned
15618,385,650,2023-07-06,2023-10-06,Returned
15619,1440,170,2024-12-15,2025-06-20,Returned
15620,577,735,2024-08-23,2025-09-15,Returned
15621,1140,86,2025-02-17,2026-01-07,Returned
15622,1740,33,2024-03-07,2025-04-21,Returned
15623,290,27,2026-02-02,2026-04-20,Returned
15624,1556,534,2026-05-29,2026-06-06,Returned
15625,1129,385,2026-03-09,2026-06-04,Returned
15626,871,797,2023-08-19,,Late
15627,1508,999,2023-08-09,2024-07-03,Returned
15628,607,796,2026-05-20,2026-05-25,Returned
15629,231,465,2024-07-20,,Late
15630,522,978,2025-03-09,,Active
15631,684,398,2023-07-10,,Active
15632,1396,844,2023-07-30,,Active
15633,162,869,2023-09-15,2023-12-02,Returned
15634,411,548,2025-07-22,2025-12-18,Returned
15635,569,604,2026-03-14,2026-05-27,Returned
15636,848,838,2024-09-29,2025-09-16,Returned
15637,815,799,2024-06-23,2025-09-21,Returned
15638,73,867,2024-09-05,2026-02-10,Returned
15639,1063,967,2026-01-27,2026-04-04,Returned
15640,872,873,2025-01-21,2025-08-12,Returned
15641,818,709,2023-07-23,2025-08-21,Returned
15642,1451,905,2024-02-08,2025-07-31,Returned
15643,992,196,2025-03-14,2025-10-07,Returned
15644,365,997,2025-02-03,2025-08-06,Returned
15645,1932,797,2025-03-27,2025-07-14,Returned
15646,136,95,2026-05-30,2026-06-02,Returned
15647,643,435,2025-12-11,2026-01-13,Returned
15648,660,860,2026-03-16,2026-05-01,Returned
15649,1080,233,2023-09-26,2026-02-14,Returned
15650,774,595,2026-01-02,2026-03-27,Returned
15651,843,731,2026-01-29,2026-05-12,Returned
15652,948,448,2024-06-25,2024-10-24,Returned
15653,617,729,2024-10-29,2026-01-10,Returned
15654,294,486,2023-10-28,2024-05-08,Returned
15655,1879,993,2023-10-10,2024-09-15,Returned
15656,527,350,2025-10-04,2026-02-14,Returned
15657,1656,817,2024-06-04,2025-03-17,Returned
15658,750,4,2023-09-08,2025-11-22,Returned
15659,800,950,2026-04-16,,Late
15660,1460,453,2025-01-23,2025-03-15,Returned
15661,1070,904,2023-06-15,2026-06-04,Returned
15662,1244,686,2025-11-27,2025-12-24,Returned
15663,1898,809,2024-09-20,2024-09-28,Returned
15664,386,554,2025-09-21,,Active
15665,1693,855,2024-12-15,2026-04-13,Returned
15666,61,136,2023-12-01,2024-12-22,Returned
15667,32,679,2023-07-15,2025-08-28,Returned
15668,1884,636,2024-11-06,,Late
15669,333,12,2025-07-02,2026-05-14,Returned
15670,1940,767,2023-09-01,2023-10-17,Returned
15671,837,971,2026-01-19,2026-04-14,Returned
15672,277,217,2024-09-21,2026-01-31,Returned
15673,1828,888,2024-05-01,2026-04-15,Returned
15674,1745,136,2024-07-05,2026-01-15,Returned
15675,693,422,2023-10-28,2024-08-06,Returned
15676,111,718,2025-11-04,2026-05-15,Returned
15677,1503,335,2025-05-12,2025-09-13,Returned
15678,640,788,2026-04-26,2026-05-02,Returned
15679,1398,377,2026-05-06,,Active
15680,121,285,2025-08-06,,Active
15681,1455,843,2025-02-19,2025-05-29,Returned
15682,1658,959,2024-06-24,2025-04-11,Returned
15683,732,730,2025-12-15,,Active
15684,1367,550,2023-12-20,2026-05-18,Returned
15685,472,737,2024-12-16,2025-12-27,Returned
15686,586,220,2024-03-21,2024-04-28,Returned
15687,973,582,2025-04-05,2026-02-19,Returned
15688,182,636,2025-12-26,2026-05-16,Returned
15689,1254,378,2026-01-19,2026-05-27,Returned
15690,198,387,2025-07-29,2025-12-11,Returned
15691,980,399,2025-08-30,2025-11-18,Returned
15692,991,373,2024-09-10,2025-01-08,Returned
15693,451,903,2025-04-28,2025-05-11,Returned
15694,25,29,2024-12-26,2025-09-11,Returned
15695,253,586,2026-03-04,2026-04-01,Returned
15696,1638,418,2024-05-07,2026-03-20,Returned
15697,689,239,2024-02-25,2026-05-03,Returned
15698,137,722,2023-12-22,2024-11-29,Returned
15699,4,473,2023-06-30,2024-07-19,Returned
15700,179,300,2025-02-26,2026-01-15,Returned
15701,679,812,2023-08-31,2024-05-11,Returned
15702,1328,376,2025-02-16,2025-08-05,Returned
15703,983,892,2025-07-06,2026-03-22,Returned
15704,1071,831,2024-05-21,2024-10-20,Returned
15705,1250,311,2023-08-23,2026-02-12,Returned
15706,48,835,2024-02-14,2025-08-04,Returned
15707,399,462,2025-03-29,2025-06-01,Returned
15708,1403,27,2024-09-26,,Late
15709,1092,976,2024-08-05,2026-01-20,Returned
15710,1792,487,2023-07-22,2024-10-14,Returned
15711,1809,790,2024-04-07,2024-04-11,Returned
15712,655,277,2024-10-01,,Late
15713,1223,958,2024-10-12,2025-09-08,Returned
15714,577,392,2024-04-21,2025-12-11,Returned
15715,1988,621,2025-09-18,2026-06-03,Returned
15716,1199,325,2026-01-18,2026-01-26,Returned
15717,360,55,2024-04-04,2025-08-29,Returned
15718,1663,649,2026-05-27,2026-06-05,Returned
15719,525,211,2023-09-02,2026-06-02,Returned
15720,723,50,2024-10-28,2025-05-13,Returned
15721,1068,489,2024-10-21,2024-12-30,Returned
15722,1319,200,2025-02-23,2025-10-15,Returned
15723,797,76,2026-02-04,,Late
15724,1663,599,2025-04-25,,Active
15725,1182,409,2026-01-08,2026-05-24,Returned
15726,1940,303,2025-06-23,2025-09-17,Returned
15727,1502,328,2024-12-14,2025-09-19,Returned
15728,1345,922,2024-04-29,2024-07-31,Returned
15729,79,859,2026-01-07,2026-02-18,Returned
15730,4,201,2025-10-01,,Active
15731,1696,584,2024-03-17,2024-08-20,Returned
15732,765,308,2025-02-21,2025-04-01,Returned
15733,276,225,2025-12-22,2026-04-22,Returned
15734,1395,105,2025-07-24,2026-03-09,Returned
15735,1497,805,2025-12-15,2026-01-18,Returned
15736,1930,824,2023-12-23,,Active
15737,1842,491,2025-04-26,2025-06-05,Returned
15738,148,569,2024-06-20,2024-08-05,Returned
15739,1456,758,2025-02-09,2025-05-04,Returned
15740,1298,57,2023-11-18,2024-11-11,Returned
15741,1571,794,2025-10-09,2026-02-14,Returned
15742,1501,436,2024-12-08,2025-02-16,Returned
15743,985,128,2025-12-28,2026-04-24,Returned
15744,1110,371,2024-12-28,2026-05-03,Returned
15745,257,138,2025-10-25,2026-01-16,Returned
15746,1608,755,2025-06-28,2025-09-22,Returned
15747,1234,141,2026-05-18,2026-05-18,Returned
15748,1257,181,2023-09-10,2024-01-01,Returned
15749,1077,531,2025-06-03,,Active
15750,477,698,2023-08-26,2023-10-14,Returned
15751,1015,241,2024-12-31,2025-06-28,Returned
15752,545,281,2025-10-14,2026-01-16,Returned
15753,973,779,2025-12-23,2026-04-01,Returned
15754,1348,886,2024-03-03,,Active
15755,90,240,2023-11-10,2025-01-26,Returned
15756,61,421,2025-02-28,2025-10-13,Returned
15757,271,954,2025-12-13,2026-05-29,Returned
15758,372,137,2023-09-28,2024-04-10,Returned
15759,1571,321,2024-02-19,2025-12-08,Returned
15760,603,65,2025-10-17,,Late
15761,1646,951,2024-07-30,2024-11-01,Returned
15762,717,973,2024-06-23,2025-11-07,Returned
15763,1460,523,2024-08-11,2026-01-09,Returned
15764,302,398,2024-02-12,2025-06-26,Returned
15765,1794,967,2024-02-21,2026-04-08,Returned
15766,599,605,2025-06-27,,Active
15767,616,365,2023-08-28,2024-04-10,Returned
15768,238,684,2024-12-27,2025-11-29,Returned
15769,698,395,2025-03-17,2025-06-07,Returned
15770,1560,715,2024-08-13,,Active
15771,921,786,2025-05-10,2026-03-19,Returned
15772,188,868,2024-01-01,2024-02-27,Returned
15773,378,449,2023-06-10,2024-06-19,Returned
15774,1916,265,2023-12-24,2024-01-18,Returned
15775,1439,894,2025-10-03,2025-11-05,Returned
15776,47,41,2023-09-14,2026-05-08,Returned
15777,807,34,2024-09-25,2024-12-05,Returned
15778,1448,505,2023-07-29,2025-12-23,Returned
15779,1732,987,2026-04-08,2026-04-16,Returned
15780,1372,644,2025-12-11,2025-12-22,Returned
15781,510,288,2025-08-24,2025-09-11,Returned
15782,888,754,2024-04-02,2025-08-02,Returned
15783,651,527,2024-12-15,,Active
15784,1963,554,2024-07-26,2025-04-13,Returned
15785,767,812,2024-05-11,2026-04-01,Returned
15786,1273,751,2024-09-05,2025-10-16,Returned
15787,316,790,2025-12-26,2026-01-29,Returned
15788,984,947,2025-10-01,,Active
15789,1033,314,2024-10-24,,Active
15790,400,572,2024-11-10,2025-03-20,Returned
15791,569,623,2026-01-30,2026-05-24,Returned
15792,937,920,2023-12-06,2024-04-13,Returned
15793,528,113,2024-12-23,2026-01-08,Returned
15794,1489,477,2025-08-04,2026-03-23,Returned
15795,1326,301,2023-06-14,2024-05-29,Returned
15796,665,922,2025-07-01,2026-03-04,Returned
15797,678,293,2025-05-10,2025-09-24,Returned
15798,703,992,2025-08-12,,Active
15799,1651,504,2024-08-15,2024-08-19,Returned
15800,240,384,2025-05-06,,Active
15801,1411,939,2025-08-14,2025-10-21,Returned
15802,1232,695,2023-10-27,2025-09-03,Returned
15803,1030,25,2025-11-24,2026-03-22,Returned
15804,207,608,2023-10-21,2024-01-03,Returned
15805,1161,742,2024-03-28,2024-06-29,Returned
15806,1453,805,2023-11-12,,Active
15807,1550,403,2025-04-09,2025-06-30,Returned
15808,394,227,2025-07-02,2026-04-08,Returned
15809,287,593,2024-06-02,2026-02-01,Returned
15810,315,527,2025-01-07,2026-03-27,Returned
15811,371,609,2024-02-14,2024-07-06,Returned
15812,1327,130,2024-04-06,2024-05-14,Returned
15813,1698,488,2024-02-12,,Late
15814,1955,369,2025-09-21,2026-05-20,Returned
15815,452,871,2024-03-20,2026-03-28,Returned
15816,823,612,2026-01-30,,Active
15817,1911,290,2025-06-24,2026-04-17,Returned
15818,498,832,2025-10-03,2025-12-02,Returned
15819,794,860,2023-10-04,2025-10-02,Returned
15820,118,461,2024-03-05,2025-11-06,Returned
15821,701,493,2023-06-29,2023-08-22,Returned
15822,1233,50,2025-11-22,2026-01-15,Returned
15823,1641,980,2023-10-30,2024-06-24,Returned
15824,85,69,2023-06-22,2025-07-13,Returned
15825,681,863,2024-06-16,2026-03-10,Returned
15826,754,104,2024-08-06,2024-09-19,Returned
15827,1038,849,2023-08-05,2025-06-18,Returned
15828,58,124,2025-02-12,2025-08-18,Returned
15829,1813,162,2026-03-16,,Late
15830,1807,867,2024-04-09,2026-02-18,Returned
15831,748,15,2025-03-02,,Active
15832,214,977,2025-08-26,2025-10-12,Returned
15833,1735,900,2024-01-10,2025-02-24,Returned
15834,777,414,2023-08-19,2024-06-24,Returned
15835,1250,446,2026-05-23,2026-05-26,Returned
15836,1492,622,2025-02-26,,Active
15837,821,270,2026-04-24,2026-05-21,Returned
15838,269,56,2023-12-11,2025-03-05,Returned
15839,1469,398,2026-02-23,2026-04-09,Returned
15840,694,125,2023-06-18,,Late
15841,47,250,2024-11-28,2025-09-24,Returned
15842,1605,136,2025-11-25,2026-05-01,Returned
15843,1278,773,2025-05-05,2025-05-09,Returned
15844,265,766,2024-03-13,2025-01-10,Returned
15845,711,723,2024-01-28,2024-02-15,Returned
15846,1651,810,2025-01-03,2025-07-09,Returned
15847,456,762,2025-11-29,2026-05-23,Returned
15848,1951,521,2026-01-23,2026-02-19,Returned
15849,1361,810,2024-01-05,2024-05-14,Returned
15850,628,332,2023-08-12,2024-12-07,Returned
15851,1340,357,2023-08-27,2025-08-09,Returned
15852,945,486,2025-02-05,,Late
15853,1162,790,2023-11-05,,Late
15854,227,278,2025-03-07,2025-04-22,Returned
15855,1524,144,2025-04-15,2026-04-12,Returned
15856,1170,312,2024-02-03,2026-01-21,Returned
15857,390,218,2023-06-27,2025-05-29,Returned
15858,1625,721,2025-12-30,2026-05-29,Returned
15859,988,454,2024-08-02,2024-11-06,Returned
15860,430,432,2026-05-10,2026-05-31,Returned
15861,1260,578,2025-01-17,2025-03-11,Returned
15862,715,445,2024-05-17,2025-05-01,Returned
15863,1330,562,2023-09-22,2023-11-13,Returned
15864,789,241,2025-09-15,2026-01-12,Returned
15865,1257,812,2026-04-27,2026-04-27,Returned
15866,892,607,2024-01-05,2024-10-24,Returned
15867,51,900,2025-08-28,2026-01-02,Returned
15868,163,712,2023-11-13,2023-11-22,Returned
15869,1656,359,2024-12-12,2024-12-15,Returned
15870,487,184,2026-04-24,2026-05-13,Returned
15871,634,742,2026-01-03,2026-01-25,Returned
15872,524,86,2025-05-17,2025-08-14,Returned
15873,616,707,2023-11-25,2024-06-25,Returned
15874,83,876,2024-02-05,2024-09-11,Returned
15875,1465,954,2023-07-02,2025-05-03,Returned
15876,1892,114,2023-11-05,2025-03-04,Returned
15877,1310,976,2026-03-30,2026-04-09,Returned
15878,1699,6,2024-07-29,2025-04-04,Returned
15879,1484,735,2023-09-03,2025-04-21,Returned
15880,262,186,2024-04-22,2024-06-06,Returned
15881,733,563,2026-02-11,,Late
15882,1585,177,2025-09-14,2026-05-26,Returned
15883,1101,284,2026-04-30,2026-05-27,Returned
15884,1994,669,2025-01-29,,Active
15885,1851,926,2024-05-14,2024-10-15,Returned
15886,815,53,2026-03-12,2026-04-03,Returned
15887,99,260,2024-05-09,,Late
15888,445,340,2025-02-22,2025-11-19,Returned
15889,519,561,2024-05-25,2025-02-18,Returned
15890,567,224,2024-06-26,2024-09-11,Returned
15891,1625,294,2023-12-16,,Active
15892,2,52,2023-11-19,2025-12-10,Returned
15893,1059,947,2023-06-10,2025-09-06,Returned
15894,717,692,2023-09-24,,Late
15895,709,461,2024-07-18,2025-01-22,Returned
15896,803,245,2024-11-01,,Active
15897,127,81,2026-05-26,2026-06-06,Returned
15898,1594,330,2026-04-22,,Late
15899,578,603,2025-12-11,2026-05-24,Returned
15900,209,181,2024-05-07,2025-04-09,Returned
15901,206,259,2023-08-02,2024-05-24,Returned
15902,376,998,2024-12-12,2026-01-01,Returned
15903,347,659,2024-04-30,2025-08-16,Returned
15904,136,150,2024-09-06,2024-10-04,Returned
15905,14,306,2024-04-11,2025-11-24,Returned
15906,434,336,2024-11-17,,Late
15907,1403,497,2026-05-05,2026-05-17,Returned
15908,1446,457,2025-07-04,2026-05-27,Returned
15909,784,194,2024-07-15,2025-01-20,Returned
15910,869,458,2023-12-13,2026-04-25,Returned
15911,225,579,2025-08-15,2026-04-11,Returned
15912,944,394,2026-01-10,,Late
15913,1576,111,2023-11-10,2024-07-05,Returned
15914,1678,628,2024-03-08,2025-09-22,Returned
15915,1661,142,2024-01-22,2024-04-25,Returned
15916,1208,603,2025-03-19,2025-11-14,Returned
15917,912,281,2024-10-22,2026-01-30,Returned
15918,460,720,2026-06-01,,Late
15919,746,849,2024-11-30,2025-11-07,Returned
15920,1200,322,2025-01-17,2025-07-31,Returned
15921,1235,475,2024-07-25,2026-01-29,Returned
15922,1813,594,2024-04-19,2026-01-06,Returned
15923,1435,650,2025-06-14,2025-08-24,Returned
15924,811,50,2026-02-19,,Active
15925,419,651,2026-05-06,2026-05-23,Returned
15926,1350,474,2025-11-04,2026-01-18,Returned
15927,1435,823,2026-02-01,2026-03-03,Returned
15928,1527,507,2025-06-15,2025-10-02,Returned
15929,1155,189,2025-09-18,2026-05-11,Returned
15930,1370,248,2025-11-23,2025-12-10,Returned
15931,1985,903,2024-12-13,2026-02-14,Returned
15932,1607,994,2025-02-23,2026-03-30,Returned
15933,666,946,2026-01-11,2026-02-12,Returned
15934,787,931,2024-05-23,2025-06-28,Returned
15935,26,300,2026-04-21,2026-05-02,Returned
15936,1570,39,2025-04-28,2025-09-10,Returned
15937,1724,310,2024-10-15,2026-03-02,Returned
15938,509,953,2023-06-10,2025-08-31,Returned
15939,302,771,2024-05-23,2025-06-11,Returned
15940,1626,650,2023-07-05,2026-04-04,Returned
15941,568,19,2026-04-12,2026-05-17,Returned
15942,1085,58,2026-04-12,2026-06-02,Returned
15943,1748,22,2024-07-31,2026-02-23,Returned
15944,450,3,2023-09-13,2024-07-04,Returned
15945,1761,961,2024-03-13,2024-12-05,Returned
15946,1677,862,2025-03-13,2025-08-08,Returned
15947,1335,894,2023-06-15,2026-05-14,Returned
15948,704,751,2026-05-31,2026-06-04,Returned
15949,154,318,2023-07-11,2024-09-30,Returned
15950,1387,293,2023-10-14,2024-12-19,Returned
15951,1180,740,2023-12-01,,Late
15952,1893,616,2023-11-29,2023-12-27,Returned
15953,959,708,2025-01-10,,Active
15954,520,152,2024-02-21,2024-07-25,Returned
15955,29,309,2024-09-15,2025-11-27,Returned
15956,492,119,2024-12-15,,Active
15957,546,718,2024-10-28,2025-01-07,Returned
15958,921,621,2023-10-27,2023-10-28,Returned
15959,1072,351,2023-12-21,,Late
15960,1132,197,2024-09-15,2025-01-25,Returned
15961,294,452,2026-01-02,2026-03-16,Returned
15962,1898,438,2026-04-16,2026-05-23,Returned
15963,942,746,2024-09-25,2025-04-16,Returned
15964,1922,599,2024-10-06,2024-12-10,Returned
15965,1412,482,2023-10-15,2024-11-16,Returned
15966,432,861,2026-04-14,2026-05-24,Returned
15967,1894,588,2026-01-04,2026-05-15,Returned
15968,782,744,2024-04-13,2025-07-26,Returned
15969,366,339,2025-01-15,,Active
15970,1695,467,2024-10-28,2025-01-04,Returned
15971,1116,344,2024-02-20,2026-05-30,Returned
15972,27,114,2026-02-22,2026-04-15,Returned
15973,1431,775,2024-01-02,2025-01-03,Returned
15974,1462,524,2023-09-18,,Late
15975,321,335,2025-11-16,2026-01-03,Returned
15976,866,277,2024-04-23,2025-09-03,Returned
15977,789,1000,2025-07-01,2025-12-15,Returned
15978,591,53,2025-04-21,2026-05-14,Returned
15979,1596,295,2023-07-26,2025-05-03,Returned
15980,1113,941,2024-11-18,2025-12-28,Returned
15981,375,862,2025-07-06,2026-02-07,Returned
15982,1297,560,2024-07-29,2025-12-08,Returned
15983,77,255,2026-03-13,2026-05-03,Returned
15984,1255,247,2023-12-22,2025-03-20,Returned
15985,1404,542,2024-04-11,2024-11-04,Returned
15986,236,429,2026-05-23,,Active
15987,280,106,2025-06-17,2026-03-06,Returned
15988,1551,188,2025-11-07,2026-03-09,Returned
15989,325,6,2024-03-25,2026-02-11,Returned
15990,1714,346,2025-06-29,2026-01-17,Returned
15991,1164,712,2026-05-07,2026-05-15,Returned
15992,1073,688,2024-04-26,,Active
15993,483,634,2026-01-15,2026-03-08,Returned
15994,587,502,2026-05-07,2026-05-07,Returned
15995,1685,279,2026-01-18,2026-05-25,Returned
15996,1000,660,2024-06-17,,Active
15997,674,136,2024-06-27,,Late
15998,18,669,2026-05-30,2026-06-06,Returned
15999,1224,843,2025-11-23,2026-02-21,Returned
16000,1284,983,2025-12-08,2026-06-04,Returned
16001,516,176,2025-05-22,2025-09-18,Returned
16002,527,771,2025-12-26,,Late
16003,1611,380,2024-09-13,2025-06-13,Returned
16004,1472,478,2024-09-18,2025-07-10,Returned
16005,1813,57,2023-06-09,2024-08-15,Returned
16006,694,393,2026-02-27,2026-06-05,Returned
16007,556,585,2023-12-23,2024-02-23,Returned
16008,1682,826,2024-12-02,2026-01-27,Returned
16009,513,642,2023-10-05,2025-02-10,Returned
16010,1785,185,2025-04-27,2026-04-03,Returned
16011,1467,543,2024-08-16,2026-03-21,Returned
16012,672,15,2026-01-29,2026-02-24,Returned
16013,23,164,2024-12-24,2025-05-29,Returned
16014,225,440,2025-12-26,2026-05-09,Returned
16015,1494,435,2025-03-23,2025-04-05,Returned
16016,1888,112,2025-05-12,2025-10-21,Returned
16017,1162,734,2026-01-31,2026-03-28,Returned
16018,1087,981,2024-03-09,2026-05-14,Returned
16019,976,553,2025-01-01,2025-11-09,Returned
16020,1332,363,2024-01-15,2024-07-24,Returned
16021,1194,17,2025-07-07,2025-09-13,Returned
16022,1029,813,2025-09-05,2025-10-28,Returned
16023,114,581,2025-03-20,2025-07-16,Returned
16024,168,835,2024-05-06,2026-05-22,Returned
16025,299,128,2023-11-10,2024-02-16,Returned
16026,522,217,2026-03-24,2026-05-15,Returned
16027,1511,63,2023-07-12,2025-05-14,Returned
16028,615,545,2025-10-19,2025-12-01,Returned
16029,637,858,2024-08-09,2025-08-25,Returned
16030,725,510,2025-10-11,2026-02-17,Returned
16031,1103,573,2025-03-27,2026-01-15,Returned
16032,486,35,2025-12-22,2026-02-02,Returned
16033,565,653,2025-03-06,2026-02-10,Returned
16034,1684,829,2024-06-24,2025-11-13,Returned
16035,434,721,2026-02-24,2026-04-03,Returned
16036,1882,68,2023-12-12,2024-12-20,Returned
16037,1444,167,2024-07-29,2026-02-03,Returned
16038,866,286,2023-06-08,2023-09-25,Returned
16039,823,786,2025-02-12,2026-03-28,Returned
16040,711,81,2023-12-12,2024-03-15,Returned
16041,312,565,2023-08-06,2025-01-15,Returned
16042,1673,228,2023-10-20,2025-03-08,Returned
16043,1608,170,2025-05-16,2026-02-27,Returned
16044,842,47,2026-02-09,,Active
16045,165,772,2025-02-18,2025-11-16,Returned
16046,818,312,2024-03-25,2025-05-24,Returned
16047,1548,172,2025-08-21,2026-04-24,Returned
16048,1785,921,2024-11-05,2026-01-11,Returned
16049,98,81,2025-01-24,2025-12-31,Returned
16050,1180,273,2025-04-04,2026-01-26,Returned
16051,810,585,2025-03-16,2025-12-04,Returned
16052,1912,697,2025-02-18,2025-12-01,Returned
16053,416,79,2026-02-22,,Late
16054,1995,794,2025-11-29,,Active
16055,851,2,2025-07-21,,Active
16056,166,547,2023-06-13,,Active
16057,493,890,2025-10-26,2026-02-07,Returned
16058,1939,941,2024-12-11,2024-12-19,Returned
16059,316,701,2024-07-08,,Active
16060,698,191,2024-05-03,2025-04-15,Returned
16061,1716,433,2025-07-19,2026-01-02,Returned
16062,1577,927,2026-03-13,2026-06-02,Returned
16063,565,501,2023-06-22,2025-04-10,Returned
16064,804,927,2023-06-22,2024-01-05,Returned
16065,1816,773,2026-05-08,2026-05-19,Returned
16066,191,164,2024-06-05,2025-01-23,Returned
16067,715,704,2024-10-16,2024-12-15,Returned
16068,922,307,2025-11-28,2025-12-07,Returned
16069,1473,494,2026-03-10,2026-03-25,Returned
16070,1612,877,2025-06-21,2026-02-06,Returned
16071,585,272,2024-01-29,2024-12-12,Returned
16072,1596,259,2023-12-14,2024-09-25,Returned
16073,1507,206,2025-08-31,2025-09-26,Returned
16074,1970,19,2025-08-31,2025-11-04,Returned
16075,1242,730,2025-02-16,2026-01-04,Returned
16076,917,554,2024-06-28,2024-09-17,Returned
16077,200,248,2025-06-16,2026-05-03,Returned
16078,1998,816,2025-03-27,,Active
16079,342,803,2026-01-22,2026-05-16,Returned
16080,903,227,2023-11-21,2025-01-02,Returned
16081,351,768,2023-09-21,2025-11-25,Returned
16082,1953,623,2025-11-28,,Late
16083,336,166,2023-12-28,2026-04-14,Returned
16084,1849,949,2025-05-10,2025-09-24,Returned
16085,1408,767,2024-03-22,2025-11-04,Returned
16086,1307,591,2025-04-08,,Active
16087,1834,405,2023-11-26,2024-11-25,Returned
16088,1496,349,2024-11-01,2025-03-22,Returned
16089,500,732,2025-02-09,2025-05-15,Returned
16090,879,787,2024-06-12,2026-03-25,Returned
16091,537,667,2024-07-02,2025-03-16,Returned
16092,1119,469,2025-05-27,2025-06-09,Returned
16093,1101,887,2024-03-29,2026-05-17,Returned
16094,893,679,2025-12-19,2026-04-20,Returned
16095,857,379,2023-07-23,2024-03-17,Returned
16096,91,841,2025-06-12,2026-05-08,Returned
16097,1980,829,2024-05-12,2026-05-01,Returned
16098,1485,324,2025-04-08,2025-07-11,Returned
16099,250,205,2024-12-15,2025-07-20,Returned
16100,588,480,2024-02-29,2026-04-29,Returned
16101,127,492,2026-06-01,2026-06-04,Returned
16102,1667,967,2024-11-16,2025-01-29,Returned
16103,1560,524,2023-11-06,2025-08-30,Returned
16104,1737,283,2025-08-03,2026-03-02,Returned
16105,487,844,2025-10-24,,Active
16106,184,790,2024-03-11,2026-05-07,Returned
16107,46,231,2025-12-10,2026-03-13,Returned
16108,1509,499,2024-01-02,2026-04-26,Returned
16109,1187,168,2024-03-25,2025-09-08,Returned
16110,223,589,2024-07-01,2025-07-13,Returned
16111,1807,486,2025-02-06,2026-05-10,Returned
16112,623,39,2024-06-17,2024-07-05,Returned
16113,983,392,2023-12-03,2025-05-31,Returned
16114,73,248,2024-12-24,2026-02-21,Returned
16115,620,143,2026-02-23,2026-05-22,Returned
16116,1220,464,2023-08-25,2025-01-25,Returned
16117,471,68,2026-04-02,2026-04-15,Returned
16118,1867,831,2025-01-20,2026-03-01,Returned
16119,519,137,2025-06-16,,Active
16120,486,929,2026-06-01,2026-06-04,Returned
16121,1452,889,2025-10-17,2026-03-29,Returned
16122,1619,266,2025-09-03,2026-03-13,Returned
16123,1444,921,2024-10-07,2025-12-20,Returned
16124,618,192,2024-05-30,2024-06-21,Returned
16125,954,428,2025-11-15,2026-03-16,Returned
16126,1528,852,2025-09-03,,Active
16127,486,29,2024-05-18,2025-12-03,Returned
16128,1774,280,2023-09-15,,Active
16129,427,898,2024-11-02,2026-04-15,Returned
16130,1985,711,2025-11-03,2026-03-17,Returned
16131,1017,235,2025-01-07,2025-09-10,Returned
16132,143,708,2025-03-10,2026-04-20,Returned
16133,1289,32,2025-12-04,2026-05-19,Returned
16134,966,511,2026-01-25,2026-04-14,Returned
16135,760,893,2023-10-24,2025-06-29,Returned
16136,1219,414,2023-11-08,2023-11-25,Returned
16137,1871,984,2023-08-24,2024-07-11,Returned
16138,1108,424,2026-05-07,2026-06-06,Returned
16139,723,885,2023-10-09,2024-10-04,Returned
16140,770,613,2024-12-28,2025-10-24,Returned
16141,1236,469,2026-04-30,,Active
16142,1965,633,2025-09-17,2025-11-23,Returned
16143,1617,217,2025-07-29,2026-04-21,Returned
16144,820,90,2026-01-26,2026-03-29,Returned
16145,1111,991,2025-03-26,2025-12-23,Returned
16146,60,797,2025-11-18,2026-03-26,Returned
16147,1310,575,2024-12-07,2026-05-07,Returned
16148,322,415,2023-10-31,2024-03-14,Returned
16149,1889,213,2026-03-13,2026-05-16,Returned
16150,78,485,2023-08-23,2025-05-31,Returned
16151,310,264,2023-09-17,2025-07-10,Returned
16152,1872,950,2026-03-27,2026-06-06,Returned
16153,421,841,2025-11-25,2026-06-06,Returned
16154,1251,33,2025-01-02,2026-05-04,Returned
16155,646,151,2025-03-16,2026-03-26,Returned
16156,36,452,2025-03-03,2025-09-22,Returned
16157,1898,360,2024-03-20,2024-06-01,Returned
16158,1039,712,2024-04-21,2026-04-03,Returned
16159,836,687,2025-06-12,2026-01-02,Returned
16160,1155,480,2025-10-19,,Late
16161,376,800,2024-12-03,2025-12-05,Returned
16162,460,275,2025-04-02,2025-07-29,Returned
16163,1502,715,2024-01-22,2024-04-12,Returned
16164,493,763,2023-07-06,2024-02-02,Returned
16165,254,498,2025-07-15,2026-01-16,Returned
16166,226,845,2026-05-10,2026-06-06,Returned
16167,1576,923,2025-01-24,2026-04-22,Returned
16168,1652,180,2025-03-01,2025-07-17,Returned
16169,865,256,2026-03-18,2026-04-18,Returned
16170,948,635,2026-04-07,2026-05-30,Returned
16171,371,869,2023-08-19,2024-03-02,Returned
16172,1090,265,2024-07-07,2026-03-13,Returned
16173,1846,990,2023-10-02,,Active
16174,1508,486,2024-01-25,2025-10-03,Returned
16175,1504,966,2025-12-17,2025-12-25,Returned
16176,10,569,2026-01-26,2026-03-11,Returned
16177,1980,356,2025-07-31,2026-03-26,Returned
16178,290,298,2024-05-11,2024-07-19,Returned
16179,1786,313,2024-07-09,2025-07-04,Returned
16180,282,856,2025-07-05,2025-07-09,Returned
16181,609,90,2024-01-12,2025-08-25,Returned
16182,846,492,2024-11-25,2026-02-24,Returned
16183,126,34,2025-11-11,2025-11-24,Returned
16184,547,866,2024-01-14,2026-02-26,Returned
16185,1341,619,2026-03-16,,Active
16186,481,64,2023-08-03,2025-11-15,Returned
16187,978,512,2024-05-10,,Active
16188,517,234,2024-11-02,2025-02-25,Returned
16189,158,277,2026-02-16,2026-03-27,Returned
16190,1282,727,2023-09-15,,Active
16191,165,683,2024-04-17,2025-11-26,Returned
16192,1337,971,2024-01-27,2026-04-27,Returned
16193,1226,846,2024-09-02,2024-09-14,Returned
16194,1739,613,2025-02-13,2025-10-03,Returned
16195,127,531,2023-12-29,,Active
16196,762,680,2023-07-19,2025-12-25,Returned
16197,498,373,2025-05-04,2026-05-03,Returned
16198,1952,760,2024-08-05,2025-11-02,Returned
16199,1760,98,2025-03-09,2025-06-14,Returned
16200,191,706,2024-12-29,2025-02-07,Returned
16201,634,421,2024-08-17,2025-05-01,Returned
16202,1555,121,2024-12-23,2026-01-13,Returned
16203,625,86,2025-08-20,2026-01-24,Returned
16204,1887,647,2025-05-01,2025-10-14,Returned
16205,1192,718,2025-06-30,2025-09-17,Returned
16206,791,69,2025-06-28,2025-08-27,Returned
16207,264,253,2025-03-19,2026-04-29,Returned
16208,1364,573,2025-11-16,2026-03-02,Returned
16209,1283,284,2024-03-24,,Active
16210,521,69,2025-07-18,2026-03-27,Returned
16211,481,958,2024-10-16,2025-04-28,Returned
16212,152,396,2024-07-24,2025-03-07,Returned
16213,618,196,2026-04-22,2026-05-07,Returned
16214,211,99,2026-02-22,,Active
16215,1090,807,2023-07-10,2024-09-11,Returned
16216,575,309,2025-06-28,2026-01-17,Returned
16217,1671,476,2026-04-16,2026-05-28,Returned
16218,1705,949,2024-03-03,2025-05-17,Returned
16219,504,997,2024-06-23,2025-07-06,Returned
16220,981,31,2026-02-10,2026-02-17,Returned
16221,1062,146,2025-12-21,2026-02-13,Returned
16222,464,320,2025-06-18,2025-11-15,Returned
16223,617,195,2026-01-26,2026-04-05,Returned
16224,1989,75,2026-04-13,2026-06-05,Returned
16225,1546,310,2023-12-12,2025-02-27,Returned
16226,704,516,2024-12-07,2025-01-14,Returned
16227,633,286,2024-08-26,2025-09-02,Returned
16228,1813,6,2026-04-21,2026-05-01,Returned
16229,321,649,2025-12-05,2026-03-29,Returned
16230,425,784,2026-04-23,2026-06-06,Returned
16231,1222,487,2024-01-19,2025-07-01,Returned
16232,913,9,2023-12-28,2025-05-27,Returned
16233,824,374,2024-09-18,2024-11-07,Returned
16234,147,575,2025-02-14,2026-02-14,Returned
16235,1394,679,2025-11-03,,Active
16236,663,454,2025-03-22,2025-11-23,Returned
16237,1872,408,2024-08-31,2024-11-27,Returned
16238,562,717,2026-03-24,,Late
16239,772,419,2024-12-25,2025-04-21,Returned
16240,63,495,2025-05-12,2025-08-22,Returned
16241,1609,610,2025-04-05,2025-11-13,Returned
16242,1630,968,2024-06-08,2025-04-02,Returned
16243,1853,380,2026-05-16,2026-05-26,Returned
16244,1535,249,2024-01-09,2024-02-24,Returned
16245,1608,819,2025-04-19,2025-05-08,Returned
16246,865,10,2024-05-12,2025-01-12,Returned
16247,1557,424,2023-12-29,2025-10-26,Returned
16248,703,892,2023-08-22,,Late
16249,103,739,2024-02-22,2025-09-07,Returned
16250,564,725,2026-05-31,2026-06-03,Returned
16251,1762,674,2024-11-26,2025-04-15,Returned
16252,399,29,2023-09-26,2026-05-10,Returned
16253,1332,368,2026-03-01,2026-04-11,Returned
16254,96,666,2025-02-10,2025-11-26,Returned
16255,63,376,2026-03-18,2026-04-17,Returned
16256,661,134,2025-01-29,,Late
16257,1352,328,2024-05-29,2025-02-18,Returned
16258,265,916,2023-07-09,2025-06-19,Returned
16259,945,167,2026-05-25,2026-05-27,Returned
16260,643,783,2026-05-12,2026-05-24,Returned
16261,1588,561,2025-09-05,,Active
16262,138,65,2025-04-14,2025-05-16,Returned
16263,231,485,2024-10-26,2025-10-31,Returned
16264,970,64,2026-04-27,2026-05-06,Returned
16265,1890,65,2025-04-27,2026-05-23,Returned
16266,606,972,2023-10-11,2025-03-06,Returned
16267,1725,702,2024-04-03,2024-04-26,Returned
16268,1318,753,2025-04-16,2026-02-27,Returned
16269,1563,616,2023-12-14,2025-05-28,Returned
16270,1397,474,2025-05-07,2025-07-01,Returned
16271,90,291,2025-01-09,2025-04-23,Returned
16272,1782,993,2025-08-29,2025-10-22,Returned
16273,955,848,2024-12-22,2025-04-10,Returned
16274,883,555,2025-04-06,2026-04-05,Returned
16275,871,214,2024-11-05,2025-05-17,Returned
16276,1259,77,2023-11-18,2025-04-30,Returned
16277,1103,728,2025-07-12,2025-11-02,Returned
16278,1147,912,2023-07-20,,Late
16279,369,407,2023-12-12,2026-02-06,Returned
16280,423,617,2025-04-24,2025-05-13,Returned
16281,121,508,2025-02-02,,Active
16282,1526,716,2024-02-21,2025-06-18,Returned
16283,1030,293,2025-08-14,2025-09-25,Returned
16284,451,400,2024-05-19,2025-06-06,Returned
16285,1,955,2024-12-28,2025-07-21,Returned
16286,1350,372,2024-10-01,2025-09-21,Returned
16287,479,730,2026-02-17,2026-04-27,Returned
16288,915,25,2025-09-02,2025-10-05,Returned
16289,450,638,2025-08-17,2026-05-02,Returned
16290,1569,963,2023-11-02,2024-03-21,Returned
16291,318,127,2023-09-30,2026-05-12,Returned
16292,1250,536,2025-03-27,,Active
16293,950,939,2024-04-15,2024-12-09,Returned
16294,120,679,2024-12-25,2025-03-28,Returned
16295,1291,136,2024-03-21,2025-01-08,Returned
16296,697,111,2026-05-28,2026-06-01,Returned
16297,1050,400,2025-04-08,2025-11-30,Returned
16298,456,305,2024-11-03,2025-04-23,Returned
16299,1723,198,2025-09-26,,Late
16300,189,283,2025-02-09,2025-07-18,Returned
16301,233,869,2025-08-27,2026-03-18,Returned
16302,840,184,2023-09-09,2023-12-27,Returned
16303,1750,688,2024-05-16,2025-02-19,Returned
16304,1121,844,2024-02-01,2026-06-05,Returned
16305,215,329,2024-09-08,2026-03-21,Returned
16306,1540,739,2025-05-04,2025-11-01,Returned
16307,389,942,2023-12-21,2025-11-10,Returned
16308,1024,70,2024-07-03,2024-12-17,Returned
16309,1396,501,2025-01-20,2025-08-13,Returned
16310,307,295,2024-09-12,2024-09-20,Returned
16311,1441,143,2023-08-14,2026-05-09,Returned
16312,331,41,2023-08-10,2025-02-19,Returned
16313,1523,292,2025-11-06,2025-11-13,Returned
16314,1817,812,2024-11-24,2025-07-07,Returned
16315,1586,990,2026-03-22,2026-04-23,Returned
16316,1143,539,2024-04-15,2024-11-29,Returned
16317,1339,447,2025-08-27,2025-12-30,Returned
16318,87,669,2024-11-11,2025-02-11,Returned
16319,1560,908,2025-08-23,2026-01-18,Returned
16320,718,321,2023-09-03,2024-06-14,Returned
16321,1989,973,2024-10-07,2025-02-18,Returned
16322,1568,371,2024-12-28,2025-11-19,Returned
16323,1695,145,2025-10-03,2026-03-16,Returned
16324,782,751,2025-06-12,2026-04-09,Returned
16325,1110,487,2024-06-06,2024-10-06,Returned
16326,1117,331,2026-02-21,2026-05-13,Returned
16327,916,117,2023-08-09,2026-05-06,Returned
16328,1031,596,2023-06-11,2024-09-15,Returned
16329,1957,660,2025-04-30,2025-11-28,Returned
16330,1113,164,2025-10-15,,Active
16331,1520,950,2025-12-31,,Late
16332,1824,774,2024-02-19,,Late
16333,392,825,2024-06-24,2024-10-07,Returned
16334,1307,357,2026-02-08,2026-05-24,Returned
16335,866,647,2023-10-01,2026-03-13,Returned
16336,418,905,2023-12-17,2024-05-27,Returned
16337,1628,778,2025-04-12,2026-01-16,Returned
16338,1507,436,2024-10-19,2025-04-14,Returned
16339,47,499,2024-06-23,2025-05-24,Returned
16340,96,729,2023-06-22,2024-09-26,Returned
16341,36,774,2024-01-17,2024-01-19,Returned
16342,175,66,2025-02-24,2025-05-24,Returned
16343,406,106,2025-05-31,2025-10-13,Returned
16344,53,498,2023-12-01,2026-06-02,Returned
16345,996,429,2025-12-16,2026-05-04,Returned
16346,1239,289,2025-11-18,,Active
16347,1581,398,2024-11-07,2025-07-16,Returned
16348,591,157,2025-09-14,2025-11-09,Returned
16349,1233,581,2024-07-24,2025-05-04,Returned
16350,1090,878,2025-01-19,2026-03-17,Returned
16351,482,207,2024-01-22,2026-05-31,Returned
16352,1309,4,2023-11-05,2024-01-27,Returned
16353,532,390,2023-10-01,2024-05-22,Returned
16354,758,949,2024-02-22,2024-04-03,Returned
16355,1787,161,2023-12-15,2025-07-03,Returned
16356,88,805,2025-06-01,2025-08-17,Returned
16357,1993,831,2026-06-04,2026-06-05,Returned
16358,1243,270,2025-08-25,2026-03-03,Returned
16359,830,17,2024-05-07,,Active
16360,1168,698,2024-11-19,2025-08-31,Returned
16361,1298,390,2026-05-08,2026-05-26,Returned
16362,399,310,2026-02-24,2026-03-17,Returned
16363,198,882,2024-09-03,2025-04-25,Returned
16364,641,848,2024-01-14,2026-04-06,Returned
16365,1737,610,2025-06-23,2026-05-13,Returned
16366,1396,445,2025-09-24,2025-11-27,Returned
16367,1476,764,2025-06-08,2025-06-23,Returned
16368,48,671,2023-10-22,2024-06-13,Returned
16369,1834,436,2026-01-10,2026-03-15,Returned
16370,1261,258,2023-10-16,,Late
16371,907,83,2026-05-12,2026-06-01,Returned
16372,1933,801,2024-09-25,2025-04-30,Returned
16373,841,365,2026-04-20,2026-05-11,Returned
16374,1138,12,2025-06-04,2025-10-24,Returned
16375,878,481,2026-02-21,2026-03-23,Returned
16376,669,711,2023-12-17,,Active
16377,664,970,2024-04-10,2025-04-28,Returned
16378,1939,911,2025-11-04,2025-11-08,Returned
16379,141,211,2026-03-27,2026-03-28,Returned
16380,1129,286,2025-01-24,2025-10-05,Returned
16381,1924,882,2023-06-22,2026-04-06,Returned
16382,1546,228,2025-12-12,2026-02-18,Returned
16383,232,808,2025-01-09,2026-04-19,Returned
16384,1096,910,2023-11-18,2026-04-28,Returned
16385,1393,12,2024-06-07,,Active
16386,1716,449,2024-04-10,2025-07-09,Returned
16387,1942,114,2025-10-15,2026-04-30,Returned
16388,1252,29,2024-09-11,2026-03-19,Returned
16389,1405,4,2025-07-14,2025-10-08,Returned
16390,500,314,2024-07-05,2024-12-08,Returned
16391,388,521,2023-08-15,2025-08-03,Returned
16392,1022,621,2025-03-10,2025-10-05,Returned
16393,1948,429,2026-01-10,2026-04-30,Returned
16394,697,579,2025-08-14,2026-04-25,Returned
16395,1581,968,2023-11-02,2025-12-09,Returned
16396,1180,243,2024-09-03,2025-02-24,Returned
16397,705,566,2026-04-08,2026-04-14,Returned
16398,581,461,2025-10-19,2026-05-06,Returned
16399,1168,67,2025-12-04,2026-02-23,Returned
16400,1813,660,2025-05-24,2026-01-30,Returned
16401,1144,798,2023-08-05,2024-02-23,Returned
16402,1734,992,2025-08-27,,Late
16403,1370,796,2025-08-15,,Late
16404,1496,782,2024-09-03,2025-10-26,Returned
16405,434,416,2025-09-17,2025-12-08,Returned
16406,1926,7,2023-10-24,2024-07-27,Returned
16407,208,494,2025-10-06,2026-02-18,Returned
16408,1275,769,2023-11-25,2025-10-16,Returned
16409,1123,952,2026-02-15,,Active
16410,533,742,2023-09-10,2025-03-14,Returned
16411,357,403,2024-11-19,2025-10-27,Returned
16412,324,747,2026-01-24,2026-06-02,Returned
16413,1419,526,2025-11-29,2026-04-01,Returned
16414,188,194,2026-05-17,2026-06-05,Returned
16415,1780,539,2026-05-11,2026-05-16,Returned
16416,1215,81,2026-03-28,2026-05-25,Returned
16417,860,710,2023-10-28,,Late
16418,1510,862,2024-06-01,2024-07-26,Returned
16419,831,65,2025-10-19,2026-04-21,Returned
16420,703,666,2025-03-23,2025-08-16,Returned
16421,1716,568,2023-12-15,2025-04-25,Returned
16422,916,811,2025-08-28,2026-05-16,Returned
16423,540,935,2025-05-15,2025-06-12,Returned
16424,1322,70,2025-06-05,2025-06-29,Returned
16425,575,771,2023-12-23,2024-10-09,Returned
16426,662,645,2024-04-18,2024-05-21,Returned
16427,1765,798,2026-02-19,,Active
16428,1571,358,2023-06-13,2024-10-08,Returned
16429,963,192,2024-04-22,2024-07-04,Returned
16430,1907,308,2025-06-11,,Active
16431,1223,119,2025-10-09,,Active
16432,854,211,2026-01-26,2026-02-24,Returned
16433,1643,809,2026-03-24,2026-04-02,Returned
16434,255,399,2025-06-26,2026-01-11,Returned
16435,1827,19,2025-11-25,2026-05-14,Returned
16436,1845,462,2024-10-29,2025-03-13,Returned
16437,554,601,2025-11-23,2026-04-26,Returned
16438,1906,209,2025-10-14,2026-05-13,Returned
16439,297,346,2023-10-29,2025-06-06,Returned
16440,776,392,2024-08-30,2025-05-25,Returned
16441,40,292,2026-03-10,2026-04-17,Returned
16442,1209,385,2025-11-19,2026-04-28,Returned
16443,890,387,2023-10-29,2024-04-06,Returned
16444,1150,429,2023-06-09,2025-08-04,Returned
16445,458,900,2025-07-02,2026-01-14,Returned
16446,867,847,2026-04-30,2026-05-27,Returned
16447,1428,629,2023-12-07,2025-11-12,Returned
16448,1445,583,2024-04-28,2026-05-22,Returned
16449,1505,148,2023-11-15,2024-04-24,Returned
16450,1963,373,2025-02-12,2025-03-31,Returned
16451,450,130,2023-08-31,2024-12-16,Returned
16452,1520,901,2025-12-30,,Active
16453,89,315,2025-02-02,,Active
16454,1900,536,2024-06-02,2024-06-10,Returned
16455,1470,734,2025-09-17,2026-05-12,Returned
16456,803,854,2025-01-16,2025-02-24,Returned
16457,446,246,2025-04-21,2026-05-07,Returned
16458,570,360,2025-01-21,,Active
16459,1778,260,2023-09-12,2025-09-14,Returned
16460,1840,710,2024-01-18,,Late
16461,1781,460,2024-06-26,2024-09-03,Returned
16462,287,938,2023-12-20,2024-06-06,Returned
16463,1851,50,2024-09-07,2025-07-17,Returned
16464,1582,824,2025-12-03,2026-05-04,Returned
16465,1943,933,2024-02-05,2026-04-19,Returned
16466,1858,409,2024-08-01,2025-06-30,Returned
16467,1197,485,2025-02-22,2026-01-28,Returned
16468,1966,317,2026-04-19,2026-05-30,Returned
16469,783,550,2024-05-31,2025-08-13,Returned
16470,1268,515,2024-08-26,2026-01-16,Returned
16471,1201,618,2023-10-29,2025-01-10,Returned
16472,1131,643,2023-11-02,2025-02-22,Returned
16473,757,706,2024-10-06,2025-06-14,Returned
16474,1406,892,2024-05-25,2025-08-16,Returned
16475,634,832,2023-12-11,2025-09-12,Returned
16476,985,911,2024-09-03,2025-08-21,Returned
16477,806,436,2024-11-24,2025-05-07,Returned
16478,271,270,2024-05-06,2024-09-12,Returned
16479,868,739,2025-07-03,2026-02-06,Returned
16480,155,384,2023-10-29,2025-10-31,Returned
16481,1803,353,2026-04-16,2026-05-31,Returned
16482,356,419,2024-06-17,2025-06-27,Returned
16483,1245,262,2024-09-21,2025-04-19,Returned
16484,838,233,2025-04-26,2025-12-21,Returned
16485,1873,247,2023-09-23,2025-06-13,Returned
16486,1549,160,2025-07-03,2026-02-10,Returned
16487,138,454,2023-08-24,2025-07-09,Returned
16488,1397,393,2026-02-23,,Late
16489,1378,571,2024-02-07,2025-06-27,Returned
16490,1326,901,2025-10-09,2026-01-02,Returned
16491,1787,516,2025-09-28,2025-10-21,Returned
16492,841,780,2023-10-21,2024-01-02,Returned
16493,690,846,2023-09-09,2025-12-12,Returned
16494,1751,198,2025-08-24,2025-10-04,Returned
16495,364,410,2024-07-20,2025-11-07,Returned
16496,1179,842,2025-06-09,2026-03-04,Returned
16497,1331,468,2025-11-11,2026-05-26,Returned
16498,727,236,2024-06-14,2025-11-14,Returned
16499,758,773,2026-04-27,2026-06-04,Returned
16500,1970,360,2026-01-22,2026-01-26,Returned
16501,1913,102,2024-10-04,2025-09-12,Returned
16502,299,932,2025-08-23,2026-03-20,Returned
16503,158,237,2025-09-01,2025-11-18,Returned
16504,1237,164,2024-06-18,2024-12-12,Returned
16505,860,113,2024-10-07,2025-05-19,Returned
16506,931,261,2026-01-18,2026-02-28,Returned
16507,1790,500,2024-07-24,2025-03-24,Returned
16508,480,170,2024-02-18,2026-05-13,Returned
16509,1676,197,2025-06-11,2025-12-04,Returned
16510,1266,399,2026-04-22,2026-05-11,Returned
16511,1216,152,2025-04-30,2025-08-11,Returned
16512,1942,850,2025-12-20,2025-12-29,Returned
16513,1373,135,2024-04-28,2024-08-29,Returned
16514,1214,266,2026-04-09,2026-05-08,Returned
16515,411,474,2023-09-03,2025-03-24,Returned
16516,313,482,2023-06-07,2026-05-22,Returned
16517,1621,298,2026-04-07,,Late
16518,1696,618,2025-08-11,2026-05-31,Returned
16519,548,33,2025-09-11,2026-03-26,Returned
16520,401,780,2024-10-18,2026-03-21,Returned
16521,306,896,2025-11-09,,Active
16522,94,972,2026-05-26,2026-06-06,Returned
16523,1347,944,2026-05-02,2026-05-04,Returned
16524,1216,78,2024-05-15,2026-01-20,Returned
16525,210,139,2025-03-01,2025-11-07,Returned
16526,725,901,2024-06-06,2025-01-26,Returned
16527,1355,32,2023-06-14,2023-06-21,Returned
16528,1276,71,2024-12-05,2025-04-20,Returned
16529,1664,665,2025-03-23,2026-02-25,Returned
16530,1039,930,2023-10-18,2024-01-06,Returned
16531,214,575,2025-05-25,2026-02-14,Returned
16532,1901,35,2023-07-18,,Active
16533,177,941,2025-04-20,2026-01-06,Returned
16534,568,177,2026-03-12,2026-04-16,Returned
16535,85,276,2025-06-15,2025-08-15,Returned
16536,1106,426,2023-07-03,2024-12-12,Returned
16537,1916,599,2026-01-31,2026-02-13,Returned
16538,426,744,2023-08-26,2024-01-29,Returned
16539,1864,386,2024-03-19,,Active
16540,1038,248,2025-08-30,,Active
16541,1586,194,2026-03-01,,Active
16542,1256,351,2025-09-04,2025-10-15,Returned
16543,1503,81,2023-11-27,,Active
16544,985,258,2024-12-22,2025-01-07,Returned
16545,1490,228,2023-09-16,2023-10-07,Returned
16546,1592,621,2026-01-16,2026-05-23,Returned
16547,871,983,2025-02-28,2025-09-15,Returned
16548,1733,352,2025-10-16,2026-02-26,Returned
16549,1443,726,2024-08-27,2025-09-30,Returned
16550,1758,644,2023-11-17,2026-02-01,Returned
16551,320,303,2025-02-27,2025-12-11,Returned
16552,1256,243,2023-07-30,2025-11-17,Returned
16553,1008,326,2024-01-16,2025-01-07,Returned
16554,1185,521,2024-10-14,2024-11-20,Returned
16555,1817,984,2025-06-10,2025-09-14,Returned
16556,271,49,2024-04-01,2025-09-23,Returned
16557,1610,996,2024-03-20,2024-06-07,Returned
16558,1246,788,2026-05-06,2026-05-30,Returned
16559,1194,599,2026-02-26,,Active
16560,1537,177,2024-08-10,2025-02-22,Returned
16561,1252,935,2025-06-20,2025-11-29,Returned
16562,618,647,2024-08-09,2025-04-25,Returned
16563,1102,77,2025-01-03,2026-01-19,Returned
16564,1270,190,2025-08-18,2026-04-12,Returned
16565,696,764,2025-02-20,2025-10-17,Returned
16566,1542,784,2024-06-21,2025-05-10,Returned
16567,475,566,2023-12-06,,Active
16568,506,731,2023-11-29,2024-02-26,Returned
16569,236,117,2023-09-28,2024-08-07,Returned
16570,1004,835,2025-07-12,2025-10-24,Returned
16571,223,618,2024-09-05,2026-05-19,Returned
16572,210,884,2024-06-17,2025-02-28,Returned
16573,972,301,2024-12-29,,Active
16574,1921,101,2024-04-01,2026-04-21,Returned
16575,1443,372,2025-07-10,2026-04-08,Returned
16576,849,980,2025-05-31,2025-10-26,Returned
16577,962,601,2025-06-27,2025-07-27,Returned
16578,1463,818,2026-03-16,2026-05-04,Returned
16579,1054,956,2025-03-28,2026-03-22,Returned
16580,28,293,2024-04-26,2024-05-09,Returned
16581,1027,111,2026-03-05,2026-05-11,Returned
16582,993,562,2023-09-21,2024-09-02,Returned
16583,542,317,2024-03-26,2025-01-19,Returned
16584,937,161,2026-01-08,2026-06-01,Returned
16585,1128,580,2025-12-23,2026-05-25,Returned
16586,451,169,2024-11-13,2025-05-28,Returned
16587,515,599,2023-12-17,2026-01-09,Returned
16588,1400,576,2025-11-29,,Active
16589,822,758,2025-10-27,2025-12-17,Returned
16590,61,561,2024-08-27,2026-03-22,Returned
16591,1785,837,2024-03-05,2024-03-17,Returned
16592,88,224,2026-04-18,2026-06-05,Returned
16593,1632,905,2025-08-13,2026-03-07,Returned
16594,1044,984,2026-03-01,2026-06-03,Returned
16595,1064,375,2026-03-09,2026-03-09,Returned
16596,539,782,2026-03-22,2026-05-31,Returned
16597,357,826,2024-09-19,2024-12-31,Returned
16598,439,983,2024-03-08,2024-06-24,Returned
16599,863,951,2024-03-29,2024-06-28,Returned
16600,1996,344,2025-04-11,2026-03-18,Returned
16601,508,870,2025-11-01,2026-03-15,Returned
16602,1058,418,2026-06-04,2026-06-05,Returned
16603,896,650,2026-04-24,2026-05-01,Returned
16604,745,879,2026-01-12,2026-02-25,Returned
16605,914,552,2025-01-25,2026-04-12,Returned
16606,943,222,2024-07-20,2025-12-11,Returned
16607,37,63,2026-05-11,2026-05-29,Returned
16608,245,449,2025-12-25,2026-03-18,Returned
16609,688,699,2024-03-31,2026-05-26,Returned
16610,1660,820,2025-01-05,2026-03-18,Returned
16611,1092,205,2026-03-26,2026-04-08,Returned
16612,734,552,2026-02-10,2026-02-14,Returned
16613,595,664,2023-06-09,2025-08-15,Returned
16614,320,620,2025-04-04,2025-06-03,Returned
16615,1288,184,2023-10-30,2024-06-27,Returned
16616,1454,10,2025-04-23,2026-01-15,Returned
16617,985,649,2025-08-13,2026-04-19,Returned
16618,1920,187,2026-04-26,2026-05-25,Returned
16619,93,320,2023-12-12,2024-11-02,Returned
16620,291,644,2023-12-02,2024-09-21,Returned
16621,730,998,2026-05-19,2026-05-21,Returned
16622,117,732,2023-09-09,2024-07-01,Returned
16623,1673,269,2024-11-21,2026-04-04,Returned
16624,956,955,2023-12-18,2024-10-28,Returned
16625,1358,873,2024-04-27,2025-05-29,Returned
16626,276,579,2024-09-04,2025-10-10,Returned
16627,1096,465,2023-07-30,,Late
16628,760,765,2024-11-11,2025-02-01,Returned
16629,611,397,2024-01-25,2025-08-05,Returned
16630,1137,339,2024-02-25,2026-04-10,Returned
16631,663,343,2024-10-18,2024-12-12,Returned
16632,1801,600,2025-06-15,2025-07-21,Returned
16633,381,95,2023-08-02,2024-03-30,Returned
16634,1686,187,2024-10-02,2026-02-03,Returned
16635,491,301,2024-08-28,2024-11-01,Returned
16636,1863,225,2025-10-09,2026-01-03,Returned
16637,1582,551,2025-04-18,2025-09-12,Returned
16638,947,969,2023-09-10,2024-03-11,Returned
16639,211,551,2024-01-23,2025-09-25,Returned
16640,1296,795,2025-04-24,2025-11-05,Returned
16641,1259,736,2025-01-11,2026-03-09,Returned
16642,1311,347,2025-05-18,2026-05-25,Returned
16643,1362,816,2023-06-23,2025-05-31,Returned
16644,1767,77,2026-03-26,2026-04-09,Returned
16645,1422,688,2025-10-25,2026-03-25,Returned
16646,1645,675,2023-10-14,2026-03-06,Returned
16647,451,524,2023-10-28,2025-09-12,Returned
16648,1215,660,2025-05-21,2025-06-21,Returned
16649,1920,487,2025-01-31,2025-03-16,Returned
16650,1961,422,2024-05-14,2026-03-30,Returned
16651,1597,423,2024-03-28,2025-09-19,Returned
16652,605,461,2025-05-14,2026-02-25,Returned
16653,986,964,2024-07-06,2026-04-15,Returned
16654,1109,501,2024-06-19,2025-04-23,Returned
16655,1050,754,2026-04-08,2026-05-05,Returned
16656,171,850,2024-10-23,2025-06-25,Returned
16657,1975,64,2024-08-24,2025-09-22,Returned
16658,1230,99,2025-07-04,2026-02-13,Returned
16659,1815,14,2025-06-27,2026-04-10,Returned
16660,559,476,2023-12-02,2026-04-10,Returned
16661,524,273,2025-09-17,2026-03-05,Returned
16662,487,941,2024-08-28,2026-05-23,Returned
16663,1468,10,2023-06-30,2024-04-30,Returned
16664,919,56,2025-11-20,2026-03-18,Returned
16665,955,812,2024-10-28,2025-04-21,Returned
16666,1113,564,2025-07-29,,Active
16667,117,585,2024-08-14,2024-11-28,Returned
16668,739,76,2026-05-14,2026-05-14,Returned
16669,754,467,2024-05-12,2025-04-03,Returned
16670,1698,66,2024-08-18,2025-09-07,Returned
16671,1513,660,2023-06-12,2024-06-14,Returned
16672,1851,25,2023-09-10,2024-10-20,Returned
16673,786,111,2026-05-29,2026-06-06,Returned
16674,1322,729,2024-11-09,2025-08-03,Returned
16675,1700,201,2025-05-03,2026-03-24,Returned
16676,1958,621,2026-02-27,2026-03-29,Returned
16677,853,221,2024-11-16,2025-01-01,Returned
16678,170,431,2026-01-22,2026-02-11,Returned
16679,451,255,2026-02-09,2026-05-29,Returned
16680,25,984,2026-03-16,2026-04-23,Returned
16681,747,803,2025-11-15,2025-11-26,Returned
16682,415,603,2024-04-11,,Active
16683,1177,825,2025-09-14,2026-04-21,Returned
16684,1690,130,2025-06-26,2025-08-30,Returned
16685,7,961,2024-09-07,2025-12-21,Returned
16686,113,685,2023-09-04,2025-11-08,Returned
16687,698,587,2023-10-18,2025-05-19,Returned
16688,851,387,2024-12-05,2025-07-18,Returned
16689,650,213,2024-10-06,2025-11-13,Returned
16690,1766,624,2024-03-08,2024-06-13,Returned
16691,622,424,2024-08-30,2025-07-16,Returned
16692,307,389,2024-03-16,2024-04-30,Returned
16693,1104,453,2026-05-16,2026-05-27,Returned
16694,1665,896,2025-08-01,2026-02-12,Returned
16695,847,716,2023-11-12,2024-11-14,Returned
16696,1811,623,2026-01-28,2026-02-02,Returned
16697,481,63,2025-08-22,,Active
16698,1900,244,2025-10-19,2025-10-28,Returned
16699,775,110,2023-09-03,,Active
16700,324,600,2024-01-02,2025-04-03,Returned
16701,137,805,2024-09-23,2025-03-13,Returned
16702,1060,603,2026-05-02,2026-05-09,Returned
16703,723,58,2023-08-11,2024-11-20,Returned
16704,980,153,2024-08-12,2024-10-30,Returned
16705,776,844,2023-10-13,2025-11-22,Returned
16706,1523,572,2023-12-25,2026-04-21,Returned
16707,1487,569,2026-04-06,2026-05-09,Returned
16708,1359,770,2024-05-25,2024-11-10,Returned
16709,327,780,2023-09-23,2023-10-26,Returned
16710,1222,754,2024-12-01,2026-01-09,Returned
16711,1509,74,2023-07-08,2024-08-18,Returned
16712,1392,302,2023-11-02,2025-01-21,Returned
16713,1668,638,2025-11-24,2025-12-17,Returned
16714,1238,121,2025-12-30,2026-02-16,Returned
16715,1762,566,2024-04-05,2025-09-17,Returned
16716,864,376,2025-01-02,2025-06-14,Returned
16717,65,593,2025-11-27,2026-02-13,Returned
16718,674,868,2026-03-30,2026-04-03,Returned
16719,477,921,2025-08-10,2026-04-03,Returned
16720,1117,37,2026-05-27,2026-06-01,Returned
16721,1511,896,2025-01-21,2025-07-23,Returned
16722,1453,342,2024-04-18,2025-10-11,Returned
16723,1020,101,2024-02-12,2024-02-21,Returned
16724,1762,838,2023-11-16,2025-03-01,Returned
16725,79,851,2025-03-01,2025-08-07,Returned
16726,1933,410,2024-08-09,2025-03-14,Returned
16727,1268,805,2024-08-16,2024-09-20,Returned
16728,642,859,2026-06-01,2026-06-01,Returned
16729,739,60,2023-12-07,2026-02-09,Returned
16730,1609,265,2024-01-15,2024-06-30,Returned
16731,486,863,2026-03-26,2026-05-21,Returned
16732,1296,264,2026-03-29,2026-05-28,Returned
16733,719,227,2025-06-17,2026-03-27,Returned
16734,34,502,2024-10-05,2025-03-22,Returned
16735,720,820,2024-09-14,2025-04-19,Returned
16736,1340,745,2025-04-16,2026-04-06,Returned
16737,1399,243,2024-01-28,2024-09-18,Returned
16738,1578,684,2024-10-11,2025-10-11,Returned
16739,759,534,2024-12-26,2026-04-26,Returned
16740,88,807,2024-09-24,2025-04-17,Returned
16741,1415,731,2026-04-26,2026-05-24,Returned
16742,80,971,2026-02-15,2026-03-18,Returned
16743,837,111,2026-01-30,2026-04-10,Returned
16744,1853,478,2025-01-23,2025-09-22,Returned
16745,733,565,2023-12-23,2025-09-19,Returned
16746,1228,736,2026-01-14,2026-03-13,Returned
16747,156,36,2025-06-15,2026-04-04,Returned
16748,601,734,2023-10-01,2024-09-21,Returned
16749,1551,714,2024-03-18,2024-09-25,Returned
16750,403,903,2025-03-07,,Active
16751,1279,249,2026-01-03,2026-04-18,Returned
16752,1324,236,2024-07-26,2024-12-31,Returned
16753,164,749,2026-04-27,2026-05-18,Returned
16754,801,323,2025-04-16,2025-05-01,Returned
16755,155,608,2025-02-06,2025-04-17,Returned
16756,498,158,2023-11-23,2026-02-11,Returned
16757,1854,565,2024-12-29,2026-04-01,Returned
16758,1503,680,2025-08-19,2025-10-11,Returned
16759,1194,294,2025-01-23,2025-04-26,Returned
16760,122,265,2024-11-05,2025-01-07,Returned
16761,858,565,2026-04-06,2026-06-02,Returned
16762,1771,61,2024-02-24,2024-06-10,Returned
16763,1122,570,2024-07-18,2025-12-29,Returned
16764,1820,638,2025-11-30,2026-02-22,Returned
16765,900,137,2024-02-02,2026-03-26,Returned
16766,520,329,2025-01-22,2025-11-10,Returned
16767,1935,85,2023-09-29,2024-05-25,Returned
16768,348,654,2025-04-13,2025-07-20,Returned
16769,1705,458,2024-02-20,2025-05-23,Returned
16770,1543,618,2023-12-20,2025-02-05,Returned
16771,806,43,2026-03-25,2026-05-09,Returned
16772,1910,408,2025-11-05,2026-03-28,Returned
16773,337,13,2024-08-08,2025-08-29,Returned
16774,333,126,2024-04-01,2024-09-09,Returned
16775,402,76,2023-11-03,2025-03-24,Returned
16776,763,15,2024-06-10,2026-04-05,Returned
16777,947,995,2024-01-25,2024-08-23,Returned
16778,1539,847,2023-11-27,2023-11-28,Returned
16779,1004,949,2025-05-13,2026-01-06,Returned
16780,1248,402,2025-04-05,2026-03-20,Returned
16781,1094,481,2025-11-02,2025-12-12,Returned
16782,1350,983,2024-02-14,2026-05-05,Returned
16783,1766,379,2026-02-07,2026-02-17,Returned
16784,1372,788,2023-07-29,2024-08-10,Returned
16785,477,50,2025-11-04,2026-04-20,Returned
16786,299,176,2025-05-20,2026-04-30,Returned
16787,362,606,2023-12-26,2024-07-08,Returned
16788,1743,237,2023-09-24,2025-03-30,Returned
16789,1999,273,2024-03-21,2025-08-03,Returned
16790,1906,494,2025-05-29,2025-08-04,Returned
16791,459,110,2025-08-03,2026-04-22,Returned
16792,900,672,2024-04-21,2025-10-05,Returned
16793,1781,276,2024-05-14,2024-10-30,Returned
16794,1428,886,2025-09-11,2025-10-21,Returned
16795,547,822,2023-08-24,2024-04-11,Returned
16796,900,677,2023-12-09,,Late
16797,1896,58,2025-08-22,2026-03-12,Returned
16798,474,505,2024-01-12,2025-04-25,Returned
16799,646,222,2023-10-23,2024-10-21,Returned
16800,185,465,2024-11-25,2025-10-11,Returned
16801,1475,503,2024-09-04,2026-01-26,Returned
16802,1121,809,2023-10-27,2023-12-15,Returned
16803,1956,30,2024-02-04,2025-10-14,Returned
16804,1174,436,2023-06-07,2023-09-08,Returned
16805,1052,943,2024-12-24,2025-08-06,Returned
16806,1291,938,2025-08-02,,Late
16807,301,31,2024-07-18,2025-06-03,Returned
16808,1053,396,2024-07-17,2025-05-01,Returned
16809,1100,705,2026-02-09,2026-02-14,Returned
16810,1451,359,2026-04-03,2026-05-16,Returned
16811,223,754,2026-06-05,2026-06-06,Returned
16812,632,398,2024-09-26,2024-12-22,Returned
16813,798,99,2025-06-13,,Active
16814,1311,4,2025-01-31,2026-05-02,Returned
16815,325,57,2025-07-12,2026-03-25,Returned
16816,613,461,2025-03-09,2025-08-30,Returned
16817,957,812,2026-03-09,2026-05-22,Returned
16818,1622,751,2023-09-12,2025-08-18,Returned
16819,317,791,2024-08-23,2025-11-08,Returned
16820,905,810,2024-03-16,2024-09-14,Returned
16821,1019,77,2024-08-15,2024-11-24,Returned
16822,1079,789,2025-07-18,2025-09-19,Returned
16823,1455,839,2025-11-25,2026-03-14,Returned
16824,544,419,2025-04-27,2026-05-16,Returned
16825,1160,925,2023-12-22,,Active
16826,1291,245,2024-05-02,2026-05-07,Returned
16827,340,809,2023-07-17,2026-05-19,Returned
16828,712,225,2024-06-05,2024-07-25,Returned
16829,1659,934,2025-09-30,2026-02-12,Returned
16830,1246,229,2025-02-20,2025-09-21,Returned
16831,684,464,2025-05-12,2026-02-25,Returned
16832,928,579,2024-06-10,2026-03-08,Returned
16833,1615,569,2026-04-18,2026-05-07,Returned
16834,739,605,2025-09-28,2026-03-12,Returned
16835,1076,21,2025-08-17,,Active
16836,874,12,2025-06-11,2025-11-01,Returned
16837,700,865,2025-02-12,2026-05-26,Returned
16838,171,854,2024-01-18,2024-12-15,Returned
16839,804,457,2025-08-14,2025-10-25,Returned
16840,1146,674,2023-09-18,2024-09-13,Returned
16841,1712,825,2024-09-01,2026-06-05,Returned
16842,1914,736,2025-04-12,2025-10-06,Returned
16843,1537,968,2023-11-19,2026-04-21,Returned
16844,1779,607,2025-05-02,2026-02-11,Returned
16845,175,464,2024-10-10,2025-02-06,Returned
16846,692,936,2023-10-14,,Active
16847,957,894,2023-08-01,,Active
16848,19,593,2024-04-19,2024-09-05,Returned
16849,1543,660,2023-12-13,2024-07-26,Returned
16850,1147,706,2025-09-14,2026-05-31,Returned
16851,154,390,2023-07-29,2024-11-30,Returned
16852,1507,822,2025-04-29,2025-11-24,Returned
16853,1918,277,2025-11-29,2026-05-11,Returned
16854,433,930,2023-12-09,2025-12-18,Returned
16855,646,498,2024-02-16,,Active
16856,891,459,2026-05-27,2026-05-31,Returned
16857,1047,853,2023-11-30,2024-10-14,Returned
16858,586,48,2024-06-17,,Active
16859,1152,762,2024-01-05,2025-12-06,Returned
16860,844,701,2026-03-14,2026-04-21,Returned
16861,360,73,2023-06-10,2025-03-28,Returned
16862,1178,667,2023-12-18,2025-05-12,Returned
16863,305,418,2024-12-01,2026-05-23,Returned
16864,1538,243,2025-06-15,2025-09-03,Returned
16865,1844,391,2023-08-02,2026-03-26,Returned
16866,659,142,2023-10-28,2025-02-17,Returned
16867,569,311,2023-09-02,2024-06-05,Returned
16868,1564,222,2023-09-14,2024-10-31,Returned
16869,1593,181,2025-11-27,2026-04-26,Returned
16870,1748,991,2024-03-24,2026-05-11,Returned
16871,1677,263,2024-09-02,2026-01-22,Returned
16872,654,269,2024-10-19,2025-10-27,Returned
16873,1421,721,2024-01-31,2026-01-28,Returned
16874,17,720,2024-01-11,2026-03-02,Returned
16875,144,300,2025-02-10,2025-11-08,Returned
16876,1785,858,2023-10-31,2025-04-30,Returned
16877,1327,302,2025-10-15,2025-12-21,Returned
16878,1425,100,2025-04-19,2026-03-07,Returned
16879,408,301,2025-09-15,2025-12-30,Returned
16880,1756,280,2024-03-16,2025-08-22,Returned
16881,1779,630,2025-06-19,2026-01-25,Returned
16882,320,900,2026-02-22,,Active
16883,273,993,2024-02-05,2024-11-28,Returned
16884,1615,514,2024-03-15,,Active
16885,402,977,2025-12-13,2026-04-04,Returned
16886,1086,274,2023-11-23,2024-01-25,Returned
16887,1318,165,2024-04-12,2025-06-26,Returned
16888,1642,686,2025-02-17,2025-12-09,Returned
16889,728,690,2024-11-17,2025-07-07,Returned
16890,1513,476,2025-10-24,2025-11-24,Returned
16891,4,981,2024-09-13,2026-02-06,Returned
16892,417,34,2023-12-28,2024-01-02,Returned
16893,908,63,2026-03-27,2026-04-25,Returned
16894,768,746,2025-11-29,2025-12-30,Returned
16895,1552,959,2025-11-25,2026-03-14,Returned
16896,87,711,2025-02-05,2025-04-15,Returned
16897,610,169,2024-08-13,2025-07-18,Returned
16898,1333,555,2025-07-15,,Active
16899,1551,353,2025-06-30,2026-01-06,Returned
16900,1726,294,2023-06-19,2025-03-14,Returned
16901,444,991,2026-02-21,2026-05-17,Returned
16902,1343,93,2024-05-30,2025-08-17,Returned
16903,121,838,2025-10-15,2026-02-27,Returned
16904,1855,634,2024-10-07,2025-09-14,Returned
16905,851,311,2024-06-05,2025-09-28,Returned
16906,723,981,2025-04-19,,Active
16907,1001,564,2024-08-15,2026-01-17,Returned
16908,1158,440,2024-01-12,2025-01-23,Returned
16909,374,855,2024-01-10,2025-05-28,Returned
16910,1326,704,2024-05-10,2026-02-03,Returned
16911,1197,180,2024-08-10,2025-04-16,Returned
16912,1047,154,2024-09-06,2025-05-02,Returned
16913,637,887,2024-05-19,,Late
16914,670,557,2025-05-30,2025-10-16,Returned
16915,1001,170,2026-03-20,2026-03-31,Returned
16916,1949,136,2024-10-20,2024-11-22,Returned
16917,880,268,2025-03-07,2025-11-16,Returned
16918,1313,640,2023-12-30,2024-07-09,Returned
16919,420,971,2024-09-15,,Active
16920,1120,262,2024-03-26,2024-08-05,Returned
16921,284,35,2024-08-11,2024-08-23,Returned
16922,395,983,2025-01-30,2025-09-04,Returned
16923,1827,192,2024-12-08,,Active
16924,854,210,2026-06-03,2026-06-04,Returned
16925,725,534,2025-02-20,,Late
16926,1587,452,2025-07-05,2026-04-04,Returned
16927,1038,166,2025-10-07,2026-05-24,Returned
16928,33,765,2023-08-29,2023-10-30,Returned
16929,1514,633,2025-06-17,2026-01-28,Returned
16930,72,794,2024-03-16,,Active
16931,1119,722,2024-06-24,2024-08-20,Returned
16932,390,216,2025-01-02,2025-10-10,Returned
16933,623,622,2024-09-10,2026-04-22,Returned
16934,599,680,2025-11-14,2025-11-22,Returned
16935,866,649,2026-03-07,2026-05-12,Returned
16936,825,22,2024-12-28,2025-10-04,Returned
16937,435,502,2024-10-03,2025-01-30,Returned
16938,899,910,2025-07-12,2026-05-04,Returned
16939,1893,889,2025-10-16,2026-05-30,Returned
16940,541,679,2024-11-26,2026-03-11,Returned
16941,313,185,2025-03-24,2025-08-26,Returned
16942,649,427,2025-11-09,2025-12-19,Returned
16943,1570,927,2024-08-03,2024-10-03,Returned
16944,1006,867,2023-12-07,2025-09-07,Returned
16945,1533,348,2025-03-22,2025-07-27,Returned
16946,1431,204,2026-01-24,2026-02-12,Returned
16947,316,450,2025-08-19,2025-12-12,Returned
16948,1371,274,2025-02-21,2026-02-16,Returned
16949,1057,515,2026-01-31,2026-05-20,Returned
16950,992,890,2025-02-19,2025-11-26,Returned
16951,594,636,2026-01-06,2026-03-17,Returned
16952,661,414,2025-02-25,2025-03-22,Returned
16953,1537,976,2024-12-20,2026-05-06,Returned
16954,438,721,2026-02-09,2026-02-12,Returned
16955,1762,99,2025-08-26,2026-04-02,Returned
16956,1258,914,2024-04-23,,Active
16957,1372,45,2026-01-29,2026-05-24,Returned
16958,1898,736,2025-08-20,2026-05-22,Returned
16959,362,777,2025-10-06,2026-01-07,Returned
16960,1599,57,2024-08-19,2026-06-02,Returned
16961,1183,146,2025-09-28,2026-02-14,Returned
16962,36,520,2025-07-29,2025-11-17,Returned
16963,719,294,2024-07-20,2024-10-16,Returned
16964,100,388,2026-01-09,2026-01-20,Returned
16965,560,162,2024-07-06,2024-10-26,Returned
16966,1956,520,2025-02-02,2025-09-02,Returned
16967,1142,217,2024-07-27,2025-04-11,Returned
16968,1236,807,2025-08-23,,Late
16969,1343,208,2024-10-01,2025-02-04,Returned
16970,1546,888,2024-02-19,2024-04-19,Returned
16971,1510,996,2024-11-01,2025-10-04,Returned
16972,402,737,2025-11-22,2026-01-10,Returned
16973,1854,960,2025-02-04,2026-04-11,Returned
16974,1510,682,2024-03-11,2024-09-05,Returned
16975,185,542,2025-10-07,2026-02-24,Returned
16976,241,194,2024-06-23,2025-03-20,Returned
16977,992,395,2024-10-27,2026-02-21,Returned
16978,239,624,2026-05-24,2026-05-26,Returned
16979,892,196,2024-01-21,2026-04-12,Returned
16980,244,962,2024-07-16,2026-03-11,Returned
16981,1626,503,2023-08-06,2024-11-02,Returned
16982,348,76,2025-02-12,2025-05-03,Returned
16983,1172,65,2025-01-12,2026-03-27,Returned
16984,1828,442,2024-11-07,2024-11-19,Returned
16985,1769,526,2025-08-18,2025-12-17,Returned
16986,856,911,2024-01-14,,Late
16987,1806,18,2024-12-22,2026-05-01,Returned
16988,1909,832,2024-05-21,2024-12-10,Returned
16989,969,400,2024-10-19,,Active
16990,1149,427,2025-04-13,2026-06-04,Returned
16991,938,623,2025-12-01,2026-03-22,Returned
16992,1084,284,2023-12-21,2024-11-25,Returned
16993,1911,823,2023-09-07,2025-01-28,Returned
16994,813,659,2025-12-05,2026-01-18,Returned
16995,1211,418,2026-03-04,2026-03-24,Returned
16996,1145,275,2026-04-24,2026-05-13,Returned
16997,1451,990,2024-11-21,2025-02-16,Returned
16998,1255,854,2025-01-09,2025-11-05,Returned
16999,1417,46,2025-07-03,,Active
17000,1961,977,2025-09-01,2026-02-26,Returned
17001,584,765,2025-01-30,2025-07-31,Returned
17002,930,348,2025-11-17,2026-01-23,Returned
17003,1159,525,2024-08-18,2024-11-21,Returned
17004,1777,467,2024-05-14,2024-10-31,Returned
17005,1018,665,2025-05-17,2026-02-18,Returned
17006,942,439,2024-10-15,2025-12-28,Returned
17007,14,148,2023-06-28,2025-07-31,Returned
17008,52,300,2025-07-01,2026-05-30,Returned
17009,1436,116,2025-08-26,2026-02-02,Returned
17010,1487,226,2024-11-07,2025-09-14,Returned
17011,1572,712,2025-12-10,2026-03-19,Returned
17012,652,232,2023-10-07,2026-03-26,Returned
17013,1780,148,2023-07-25,2023-10-06,Returned
17014,1052,962,2023-12-10,2024-10-13,Returned
17015,990,281,2024-05-04,2025-02-12,Returned
17016,1721,374,2026-02-09,2026-05-21,Returned
17017,1469,226,2024-12-13,2025-07-31,Returned
17018,1972,78,2023-08-12,2024-06-19,Returned
17019,1211,850,2025-12-06,2026-05-22,Returned
17020,952,947,2026-04-17,2026-05-17,Returned
17021,57,479,2024-04-07,2025-03-01,Returned
17022,1210,473,2025-03-09,2025-11-04,Returned
17023,155,482,2024-06-22,2024-08-30,Returned
17024,1508,387,2024-11-25,2025-08-21,Returned
17025,1911,712,2025-02-04,2026-03-14,Returned
17026,306,705,2025-04-20,2025-11-20,Returned
17027,102,640,2025-11-14,2025-12-22,Returned
17028,868,684,2024-10-20,2025-01-18,Returned
17029,1125,424,2023-08-23,2024-12-18,Returned
17030,1061,155,2023-10-20,2026-05-06,Returned
17031,1415,891,2025-01-07,2026-05-30,Returned
17032,1774,327,2025-03-02,,Late
17033,1301,496,2023-10-28,2024-07-15,Returned
17034,1019,546,2025-01-23,2025-04-26,Returned
17035,1124,76,2025-08-27,2026-02-24,Returned
17036,1608,805,2025-12-15,,Active
17037,1673,826,2024-04-26,2026-02-10,Returned
17038,724,303,2025-01-12,2025-12-10,Returned
17039,508,216,2025-01-23,2026-03-12,Returned
17040,217,882,2024-07-01,2025-10-23,Returned
17041,154,762,2023-11-23,2024-01-11,Returned
17042,1214,482,2024-02-19,2024-03-08,Returned
17043,1527,554,2025-10-16,2026-04-03,Returned
17044,1658,526,2024-09-08,2026-04-27,Returned
17045,149,842,2025-04-21,2025-06-22,Returned
17046,704,469,2025-02-15,2026-05-06,Returned
17047,157,592,2026-03-09,2026-05-10,Returned
17048,1016,481,2023-09-10,2025-08-10,Returned
17049,331,449,2025-06-02,2025-08-11,Returned
17050,1677,245,2024-10-21,2025-10-10,Returned
17051,563,912,2026-05-06,2026-05-10,Returned
17052,247,104,2024-07-14,2025-02-03,Returned
17053,1167,148,2023-08-25,2025-04-17,Returned
17054,1563,417,2024-10-22,2025-05-25,Returned
17055,295,395,2023-10-08,2025-04-16,Returned
17056,286,893,2024-07-30,2025-09-07,Returned
17057,770,711,2025-03-06,2025-10-10,Returned
17058,113,640,2026-02-18,,Late
17059,610,251,2024-05-20,2025-02-01,Returned
17060,810,797,2023-12-12,2026-05-18,Returned
17061,942,380,2025-03-02,2026-04-06,Returned
17062,464,936,2024-05-10,,Late
17063,951,988,2024-02-26,2024-08-23,Returned
17064,516,834,2025-10-16,2026-01-26,Returned
17065,94,919,2025-05-16,2026-03-02,Returned
17066,490,683,2026-01-15,2026-04-13,Returned
17067,1583,567,2024-01-14,2025-01-15,Returned
17068,643,364,2026-01-10,2026-01-14,Returned
17069,610,915,2025-03-27,,Active
17070,1354,978,2025-04-11,2026-05-16,Returned
17071,215,672,2024-07-08,2025-06-29,Returned
17072,501,429,2023-06-16,2025-04-02,Returned
17073,7,258,2026-04-07,2026-04-14,Returned
17074,1944,676,2023-11-18,2025-02-24,Returned
17075,504,208,2024-11-12,2025-05-19,Returned
17076,1553,226,2023-11-28,2025-06-18,Returned
17077,1035,83,2024-09-01,2025-12-12,Returned
17078,1019,350,2024-03-22,,Late
17079,976,171,2023-09-14,2024-06-16,Returned
17080,1843,684,2024-09-19,2024-12-16,Returned
17081,18,25,2026-02-19,2026-03-21,Returned
17082,1940,623,2025-03-30,2025-09-27,Returned
17083,682,316,2023-10-28,2025-12-24,Returned
17084,890,295,2023-08-02,2023-10-12,Returned
17085,314,603,2026-05-26,,Late
17086,1059,928,2026-01-28,2026-04-11,Returned
17087,695,258,2023-06-14,2024-03-22,Returned
17088,1981,147,2024-03-16,2025-04-30,Returned
17089,1538,940,2024-12-31,2026-04-02,Returned
17090,881,652,2025-01-17,,Active
17091,1163,93,2024-01-29,2024-12-04,Returned
17092,120,936,2025-10-13,2026-01-14,Returned
17093,1363,201,2025-03-31,2025-08-18,Returned
17094,1372,360,2024-05-03,2025-08-04,Returned
17095,1895,680,2026-01-23,2026-05-09,Returned
17096,172,857,2024-11-24,2026-04-09,Returned
17097,1783,424,2023-09-22,2025-07-01,Returned
17098,1713,689,2026-02-20,2026-03-09,Returned
17099,408,455,2024-05-26,2024-10-04,Returned
17100,864,843,2025-04-18,2025-10-08,Returned
17101,74,824,2024-02-10,2025-05-04,Returned
17102,620,562,2026-04-22,2026-05-25,Returned
17103,703,164,2025-08-24,2026-02-22,Returned
17104,1133,661,2025-02-21,2025-02-27,Returned
17105,602,771,2024-11-12,,Late
17106,1091,71,2025-08-15,2025-09-26,Returned
17107,1120,487,2024-12-02,,Active
17108,478,77,2025-11-29,2026-06-05,Returned
17109,273,752,2024-08-22,2024-10-26,Returned
17110,505,544,2025-02-15,,Active
17111,1520,272,2024-10-03,2026-01-04,Returned
17112,140,241,2026-02-19,2026-03-26,Returned
17113,556,692,2024-08-09,2026-04-28,Returned
17114,1058,770,2025-09-05,2026-06-01,Returned
17115,432,447,2025-03-27,2026-01-07,Returned
17116,1710,95,2025-04-27,2025-06-05,Returned
17117,844,664,2024-03-10,2024-08-01,Returned
17118,1118,54,2024-05-30,2025-04-26,Returned
17119,681,800,2025-02-26,2025-12-15,Returned
17120,1821,370,2024-03-31,2025-01-27,Returned
17121,655,908,2025-10-18,2026-02-15,Returned
17122,164,933,2023-10-04,2023-10-12,Returned
17123,1212,785,2023-11-27,2024-04-18,Returned
17124,1507,705,2024-04-22,2025-11-21,Returned
17125,1968,12,2024-01-18,2025-10-21,Returned
17126,49,714,2025-03-24,2026-03-21,Returned
17127,1134,354,2025-11-28,2026-01-20,Returned
17128,1901,174,2026-01-30,2026-04-29,Returned
17129,1877,520,2023-10-12,2025-06-20,Returned
17130,55,941,2024-06-25,2024-09-17,Returned
17131,1435,520,2025-05-28,2025-12-10,Returned
17132,1926,810,2024-06-28,2025-05-20,Returned
17133,1582,243,2024-07-07,2024-11-30,Returned
17134,1423,159,2025-12-19,,Active
17135,1587,564,2025-01-06,2026-03-28,Returned
17136,1247,172,2026-02-18,2026-05-02,Returned
17137,1646,545,2024-10-09,2025-10-22,Returned
17138,382,11,2024-07-18,2024-08-27,Returned
17139,962,61,2025-05-14,2025-09-12,Returned
17140,1326,622,2024-07-11,2025-12-24,Returned
17141,675,254,2025-08-21,2026-02-22,Returned
17142,645,752,2024-03-17,,Active
17143,1623,720,2025-12-13,2026-01-12,Returned
17144,870,58,2025-12-25,2026-05-29,Returned
17145,674,850,2023-11-04,2023-12-28,Returned
17146,220,291,2024-10-17,2025-01-20,Returned
17147,176,483,2025-01-26,2026-01-26,Returned
17148,591,958,2024-12-07,2026-04-25,Returned
17149,921,177,2025-11-29,2026-04-22,Returned
17150,1426,319,2025-12-01,,Active
17151,1455,573,2024-02-26,2025-03-16,Returned
17152,295,978,2024-01-19,2025-01-07,Returned
17153,335,418,2026-01-31,2026-02-03,Returned
17154,184,870,2025-07-28,2026-04-25,Returned
17155,1771,456,2023-07-21,2025-09-21,Returned
17156,1278,156,2023-11-07,2025-03-31,Returned
17157,825,689,2025-04-24,2025-07-10,Returned
17158,1249,909,2023-10-09,2025-03-11,Returned
17159,1684,636,2024-05-25,2025-12-25,Returned
17160,755,735,2024-11-24,2026-02-27,Returned
17161,1933,376,2024-09-21,,Active
17162,818,216,2024-10-08,2025-06-28,Returned
17163,156,934,2025-10-04,2026-05-28,Returned
17164,1542,354,2024-08-08,2024-12-19,Returned
17165,614,137,2026-04-12,2026-05-02,Returned
17166,1371,579,2025-03-08,2025-08-26,Returned
17167,134,134,2025-01-21,2025-06-09,Returned
17168,1720,641,2026-03-18,2026-04-08,Returned
17169,1545,377,2026-01-26,2026-03-17,Returned
17170,327,951,2025-07-27,2026-02-19,Returned
17171,1908,820,2025-03-11,2026-02-04,Returned
17172,58,977,2025-10-19,2025-12-31,Returned
17173,1806,601,2025-11-25,2026-02-15,Returned
17174,41,895,2025-04-15,2026-04-23,Returned
17175,710,274,2026-04-06,2026-06-06,Returned
17176,1672,51,2025-12-16,2026-01-10,Returned
17177,1421,458,2024-08-29,2025-03-15,Returned
17178,63,942,2024-09-29,2025-08-04,Returned
17179,1604,26,2025-10-12,2025-11-19,Returned
17180,1776,587,2026-04-30,2026-05-13,Returned
17181,1094,868,2024-04-29,2026-05-24,Returned
17182,1953,709,2026-01-20,2026-06-01,Returned
17183,876,497,2025-09-23,2025-11-01,Returned
17184,1835,449,2025-02-05,2026-04-04,Returned
17185,616,365,2026-05-11,2026-05-13,Returned
17186,1020,191,2026-04-09,2026-05-04,Returned
17187,484,516,2025-06-15,,Active
17188,1163,546,2025-10-27,2025-12-14,Returned
17189,1129,11,2025-03-23,2025-12-08,Returned
17190,900,911,2023-07-27,2024-05-10,Returned
17191,159,53,2023-10-22,2025-04-08,Returned
17192,1430,438,2025-10-05,2025-10-21,Returned
17193,297,619,2024-06-27,2025-12-02,Returned
17194,707,919,2024-05-09,2025-07-07,Returned
17195,1106,185,2026-05-03,2026-05-12,Returned
17196,1608,163,2023-10-23,2025-02-25,Returned
17197,1304,737,2024-08-09,2026-03-18,Returned
17198,1131,185,2026-01-25,2026-01-27,Returned
17199,975,49,2025-08-09,2025-08-15,Returned
17200,1737,222,2025-05-02,,Active
17201,1830,867,2026-03-18,2026-05-12,Returned
17202,814,747,2023-09-24,2024-05-03,Returned
17203,1650,272,2025-04-08,2026-05-26,Returned
17204,879,670,2024-07-13,2026-02-27,Returned
17205,331,392,2024-02-13,,Active
17206,581,691,2025-12-19,2026-03-06,Returned
17207,692,549,2024-03-12,2024-07-24,Returned
17208,154,356,2025-11-28,2026-03-18,Returned
17209,1729,721,2023-11-03,,Active
17210,634,292,2023-12-03,2024-07-23,Returned
17211,1435,38,2023-09-16,2026-04-09,Returned
17212,499,897,2024-03-10,,Active
17213,558,913,2024-04-20,2026-02-25,Returned
17214,1090,325,2025-05-29,2025-12-27,Returned
17215,839,945,2023-12-22,2024-09-16,Returned
17216,829,794,2023-10-11,,Active
17217,301,132,2024-09-14,2026-03-26,Returned
17218,1704,27,2023-08-04,,Active
17219,1005,752,2023-09-01,2023-11-28,Returned
17220,835,568,2026-04-22,2026-05-23,Returned
17221,273,899,2024-05-20,2024-06-03,Returned
17222,403,918,2024-12-16,2025-09-19,Returned
17223,414,288,2024-05-18,2024-08-17,Returned
17224,1913,39,2023-06-16,2025-02-21,Returned
17225,290,101,2024-03-17,2024-09-10,Returned
17226,1530,439,2024-06-01,2024-12-08,Returned
17227,354,753,2023-07-07,2025-08-31,Returned
17228,190,188,2025-10-01,2026-03-18,Returned
17229,1222,865,2024-05-17,2025-02-20,Returned
17230,1,85,2024-06-12,2025-08-08,Returned
17231,1649,142,2023-08-01,2025-09-18,Returned
17232,1961,366,2025-08-02,2026-06-02,Returned
17233,592,972,2025-01-25,2026-04-23,Returned
17234,864,122,2025-01-25,,Late
17235,1462,553,2025-04-27,2025-09-02,Returned
17236,1112,387,2025-07-31,2025-11-08,Returned
17237,1210,677,2025-11-10,2026-03-20,Returned
17238,279,739,2024-10-13,2025-10-21,Returned
17239,106,820,2025-02-18,2025-10-17,Returned
17240,1475,160,2024-04-07,2025-10-04,Returned
17241,1406,121,2024-11-10,2026-01-12,Returned
17242,328,576,2024-04-22,2024-09-04,Returned
17243,1469,641,2025-09-12,,Active
17244,1199,298,2024-03-13,2026-02-15,Returned
17245,107,486,2025-03-31,,Active
17246,1811,701,2024-08-25,2025-01-19,Returned
17247,846,904,2023-09-10,2025-12-28,Returned
17248,1596,871,2023-12-19,2026-03-01,Returned
17249,34,180,2025-12-25,2026-05-24,Returned
17250,1389,797,2025-06-08,2025-09-26,Returned
17251,1713,857,2024-07-21,,Late
17252,1940,619,2025-02-27,2026-01-13,Returned
17253,1163,779,2025-08-08,2026-02-23,Returned
17254,803,178,2023-07-30,2025-02-21,Returned
17255,1800,933,2024-12-06,2026-01-05,Returned
17256,1791,298,2023-12-01,2024-08-17,Returned
17257,438,875,2025-01-07,2025-08-21,Returned
17258,1489,779,2024-11-24,2025-09-04,Returned
17259,736,502,2025-05-04,2025-09-26,Returned
17260,1631,819,2023-08-21,2024-09-25,Returned
17261,357,891,2024-11-19,2026-01-05,Returned
17262,1759,590,2025-01-01,,Late
17263,865,418,2024-02-26,2026-05-03,Returned
17264,1531,786,2023-12-14,2023-12-27,Returned
17265,730,906,2024-05-09,2025-08-07,Returned
17266,643,758,2025-10-12,2026-05-30,Returned
17267,785,246,2026-01-11,2026-04-22,Returned
17268,1292,604,2026-04-08,2026-05-02,Returned
17269,832,393,2025-07-02,2026-01-05,Returned
17270,1131,906,2025-01-05,2025-11-13,Returned
17271,856,364,2025-08-02,2025-08-10,Returned
17272,950,780,2023-09-17,2025-01-21,Returned
17273,556,631,2023-06-21,2024-07-08,Returned
17274,638,631,2026-03-05,2026-05-04,Returned
17275,1834,721,2025-03-03,,Active
17276,402,35,2023-10-12,2025-03-25,Returned
17277,1751,276,2026-04-16,2026-06-06,Returned
17278,372,664,2025-03-24,2025-09-17,Returned
17279,724,744,2025-04-18,2025-09-05,Returned
17280,141,525,2024-02-12,2024-06-28,Returned
17281,1199,63,2024-10-31,2025-09-16,Returned
17282,1879,284,2025-08-23,2025-12-25,Returned
17283,954,798,2025-06-21,2025-10-15,Returned
17284,138,644,2023-09-25,2025-02-19,Returned
17285,1575,928,2026-01-31,2026-04-03,Returned
17286,1647,392,2025-10-06,2025-12-01,Returned
17287,204,695,2025-04-01,2025-11-13,Returned
17288,520,268,2024-05-06,2025-03-22,Returned
17289,1700,119,2024-11-26,2025-11-07,Returned
17290,1864,511,2024-03-12,2025-03-12,Returned
17291,1667,221,2026-02-08,2026-04-21,Returned
17292,1390,287,2024-06-15,2026-02-18,Returned
17293,1049,917,2024-01-31,2024-11-08,Returned
17294,877,830,2026-03-04,2026-03-28,Returned
17295,24,686,2026-02-08,2026-05-13,Returned
17296,1390,387,2023-11-13,2024-10-16,Returned
17297,1712,27,2024-09-14,2024-11-26,Returned
17298,1721,840,2023-08-09,2026-01-11,Returned
17299,808,63,2026-01-03,2026-02-20,Returned
17300,323,907,2023-08-26,2025-05-19,Returned
17301,1294,310,2025-10-23,2026-06-05,Returned
17302,1624,268,2024-11-22,2025-02-12,Returned
17303,1744,476,2024-06-09,2026-01-19,Returned
17304,1188,695,2023-07-13,2024-06-06,Returned
17305,383,819,2024-07-26,2025-05-26,Returned
17306,1521,842,2024-07-07,2025-06-03,Returned
17307,261,763,2025-11-10,,Active
17308,1988,350,2025-02-28,2026-05-14,Returned
17309,1434,663,2026-01-21,2026-04-07,Returned
17310,257,79,2025-08-02,2025-09-04,Returned
17311,1287,918,2025-12-15,2026-05-13,Returned
17312,1238,365,2024-04-03,2025-07-14,Returned
17313,1881,547,2023-08-05,,Active
17314,86,86,2024-04-07,2024-12-02,Returned
17315,185,894,2024-01-15,2024-05-01,Returned
17316,743,936,2025-10-17,2025-12-20,Returned
17317,831,956,2025-07-18,2025-12-11,Returned
17318,588,456,2025-03-02,2025-06-24,Returned
17319,1127,565,2026-02-05,2026-04-14,Returned
17320,1724,756,2024-03-07,2024-12-01,Returned
17321,1914,941,2024-09-16,2025-04-24,Returned
17322,853,413,2024-08-08,2025-07-03,Returned
17323,392,976,2024-03-26,2024-09-21,Returned
17324,1351,437,2025-04-07,2026-05-20,Returned
17325,886,288,2023-08-19,2025-01-04,Returned
17326,1595,238,2024-08-04,2025-01-30,Returned
17327,161,708,2024-08-23,2025-04-28,Returned
17328,340,260,2024-01-12,2025-12-15,Returned
17329,1485,763,2024-10-31,2025-02-24,Returned
17330,1305,982,2026-03-01,2026-05-03,Returned
17331,880,877,2025-12-30,2026-02-10,Returned
17332,680,610,2025-05-14,2026-04-12,Returned
17333,1973,541,2024-07-12,2024-11-15,Returned
17334,1956,258,2023-07-11,2023-12-19,Returned
17335,303,383,2026-01-26,2026-04-21,Returned
17336,1223,451,2025-08-30,2025-12-03,Returned
17337,1190,377,2026-04-10,2026-05-06,Returned
17338,409,582,2023-11-20,2025-01-26,Returned
17339,1941,291,2025-10-20,,Active
17340,12,693,2024-06-02,2025-11-09,Returned
17341,1568,723,2025-11-28,2026-03-18,Returned
17342,1927,786,2025-07-15,2026-03-09,Returned
17343,915,468,2025-06-30,2026-04-18,Returned
17344,751,939,2026-04-12,2026-05-17,Returned
17345,1460,323,2024-02-21,2024-08-13,Returned
17346,1781,313,2024-01-09,2024-08-02,Returned
17347,1049,167,2026-02-06,2026-03-06,Returned
17348,965,239,2025-04-25,2025-08-11,Returned
17349,979,174,2025-03-26,2026-05-25,Returned
17350,1307,11,2026-01-17,2026-05-26,Returned
17351,911,105,2023-10-29,2025-01-02,Returned
17352,683,134,2025-11-15,2026-03-20,Returned
17353,1900,368,2023-11-19,2024-12-04,Returned
17354,626,801,2025-04-09,2026-03-17,Returned
17355,35,160,2026-05-01,2026-05-26,Returned
17356,1611,813,2025-04-27,2026-01-09,Returned
17357,389,563,2025-11-15,2026-05-31,Returned
17358,1424,218,2024-02-20,2025-06-18,Returned
17359,1177,104,2026-01-20,2026-05-05,Returned
17360,1201,648,2025-03-14,2025-09-17,Returned
17361,1041,63,2025-03-21,2026-03-15,Returned
17362,23,684,2023-09-13,2025-09-27,Returned
17363,397,233,2025-05-21,2026-01-20,Returned
17364,1844,951,2024-09-06,2025-05-16,Returned
17365,147,765,2025-03-24,,Active
17366,1820,423,2025-07-30,2026-01-13,Returned
17367,1071,413,2026-04-21,2026-05-29,Returned
17368,620,114,2024-07-31,,Active
17369,1232,425,2024-02-19,2025-11-24,Returned
17370,1974,515,2025-02-11,,Active
17371,942,934,2026-01-01,,Active
17372,1680,225,2025-10-16,2025-12-09,Returned
17373,1654,470,2026-01-24,2026-01-27,Returned
17374,71,257,2025-12-01,,Active
17375,829,786,2025-04-20,2025-08-13,Returned
17376,52,493,2024-04-25,2024-08-14,Returned
17377,176,869,2024-06-28,2025-03-18,Returned
17378,1852,310,2024-09-04,2024-12-27,Returned
17379,878,973,2024-07-05,2025-03-08,Returned
17380,200,804,2026-02-07,2026-03-08,Returned
17381,396,870,2026-05-16,,Late
17382,891,243,2024-01-28,2024-12-28,Returned
17383,434,717,2025-09-20,2026-01-24,Returned
17384,1472,784,2026-03-12,2026-03-13,Returned
17385,1844,681,2024-01-20,2024-04-02,Returned
17386,57,665,2024-10-26,2026-03-28,Returned
17387,976,894,2026-04-07,2026-06-06,Returned
17388,436,204,2023-07-21,2024-11-25,Returned
17389,1093,254,2025-05-05,2025-05-25,Returned
17390,214,503,2024-02-24,2025-03-01,Returned
17391,978,297,2026-04-11,2026-04-18,Returned
17392,222,769,2026-01-01,2026-05-23,Returned
17393,993,323,2025-05-28,2025-07-31,Returned
17394,953,313,2024-06-20,2024-10-28,Returned
17395,1042,554,2025-07-28,2026-02-06,Returned
17396,1320,122,2023-12-23,2024-03-17,Returned
17397,226,873,2024-07-07,2024-09-01,Returned
17398,1223,11,2024-07-29,2025-10-05,Returned
17399,1776,726,2024-09-15,2025-06-09,Returned
17400,404,253,2024-12-21,2025-03-06,Returned
17401,812,108,2025-01-09,2026-01-07,Returned
17402,659,166,2025-08-17,2026-02-14,Returned
17403,226,666,2025-06-05,2025-11-05,Returned
17404,1795,513,2023-06-16,2025-07-20,Returned
17405,1340,930,2023-11-26,2025-04-06,Returned
17406,1394,70,2025-10-09,2025-11-19,Returned
17407,1462,437,2025-11-29,2025-12-29,Returned
17408,1497,299,2023-09-23,2024-11-18,Returned
17409,908,734,2024-03-08,2024-08-01,Returned
17410,1067,747,2026-02-25,2026-05-22,Returned
17411,1037,767,2024-10-12,2024-11-07,Returned
17412,1242,330,2025-05-02,2025-09-12,Returned
17413,845,86,2025-05-06,,Active
17414,438,981,2025-08-04,2025-11-23,Returned
17415,798,679,2026-04-21,2026-05-30,Returned
17416,953,419,2023-11-18,2026-03-18,Returned
17417,670,182,2023-10-01,2026-03-21,Returned
17418,838,856,2025-08-24,2025-10-08,Returned
17419,1682,655,2025-09-29,2026-06-03,Returned
17420,909,784,2023-08-15,2023-12-12,Returned
17421,1905,869,2025-03-07,2026-04-17,Returned
17422,156,736,2024-07-25,2024-12-24,Returned
17423,172,576,2026-04-14,2026-05-19,Returned
17424,1243,104,2025-05-06,,Active
17425,1817,798,2024-05-27,2025-05-31,Returned
17426,25,904,2025-04-22,,Active
17427,153,406,2023-07-10,2024-10-14,Returned
17428,1323,420,2024-09-13,,Active
17429,1636,771,2026-04-19,2026-04-23,Returned
17430,762,63,2026-01-06,2026-03-23,Returned
17431,1873,534,2024-12-29,2026-01-10,Returned
17432,89,717,2025-09-27,2025-12-03,Returned
17433,878,571,2025-01-29,2025-09-04,Returned
17434,1525,598,2025-01-07,2025-04-28,Returned
17435,399,867,2024-10-18,2025-03-06,Returned
17436,408,101,2023-11-26,2024-05-10,Returned
17437,1901,364,2024-10-12,2026-01-06,Returned
17438,552,618,2026-02-20,2026-04-07,Returned
17439,1998,510,2024-01-16,2024-03-19,Returned
17440,303,733,2024-09-24,2025-02-25,Returned
17441,790,377,2024-11-16,,Active
17442,709,50,2023-06-20,2024-02-11,Returned
17443,1089,533,2025-06-11,2026-06-04,Returned
17444,456,832,2026-05-14,2026-05-28,Returned
17445,65,266,2024-10-01,2026-01-07,Returned
17446,1493,668,2024-08-24,2025-06-10,Returned
17447,888,528,2026-05-04,2026-05-06,Returned
17448,982,844,2025-02-24,2025-10-06,Returned
17449,1414,243,2023-07-16,,Active
17450,414,458,2024-11-03,2025-03-05,Returned
17451,135,948,2024-10-17,2026-02-14,Returned
17452,720,667,2023-07-22,2026-02-12,Returned
17453,1641,998,2025-11-25,2026-05-26,Returned
17454,141,228,2025-02-09,2025-03-25,Returned
17455,8,201,2025-02-07,,Late
17456,1049,664,2024-04-14,2026-01-19,Returned
17457,1451,829,2025-08-05,2026-01-14,Returned
17458,1846,355,2026-05-01,2026-05-30,Returned
17459,1397,458,2024-06-27,2026-03-29,Returned
17460,160,412,2023-09-09,2025-03-28,Returned
17461,808,219,2024-02-01,2025-02-19,Returned
17462,881,973,2023-07-04,2025-11-28,Returned
17463,1456,442,2023-12-09,,Active
17464,201,215,2025-05-08,2025-11-05,Returned
17465,1970,968,2025-02-11,,Late
17466,1446,416,2023-12-26,2024-02-02,Returned
17467,706,847,2024-12-04,2025-05-19,Returned
17468,1185,256,2026-04-18,2026-04-25,Returned
17469,1701,909,2024-01-14,2024-12-21,Returned
17470,544,494,2024-05-21,2025-06-16,Returned
17471,309,856,2024-04-10,2026-03-21,Returned
17472,1615,330,2025-01-13,2025-05-13,Returned
17473,1613,50,2023-08-25,2026-01-07,Returned
17474,6,591,2023-09-19,2026-01-03,Returned
17475,1233,976,2024-10-04,2025-06-04,Returned
17476,799,22,2024-06-28,2026-01-12,Returned
17477,1096,755,2026-03-23,2026-05-12,Returned
17478,562,260,2026-02-06,2026-05-29,Returned
17479,129,717,2025-05-23,2025-12-22,Returned
17480,769,451,2026-01-01,2026-05-29,Returned
17481,500,512,2025-08-17,2025-10-12,Returned
17482,1062,467,2023-12-15,2025-03-08,Returned
17483,1159,579,2026-02-07,2026-03-09,Returned
17484,211,66,2025-05-10,2025-10-28,Returned
17485,65,809,2025-10-12,2025-11-27,Returned
17486,1573,867,2025-04-03,2026-02-06,Returned
17487,914,664,2023-11-02,2025-05-25,Returned
17488,1324,668,2026-02-28,2026-04-29,Returned
17489,970,970,2023-07-29,2026-03-01,Returned
17490,920,200,2024-11-04,2025-05-13,Returned
17491,1341,772,2025-05-12,2026-03-07,Returned
17492,490,765,2024-07-27,2025-02-08,Returned
17493,1384,548,2025-07-20,2026-04-12,Returned
17494,381,655,2024-03-18,2026-03-24,Returned
17495,1538,53,2024-03-14,2026-05-04,Returned
17496,1468,637,2025-08-14,2026-05-17,Returned
17497,239,946,2023-09-22,2025-03-06,Returned
17498,124,845,2024-12-09,2025-06-19,Returned
17499,548,784,2026-04-01,,Active
17500,812,757,2025-09-12,2026-05-09,Returned
17501,1958,835,2025-07-14,2025-08-16,Returned
17502,1783,733,2025-06-08,2025-09-30,Returned
17503,609,782,2025-03-26,2025-08-06,Returned
17504,1470,717,2025-12-13,2026-04-28,Returned
17505,1678,731,2024-09-08,2025-09-07,Returned
17506,1438,698,2026-05-18,2026-05-24,Returned
17507,1058,681,2023-08-22,2025-12-04,Returned
17508,982,312,2024-09-13,2025-03-10,Returned
17509,705,243,2025-06-12,,Active
17510,1806,960,2025-05-09,2026-03-06,Returned
17511,123,296,2024-06-30,2024-12-19,Returned
17512,10,447,2024-10-21,2026-05-12,Returned
17513,1649,711,2024-07-01,,Active
17514,1899,591,2023-09-23,2025-08-15,Returned
17515,1879,261,2025-01-28,,Late
17516,1958,508,2026-02-05,2026-04-11,Returned
17517,574,585,2025-08-26,2025-09-11,Returned
17518,1919,610,2026-03-13,2026-04-13,Returned
17519,1310,31,2023-11-27,2024-11-16,Returned
17520,1332,451,2024-06-25,2024-11-04,Returned
17521,1784,898,2024-09-05,2025-03-10,Returned
17522,1655,192,2024-02-19,2024-05-21,Returned
17523,1428,616,2024-11-06,2024-11-17,Returned
17524,1501,376,2026-04-14,2026-05-26,Returned
17525,1635,327,2026-03-19,2026-05-15,Returned
17526,1661,166,2024-10-02,2025-03-06,Returned
17527,1700,707,2026-04-03,,Active
17528,477,232,2024-05-20,2025-08-30,Returned
17529,88,705,2023-08-21,2024-04-02,Returned
17530,358,101,2024-05-28,2026-03-22,Returned
17531,1106,558,2024-08-18,2025-05-20,Returned
17532,1118,802,2025-09-02,2025-11-03,Returned
17533,1177,212,2024-01-06,2024-06-09,Returned
17534,1151,294,2024-02-06,2026-03-31,Returned
17535,1448,179,2025-03-09,2025-10-23,Returned
17536,1883,342,2023-12-08,2025-11-07,Returned
17537,1817,546,2024-04-18,2026-02-06,Returned
17538,1145,714,2026-01-24,2026-02-10,Returned
17539,1466,546,2025-03-03,2025-10-10,Returned
17540,2,171,2026-01-25,,Late
17541,932,475,2024-07-01,,Late
17542,1204,21,2024-04-04,2026-03-05,Returned
17543,1028,617,2026-03-18,,Late
17544,1681,307,2023-08-07,2023-11-10,Returned
17545,707,562,2025-08-10,2025-08-18,Returned
17546,1654,218,2026-03-19,2026-05-17,Returned
17547,773,888,2026-01-26,2026-06-03,Returned
17548,11,590,2025-09-02,2026-04-25,Returned
17549,360,219,2024-01-25,2025-12-14,Returned
17550,647,873,2023-10-12,2023-12-17,Returned
17551,490,63,2025-07-09,2026-04-09,Returned
17552,353,406,2025-03-13,2026-03-19,Returned
17553,1034,762,2025-03-31,2026-05-25,Returned
17554,512,931,2024-06-27,,Active
17555,1065,824,2024-08-24,2026-06-06,Returned
17556,318,968,2025-05-04,2025-06-15,Returned
17557,1541,824,2024-08-25,2026-05-05,Returned
17558,1325,409,2026-03-14,2026-05-07,Returned
17559,381,34,2024-12-16,2024-12-20,Returned
17560,1277,80,2024-12-17,,Active
17561,688,159,2023-08-24,2025-01-20,Returned
17562,418,750,2025-02-27,2025-10-25,Returned
17563,593,63,2026-05-07,2026-05-16,Returned
17564,527,321,2023-08-25,2026-03-26,Returned
17565,1560,436,2026-01-25,2026-03-29,Returned
17566,379,726,2025-12-06,2026-02-13,Returned
17567,1430,493,2025-05-28,2025-11-18,Returned
17568,260,760,2024-10-15,,Late
17569,668,147,2026-01-16,2026-02-11,Returned
17570,344,825,2025-05-10,2025-07-15,Returned
17571,523,430,2025-10-19,2026-02-25,Returned
17572,795,85,2024-01-30,2026-01-08,Returned
17573,72,168,2025-02-04,2025-08-08,Returned
17574,1650,464,2023-11-16,2024-12-09,Returned
17575,669,442,2024-01-11,2026-05-23,Returned
17576,1819,658,2023-11-13,2026-03-01,Returned
17577,724,306,2024-07-01,2025-11-28,Returned
17578,458,680,2026-02-01,2026-05-11,Returned
17579,616,213,2026-01-12,2026-02-08,Returned
17580,237,903,2025-12-08,2026-01-30,Returned
17581,1215,279,2025-03-08,2026-02-15,Returned
17582,649,40,2024-02-16,2025-02-28,Returned
17583,504,375,2025-04-18,2025-08-31,Returned
17584,328,977,2023-10-24,2024-12-29,Returned
17585,1113,558,2025-12-30,2026-01-02,Returned
17586,718,581,2026-04-14,2026-05-04,Returned
17587,923,783,2024-01-02,2025-04-15,Returned
17588,364,481,2024-03-01,2025-04-10,Returned
17589,1384,836,2023-08-15,2025-10-23,Returned
17590,630,617,2024-08-13,2026-04-29,Returned
17591,895,301,2023-07-01,2025-08-24,Returned
17592,1439,614,2023-10-11,2024-10-23,Returned
17593,1204,824,2025-01-18,2025-10-25,Returned
17594,1709,108,2025-07-27,,Active
17595,247,921,2025-08-11,2025-09-11,Returned
17596,770,906,2026-03-10,2026-04-12,Returned
17597,41,487,2025-03-29,2025-12-22,Returned
17598,1799,178,2024-04-30,2026-05-12,Returned
17599,287,664,2025-12-26,2026-03-08,Returned
17600,1020,804,2023-07-26,2025-10-14,Returned
17601,182,321,2025-07-20,2026-03-01,Returned
17602,1231,321,2023-10-12,2023-10-14,Returned
17603,1141,454,2023-08-05,,Late
17604,29,469,2024-10-03,2025-11-18,Returned
17605,948,106,2024-02-07,2024-04-21,Returned
17606,744,83,2023-08-26,2025-10-20,Returned
17607,1772,855,2023-10-22,,Active
17608,1130,649,2023-08-16,2024-03-21,Returned
17609,593,990,2023-10-11,2023-12-29,Returned
17610,1569,870,2023-10-08,2024-07-18,Returned
17611,1416,363,2025-02-17,2025-03-28,Returned
17612,1489,656,2025-10-16,2025-11-17,Returned
17613,1976,953,2025-04-02,2025-06-14,Returned
17614,1239,395,2023-09-09,2026-01-31,Returned
17615,544,382,2023-11-21,2025-02-05,Returned
17616,1537,228,2023-12-29,2026-05-04,Returned
17617,1437,115,2024-05-21,2024-08-04,Returned
17618,1443,933,2025-10-17,2026-03-28,Returned
17619,1989,792,2026-05-13,2026-06-05,Returned
17620,512,475,2024-08-04,2026-02-15,Returned
17621,966,930,2023-12-04,2025-05-04,Returned
17622,82,50,2024-09-07,2024-12-26,Returned
17623,1421,199,2023-12-01,2025-01-19,Returned
17624,1428,372,2025-10-16,2026-01-13,Returned
17625,1880,685,2023-09-11,2024-12-11,Returned
17626,302,501,2025-07-18,2026-03-02,Returned
17627,599,8,2024-01-10,,Active
17628,2000,854,2025-10-16,2025-10-30,Returned
17629,436,627,2024-06-30,2024-08-08,Returned
17630,667,243,2025-07-14,2026-05-05,Returned
17631,1612,938,2025-03-01,2026-01-03,Returned
17632,1102,169,2025-03-31,2025-06-30,Returned
17633,416,175,2023-09-08,,Late
17634,1415,318,2024-10-06,2025-01-25,Returned
17635,1050,661,2026-01-21,2026-03-18,Returned
17636,61,820,2026-02-23,2026-05-18,Returned
17637,1262,422,2023-08-21,2025-05-23,Returned
17638,34,733,2024-09-22,2026-05-24,Returned
17639,1817,32,2026-02-17,2026-02-18,Returned
17640,1141,587,2023-11-07,2026-02-23,Returned
17641,88,128,2025-01-18,2025-06-16,Returned
17642,1061,255,2024-11-27,2025-09-26,Returned
17643,41,407,2025-07-08,2026-01-20,Returned
17644,205,240,2023-08-27,2025-07-08,Returned
17645,1279,182,2025-10-11,2025-12-03,Returned
17646,639,854,2025-11-04,2025-12-20,Returned
17647,715,719,2025-08-30,2025-09-09,Returned
17648,362,930,2024-05-14,2026-03-25,Returned
17649,1762,247,2024-12-21,2025-06-13,Returned
17650,353,238,2024-02-08,2026-04-28,Returned
17651,414,448,2023-10-17,,Active
17652,1544,816,2023-06-30,2025-09-19,Returned
17653,361,632,2025-10-14,2026-01-25,Returned
17654,1923,447,2025-10-22,2026-04-21,Returned
17655,432,685,2023-09-02,,Active
17656,1911,506,2023-09-16,2025-11-13,Returned
17657,1040,476,2024-07-22,,Active
17658,802,788,2023-07-09,2024-03-26,Returned
17659,627,211,2024-01-17,2024-02-28,Returned
17660,637,692,2026-04-22,2026-05-31,Returned
17661,75,234,2026-01-27,2026-03-29,Returned
17662,1505,687,2024-05-08,2024-09-20,Returned
17663,1057,55,2024-06-19,2026-04-03,Returned
17664,1692,816,2023-11-18,2025-12-05,Returned
17665,212,59,2025-06-24,2026-03-16,Returned
17666,1395,989,2026-04-13,,Active
17667,895,970,2025-09-03,,Active
17668,1381,934,2024-08-18,,Active
17669,1692,145,2026-03-18,2026-04-24,Returned
17670,1260,298,2024-12-16,,Active
17671,1424,521,2025-04-01,2026-01-09,Returned
17672,979,83,2023-12-23,,Active
17673,1589,442,2024-08-15,2026-03-21,Returned
17674,146,38,2023-07-19,2024-08-20,Returned
17675,875,364,2024-03-30,2026-04-09,Returned
17676,388,166,2024-03-11,2025-10-06,Returned
17677,600,158,2025-01-12,2025-01-15,Returned
17678,1883,411,2025-08-24,2026-02-12,Returned
17679,1388,73,2023-10-02,2025-06-29,Returned
17680,1851,551,2026-06-06,2026-06-06,Returned
17681,1533,323,2025-05-06,2025-05-18,Returned
17682,236,733,2025-02-20,2026-04-07,Returned
17683,628,537,2025-02-27,2025-03-03,Returned
17684,798,83,2024-09-03,,Late
17685,42,374,2025-02-15,,Active
17686,1350,543,2024-04-16,2024-09-02,Returned
17687,1047,498,2023-09-01,2024-10-31,Returned
17688,1259,992,2024-10-30,2025-12-03,Returned
17689,539,212,2024-02-05,2025-04-27,Returned
17690,321,304,2026-03-18,2026-04-12,Returned
17691,1296,372,2024-01-29,2025-03-22,Returned
17692,289,376,2025-02-26,2025-06-06,Returned
17693,1008,275,2025-10-18,,Late
17694,1895,980,2025-07-23,,Active
17695,69,981,2025-01-27,2025-12-15,Returned
17696,292,332,2023-08-29,,Late
17697,152,870,2025-09-21,2025-11-05,Returned
17698,628,592,2026-01-01,2026-05-23,Returned
17699,121,453,2024-02-23,,Active
17700,1311,294,2025-09-26,2025-11-18,Returned
17701,1116,725,2024-04-06,2025-05-01,Returned
17702,1991,458,2026-05-14,2026-05-18,Returned
17703,1465,424,2024-01-02,2024-02-21,Returned
17704,136,655,2025-02-23,,Active
17705,1857,901,2025-05-17,2026-03-11,Returned
17706,521,196,2026-01-01,2026-02-01,Returned
17707,1920,591,2023-06-17,2023-11-21,Returned
17708,862,56,2025-07-24,2026-03-24,Returned
17709,1030,523,2025-11-14,2026-01-30,Returned
17710,944,173,2023-07-13,2025-09-08,Returned
17711,1964,699,2023-12-10,2025-05-20,Returned
17712,1842,55,2023-12-17,2024-07-09,Returned
17713,406,213,2025-07-15,,Active
17714,1661,361,2025-05-26,,Active
17715,445,98,2025-02-25,2025-08-09,Returned
17716,647,78,2023-11-05,2025-01-17,Returned
17717,1520,574,2024-06-14,2026-04-29,Returned
17718,1530,925,2024-09-22,2026-05-07,Returned
17719,1398,36,2024-05-28,2025-09-16,Returned
17720,1938,187,2024-03-04,,Active
17721,1869,40,2025-09-12,2026-05-28,Returned
17722,1720,401,2025-11-15,2026-02-10,Returned
17723,1724,440,2025-07-09,2025-10-22,Returned
17724,655,845,2024-05-05,2024-06-20,Returned
17725,373,686,2023-08-02,2024-04-02,Returned
17726,191,210,2023-07-11,2026-03-15,Returned
17727,890,114,2026-01-24,,Active
17728,565,893,2023-12-30,2024-08-02,Returned
17729,628,580,2023-08-24,2025-05-05,Returned
17730,855,281,2025-08-31,2025-10-15,Returned
17731,1071,517,2023-07-06,2024-11-19,Returned
17732,764,143,2024-09-16,2025-02-19,Returned
17733,226,252,2026-05-28,2026-06-04,Returned
17734,1086,35,2023-12-16,2025-01-28,Returned
17735,1741,483,2024-12-14,2025-11-14,Returned
17736,822,408,2023-10-23,2026-03-29,Returned
17737,746,871,2024-01-17,2025-05-11,Returned
17738,1125,591,2026-04-13,2026-04-30,Returned
17739,1760,878,2025-06-11,2026-03-31,Returned
17740,910,586,2025-01-14,2025-07-11,Returned
17741,600,114,2024-07-29,2025-10-20,Returned
17742,1765,971,2025-11-20,2026-02-20,Returned
17743,938,655,2024-10-19,2025-04-03,Returned
17744,793,143,2024-11-23,2026-03-20,Returned
17745,1260,517,2024-10-26,2024-12-11,Returned
17746,1847,967,2025-12-22,2026-02-19,Returned
17747,1087,241,2025-08-28,2026-04-14,Returned
17748,1784,121,2024-01-02,2025-01-24,Returned
17749,1325,574,2025-02-15,2025-03-08,Returned
17750,389,161,2023-06-16,2024-11-02,Returned
17751,1257,518,2023-09-20,2023-12-09,Returned
17752,443,931,2025-11-21,2026-02-23,Returned
17753,1401,318,2023-06-21,2025-05-12,Returned
17754,607,68,2023-11-19,2026-03-03,Returned
17755,1896,241,2025-10-04,2025-10-28,Returned
17756,1177,687,2026-03-10,2026-05-29,Returned
17757,455,248,2023-08-30,2025-01-10,Returned
17758,783,452,2026-05-11,2026-05-17,Returned
17759,883,165,2024-07-13,2026-03-11,Returned
17760,51,730,2024-10-08,2026-05-15,Returned
17761,1651,841,2024-05-04,2026-01-08,Returned
17762,872,700,2024-06-23,2024-10-29,Returned
17763,1925,323,2024-11-23,2026-04-25,Returned
17764,1833,393,2023-06-25,2023-07-11,Returned
17765,1301,608,2023-10-19,2024-09-06,Returned
17766,844,719,2024-10-08,2026-05-05,Returned
17767,1866,914,2025-03-31,2025-11-15,Returned
17768,1082,940,2024-12-31,2025-09-02,Returned
17769,1872,660,2025-08-05,,Active
17770,884,64,2025-10-03,2025-11-13,Returned
17771,1024,171,2023-09-11,2023-11-01,Returned
17772,1879,217,2023-06-28,2024-01-04,Returned
17773,1265,978,2025-12-15,2026-03-30,Returned
17774,23,471,2023-09-10,2025-09-22,Returned
17775,1983,653,2025-07-25,2026-02-06,Returned
17776,1499,395,2024-04-26,2025-10-27,Returned
17777,1335,702,2024-10-04,2025-05-20,Returned
17778,546,43,2024-11-27,2025-06-15,Returned
17779,1881,79,2026-05-10,2026-05-31,Returned
17780,1966,803,2023-08-19,2026-03-02,Returned
17781,1010,96,2025-09-24,2026-01-28,Returned
17782,573,675,2025-11-21,,Active
17783,1322,540,2023-06-11,2024-05-04,Returned
17784,1047,414,2023-06-22,2024-02-16,Returned
17785,1946,138,2025-05-20,2026-02-17,Returned
17786,694,125,2024-04-13,2026-04-06,Returned
17787,951,994,2026-02-12,2026-02-16,Returned
17788,183,690,2025-10-22,2025-12-14,Returned
17789,712,456,2026-05-02,2026-05-12,Returned
17790,469,627,2026-01-24,2026-05-20,Returned
17791,1712,183,2025-01-06,2026-02-03,Returned
17792,1034,770,2024-05-09,2025-10-05,Returned
17793,1209,447,2024-07-29,2025-04-22,Returned
17794,833,435,2024-02-25,2024-04-13,Returned
17795,428,546,2023-10-18,2024-07-26,Returned
17796,1758,195,2025-07-25,2025-08-30,Returned
17797,739,131,2024-03-25,2024-08-25,Returned
17798,619,78,2024-03-24,2024-11-19,Returned
17799,386,502,2024-02-28,2024-04-30,Returned
17800,863,164,2024-03-07,2025-10-03,Returned
17801,1434,692,2024-08-15,2025-05-11,Returned
17802,918,24,2025-10-26,2025-10-30,Returned
17803,13,823,2024-02-11,2026-05-21,Returned
17804,932,230,2024-10-23,,Active
17805,1750,596,2025-08-14,2025-08-20,Returned
17806,258,857,2024-11-30,,Active
17807,1276,191,2023-11-13,2026-02-08,Returned
17808,1056,517,2024-08-25,2025-12-22,Returned
17809,1236,485,2024-02-13,2026-02-01,Returned
17810,1589,779,2024-07-19,2025-07-10,Returned
17811,1042,883,2025-11-24,2025-12-02,Returned
17812,1313,353,2024-05-14,2025-08-30,Returned
17813,53,771,2026-04-28,2026-04-30,Returned
17814,217,125,2023-12-02,2023-12-25,Returned
17815,528,139,2024-04-26,2026-06-04,Returned
17816,1640,179,2025-09-16,2025-10-12,Returned
17817,1678,743,2023-08-13,2024-06-18,Returned
17818,521,518,2024-05-21,2025-11-30,Returned
17819,1641,963,2024-05-11,2025-04-05,Returned
17820,402,226,2025-08-07,2025-11-22,Returned
17821,1147,874,2023-08-03,2024-01-19,Returned
17822,985,622,2023-10-06,2025-12-01,Returned
17823,1246,40,2025-12-05,2025-12-16,Returned
17824,556,103,2026-05-04,2026-05-24,Returned
17825,1884,805,2024-09-25,2025-01-18,Returned
17826,1715,918,2024-01-17,2024-03-08,Returned
17827,887,567,2023-10-09,2025-01-27,Returned
17828,969,167,2024-08-22,2024-12-16,Returned
17829,1873,348,2023-09-15,2024-04-22,Returned
17830,113,555,2025-12-04,2026-05-10,Returned
17831,953,702,2026-03-12,2026-04-22,Returned
17832,20,497,2024-09-09,2026-02-01,Returned
17833,1230,411,2024-01-19,2025-06-11,Returned
17834,502,729,2023-06-15,2023-11-16,Returned
17835,257,555,2024-01-31,2024-07-19,Returned
17836,145,793,2024-01-23,2025-07-25,Returned
17837,380,36,2024-04-21,,Active
17838,546,740,2026-03-12,2026-05-01,Returned
17839,776,967,2026-01-23,2026-02-02,Returned
17840,1404,465,2024-03-27,2026-04-07,Returned
17841,1325,688,2025-07-16,2025-08-14,Returned
17842,285,195,2026-06-05,,Active
17843,824,723,2024-11-21,2025-10-20,Returned
17844,548,846,2023-07-06,2025-09-25,Returned
17845,154,574,2023-10-22,2024-04-06,Returned
17846,1895,420,2024-09-06,2025-10-12,Returned
17847,535,171,2023-08-05,2024-04-16,Returned
17848,144,988,2025-01-12,2025-01-21,Returned
17849,1667,249,2025-02-21,2026-02-06,Returned
17850,1773,966,2025-08-13,2026-06-04,Returned
17851,98,333,2024-12-01,,Active
17852,198,161,2025-07-29,2025-10-29,Returned
17853,680,672,2026-03-04,2026-03-08,Returned
17854,634,889,2025-07-26,2025-11-13,Returned
17855,869,84,2024-07-20,2024-11-28,Returned
17856,1981,931,2024-07-30,2025-07-30,Returned
17857,1642,6,2023-09-13,2024-09-30,Returned
17858,1820,432,2026-05-18,2026-05-20,Returned
17859,426,383,2026-03-29,2026-05-05,Returned
17860,1214,490,2023-06-27,2026-02-18,Returned
17861,917,970,2023-11-08,2025-08-06,Returned
17862,1105,730,2024-05-15,2024-07-27,Returned
17863,741,628,2023-12-11,2025-02-04,Returned
17864,1115,659,2024-03-20,2024-11-02,Returned
17865,969,383,2026-01-07,,Late
17866,280,498,2025-08-24,2026-01-30,Returned
17867,1508,807,2024-05-23,2024-12-29,Returned
17868,560,517,2024-07-24,2025-06-16,Returned
17869,456,137,2025-11-26,2026-04-09,Returned
17870,3,270,2025-05-07,2025-05-08,Returned
17871,1370,297,2024-12-23,2025-07-01,Returned
17872,1523,380,2024-09-08,2026-05-12,Returned
17873,949,810,2026-01-13,2026-04-13,Returned
17874,1533,32,2025-07-24,2025-08-26,Returned
17875,104,478,2025-02-18,2026-01-27,Returned
17876,1141,781,2024-02-13,2026-05-03,Returned
17877,1102,203,2025-11-14,2026-04-19,Returned
17878,1687,620,2024-02-12,2025-02-25,Returned
17879,223,479,2025-01-02,2025-11-06,Returned
17880,803,299,2023-10-18,2025-11-06,Returned
17881,557,596,2023-11-01,,Active
17882,1445,622,2026-05-20,2026-06-05,Returned
17883,310,952,2024-08-04,2026-03-04,Returned
17884,1291,877,2026-01-09,2026-05-04,Returned
17885,1030,774,2023-08-28,2024-02-09,Returned
17886,1326,370,2024-05-14,2026-04-11,Returned
17887,777,195,2026-05-26,2026-05-29,Returned
17888,172,290,2024-11-03,2026-05-19,Returned
17889,325,796,2025-12-09,2026-04-01,Returned
17890,1855,365,2026-02-28,2026-05-12,Returned
17891,1058,965,2024-06-19,2026-03-07,Returned
17892,603,960,2025-08-02,2025-09-01,Returned
17893,1571,533,2025-04-04,2025-08-02,Returned
17894,214,265,2026-02-14,2026-05-15,Returned
17895,38,294,2025-03-12,2025-10-31,Returned
17896,1642,57,2024-08-31,2025-06-18,Returned
17897,1591,988,2024-02-23,2026-05-23,Returned
17898,1933,927,2024-07-26,2025-07-14,Returned
17899,1221,241,2026-01-06,2026-03-18,Returned
17900,525,791,2024-01-17,2024-10-25,Returned
17901,842,345,2025-03-13,2025-08-17,Returned
17902,1302,323,2025-03-05,2025-08-06,Returned
17903,836,164,2023-08-02,2025-09-02,Returned
17904,1146,238,2024-08-27,,Active
17905,370,346,2023-09-03,2025-05-05,Returned
17906,220,683,2023-09-27,2024-02-11,Returned
17907,5,783,2024-11-04,2025-06-15,Returned
17908,1980,819,2025-02-15,2025-05-07,Returned
17909,638,961,2023-11-06,2025-02-19,Returned
17910,873,874,2025-07-24,2025-11-03,Returned
17911,1962,443,2026-04-16,2026-05-20,Returned
17912,1769,935,2024-04-14,2026-05-12,Returned
17913,1977,823,2023-10-30,2025-01-09,Returned
17914,1748,82,2023-09-30,2025-01-23,Returned
17915,375,444,2025-08-13,2026-03-29,Returned
17916,1612,829,2025-03-23,2025-11-11,Returned
17917,178,720,2025-09-30,2026-02-16,Returned
17918,354,374,2023-08-07,2024-04-26,Returned
17919,92,750,2024-05-03,2025-03-24,Returned
17920,1508,78,2026-02-14,2026-05-19,Returned
17921,1551,936,2024-11-17,2024-11-21,Returned
17922,1384,36,2025-06-08,,Active
17923,287,288,2026-03-17,,Active
17924,272,946,2025-11-06,2026-04-09,Returned
17925,977,545,2026-04-06,2026-06-01,Returned
17926,813,840,2026-02-27,2026-05-02,Returned
17927,596,538,2025-07-22,2026-02-12,Returned
17928,203,957,2024-05-09,2025-05-09,Returned
17929,506,790,2025-02-27,2025-12-23,Returned
17930,1406,449,2024-04-17,2026-03-23,Returned
17931,1674,303,2024-04-01,2025-11-14,Returned
17932,1490,997,2023-12-09,2024-05-19,Returned
17933,292,313,2026-01-12,2026-03-11,Returned
17934,809,631,2026-05-27,2026-06-01,Returned
17935,909,437,2025-09-10,2025-09-21,Returned
17936,1512,801,2024-12-22,2025-05-08,Returned
17937,1575,595,2026-04-13,2026-05-15,Returned
17938,1287,49,2025-10-21,2026-04-23,Returned
17939,1137,9,2024-02-16,2026-04-19,Returned
17940,79,824,2025-05-14,,Active
17941,1935,116,2024-07-19,2026-04-20,Returned
17942,1196,283,2025-09-06,2026-02-28,Returned
17943,242,207,2023-11-25,2024-03-03,Returned
17944,1971,764,2024-12-17,2025-08-08,Returned
17945,1431,391,2025-01-19,2026-01-01,Returned
17946,450,896,2024-05-11,2024-11-29,Returned
17947,1545,403,2026-04-30,2026-05-19,Returned
17948,649,75,2026-03-11,2026-04-08,Returned
17949,186,412,2025-12-09,2026-05-08,Returned
17950,708,583,2023-11-06,2024-08-05,Returned
17951,554,816,2024-06-23,2025-05-14,Returned
17952,1158,974,2025-12-06,,Active
17953,1039,365,2023-10-05,2024-12-01,Returned
17954,1751,102,2023-09-23,,Active
17955,154,648,2026-04-04,2026-04-16,Returned
17956,1714,505,2024-06-29,2025-05-13,Returned
17957,67,814,2024-12-23,2025-11-23,Returned
17958,149,561,2023-08-13,,Late
17959,1947,2,2025-08-12,,Active
17960,1289,722,2023-08-02,2025-12-21,Returned
17961,1144,348,2023-09-28,,Late
17962,1773,200,2024-04-05,2025-07-20,Returned
17963,579,708,2025-10-06,2026-02-22,Returned
17964,408,281,2025-07-06,2026-02-07,Returned
17965,1844,953,2026-03-04,2026-04-07,Returned
17966,1188,463,2025-07-22,2026-02-21,Returned
17967,1257,240,2024-03-05,2025-04-04,Returned
17968,349,962,2025-05-06,2026-04-05,Returned
17969,1100,692,2024-03-10,2024-09-26,Returned
17970,407,951,2025-10-21,2026-02-26,Returned
17971,1058,173,2023-12-06,,Late
17972,1792,945,2025-03-02,2025-03-15,Returned
17973,1201,123,2024-04-05,2025-11-14,Returned
17974,638,852,2023-11-25,2023-12-08,Returned
17975,1776,762,2026-03-19,2026-05-20,Returned
17976,1892,805,2023-11-02,,Late
17977,943,514,2024-11-09,2026-02-25,Returned
17978,239,587,2025-03-31,2025-06-04,Returned
17979,1893,850,2023-12-13,2025-03-22,Returned
17980,408,949,2024-12-17,2025-12-31,Returned
17981,1863,28,2023-11-18,2023-11-24,Returned
17982,1519,258,2023-12-22,2024-04-27,Returned
17983,1227,92,2025-05-04,2025-05-24,Returned
17984,1570,476,2026-02-14,2026-04-27,Returned
17985,1535,737,2024-09-03,2025-12-04,Returned
17986,1377,348,2025-08-18,2025-11-30,Returned
17987,1693,169,2024-11-01,2025-10-13,Returned
17988,440,345,2023-09-20,,Active
17989,1284,155,2025-06-26,2025-12-18,Returned
17990,1336,576,2025-06-01,2025-08-09,Returned
17991,721,973,2024-04-20,2025-06-05,Returned
17992,467,700,2024-04-18,2024-12-09,Returned
17993,515,121,2024-12-23,2025-04-28,Returned
17994,1137,117,2024-07-09,2024-10-29,Returned
17995,424,392,2023-07-04,2024-08-22,Returned
17996,1856,608,2025-09-04,2026-03-23,Returned
17997,819,776,2023-06-15,,Late
17998,872,470,2025-02-22,2026-03-06,Returned
17999,1948,850,2024-05-23,2024-06-11,Returned
18000,843,259,2025-03-19,2025-06-19,Returned
18001,1659,926,2023-10-28,2024-07-23,Returned
18002,611,992,2023-11-29,2025-04-30,Returned
18003,1794,956,2024-12-28,2025-12-15,Returned
18004,1635,641,2024-07-25,2025-10-20,Returned
18005,1735,856,2024-10-16,2025-12-28,Returned
18006,1328,935,2023-09-18,2024-06-01,Returned
18007,987,555,2024-11-06,2026-05-11,Returned
18008,1088,416,2023-09-14,2024-08-30,Returned
18009,161,866,2025-05-18,2026-01-05,Returned
18010,82,636,2025-10-01,2026-04-23,Returned
18011,996,752,2024-11-08,2025-06-04,Returned
18012,1780,823,2024-10-02,2026-06-02,Returned
18013,1561,149,2024-01-14,2024-07-24,Returned
18014,862,27,2025-02-01,2026-02-01,Returned
18015,1448,416,2023-11-10,2026-03-10,Returned
18016,1525,51,2023-12-29,2024-01-10,Returned
18017,1011,490,2024-07-02,2026-03-09,Returned
18018,1856,931,2024-08-18,2026-03-21,Returned
18019,285,403,2023-07-08,2024-07-12,Returned
18020,1095,465,2024-12-31,2025-10-29,Returned
18021,528,539,2025-07-19,2025-11-22,Returned
18022,705,915,2023-11-10,2023-12-24,Returned
18023,1609,139,2024-04-29,2025-08-02,Returned
18024,359,344,2025-03-27,2025-09-04,Returned
18025,317,449,2024-06-15,2026-03-21,Returned
18026,447,516,2025-09-25,2026-01-17,Returned
18027,1666,227,2024-09-16,,Active
18028,874,475,2026-02-13,2026-03-21,Returned
18029,1096,88,2023-07-31,2024-03-19,Returned
18030,485,771,2025-09-19,2026-01-16,Returned
18031,698,991,2024-09-25,2025-04-11,Returned
18032,348,596,2024-02-13,2024-07-17,Returned
18033,179,618,2024-07-22,2026-02-24,Returned
18034,190,605,2023-09-08,2024-01-09,Returned
18035,560,130,2024-03-20,2025-02-20,Returned
18036,1671,360,2024-05-26,2025-05-25,Returned
18037,464,854,2023-09-12,,Active
18038,1109,295,2025-05-06,2026-04-09,Returned
18039,590,956,2024-04-04,2025-02-22,Returned
18040,834,467,2025-08-31,2025-10-25,Returned
18041,378,296,2025-04-25,2025-08-11,Returned
18042,1520,564,2024-12-28,2026-01-17,Returned
18043,333,433,2023-11-14,2025-07-05,Returned
18044,1227,199,2025-07-22,2025-09-09,Returned
18045,1331,703,2025-09-17,2026-01-22,Returned
18046,1488,358,2026-06-05,2026-06-06,Returned
18047,1055,991,2024-12-29,2026-05-15,Returned
18048,1766,608,2024-08-23,2025-04-02,Returned
18049,631,207,2025-12-29,2026-03-15,Returned
18050,1859,57,2024-12-27,2025-03-04,Returned
18051,565,35,2024-09-11,2026-03-24,Returned
18052,839,760,2025-05-17,2025-06-20,Returned
18053,1842,781,2024-03-25,2025-06-08,Returned
18054,1912,166,2025-04-19,2025-11-22,Returned
18055,826,310,2025-12-12,2026-05-27,Returned
18056,117,358,2025-11-27,2026-05-29,Returned
18057,1945,572,2026-04-20,2026-05-11,Returned
18058,887,77,2023-11-24,2024-05-15,Returned
18059,36,558,2024-07-05,2025-03-26,Returned
18060,985,405,2025-02-24,2026-05-15,Returned
18061,495,494,2025-08-20,2026-05-06,Returned
18062,227,236,2024-11-18,2026-03-13,Returned
18063,12,824,2024-10-29,2024-11-20,Returned
18064,1316,514,2026-04-05,2026-04-11,Returned
18065,520,695,2026-04-15,2026-05-18,Returned
18066,1091,434,2026-04-14,2026-05-31,Returned
18067,1906,894,2025-06-30,2025-08-07,Returned
18068,1004,913,2026-01-08,2026-04-28,Returned
18069,234,286,2025-08-12,,Active
18070,1681,600,2023-07-18,2023-12-16,Returned
18071,1039,687,2024-09-17,2024-11-13,Returned
18072,1921,947,2023-10-30,2024-12-04,Returned
18073,1492,434,2023-11-13,2024-02-06,Returned
18074,1962,309,2025-07-29,2025-08-06,Returned
18075,1681,546,2026-06-05,2026-06-06,Returned
18076,406,798,2026-05-09,2026-05-29,Returned
18077,823,979,2024-08-02,2026-05-22,Returned
18078,1692,438,2023-09-04,2025-03-22,Returned
18079,693,128,2026-04-30,2026-05-13,Returned
18080,1146,241,2026-03-13,2026-05-15,Returned
18081,1138,130,2025-12-21,2026-06-05,Returned
18082,276,811,2024-11-09,2025-04-13,Returned
18083,1338,66,2024-06-08,2026-02-10,Returned
18084,1963,1,2025-04-06,2025-05-22,Returned
18085,184,160,2026-05-12,2026-05-29,Returned
18086,1416,616,2023-09-08,,Late
18087,1858,924,2025-09-29,2026-04-24,Returned
18088,1742,746,2026-05-27,2026-06-02,Returned
18089,1765,438,2023-11-05,2024-03-10,Returned
18090,255,118,2024-01-05,2024-03-29,Returned
18091,663,192,2024-09-07,2024-12-07,Returned
18092,546,816,2024-08-15,2026-03-28,Returned
18093,1642,83,2023-08-03,2024-09-23,Returned
18094,1373,968,2025-08-10,2026-02-04,Returned
18095,1413,79,2025-08-21,2026-05-13,Returned
18096,583,393,2025-09-04,2026-05-29,Returned
18097,8,851,2023-07-11,2024-12-08,Returned
18098,554,913,2024-12-29,2026-04-20,Returned
18099,559,947,2026-04-12,2026-04-25,Returned
18100,304,830,2023-10-19,2025-01-05,Returned
18101,1727,38,2024-02-15,2025-04-03,Returned
18102,1801,61,2025-02-25,2025-09-21,Returned
18103,1767,488,2026-05-16,2026-05-17,Returned
18104,505,798,2025-09-10,2026-05-14,Returned
18105,557,641,2024-08-09,2026-04-03,Returned
18106,883,27,2026-05-07,2026-06-02,Returned
18107,1186,581,2025-04-14,2025-05-09,Returned
18108,907,9,2024-04-30,2025-07-01,Returned
18109,268,256,2024-11-24,2026-04-28,Returned
18110,1275,956,2024-12-20,,Active
18111,663,157,2024-12-19,2026-04-29,Returned
18112,1575,587,2025-04-22,2025-11-19,Returned
18113,1689,432,2025-08-25,2025-10-11,Returned
18114,364,740,2025-03-16,2025-09-04,Returned
18115,986,764,2024-06-30,,Late
18116,1120,897,2023-12-31,2024-07-01,Returned
18117,1461,876,2025-04-13,2026-04-06,Returned
18118,390,672,2023-06-22,2025-02-04,Returned
18119,1385,623,2024-05-11,2026-03-10,Returned
18120,732,426,2023-12-17,2026-05-19,Returned
18121,1223,193,2025-06-24,2025-11-27,Returned
18122,446,786,2025-08-09,2025-09-14,Returned
18123,1905,259,2026-03-07,2026-05-23,Returned
18124,442,754,2025-02-06,2025-03-11,Returned
18125,1724,453,2025-03-05,2025-07-13,Returned
18126,952,943,2023-12-25,2024-10-24,Returned
18127,961,567,2024-01-19,2024-03-18,Returned
18128,751,416,2024-11-02,2024-11-26,Returned
18129,596,934,2023-06-10,2024-10-01,Returned
18130,940,885,2025-01-12,2025-10-06,Returned
18131,884,514,2024-10-17,2025-11-24,Returned
18132,1976,107,2023-12-15,2024-01-07,Returned
18133,422,929,2023-06-12,2024-12-05,Returned
18134,1381,209,2025-07-21,2026-03-23,Returned
18135,238,616,2024-04-27,,Late
18136,743,451,2023-10-11,2026-05-30,Returned
18137,1743,48,2025-02-10,2025-06-26,Returned
18138,105,965,2025-11-07,2025-12-23,Returned
18139,7,617,2025-03-25,2025-04-28,Returned
18140,593,446,2025-09-13,,Active
18141,1353,345,2023-10-09,2024-09-05,Returned
18142,1547,134,2026-05-09,,Active
18143,223,598,2025-06-14,2026-01-25,Returned
18144,1929,678,2026-06-01,2026-06-06,Returned
18145,425,46,2024-08-13,2025-08-25,Returned
18146,191,325,2025-04-28,2026-01-06,Returned
18147,812,561,2023-08-26,2023-10-17,Returned
18148,164,184,2025-05-06,2026-04-09,Returned
18149,1061,51,2025-06-12,2025-09-29,Returned
18150,1334,893,2025-03-23,2026-03-23,Returned
18151,281,715,2024-04-19,2026-04-09,Returned
18152,1458,575,2026-01-24,2026-03-16,Returned
18153,1218,479,2025-06-15,,Active
18154,1040,989,2024-05-09,2024-11-12,Returned
18155,124,934,2025-03-26,2026-04-16,Returned
18156,1960,572,2026-01-24,2026-05-04,Returned
18157,391,537,2025-08-19,2025-09-06,Returned
18158,713,734,2023-06-29,2025-09-07,Returned
18159,1746,11,2023-12-24,2025-07-06,Returned
18160,1200,678,2025-03-15,2025-03-15,Returned
18161,1564,356,2025-12-17,2026-01-05,Returned
18162,1456,538,2025-09-05,2025-11-10,Returned
18163,292,884,2023-11-17,2023-11-23,Returned
18164,436,227,2025-07-17,2025-11-22,Returned
18165,10,770,2023-08-10,2024-03-31,Returned
18166,787,927,2024-02-18,2025-03-25,Returned
18167,1803,8,2024-06-05,2024-12-19,Returned
18168,1890,225,2024-11-14,2025-12-21,Returned
18169,926,267,2026-02-04,2026-05-10,Returned
18170,1740,117,2024-10-25,2025-02-14,Returned
18171,1958,180,2024-05-13,2024-09-19,Returned
18172,726,882,2024-10-05,2025-07-29,Returned
18173,644,229,2025-07-27,2026-05-27,Returned
18174,969,321,2026-05-22,,Active
18175,852,141,2025-02-13,2025-12-25,Returned
18176,1303,323,2025-03-11,2025-03-25,Returned
18177,97,272,2025-09-20,2026-04-16,Returned
18178,577,91,2024-05-30,2025-10-10,Returned
18179,1711,498,2024-03-27,2026-04-29,Returned
18180,1869,197,2023-10-20,2025-05-20,Returned
18181,982,642,2024-02-26,,Active
18182,1810,133,2024-01-25,2024-05-28,Returned
18183,1384,909,2024-11-25,2026-01-26,Returned
18184,1473,687,2026-01-16,2026-01-30,Returned
18185,708,290,2025-12-26,2026-03-06,Returned
18186,731,103,2024-01-08,2024-11-21,Returned
18187,920,856,2026-03-17,2026-06-04,Returned
18188,202,473,2024-03-08,,Late
18189,1784,921,2023-12-03,2025-12-07,Returned
18190,111,317,2024-07-04,2024-12-29,Returned
18191,1703,215,2024-05-31,2024-11-24,Returned
18192,511,381,2023-07-14,2025-03-25,Returned
18193,951,466,2024-08-01,2026-02-28,Returned
18194,1011,198,2025-05-16,2025-06-12,Returned
18195,132,109,2023-12-02,2025-12-12,Returned
18196,1382,841,2023-06-19,2025-07-03,Returned
18197,1436,780,2023-07-14,2025-02-23,Returned
18198,1886,613,2025-09-04,,Late
18199,1431,465,2025-08-20,2026-04-08,Returned
18200,442,671,2024-01-15,2024-11-08,Returned
18201,523,596,2025-03-02,2025-04-25,Returned
18202,1090,58,2024-07-09,2024-10-26,Returned
18203,595,825,2024-03-12,2025-09-04,Returned
18204,1162,547,2024-10-20,2025-02-23,Returned
18205,1074,773,2024-10-04,2024-10-20,Returned
18206,949,935,2025-10-17,2026-05-19,Returned
18207,341,558,2023-11-09,2025-06-16,Returned
18208,993,989,2024-08-12,2024-11-30,Returned
18209,670,604,2023-12-30,,Late
18210,1330,355,2025-08-05,2026-05-26,Returned
18211,858,864,2024-12-22,2026-02-10,Returned
18212,13,1000,2025-02-08,2026-03-06,Returned
18213,1156,344,2025-02-19,2025-09-04,Returned
18214,1467,13,2025-02-08,2025-10-25,Returned
18215,725,563,2023-10-12,2025-03-31,Returned
18216,1087,778,2024-03-05,2025-10-11,Returned
18217,615,141,2023-09-14,2024-03-05,Returned
18218,548,530,2024-04-12,2024-06-03,Returned
18219,1987,698,2026-03-03,2026-05-11,Returned
18220,1980,824,2024-03-21,2024-08-20,Returned
18221,1166,973,2025-09-15,2025-10-12,Returned
18222,1041,72,2025-09-21,2026-05-17,Returned
18223,529,39,2023-11-13,2024-04-19,Returned
18224,1551,432,2026-01-10,2026-04-10,Returned
18225,829,526,2024-03-23,2025-11-06,Returned
18226,475,61,2025-09-27,2026-01-02,Returned
18227,927,906,2023-06-09,2025-12-28,Returned
18228,697,808,2025-08-12,2026-05-22,Returned
18229,51,579,2025-12-07,2026-05-30,Returned
18230,1262,85,2025-09-23,2026-02-21,Returned
18231,1258,547,2023-11-09,2023-12-29,Returned
18232,1452,220,2026-03-22,2026-04-06,Returned
18233,950,303,2023-11-28,2025-02-03,Returned
18234,1275,888,2024-12-09,2026-04-10,Returned
18235,1704,685,2025-03-22,2025-06-28,Returned
18236,136,177,2024-04-13,2025-11-24,Returned
18237,1412,571,2026-05-31,,Active
18238,1912,366,2024-12-12,2026-06-04,Returned
18239,289,473,2026-04-05,2026-05-01,Returned
18240,1253,737,2026-01-02,2026-05-02,Returned
18241,823,508,2025-07-13,2026-01-20,Returned
18242,579,513,2023-09-14,,Active
18243,1090,754,2025-01-03,,Active
18244,1613,733,2023-07-04,2025-08-30,Returned
18245,365,500,2024-10-03,2026-05-02,Returned
18246,508,315,2024-01-14,2024-08-30,Returned
18247,20,186,2025-06-27,2025-09-09,Returned
18248,1032,181,2025-09-14,2025-12-24,Returned
18249,962,982,2025-03-10,2026-03-12,Returned
18250,780,184,2025-12-26,2026-01-14,Returned
18251,1718,240,2024-06-07,2025-01-26,Returned
18252,1462,523,2024-12-29,2025-03-30,Returned
18253,1692,915,2025-03-29,2026-05-09,Returned
18254,1730,582,2023-10-21,2025-05-24,Returned
18255,42,224,2024-10-17,2026-05-30,Returned
18256,1093,16,2024-03-25,2026-05-20,Returned
18257,575,486,2024-01-28,2025-06-01,Returned
18258,1274,893,2026-05-08,2026-05-22,Returned
18259,87,758,2024-11-16,2025-09-21,Returned
18260,1592,795,2025-08-24,2026-04-18,Returned
18261,741,751,2025-02-05,2025-12-12,Returned
18262,296,505,2024-06-21,2026-05-24,Returned
18263,813,261,2024-03-31,2024-08-08,Returned
18264,1536,4,2025-05-07,2025-10-05,Returned
18265,728,188,2024-07-08,2025-12-02,Returned
18266,1948,692,2025-07-13,2025-09-18,Returned
18267,1429,451,2024-02-21,2024-06-26,Returned
18268,1911,362,2023-12-06,2025-05-03,Returned
18269,713,298,2023-12-11,2024-03-24,Returned
18270,1377,39,2026-04-21,2026-04-22,Returned
18271,1830,287,2025-01-10,2025-06-01,Returned
18272,1199,793,2024-07-10,2026-02-02,Returned
18273,1542,692,2025-11-29,,Active
18274,659,806,2024-09-18,2026-03-25,Returned
18275,314,515,2026-05-30,2026-06-04,Returned
18276,1636,465,2024-04-27,2024-07-27,Returned
18277,487,931,2024-08-15,2025-10-04,Returned
18278,1498,780,2024-07-18,2026-01-01,Returned
18279,1468,398,2023-11-22,2025-06-25,Returned
18280,1480,600,2023-10-16,2025-03-24,Returned
18281,411,31,2025-11-07,2026-06-01,Returned
18282,671,60,2023-08-20,2025-10-18,Returned
18283,468,850,2024-08-01,2025-09-20,Returned
18284,1999,117,2024-07-15,2025-09-07,Returned
18285,834,637,2023-08-30,2024-11-29,Returned
18286,1722,426,2024-02-15,2025-06-12,Returned
18287,460,163,2026-06-02,2026-06-04,Returned
18288,1699,286,2024-11-01,2026-04-17,Returned
18289,466,521,2024-01-22,2024-07-08,Returned
18290,1465,530,2024-09-17,2025-01-31,Returned
18291,21,214,2024-09-22,2026-04-29,Returned
18292,962,89,2025-03-24,,Active
18293,1367,691,2025-07-31,2026-03-18,Returned
18294,258,608,2025-12-15,2026-03-23,Returned
18295,1868,614,2025-05-21,2026-04-25,Returned
18296,1654,108,2025-06-01,2025-12-28,Returned
18297,576,394,2024-09-18,2024-11-05,Returned
18298,163,176,2024-10-27,2025-05-28,Returned
18299,1116,189,2023-08-16,2025-03-25,Returned
18300,1074,349,2023-06-13,,Active
18301,297,246,2025-06-26,,Late
18302,1888,975,2025-04-21,,Active
18303,1737,585,2025-12-31,2026-05-15,Returned
18304,987,677,2024-11-02,2025-09-10,Returned
18305,300,144,2025-02-06,2025-04-22,Returned
18306,1075,143,2025-07-24,2026-05-19,Returned
18307,616,28,2023-11-17,2024-04-04,Returned
18308,1632,163,2025-11-28,2025-12-02,Returned
18309,662,114,2025-12-09,2026-03-14,Returned
18310,1704,424,2023-12-02,2024-07-19,Returned
18311,1030,962,2024-09-26,2025-08-19,Returned
18312,1109,578,2024-11-01,,Late
18313,1598,453,2025-11-22,2026-02-25,Returned
18314,292,358,2025-04-23,2026-04-20,Returned
18315,729,799,2025-04-09,,Active
18316,806,210,2023-10-30,2025-04-13,Returned
18317,1118,598,2025-08-23,2026-05-21,Returned
18318,1137,56,2025-01-05,2025-10-29,Returned
18319,1625,351,2024-12-26,,Active
18320,1492,179,2024-06-07,2025-10-22,Returned
18321,1104,45,2023-11-21,2024-12-16,Returned
18322,995,954,2023-11-09,2025-07-25,Returned
18323,1253,534,2024-08-08,2025-02-16,Returned
18324,1448,430,2023-12-08,2025-04-08,Returned
18325,1384,998,2024-05-31,2024-09-05,Returned
18326,670,254,2023-10-16,2024-06-21,Returned
18327,1964,335,2025-02-28,2025-05-21,Returned
18328,156,862,2024-08-08,2025-07-14,Returned
18329,717,786,2024-05-05,2024-08-03,Returned
18330,1811,330,2024-10-10,2025-05-13,Returned
18331,843,116,2024-06-05,2025-11-27,Returned
18332,1546,706,2023-07-28,2023-11-18,Returned
18333,458,174,2023-12-28,2024-02-13,Returned
18334,223,536,2025-09-22,2025-10-26,Returned
18335,1299,80,2025-06-16,2025-08-04,Returned
18336,1444,568,2026-02-10,2026-03-09,Returned
18337,1334,45,2023-09-22,2025-06-17,Returned
18338,1511,623,2025-08-21,2026-03-23,Returned
18339,1030,800,2025-05-20,2026-06-02,Returned
18340,926,849,2024-04-27,2025-06-01,Returned
18341,642,141,2024-08-14,2025-04-24,Returned
18342,243,12,2023-11-06,2026-03-10,Returned
18343,575,29,2024-12-18,2026-03-22,Returned
18344,1276,983,2025-01-19,2025-05-28,Returned
18345,715,705,2025-06-14,,Active
18346,1008,301,2025-08-14,2026-05-12,Returned
18347,514,78,2025-03-21,2025-06-26,Returned
18348,381,373,2025-08-08,2025-10-07,Returned
18349,1373,493,2024-08-12,2026-06-05,Returned
18350,1680,852,2024-07-09,2026-03-25,Returned
18351,1379,46,2024-04-05,2024-12-26,Returned
18352,992,166,2023-08-20,2025-01-27,Returned
18353,1060,431,2024-03-10,2025-10-20,Returned
18354,1677,693,2025-06-18,,Active
18355,393,737,2025-02-27,2025-12-08,Returned
18356,1590,476,2026-03-14,2026-03-18,Returned
18357,958,659,2025-02-26,2025-07-16,Returned
18358,429,969,2025-01-20,2025-01-31,Returned
18359,1458,42,2026-05-27,2026-05-31,Returned
18360,122,220,2025-11-23,,Late
18361,303,270,2025-10-07,2026-02-15,Returned
18362,597,394,2026-01-01,2026-04-07,Returned
18363,513,479,2025-02-25,2025-08-12,Returned
18364,1495,432,2025-12-17,2026-04-27,Returned
18365,412,34,2025-10-05,,Late
18366,1615,18,2023-10-02,2026-06-05,Returned
18367,82,814,2024-02-07,2025-11-01,Returned
18368,1317,922,2024-11-17,2025-01-22,Returned
18369,1042,148,2025-03-21,2025-09-04,Returned
18370,1488,758,2025-03-16,,Late
18371,413,453,2026-04-12,2026-04-16,Returned
18372,721,878,2024-08-08,,Active
18373,918,78,2024-10-10,2025-01-16,Returned
18374,1760,869,2026-05-22,2026-06-02,Returned
18375,854,840,2025-05-05,2025-09-06,Returned
18376,705,223,2025-02-10,2025-08-19,Returned
18377,481,430,2024-06-04,2025-02-12,Returned
18378,1242,220,2024-05-31,2026-02-23,Returned
18379,1475,457,2024-01-19,2026-01-29,Returned
18380,559,664,2025-10-23,2025-11-28,Returned
18381,914,861,2025-10-25,,Active
18382,1253,540,2023-07-20,2025-02-18,Returned
18383,1837,507,2025-08-12,2025-12-09,Returned
18384,1747,42,2024-12-10,2025-03-03,Returned
18385,1962,328,2024-05-30,2025-02-12,Returned
18386,1491,743,2023-09-11,2024-01-21,Returned
18387,1628,982,2025-05-19,2025-11-14,Returned
18388,589,944,2025-06-22,2025-07-30,Returned
18389,905,926,2025-03-01,2025-04-18,Returned
18390,816,915,2025-09-09,2025-09-30,Returned
18391,1191,855,2024-04-07,,Active
18392,1780,659,2025-02-21,2026-04-15,Returned
18393,603,540,2024-04-23,2026-03-20,Returned
18394,652,237,2024-04-09,2026-03-17,Returned
18395,260,236,2024-07-20,2025-06-07,Returned
18396,351,935,2025-01-24,2025-04-20,Returned
18397,1992,444,2024-03-28,2024-06-30,Returned
18398,1405,390,2023-11-02,2026-03-09,Returned
18399,1707,612,2026-03-14,2026-04-19,Returned
18400,1353,425,2026-04-22,2026-05-13,Returned
18401,567,403,2025-05-22,2026-04-15,Returned
18402,1451,714,2024-12-17,2025-07-16,Returned
18403,289,131,2025-12-10,2026-02-21,Returned
18404,1351,44,2025-05-26,2026-04-22,Returned
18405,349,947,2024-06-15,2025-02-15,Returned
18406,1620,218,2025-09-22,2025-09-28,Returned
18407,1670,965,2025-01-07,2025-01-30,Returned
18408,21,743,2025-12-31,2026-01-27,Returned
18409,446,620,2025-04-17,2025-06-02,Returned
18410,953,609,2025-09-15,2026-01-01,Returned
18411,1419,409,2025-09-05,2026-05-10,Returned
18412,71,16,2023-12-08,2024-12-01,Returned
18413,35,740,2023-12-08,2024-09-09,Returned
18414,779,177,2025-12-31,2026-03-04,Returned
18415,524,273,2023-06-30,2023-11-04,Returned
18416,1552,651,2024-01-25,2024-08-03,Returned
18417,1812,258,2025-06-03,2026-02-13,Returned
18418,481,947,2026-02-09,2026-04-16,Returned
18419,1356,821,2025-01-29,2025-09-02,Returned
18420,331,836,2024-06-20,2024-07-28,Returned
18421,1255,596,2024-09-03,2025-05-23,Returned
18422,803,155,2025-11-02,2025-11-19,Returned
18423,1200,59,2024-06-17,2025-08-07,Returned
18424,790,105,2026-01-09,2026-05-29,Returned
18425,510,808,2023-12-01,2026-02-26,Returned
18426,677,235,2026-01-13,2026-05-05,Returned
18427,1423,625,2025-09-16,2025-09-29,Returned
18428,569,254,2024-11-22,,Late
18429,1763,264,2025-01-30,2025-09-09,Returned
18430,115,18,2025-10-02,2026-04-02,Returned
18431,1348,25,2026-02-10,2026-04-26,Returned
18432,632,557,2024-02-14,2025-07-03,Returned
18433,747,145,2023-10-22,2026-05-09,Returned
18434,648,120,2023-08-22,,Late
18435,1914,893,2023-11-22,2026-06-01,Returned
18436,567,191,2025-10-07,,Active
18437,1732,534,2025-04-14,2026-04-22,Returned
18438,1525,948,2026-05-18,2026-05-28,Returned
18439,37,959,2023-07-09,2026-04-11,Returned
18440,139,203,2024-12-21,,Active
18441,1015,843,2025-12-11,,Late
18442,536,606,2024-07-16,2026-05-28,Returned
18443,1667,549,2024-03-17,2024-08-06,Returned
18444,26,378,2023-06-07,2023-12-13,Returned
18445,1037,119,2023-07-25,2024-06-26,Returned
18446,1523,955,2024-09-01,,Active
18447,1992,727,2023-07-23,2026-05-15,Returned
18448,447,935,2025-12-04,2026-04-22,Returned
18449,838,746,2024-07-09,2025-12-21,Returned
18450,919,575,2024-07-07,2024-08-22,Returned
18451,47,728,2026-03-04,2026-05-05,Returned
18452,26,213,2026-01-27,2026-03-02,Returned
18453,1427,548,2026-01-06,2026-03-19,Returned
18454,1644,401,2024-03-21,2025-11-01,Returned
18455,484,152,2026-04-08,2026-04-12,Returned
18456,716,826,2024-08-10,2026-01-15,Returned
18457,707,55,2025-08-26,2025-10-16,Returned
18458,971,465,2023-06-14,2025-09-27,Returned
18459,1681,60,2024-02-05,2024-10-14,Returned
18460,431,824,2025-03-13,2026-05-28,Returned
18461,1452,952,2024-11-26,2026-01-03,Returned
18462,50,860,2024-05-17,2025-07-21,Returned
18463,854,929,2024-03-31,2025-07-11,Returned
18464,1509,306,2025-03-11,2025-06-11,Returned
18465,1869,333,2024-04-13,2026-01-06,Returned
18466,284,639,2025-05-01,2026-05-24,Returned
18467,1911,73,2025-12-27,2026-04-29,Returned
18468,1823,262,2024-06-22,2025-11-15,Returned
18469,87,910,2023-08-16,2024-10-22,Returned
18470,184,770,2024-07-03,2025-08-17,Returned
18471,498,980,2025-08-09,2026-02-27,Returned
18472,1982,22,2024-12-29,2025-07-16,Returned
18473,765,225,2024-05-10,2025-07-21,Returned
18474,296,383,2024-01-06,2024-11-14,Returned
18475,1257,703,2026-01-07,2026-02-10,Returned
18476,1911,671,2023-10-16,2024-07-19,Returned
18477,1299,987,2025-02-11,2025-02-17,Returned
18478,842,284,2024-12-11,2025-08-22,Returned
18479,607,683,2025-04-20,2025-05-22,Returned
18480,1239,668,2024-11-15,2025-08-30,Returned
18481,1207,567,2023-12-17,2023-12-27,Returned
18482,1539,634,2023-12-12,2026-02-15,Returned
18483,416,471,2025-02-10,2025-06-02,Returned
18484,392,169,2024-06-15,2026-01-31,Returned
18485,46,993,2025-08-29,2025-09-20,Returned
18486,731,985,2025-06-20,2026-04-27,Returned
18487,783,618,2025-10-06,2026-05-05,Returned
18488,1801,150,2024-02-29,2025-09-16,Returned
18489,1473,893,2023-08-01,2026-03-14,Returned
18490,1419,496,2026-03-10,2026-03-20,Returned
18491,512,217,2025-03-02,2026-03-11,Returned
18492,1578,102,2023-10-17,2024-04-13,Returned
18493,279,460,2023-11-07,2025-10-12,Returned
18494,1401,269,2025-02-02,2025-12-24,Returned
18495,1118,81,2025-12-06,2026-04-03,Returned
18496,1422,222,2026-04-06,2026-04-09,Returned
18497,256,855,2024-03-24,2026-04-19,Returned
18498,1315,27,2023-09-16,2024-01-19,Returned
18499,198,576,2025-04-29,2025-08-31,Returned
18500,1389,21,2024-03-06,,Active
18501,1226,36,2026-04-08,2026-04-16,Returned
18502,1184,844,2023-07-12,2025-11-30,Returned
18503,686,6,2024-04-02,2026-05-08,Returned
18504,83,960,2024-07-27,2026-04-15,Returned
18505,1297,862,2024-08-30,2026-04-07,Returned
18506,79,141,2025-12-04,2026-06-05,Returned
18507,1714,381,2026-05-04,2026-06-03,Returned
18508,266,208,2025-06-29,2025-11-11,Returned
18509,941,201,2026-05-17,2026-05-24,Returned
18510,1829,587,2023-10-04,2023-12-20,Returned
18511,1865,987,2025-11-11,2026-04-25,Returned
18512,1415,744,2026-01-19,2026-02-27,Returned
18513,921,578,2025-08-12,2026-01-03,Returned
18514,367,538,2023-12-07,2026-03-06,Returned
18515,1475,601,2023-06-20,2024-07-25,Returned
18516,839,14,2026-05-05,2026-05-09,Returned
18517,967,356,2026-04-07,2026-04-21,Returned
18518,1074,70,2025-09-13,2026-02-18,Returned
18519,1620,891,2024-03-01,2025-02-28,Returned
18520,1163,523,2025-02-16,,Active
18521,1302,524,2025-07-06,,Active
18522,1735,38,2024-04-05,2025-07-20,Returned
18523,1367,106,2024-05-26,2024-09-09,Returned
18524,454,788,2026-04-02,2026-05-11,Returned
18525,112,584,2025-07-20,2025-07-31,Returned
18526,342,663,2024-06-21,2024-11-17,Returned
18527,194,278,2025-07-04,2026-01-31,Returned
18528,3,351,2025-05-22,2025-06-25,Returned
18529,1635,308,2025-08-01,2026-02-01,Returned
18530,1199,91,2024-03-18,2024-04-12,Returned
18531,1861,261,2024-08-30,2026-03-27,Returned
18532,1411,561,2025-02-26,2025-08-27,Returned
18533,66,634,2024-10-17,2025-02-26,Returned
18534,106,159,2025-02-16,2025-08-01,Returned
18535,1312,325,2026-05-18,2026-06-03,Returned
18536,1509,113,2026-01-07,2026-05-25,Returned
18537,83,88,2023-12-04,2024-06-29,Returned
18538,1301,86,2024-11-06,2025-05-04,Returned
18539,1144,48,2023-06-12,2025-01-03,Returned
18540,1131,512,2024-04-18,2024-08-05,Returned
18541,922,773,2024-05-16,2026-05-30,Returned
18542,856,388,2024-10-07,2025-02-22,Returned
18543,226,757,2023-10-13,2025-10-22,Returned
18544,81,288,2025-12-08,2025-12-29,Returned
18545,1588,757,2025-07-03,,Late
18546,942,927,2024-05-11,2025-10-20,Returned
18547,1512,555,2025-11-27,2025-12-03,Returned
18548,46,745,2024-06-09,2025-07-05,Returned
18549,1624,250,2024-02-28,2025-12-24,Returned
18550,111,763,2025-05-09,2025-11-17,Returned
18551,57,703,2025-08-09,2026-03-07,Returned
18552,689,812,2025-08-11,2025-09-26,Returned
18553,1015,855,2025-12-14,2026-03-31,Returned
18554,1433,133,2026-05-12,,Active
18555,813,623,2024-12-09,2025-05-04,Returned
18556,858,744,2024-07-05,2024-11-08,Returned
18557,550,988,2026-05-22,2026-05-30,Returned
18558,617,213,2026-03-22,2026-03-25,Returned
18559,564,557,2024-05-12,2024-10-01,Returned
18560,1270,308,2025-06-26,2026-01-01,Returned
18561,855,161,2026-03-17,2026-04-07,Returned
18562,396,804,2025-06-30,2026-04-09,Returned
18563,1996,617,2024-11-06,2026-06-06,Returned
18564,778,262,2024-12-10,2025-03-28,Returned
18565,967,659,2024-05-22,2025-06-28,Returned
18566,1293,954,2023-11-30,2026-02-09,Returned
18567,212,435,2026-01-24,2026-04-01,Returned
18568,1126,495,2024-12-01,2025-12-24,Returned
18569,1144,802,2024-06-09,2024-07-09,Returned
18570,1066,521,2024-07-13,2024-11-21,Returned
18571,64,133,2025-12-12,2026-04-06,Returned
18572,728,682,2024-04-04,2026-05-10,Returned
18573,163,884,2024-03-09,2025-04-26,Returned
18574,1395,430,2026-01-02,2026-01-31,Returned
18575,1251,948,2024-08-11,2025-09-24,Returned
18576,1434,471,2024-02-22,2024-12-31,Returned
18577,1749,504,2024-11-09,2026-03-29,Returned
18578,883,106,2024-11-30,2025-12-23,Returned
18579,1085,969,2024-02-25,2024-04-27,Returned
18580,877,793,2025-04-25,2026-02-21,Returned
18581,933,750,2025-04-07,2025-10-23,Returned
18582,1337,994,2025-04-19,2026-02-01,Returned
18583,1339,504,2026-05-31,2026-06-02,Returned
18584,1021,41,2025-12-29,,Active
18585,601,884,2024-11-30,2025-04-29,Returned
18586,536,379,2025-10-27,2025-12-30,Returned
18587,1843,877,2026-03-12,2026-05-26,Returned
18588,512,229,2023-09-10,2025-11-26,Returned
18589,625,265,2023-11-23,2024-04-06,Returned
18590,510,943,2024-01-02,,Active
18591,36,80,2024-05-13,2024-11-15,Returned
18592,1059,160,2025-02-26,2026-05-23,Returned
18593,468,305,2025-08-09,2026-02-15,Returned
18594,705,652,2023-10-06,2024-08-19,Returned
18595,842,482,2024-04-21,2025-11-21,Returned
18596,572,616,2024-01-07,2024-05-10,Returned
18597,1337,494,2025-09-28,2026-05-29,Returned
18598,1890,96,2024-09-06,2026-04-26,Returned
18599,1782,651,2023-10-25,,Active
18600,1860,814,2025-03-08,2025-10-07,Returned
18601,157,336,2024-03-26,2025-06-17,Returned
18602,840,101,2026-04-21,,Active
18603,1879,887,2023-09-07,2025-08-08,Returned
18604,1039,952,2025-08-27,,Active
18605,1300,889,2024-05-24,2025-04-07,Returned
18606,1197,456,2024-10-18,2026-02-08,Returned
18607,399,706,2026-03-01,2026-05-12,Returned
18608,226,947,2025-12-01,2026-02-09,Returned
18609,554,158,2023-08-08,,Active
18610,655,150,2025-10-19,2026-05-09,Returned
18611,1526,463,2025-07-26,2025-12-22,Returned
18612,1426,377,2025-09-01,2026-05-09,Returned
18613,425,257,2024-06-20,2024-08-16,Returned
18614,1677,852,2025-07-25,2026-04-02,Returned
18615,1571,637,2023-11-12,,Late
18616,1261,805,2026-04-08,2026-05-01,Returned
18617,956,54,2023-09-21,2026-01-08,Returned
18618,1313,821,2023-06-07,2025-08-06,Returned
18619,1101,225,2024-09-28,2026-04-13,Returned
18620,1209,313,2024-11-19,2025-06-09,Returned
18621,1161,140,2023-06-17,2024-12-16,Returned
18622,1069,562,2024-01-27,2024-08-18,Returned
18623,14,616,2024-01-19,,Active
18624,723,46,2024-03-13,2024-12-27,Returned
18625,1392,369,2026-03-26,2026-04-23,Returned
18626,855,521,2024-10-13,2024-11-19,Returned
18627,509,727,2023-08-15,2024-06-17,Returned
18628,779,399,2024-07-21,2025-02-08,Returned
18629,949,616,2025-11-19,2026-01-20,Returned
18630,1413,262,2025-06-09,2025-12-24,Returned
18631,682,419,2025-11-25,2026-01-15,Returned
18632,548,915,2025-10-01,2026-01-17,Returned
18633,1637,624,2026-02-16,2026-03-17,Returned
18634,660,320,2025-12-17,2026-02-20,Returned
18635,487,976,2024-11-30,2025-03-16,Returned
18636,113,806,2023-11-03,2024-05-28,Returned
18637,697,524,2024-12-27,2025-10-19,Returned
18638,1602,134,2025-02-15,2026-04-20,Returned
18639,1955,243,2025-04-03,2026-02-05,Returned
18640,193,245,2025-12-09,2026-02-17,Returned
18641,18,130,2024-06-07,,Late
18642,443,766,2024-09-14,2025-12-27,Returned
18643,1244,375,2023-10-17,,Active
18644,1418,103,2024-01-05,2024-12-25,Returned
18645,958,67,2023-10-08,2024-12-16,Returned
18646,1324,219,2025-10-02,2026-04-13,Returned
18647,172,122,2025-03-06,2025-11-12,Returned
18648,1871,183,2024-09-22,2026-05-23,Returned
18649,1694,884,2026-04-18,2026-04-21,Returned
18650,120,286,2025-02-09,2025-12-23,Returned
18651,1333,748,2026-03-16,2026-03-19,Returned
18652,336,230,2023-08-24,2023-10-25,Returned
18653,674,400,2025-09-23,2025-11-07,Returned
18654,616,715,2024-04-15,2025-02-25,Returned
18655,939,323,2024-08-25,,Active
18656,546,275,2024-11-09,2025-08-14,Returned
18657,984,829,2024-10-08,2025-08-18,Returned
18658,1547,280,2023-06-14,,Late
18659,1999,835,2023-09-01,2024-06-25,Returned
18660,651,968,2024-04-25,2024-09-05,Returned
18661,1864,684,2026-03-31,2026-06-02,Returned
18662,745,463,2023-06-16,2023-07-11,Returned
18663,1644,215,2023-12-30,2026-03-29,Returned
18664,1800,507,2023-12-18,2024-08-13,Returned
18665,1705,109,2024-01-26,2026-06-04,Returned
18666,1956,81,2024-11-02,2025-11-20,Returned
18667,1945,571,2025-03-01,2025-10-19,Returned
18668,607,654,2024-12-08,2025-01-29,Returned
18669,1232,394,2024-04-21,2025-04-23,Returned
18670,1469,258,2023-07-31,,Active
18671,94,933,2023-10-01,2026-03-28,Returned
18672,500,486,2025-07-02,2026-02-19,Returned
18673,1305,646,2025-11-25,2026-03-11,Returned
18674,1403,378,2023-12-18,2025-08-23,Returned
18675,399,439,2023-11-04,2025-07-08,Returned
18676,995,400,2025-10-04,2026-01-27,Returned
18677,834,462,2023-07-12,2025-05-28,Returned
18678,1776,928,2025-09-21,2025-11-09,Returned
18679,1725,765,2025-12-31,2026-03-20,Returned
18680,1040,917,2025-05-29,2025-09-20,Returned
18681,629,627,2024-04-23,2025-04-25,Returned
18682,1364,855,2024-07-27,2025-05-23,Returned
18683,1982,30,2026-01-25,2026-05-30,Returned
18684,1341,22,2026-03-22,,Active
18685,756,668,2024-11-15,2025-03-27,Returned
18686,872,112,2025-10-04,2025-12-14,Returned
18687,435,202,2025-03-04,2026-02-07,Returned
18688,1983,752,2025-09-07,2025-12-25,Returned
18689,522,652,2023-06-21,2024-02-28,Returned
18690,531,681,2024-05-06,2025-06-21,Returned
18691,1836,95,2025-09-09,2026-02-07,Returned
18692,1825,347,2025-02-19,2025-05-22,Returned
18693,1952,654,2023-11-29,2025-12-17,Returned
18694,1412,171,2024-07-22,2024-12-01,Returned
18695,670,4,2023-08-07,,Active
18696,659,737,2024-10-25,2025-01-06,Returned
18697,762,874,2024-09-27,2025-02-12,Returned
18698,1078,467,2025-04-20,2025-12-23,Returned
18699,727,289,2024-02-13,2025-12-23,Returned
18700,1836,853,2025-01-15,2026-06-04,Returned
18701,1219,765,2024-02-12,2026-02-27,Returned
18702,1739,427,2024-03-09,2025-11-03,Returned
18703,1397,870,2024-09-23,2026-03-11,Returned
18704,195,44,2024-06-08,2024-08-06,Returned
18705,1816,409,2024-12-31,2025-11-22,Returned
18706,1392,360,2026-05-08,2026-05-20,Returned
18707,278,811,2023-08-11,2023-08-12,Returned
18708,247,878,2026-03-28,2026-06-01,Returned
18709,1358,353,2024-12-29,2025-07-07,Returned
18710,1198,997,2024-10-28,2025-02-10,Returned
18711,1853,493,2024-09-19,2026-02-13,Returned
18712,242,214,2023-10-04,,Active
18713,1453,14,2023-10-22,2024-10-14,Returned
18714,1452,997,2025-11-30,2026-02-14,Returned
18715,1034,471,2025-04-18,2025-12-02,Returned
18716,975,883,2024-09-13,2024-11-22,Returned
18717,1643,596,2026-03-29,2026-04-16,Returned
18718,1221,353,2024-04-16,2025-01-15,Returned
18719,1309,79,2024-01-06,2024-07-10,Returned
18720,263,123,2023-11-08,2025-11-24,Returned
18721,295,988,2023-10-24,,Late
18722,1460,231,2025-07-23,2025-11-06,Returned
18723,1736,93,2025-02-08,,Active
18724,105,61,2024-07-04,2024-07-12,Returned
18725,1182,121,2024-10-31,2025-01-30,Returned
18726,883,415,2023-07-15,2025-11-05,Returned
18727,1575,435,2026-04-01,2026-05-21,Returned
18728,1295,651,2025-04-15,2025-11-21,Returned
18729,1412,550,2025-09-10,2025-10-28,Returned
18730,1238,142,2024-02-18,2025-04-22,Returned
18731,1571,667,2026-06-03,2026-06-04,Returned
18732,1643,545,2025-10-05,2026-02-10,Returned
18733,678,231,2025-07-12,2025-12-10,Returned
18734,1871,665,2024-05-03,2024-10-26,Returned
18735,1659,399,2025-05-11,2025-05-27,Returned
18736,1529,754,2023-09-01,2024-09-03,Returned
18737,1532,595,2023-10-06,2024-07-29,Returned
18738,1066,443,2025-09-23,2026-05-22,Returned
18739,1457,542,2023-10-02,2025-05-26,Returned
18740,1681,511,2024-01-08,2024-06-28,Returned
18741,1872,558,2025-08-14,2025-11-29,Returned
18742,1057,694,2024-12-19,2026-05-06,Returned
18743,806,557,2024-06-10,2026-01-16,Returned
18744,1354,18,2024-08-01,2025-10-19,Returned
18745,308,619,2023-08-05,2025-06-05,Returned
18746,888,177,2025-11-13,2025-12-06,Returned
18747,827,300,2023-10-20,2026-02-02,Returned
18748,330,446,2025-01-16,,Late
18749,5,175,2023-12-28,2024-10-02,Returned
18750,1849,850,2025-10-20,2026-03-01,Returned
18751,127,595,2025-08-03,2026-01-04,Returned
18752,1437,996,2025-05-04,2025-06-26,Returned
18753,1911,744,2023-11-01,2024-01-03,Returned
18754,818,58,2026-01-03,2026-05-17,Returned
18755,1370,780,2024-03-24,2024-05-19,Returned
18756,879,55,2025-09-29,2026-05-29,Returned
18757,1131,227,2025-05-07,2025-10-27,Returned
18758,467,306,2026-01-14,2026-01-23,Returned
18759,1749,495,2025-03-31,2026-02-17,Returned
18760,1632,223,2025-02-09,,Active
18761,453,985,2024-09-24,2026-04-18,Returned
18762,957,788,2024-09-26,2024-10-10,Returned
18763,147,296,2025-09-19,2025-09-25,Returned
18764,1021,865,2024-08-21,2025-04-27,Returned
18765,1786,940,2025-03-18,2026-01-15,Returned
18766,1141,947,2024-11-19,2025-01-27,Returned
18767,805,7,2024-11-30,2025-10-01,Returned
18768,329,484,2023-09-12,,Active
18769,1300,585,2023-11-30,2026-01-11,Returned
18770,182,717,2024-02-15,2025-06-07,Returned
18771,1131,851,2025-08-18,2025-12-19,Returned
18772,769,799,2026-04-14,2026-04-14,Returned
18773,100,646,2026-05-29,2026-06-02,Returned
18774,794,8,2025-02-06,2026-01-10,Returned
18775,794,826,2024-10-04,2026-01-15,Returned
18776,326,526,2026-02-20,2026-04-10,Returned
18777,1131,315,2025-12-03,2026-01-03,Returned
18778,1705,51,2025-07-27,2026-03-02,Returned
18779,1523,983,2024-01-22,2025-07-28,Returned
18780,323,338,2024-05-28,,Late
18781,8,150,2025-05-05,2025-11-26,Returned
18782,1373,232,2025-08-28,2026-01-30,Returned
18783,748,840,2025-06-24,2025-11-19,Returned
18784,68,96,2024-10-31,2025-05-16,Returned
18785,612,166,2023-08-31,2024-03-08,Returned
18786,951,206,2025-02-03,2026-03-22,Returned
18787,286,402,2024-02-08,2024-03-23,Returned
18788,1531,898,2026-01-16,2026-03-31,Returned
18789,700,487,2024-03-03,2024-10-27,Returned
18790,1974,159,2024-02-10,2024-09-02,Returned
18791,1048,953,2024-03-27,,Active
18792,1301,161,2024-06-22,2024-10-15,Returned
18793,670,76,2025-05-03,2026-05-27,Returned
18794,1555,343,2025-02-26,2025-10-13,Returned
18795,1682,780,2025-04-06,2026-05-03,Returned
18796,498,80,2025-04-18,2026-03-15,Returned
18797,1275,311,2026-06-06,2026-06-06,Returned
18798,1150,406,2024-05-08,2024-10-26,Returned
18799,1765,207,2025-12-18,2025-12-19,Returned
18800,1458,736,2024-03-22,2026-03-15,Returned
18801,1773,608,2025-07-15,2026-02-03,Returned
18802,1026,635,2025-12-03,2026-01-16,Returned
18803,617,473,2025-04-13,2025-10-02,Returned
18804,1766,137,2026-01-07,2026-03-08,Returned
18805,293,284,2026-05-14,2026-05-19,Returned
18806,906,727,2025-06-24,2026-04-21,Returned
18807,1110,285,2026-05-19,,Late
18808,724,807,2023-08-26,2025-05-06,Returned
18809,305,491,2025-08-24,2026-03-26,Returned
18810,662,538,2026-04-29,2026-06-02,Returned
18811,1174,70,2025-02-02,,Late
18812,1339,649,2025-07-04,2025-07-06,Returned
18813,989,90,2025-01-13,2025-06-12,Returned
18814,1828,910,2023-10-10,2024-05-29,Returned
18815,600,404,2024-11-08,2026-01-25,Returned
18816,937,593,2024-10-03,2026-02-23,Returned
18817,754,167,2026-05-06,2026-05-29,Returned
18818,574,715,2023-06-11,2024-12-25,Returned
18819,1708,389,2026-04-19,2026-05-07,Returned
18820,1056,800,2026-01-23,2026-05-25,Returned
18821,1781,662,2026-01-18,2026-06-03,Returned
18822,175,102,2025-06-26,2026-05-13,Returned
18823,1310,103,2024-11-22,2025-06-17,Returned
18824,1847,950,2024-08-23,2024-10-02,Returned
18825,1112,68,2026-04-28,2026-05-18,Returned
18826,1499,460,2026-03-03,2026-04-07,Returned
18827,1728,541,2024-06-13,2024-06-23,Returned
18828,1643,545,2025-03-18,2026-04-25,Returned
18829,1962,664,2025-08-04,2025-10-10,Returned
18830,1015,165,2025-05-16,2025-12-31,Returned
18831,680,879,2025-05-28,2026-05-18,Returned
18832,1913,548,2025-05-16,2025-09-03,Returned
18833,6,356,2024-12-09,2025-04-16,Returned
18834,496,244,2024-03-04,2024-08-26,Returned
18835,1225,75,2024-09-03,2024-12-17,Returned
18836,459,178,2025-09-28,2026-05-14,Returned
18837,251,110,2025-06-24,2026-05-08,Returned
18838,1668,865,2023-07-12,2023-08-10,Returned
18839,1830,893,2024-12-10,2026-05-18,Returned
18840,1642,586,2025-05-19,2025-10-23,Returned
18841,1267,678,2024-11-17,2025-11-14,Returned
18842,1274,787,2026-02-02,2026-05-14,Returned
18843,1251,115,2024-09-07,2025-08-28,Returned
18844,131,812,2024-01-23,2024-10-09,Returned
18845,466,526,2023-11-08,2025-10-07,Returned
18846,384,740,2025-08-12,2025-09-23,Returned
18847,1339,715,2026-03-21,2026-05-02,Returned
18848,1289,757,2024-04-06,2024-04-17,Returned
18849,274,847,2023-07-30,2024-07-02,Returned
18850,1889,329,2025-04-19,2025-07-21,Returned
18851,1423,530,2024-09-12,2025-01-20,Returned
18852,1431,513,2026-03-01,2026-05-09,Returned
18853,51,504,2023-06-17,,Active
18854,558,416,2026-02-05,,Active
18855,1249,165,2023-07-12,,Late
18856,634,765,2025-04-03,2025-04-06,Returned
18857,1457,177,2024-02-03,2024-05-09,Returned
18858,1296,947,2026-01-10,2026-06-04,Returned
18859,1287,488,2026-06-02,2026-06-06,Returned
18860,672,241,2026-03-12,2026-03-30,Returned
18861,113,460,2023-11-25,2024-09-26,Returned
18862,842,965,2026-01-19,2026-04-10,Returned
18863,675,854,2024-01-05,2024-09-20,Returned
18864,1273,591,2024-03-05,,Active
18865,618,10,2023-06-18,,Late
18866,1388,895,2025-06-01,2026-01-18,Returned
18867,328,234,2023-07-15,2025-12-21,Returned
18868,180,574,2023-07-01,2024-02-28,Returned
18869,269,618,2024-06-05,2025-11-03,Returned
18870,819,572,2026-03-03,2026-06-06,Returned
18871,1145,192,2024-11-07,2025-02-25,Returned
18872,548,430,2026-05-27,2026-06-01,Returned
18873,1988,12,2023-12-31,2024-08-10,Returned
18874,1874,529,2023-06-19,2026-01-25,Returned
18875,1872,666,2023-08-11,2025-07-28,Returned
18876,1988,141,2026-02-19,2026-05-28,Returned
18877,1458,606,2025-10-01,2026-04-02,Returned
18878,1054,233,2025-06-24,2025-10-20,Returned
18879,1971,790,2025-11-27,2026-03-27,Returned
18880,1369,931,2025-11-02,2025-11-24,Returned
18881,899,802,2023-12-17,2026-02-17,Returned
18882,1517,885,2024-12-16,2025-01-30,Returned
18883,663,175,2024-05-18,2026-05-21,Returned
18884,1969,91,2025-11-24,2026-02-21,Returned
18885,1831,174,2023-12-31,2025-06-23,Returned
18886,1894,343,2024-05-04,2025-11-19,Returned
18887,397,730,2024-12-24,2025-10-28,Returned
18888,1157,208,2024-04-24,2025-07-25,Returned
18889,1806,211,2025-12-26,2026-01-12,Returned
18890,376,256,2025-11-27,2026-04-22,Returned
18891,544,966,2026-05-06,2026-05-26,Returned
18892,197,173,2025-05-17,2025-09-14,Returned
18893,1711,611,2026-05-13,2026-05-25,Returned
18894,216,907,2024-02-23,,Active
18895,1422,369,2025-06-01,2025-08-27,Returned
18896,855,636,2024-05-07,2024-10-29,Returned
18897,1135,908,2023-12-12,2024-10-07,Returned
18898,46,698,2024-12-23,2025-05-02,Returned
18899,1873,481,2025-06-30,2025-09-28,Returned
18900,1488,451,2026-03-22,2026-04-16,Returned
18901,758,495,2024-08-25,2025-08-30,Returned
18902,928,411,2024-12-31,2025-12-17,Returned
18903,827,255,2025-09-17,2026-01-12,Returned
18904,753,928,2024-03-05,2025-03-22,Returned
18905,1557,565,2024-05-25,2024-11-02,Returned
18906,891,447,2024-09-17,2025-07-15,Returned
18907,1534,911,2025-11-15,2026-03-07,Returned
18908,935,825,2026-03-26,2026-04-17,Returned
18909,948,850,2025-07-10,2025-11-02,Returned
18910,665,378,2025-04-11,2026-02-04,Returned
18911,1424,766,2025-10-09,2026-02-27,Returned
18912,89,35,2024-01-24,2026-04-09,Returned
18913,1756,625,2024-10-26,2025-06-21,Returned
18914,581,785,2024-03-11,2025-04-20,Returned
18915,730,491,2026-06-01,,Active
18916,1445,737,2025-05-23,2025-09-11,Returned
18917,912,858,2025-02-17,2025-03-11,Returned
18918,1911,462,2024-03-04,2025-08-20,Returned
18919,1371,286,2025-03-24,2025-05-19,Returned
18920,1349,127,2023-09-14,2024-08-12,Returned
18921,1915,140,2024-06-02,2025-09-13,Returned
18922,1807,403,2024-03-28,2025-08-02,Returned
18923,1570,803,2024-05-25,,Active
18924,913,830,2024-05-14,2026-02-02,Returned
18925,1979,708,2025-05-11,2026-03-10,Returned
18926,106,866,2023-11-04,2023-11-14,Returned
18927,181,464,2025-12-16,2026-02-19,Returned
18928,388,743,2024-02-21,2026-01-16,Returned
18929,1047,110,2025-03-13,2026-06-01,Returned
18930,491,630,2024-08-16,2025-10-31,Returned
18931,1393,486,2024-08-15,2025-04-05,Returned
18932,244,480,2023-06-08,2025-09-06,Returned
18933,1485,491,2025-02-26,2026-03-30,Returned
18934,782,879,2023-09-03,2026-05-11,Returned
18935,800,107,2024-10-14,2024-11-22,Returned
18936,1069,731,2024-12-18,2025-02-21,Returned
18937,391,395,2024-04-11,2024-12-19,Returned
18938,1864,558,2024-12-09,2025-11-25,Returned
18939,852,468,2025-07-03,2025-10-13,Returned
18940,486,596,2025-12-03,2025-12-11,Returned
18941,1722,633,2025-12-30,2026-05-22,Returned
18942,1112,863,2023-07-31,2026-01-16,Returned
18943,1525,258,2024-04-28,2025-08-20,Returned
18944,234,161,2025-08-09,2025-08-10,Returned
18945,107,475,2024-05-07,2026-04-29,Returned
18946,1916,741,2023-07-16,2024-09-20,Returned
18947,1134,963,2024-11-17,2025-06-01,Returned
18948,59,681,2025-08-24,2026-05-05,Returned
18949,156,974,2024-09-14,,Active
18950,614,367,2026-05-15,2026-05-18,Returned
18951,1428,360,2024-02-28,2024-05-20,Returned
18952,367,177,2024-10-17,2025-02-02,Returned
18953,269,465,2026-05-19,2026-05-29,Returned
18954,694,373,2024-02-27,2026-04-24,Returned
18955,385,812,2025-06-22,2026-02-18,Returned
18956,15,750,2025-03-21,2025-06-21,Returned
18957,202,94,2024-12-27,2026-04-20,Returned
18958,1699,311,2026-01-02,2026-01-03,Returned
18959,298,798,2023-08-27,2023-11-24,Returned
18960,542,371,2024-09-26,2025-09-13,Returned
18961,1436,115,2024-07-13,2025-11-25,Returned
18962,1937,991,2025-02-19,2025-08-06,Returned
18963,1629,484,2026-05-14,2026-05-28,Returned
18964,1953,302,2026-03-21,2026-05-25,Returned
18965,1891,983,2025-06-30,2026-04-08,Returned
18966,384,840,2024-02-12,2025-11-22,Returned
18967,221,277,2023-11-17,2024-09-24,Returned
18968,953,902,2026-01-21,2026-02-22,Returned
18969,686,952,2024-09-25,2025-04-23,Returned
18970,1511,213,2024-12-20,2024-12-30,Returned
18971,101,180,2024-11-06,2026-05-04,Returned
18972,1317,930,2023-12-02,2025-03-02,Returned
18973,747,208,2023-12-10,2024-06-11,Returned
18974,760,197,2023-06-14,2025-10-17,Returned
18975,1631,766,2025-12-12,2026-02-02,Returned
18976,887,208,2025-09-23,2025-10-31,Returned
18977,246,426,2025-07-21,2026-01-12,Returned
18978,656,932,2023-12-15,2026-01-26,Returned
18979,764,85,2023-12-29,2026-03-11,Returned
18980,464,983,2023-11-12,2024-03-05,Returned
18981,554,557,2023-10-27,2025-03-09,Returned
18982,787,267,2025-03-06,2026-03-21,Returned
18983,607,750,2023-11-13,2024-06-03,Returned
18984,38,320,2024-03-14,,Active
18985,1554,809,2023-12-15,2024-07-10,Returned
18986,1035,456,2025-02-02,2025-09-28,Returned
18987,639,533,2024-03-04,2024-03-08,Returned
18988,1198,324,2023-10-25,2025-08-18,Returned
18989,1612,368,2025-07-04,2025-11-10,Returned
18990,1353,137,2023-12-08,2024-10-18,Returned
18991,1883,932,2024-01-20,2025-09-15,Returned
18992,701,392,2025-05-21,2025-12-17,Returned
18993,351,689,2024-09-18,2026-01-16,Returned
18994,430,241,2025-11-01,2026-06-05,Returned
18995,1317,738,2025-07-30,2026-05-31,Returned
18996,83,210,2025-06-14,2025-10-26,Returned
18997,447,20,2024-07-08,2025-12-16,Returned
18998,1955,315,2025-03-26,2026-03-10,Returned
18999,1619,577,2024-10-19,,Late
19000,737,422,2025-01-23,2025-11-27,Returned
19001,1000,869,2025-08-27,,Active
19002,1645,425,2025-05-15,2026-05-31,Returned
19003,1670,617,2024-01-25,2026-03-26,Returned
19004,1078,583,2025-03-26,2025-06-06,Returned
19005,386,99,2025-06-25,2025-11-22,Returned
19006,1475,379,2024-05-02,2025-11-03,Returned
19007,224,627,2025-08-02,2025-08-18,Returned
19008,1886,219,2025-02-24,,Active
19009,1362,508,2023-07-27,2025-03-30,Returned
19010,262,230,2023-11-08,2024-04-23,Returned
19011,427,20,2023-07-05,2024-02-20,Returned
19012,1210,854,2025-11-08,2025-12-26,Returned
19013,1258,660,2024-06-02,2026-03-15,Returned
19014,325,682,2024-09-26,2025-12-12,Returned
19015,1109,714,2023-12-24,2024-06-05,Returned
19016,1176,351,2024-09-12,2025-05-08,Returned
19017,1690,214,2025-02-28,2026-03-01,Returned
19018,621,163,2023-09-01,2024-10-19,Returned
19019,1604,444,2026-05-12,2026-05-18,Returned
19020,481,63,2025-04-22,2025-04-22,Returned
19021,1766,502,2023-08-06,2023-09-16,Returned
19022,1267,215,2025-09-07,2026-01-02,Returned
19023,403,828,2024-11-05,2025-06-17,Returned
19024,1324,574,2026-02-22,2026-05-10,Returned
19025,1570,490,2024-12-07,2025-01-22,Returned
19026,1186,976,2023-09-07,2026-01-17,Returned
19027,1455,623,2025-01-03,2026-03-16,Returned
19028,1192,800,2025-08-27,2025-09-13,Returned
19029,1972,141,2026-03-25,2026-04-27,Returned
19030,36,232,2026-03-14,2026-04-02,Returned
19031,1396,147,2025-07-06,2026-01-03,Returned
19032,1971,609,2025-09-05,2026-03-19,Returned
19033,825,791,2023-09-14,2026-02-10,Returned
19034,317,317,2025-01-16,2025-11-02,Returned
19035,590,271,2026-02-17,2026-05-12,Returned
19036,207,466,2024-03-24,2024-11-20,Returned
19037,1521,780,2023-07-11,2025-03-26,Returned
19038,354,405,2025-12-24,2026-02-03,Returned
19039,150,62,2024-11-05,2025-01-16,Returned
19040,4,334,2024-10-24,2025-11-02,Returned
19041,762,882,2024-10-08,2025-01-16,Returned
19042,1652,962,2023-11-11,2024-10-15,Returned
19043,1620,785,2023-10-18,,Late
19044,759,456,2025-03-14,2026-05-25,Returned
19045,55,112,2024-12-04,2026-02-14,Returned
19046,1161,469,2023-08-20,2025-03-03,Returned
19047,206,557,2023-06-19,2023-07-01,Returned
19048,446,800,2023-09-10,2023-10-24,Returned
19049,576,797,2024-02-18,2024-02-22,Returned
19050,1524,845,2026-01-02,2026-01-06,Returned
19051,898,741,2023-06-12,2025-08-29,Returned
19052,1554,507,2023-06-09,2024-11-16,Returned
19053,831,844,2024-10-07,2025-11-28,Returned
19054,806,667,2024-11-20,2025-05-30,Returned
19055,1367,96,2024-03-01,,Late
19056,301,8,2024-06-11,2025-08-15,Returned
19057,545,506,2023-11-18,2025-12-17,Returned
19058,865,298,2025-01-27,2025-05-13,Returned
19059,448,725,2026-02-07,2026-03-29,Returned
19060,33,436,2025-02-12,2026-02-02,Returned
19061,1115,475,2025-04-04,2025-07-30,Returned
19062,1560,78,2026-03-23,2026-05-19,Returned
19063,1599,124,2025-04-17,2026-02-13,Returned
19064,1850,237,2026-04-05,2026-05-23,Returned
19065,1441,390,2024-02-23,2025-07-08,Returned
19066,1567,117,2026-03-11,2026-05-22,Returned
19067,816,918,2023-08-09,2024-11-01,Returned
19068,1826,429,2025-01-30,2025-07-24,Returned
19069,1498,354,2025-10-30,2026-02-25,Returned
19070,557,755,2026-01-22,2026-05-21,Returned
19071,587,578,2025-03-19,2025-05-25,Returned
19072,1386,779,2024-06-05,2024-07-31,Returned
19073,1299,437,2025-05-21,2026-05-29,Returned
19074,829,876,2025-02-02,2026-04-02,Returned
19075,458,859,2024-12-17,2024-12-28,Returned
19076,1790,35,2024-11-07,,Active
19077,974,797,2026-05-14,2026-06-06,Returned
19078,1702,397,2025-04-17,2025-08-15,Returned
19079,522,66,2025-01-11,2025-05-15,Returned
19080,1927,836,2025-04-20,2025-08-22,Returned
19081,1238,624,2023-10-13,2026-04-29,Returned
19082,1509,115,2026-02-19,2026-05-21,Returned
19083,197,40,2025-12-06,2026-01-24,Returned
19084,450,202,2025-02-10,2025-12-10,Returned
19085,802,140,2025-04-12,2026-04-23,Returned
19086,460,327,2023-11-20,2025-10-08,Returned
19087,250,552,2025-10-27,2026-05-24,Returned
19088,693,854,2025-07-15,2025-08-03,Returned
19089,518,200,2024-12-05,2025-01-05,Returned
19090,918,256,2024-07-19,2026-03-22,Returned
19091,1734,200,2024-11-21,2026-05-15,Returned
19092,1649,654,2025-04-06,2025-12-14,Returned
19093,1124,942,2026-04-21,2026-05-04,Returned
19094,1531,838,2024-05-20,2025-01-04,Returned
19095,1372,683,2025-06-17,2026-03-08,Returned
19096,1462,724,2023-10-13,2024-08-10,Returned
19097,1819,494,2024-12-01,2025-10-14,Returned
19098,813,131,2024-09-05,2025-03-06,Returned
19099,716,800,2026-03-18,2026-03-26,Returned
19100,1944,102,2024-04-28,2024-09-12,Returned
19101,1320,223,2023-11-20,,Late
19102,390,564,2024-06-27,2025-08-25,Returned
19103,1273,583,2023-10-09,2024-06-28,Returned
19104,348,344,2026-05-03,2026-05-26,Returned
19105,1189,615,2026-03-19,2026-04-26,Returned
19106,1662,375,2024-07-11,2025-07-22,Returned
19107,922,430,2024-06-01,2024-07-10,Returned
19108,1189,626,2023-08-01,2025-07-17,Returned
19109,509,394,2025-12-18,,Late
19110,782,300,2025-01-12,2025-03-17,Returned
19111,841,544,2025-07-22,2025-08-01,Returned
19112,1741,615,2023-09-22,2025-11-01,Returned
19113,48,608,2025-12-24,2026-04-28,Returned
19114,31,439,2024-08-13,2024-09-15,Returned
19115,1961,63,2025-06-10,,Active
19116,1028,821,2025-12-21,2026-06-01,Returned
19117,103,24,2026-01-03,2026-01-22,Returned
19118,900,323,2023-11-07,2024-09-11,Returned
19119,498,591,2024-05-30,2025-01-08,Returned
19120,1919,554,2025-06-01,2025-06-13,Returned
19121,1855,420,2023-06-12,2024-12-27,Returned
19122,1383,336,2024-02-25,2024-07-07,Returned
19123,1076,944,2025-05-12,2026-05-08,Returned
19124,1326,724,2023-11-07,,Active
19125,285,821,2023-10-07,2025-10-07,Returned
19126,125,976,2024-05-20,2024-08-20,Returned
19127,352,790,2026-03-28,2026-05-08,Returned
19128,1811,830,2024-03-20,2024-08-14,Returned
19129,116,179,2024-03-18,2025-11-14,Returned
19130,1494,266,2025-09-19,2025-11-07,Returned
19131,309,9,2023-12-20,2024-12-22,Returned
19132,1874,683,2025-06-17,2026-02-04,Returned
19133,1311,556,2024-08-29,2025-06-06,Returned
19134,524,981,2025-03-06,2025-04-23,Returned
19135,582,254,2025-09-03,2026-04-13,Returned
19136,826,274,2024-06-13,,Active
19137,345,84,2023-09-01,2023-12-04,Returned
19138,917,77,2024-11-18,2025-06-14,Returned
19139,1691,292,2024-02-14,2024-08-05,Returned
19140,1742,925,2026-05-04,2026-05-10,Returned
19141,1322,930,2024-07-04,,Active
19142,146,273,2024-11-05,2024-12-10,Returned
19143,871,887,2025-09-14,2025-09-14,Returned
19144,1343,788,2026-01-27,2026-05-04,Returned
19145,1687,81,2024-06-16,2025-06-06,Returned
19146,360,873,2025-09-13,2025-12-12,Returned
19147,1326,240,2024-04-15,2024-11-26,Returned
19148,1707,704,2025-10-31,2025-12-01,Returned
19149,1872,347,2023-10-09,2024-07-20,Returned
19150,409,299,2025-07-26,,Active
19151,1243,887,2024-09-23,2024-12-18,Returned
19152,1637,707,2025-04-30,2025-06-17,Returned
19153,660,325,2025-04-07,2026-03-02,Returned
19154,117,726,2025-11-07,2025-11-08,Returned
19155,1932,192,2025-04-10,2026-03-02,Returned
19156,1848,464,2025-09-20,2026-01-21,Returned
19157,1215,955,2025-09-29,,Active
19158,1992,685,2025-10-21,2026-01-01,Returned
19159,4,816,2024-05-03,2025-08-31,Returned
19160,10,90,2024-08-19,2025-08-26,Returned
19161,1809,480,2025-10-07,2026-05-10,Returned
19162,1252,793,2024-07-17,,Active
19163,1233,778,2023-10-09,2024-06-13,Returned
19164,1156,832,2023-10-22,2025-03-11,Returned
19165,412,389,2023-07-10,2024-06-10,Returned
19166,345,97,2024-01-13,,Active
19167,392,502,2025-12-01,,Late
19168,1596,443,2024-02-03,2024-02-27,Returned
19169,1600,62,2025-07-23,2026-01-01,Returned
19170,485,212,2023-07-03,2026-02-25,Returned
19171,1981,216,2025-01-29,2025-07-01,Returned
19172,1977,306,2023-11-22,2026-03-22,Returned
19173,475,72,2023-06-20,2024-08-11,Returned
19174,1484,292,2025-04-19,2025-11-25,Returned
19175,230,945,2023-12-30,2025-05-17,Returned
19176,1203,634,2025-02-02,2025-08-22,Returned
19177,1192,88,2024-04-09,2024-12-18,Returned
19178,86,564,2025-07-21,2025-08-30,Returned
19179,1701,84,2026-03-03,2026-05-05,Returned
19180,1900,538,2023-09-03,2024-01-21,Returned
19181,1787,285,2025-11-22,2026-02-01,Returned
19182,95,977,2025-12-15,2026-02-01,Returned
19183,1946,403,2026-02-21,2026-05-23,Returned
19184,1794,221,2025-02-25,2025-03-23,Returned
19185,1661,557,2024-04-25,2026-05-15,Returned
19186,1283,618,2026-06-04,2026-06-06,Returned
19187,384,134,2024-05-20,2024-08-27,Returned
19188,867,348,2025-12-14,2026-03-07,Returned
19189,697,355,2026-02-07,2026-02-21,Returned
19190,1395,740,2025-02-21,2025-09-11,Returned
19191,402,442,2024-03-17,2025-04-16,Returned
19192,1744,961,2024-06-08,2025-04-21,Returned
19193,424,463,2024-10-15,2025-11-04,Returned
19194,628,899,2025-05-21,2025-12-20,Returned
19195,648,429,2023-09-03,2024-11-26,Returned
19196,883,870,2025-04-05,2026-03-08,Returned
19197,903,246,2023-12-13,2024-09-09,Returned
19198,1029,94,2025-04-09,,Active
19199,1461,563,2024-07-24,2025-07-09,Returned
19200,1772,435,2023-11-03,2024-11-20,Returned
19201,674,424,2024-12-12,2025-07-31,Returned
19202,1271,937,2024-12-31,,Active
19203,1365,292,2025-05-19,2025-11-09,Returned
19204,560,891,2024-08-21,2025-07-10,Returned
19205,186,404,2026-05-12,2026-05-29,Returned
19206,1707,340,2024-06-29,2025-12-10,Returned
19207,1189,554,2025-06-18,2026-01-18,Returned
19208,615,722,2024-01-25,,Late
19209,1254,524,2025-12-10,2026-03-16,Returned
19210,780,973,2025-12-12,,Active
19211,327,595,2024-02-20,2026-05-02,Returned
19212,536,295,2026-02-17,2026-03-31,Returned
19213,28,261,2023-06-09,2024-11-25,Returned
19214,1256,192,2023-11-28,2024-12-13,Returned
19215,636,767,2023-10-04,2025-08-24,Returned
19216,165,259,2026-05-12,2026-05-23,Returned
19217,542,676,2026-04-13,2026-05-04,Returned
19218,1022,949,2023-11-17,2024-09-19,Returned
19219,431,997,2025-09-07,2026-01-07,Returned
19220,365,595,2024-01-11,2024-03-22,Returned
19221,184,477,2024-12-21,2025-12-28,Returned
19222,437,556,2025-12-11,2026-03-12,Returned
19223,334,971,2023-09-10,,Active
19224,1272,650,2023-12-28,,Active
19225,78,993,2026-04-01,2026-04-13,Returned
19226,1569,394,2024-02-17,2025-12-04,Returned
19227,187,435,2025-12-17,2026-04-07,Returned
19228,875,735,2023-07-26,2025-06-02,Returned
19229,627,728,2024-09-28,2025-09-01,Returned
19230,885,704,2023-10-11,2024-09-14,Returned
19231,1139,815,2024-05-12,2024-12-13,Returned
19232,1845,625,2023-08-02,2024-08-26,Returned
19233,674,211,2024-04-15,2024-10-02,Returned
19234,852,456,2024-03-21,2025-08-22,Returned
19235,1537,506,2026-04-18,2026-05-19,Returned
19236,1439,153,2024-09-14,2024-12-15,Returned
19237,1072,64,2025-01-13,2025-09-18,Returned
19238,1972,936,2024-08-24,2024-12-30,Returned
19239,440,575,2025-11-11,2026-03-27,Returned
19240,992,977,2024-02-02,2024-07-18,Returned
19241,1617,739,2024-12-24,2025-12-26,Returned
19242,376,49,2025-01-24,2026-02-26,Returned
19243,107,370,2024-07-02,2025-03-29,Returned
19244,1567,184,2026-03-17,2026-03-29,Returned
19245,504,581,2025-04-25,2026-04-26,Returned
19246,1697,956,2024-01-17,2025-12-09,Returned
19247,588,792,2023-07-15,,Active
19248,783,798,2024-11-04,2026-03-02,Returned
19249,1192,689,2025-09-16,2025-12-01,Returned
19250,232,599,2024-10-12,2025-01-29,Returned
19251,1373,274,2025-05-18,2026-01-22,Returned
19252,1227,518,2024-11-19,2025-02-02,Returned
19253,295,534,2025-05-01,,Active
19254,1478,606,2026-01-13,2026-03-25,Returned
19255,257,966,2023-11-25,2026-01-28,Returned
19256,1579,584,2026-03-13,2026-05-29,Returned
19257,1031,870,2023-11-13,2025-07-27,Returned
19258,1573,936,2025-03-18,2025-03-31,Returned
19259,241,150,2026-04-19,2026-05-09,Returned
19260,1460,400,2026-03-29,2026-05-01,Returned
19261,1645,556,2024-08-05,2026-03-02,Returned
19262,1417,344,2024-03-28,2024-06-17,Returned
19263,1199,390,2025-10-02,2026-03-22,Returned
19264,1279,18,2023-12-29,2026-03-02,Returned
19265,1055,899,2025-11-01,2026-02-14,Returned
19266,520,909,2025-12-02,2026-03-20,Returned
19267,1789,13,2024-04-21,2025-10-29,Returned
19268,1812,937,2024-07-30,2025-10-16,Returned
19269,1510,724,2026-05-25,2026-05-29,Returned
19270,791,711,2024-03-29,2025-03-26,Returned
19271,855,662,2024-07-07,,Active
19272,201,574,2024-11-23,2025-01-29,Returned
19273,47,136,2025-06-28,2025-11-29,Returned
19274,74,820,2023-11-23,2024-12-09,Returned
19275,1846,594,2024-09-14,2025-07-11,Returned
19276,84,821,2026-05-15,2026-05-16,Returned
19277,1977,692,2025-04-10,2026-04-27,Returned
19278,42,424,2026-01-09,2026-01-12,Returned
19279,315,764,2026-01-18,2026-05-17,Returned
19280,736,44,2024-07-28,2025-05-12,Returned
19281,1920,6,2025-10-27,2026-04-09,Returned
19282,496,53,2024-09-16,,Active
19283,1561,974,2024-02-02,2024-12-06,Returned
19284,1555,820,2024-08-01,2024-08-17,Returned
19285,125,356,2024-10-24,2025-12-15,Returned
19286,1584,767,2023-10-10,2026-02-19,Returned
19287,1675,913,2026-02-01,2026-02-02,Returned
19288,80,814,2023-09-03,2025-08-12,Returned
19289,808,441,2025-02-19,2026-05-22,Returned
19290,1530,308,2025-12-27,2026-04-17,Returned
19291,271,151,2024-03-18,2025-06-24,Returned
19292,1697,150,2025-07-11,,Late
19293,688,92,2025-05-05,2026-01-04,Returned
19294,139,29,2024-07-15,2024-10-20,Returned
19295,1859,137,2025-10-19,2025-11-02,Returned
19296,128,460,2023-08-23,2024-07-14,Returned
19297,1633,568,2023-08-15,2023-10-05,Returned
19298,60,557,2024-03-23,2024-08-21,Returned
19299,154,682,2024-06-15,2025-10-22,Returned
19300,1828,960,2025-12-20,2026-02-15,Returned
19301,1763,891,2024-12-27,2025-11-22,Returned
19302,569,617,2025-07-02,2025-11-15,Returned
19303,74,132,2025-10-09,2025-12-01,Returned
19304,196,905,2024-03-10,2026-02-11,Returned
19305,817,200,2026-02-03,2026-03-06,Returned
19306,1364,917,2023-09-20,2025-12-09,Returned
19307,216,594,2024-03-22,2026-03-24,Returned
19308,98,600,2023-11-06,2025-10-25,Returned
19309,1019,42,2025-09-12,,Late
19310,1049,632,2025-04-10,2025-07-03,Returned
19311,1623,492,2023-06-17,2026-06-05,Returned
19312,374,679,2026-01-30,2026-04-17,Returned
19313,1945,819,2025-12-28,2026-03-04,Returned
19314,1026,202,2024-03-06,2024-06-10,Returned
19315,285,705,2024-12-12,2025-07-11,Returned
19316,565,381,2023-10-11,2026-03-21,Returned
19317,1076,893,2024-09-30,2025-05-06,Returned
19318,802,786,2024-08-13,2026-04-16,Returned
19319,343,900,2024-08-01,2024-12-06,Returned
19320,165,525,2024-11-27,2024-12-12,Returned
19321,1869,528,2023-10-27,,Late
19322,290,986,2026-01-31,2026-04-08,Returned
19323,1410,229,2025-01-30,2025-01-30,Returned
19324,382,18,2025-10-17,2026-03-20,Returned
19325,1780,862,2023-11-14,2024-02-19,Returned
19326,799,732,2025-02-05,2026-01-27,Returned
19327,1757,432,2025-12-13,,Active
19328,734,282,2025-04-17,2025-12-18,Returned
19329,1848,242,2023-12-29,2024-07-18,Returned
19330,631,72,2026-01-26,2026-04-28,Returned
19331,1321,827,2024-09-16,2025-03-11,Returned
19332,102,261,2026-02-16,2026-03-10,Returned
19333,157,471,2025-09-14,2025-10-08,Returned
19334,1329,382,2023-09-21,2023-09-23,Returned
19335,1169,542,2025-01-29,,Active
19336,1354,404,2024-04-28,2024-07-15,Returned
19337,1982,963,2025-01-23,2026-01-13,Returned
19338,1426,948,2025-05-16,,Active
19339,468,764,2025-04-05,2026-01-23,Returned
19340,482,572,2024-06-21,2026-03-11,Returned
19341,927,712,2024-06-26,2024-11-19,Returned
19342,1342,120,2023-06-26,2025-02-10,Returned
19343,900,676,2023-11-08,2024-01-07,Returned
19344,1001,643,2023-07-25,2025-02-01,Returned
19345,25,78,2026-04-10,2026-05-07,Returned
19346,1540,265,2024-06-14,2026-04-16,Returned
19347,888,400,2023-10-23,2025-02-01,Returned
19348,1363,736,2023-10-06,2024-01-17,Returned
19349,378,953,2025-02-05,2025-06-07,Returned
19350,83,700,2024-08-11,2026-03-14,Returned
19351,1005,552,2025-05-17,2025-07-09,Returned
19352,1020,519,2025-11-12,2026-01-05,Returned
19353,1167,875,2023-07-25,2025-04-26,Returned
19354,892,598,2025-03-05,2025-07-08,Returned
19355,1024,383,2026-01-02,2026-03-25,Returned
19356,722,491,2024-10-25,2026-01-13,Returned
19357,957,781,2026-02-03,2026-02-13,Returned
19358,373,359,2025-12-15,,Active
19359,1858,651,2024-04-25,2025-03-18,Returned
19360,1210,977,2024-08-01,2026-03-21,Returned
19361,1934,416,2024-12-27,2025-11-19,Returned
19362,381,277,2024-11-03,2026-02-03,Returned
19363,987,152,2023-10-19,2024-05-01,Returned
19364,393,330,2025-01-16,2026-01-31,Returned
19365,1060,546,2024-06-18,2025-11-04,Returned
19366,775,962,2024-11-30,2025-05-21,Returned
19367,523,494,2025-12-21,2026-02-23,Returned
19368,934,392,2025-01-21,2025-04-22,Returned
19369,760,16,2026-05-04,2026-05-12,Returned
19370,915,235,2024-10-29,,Late
19371,37,968,2025-05-15,2025-09-25,Returned
19372,292,623,2024-10-15,,Active
19373,1136,802,2025-06-09,2025-10-03,Returned
19374,1339,620,2025-05-14,2026-04-06,Returned
19375,1075,877,2024-01-21,2025-06-28,Returned
19376,308,808,2026-02-02,2026-03-02,Returned
19377,8,87,2024-11-07,2025-10-17,Returned
19378,1374,874,2024-11-11,,Active
19379,661,356,2026-04-08,2026-05-27,Returned
19380,1999,138,2023-11-15,2025-11-23,Returned
19381,452,255,2024-11-10,2025-12-13,Returned
19382,1647,887,2025-01-12,2026-03-03,Returned
19383,1252,508,2025-12-10,2026-02-17,Returned
19384,161,918,2023-07-04,2024-04-30,Returned
19385,1679,605,2023-09-05,2024-07-14,Returned
19386,569,463,2026-01-16,2026-05-14,Returned
19387,733,200,2025-12-21,2026-05-24,Returned
19388,560,410,2026-01-24,2026-05-13,Returned
19389,1453,811,2025-08-03,2025-11-23,Returned
19390,804,501,2025-12-05,2026-01-28,Returned
19391,1045,215,2026-05-11,2026-06-06,Returned
19392,371,452,2024-06-23,2024-07-18,Returned
19393,307,546,2024-03-12,2024-10-02,Returned
19394,982,793,2025-03-13,2026-04-29,Returned
19395,621,541,2026-01-12,2026-03-16,Returned
19396,1614,493,2024-10-25,2026-01-24,Returned
19397,1662,106,2025-02-09,2026-01-20,Returned
19398,1438,74,2025-09-29,2026-01-04,Returned
19399,1969,183,2024-02-24,2025-06-12,Returned
19400,280,999,2024-03-22,2025-09-24,Returned
19401,881,647,2024-06-24,2025-11-02,Returned
19402,741,669,2024-02-22,2026-03-20,Returned
19403,776,993,2024-06-15,2024-11-26,Returned
19404,1791,403,2025-09-22,2026-05-27,Returned
19405,818,515,2023-08-18,2026-03-17,Returned
19406,1642,472,2025-10-29,2025-12-27,Returned
19407,752,165,2026-05-08,2026-05-27,Returned
19408,834,456,2025-10-03,2026-05-13,Returned
19409,208,934,2026-02-03,2026-04-18,Returned
19410,428,246,2025-10-26,2026-02-04,Returned
19411,1288,459,2024-05-28,2026-04-21,Returned
19412,472,970,2026-01-11,,Active
19413,76,846,2026-02-17,,Late
19414,37,912,2024-07-27,2024-10-15,Returned
19415,487,426,2026-03-06,2026-04-30,Returned
19416,1642,168,2023-06-23,2023-06-28,Returned
19417,1353,393,2025-04-13,2025-10-06,Returned
19418,472,12,2025-02-13,2025-12-04,Returned
19419,153,391,2025-10-06,2026-05-28,Returned
19420,1793,879,2024-08-22,2024-12-01,Returned
19421,1344,131,2023-06-12,2023-11-04,Returned
19422,409,476,2025-01-23,2025-08-29,Returned
19423,365,205,2023-07-25,2024-06-12,Returned
19424,85,767,2025-12-17,2026-05-03,Returned
19425,230,71,2024-07-15,2026-03-09,Returned
19426,371,153,2025-04-30,2026-04-11,Returned
19427,1800,514,2025-05-04,2025-11-27,Returned
19428,1157,767,2023-09-24,2025-11-24,Returned
19429,1160,275,2026-03-23,,Active
19430,106,288,2025-05-28,2026-03-21,Returned
19431,737,518,2025-01-08,2025-07-05,Returned
19432,1572,383,2023-11-30,2025-01-10,Returned
19433,1890,693,2024-03-21,,Active
19434,296,900,2025-06-09,2025-11-26,Returned
19435,1038,505,2024-09-15,2026-01-02,Returned
19436,102,613,2026-01-04,2026-03-12,Returned
19437,1978,197,2025-04-13,2026-02-19,Returned
19438,1751,449,2025-09-05,,Active
19439,1061,335,2025-04-27,2025-07-02,Returned
19440,944,442,2025-06-13,2026-03-27,Returned
19441,990,611,2024-05-13,2026-02-13,Returned
19442,227,2,2024-02-03,2024-07-10,Returned
19443,1326,80,2024-05-03,2025-05-28,Returned
19444,1624,249,2025-07-04,,Active
19445,1139,668,2026-03-07,2026-05-14,Returned
19446,1863,956,2026-05-16,2026-05-28,Returned
19447,615,425,2025-02-28,2025-08-26,Returned
19448,1561,647,2023-09-12,2025-02-20,Returned
19449,1637,762,2025-11-05,2026-01-25,Returned
19450,1900,820,2023-11-29,,Active
19451,344,162,2024-08-03,2025-06-02,Returned
19452,1775,730,2026-02-03,2026-05-13,Returned
19453,1238,468,2025-02-08,2025-12-30,Returned
19454,1235,973,2023-08-06,2024-08-22,Returned
19455,679,920,2026-05-12,2026-06-01,Returned
19456,1963,440,2024-01-03,2024-08-26,Returned
19457,213,372,2024-06-10,2025-04-30,Returned
19458,1399,692,2025-01-03,2025-08-27,Returned
19459,1059,889,2023-11-21,2024-04-16,Returned
19460,933,832,2025-04-03,2026-01-21,Returned
19461,534,850,2023-11-26,2026-05-02,Returned
19462,941,687,2024-08-05,2025-06-05,Returned
19463,766,765,2024-10-30,2026-04-05,Returned
19464,1962,738,2025-01-31,2025-12-24,Returned
19465,1263,788,2026-02-24,2026-04-02,Returned
19466,686,994,2023-08-09,2026-04-08,Returned
19467,191,305,2023-11-11,2025-07-20,Returned
19468,1666,247,2025-10-07,2026-06-02,Returned
19469,214,724,2025-05-03,2025-11-24,Returned
19470,1870,875,2024-05-27,2026-04-06,Returned
19471,1836,495,2025-06-22,2026-05-20,Returned
19472,1009,34,2026-05-13,,Active
19473,1214,386,2025-03-16,2026-03-18,Returned
19474,1759,705,2026-01-22,2026-05-29,Returned
19475,731,222,2025-06-22,2025-08-21,Returned
19476,1310,473,2025-08-14,2025-12-31,Returned
19477,252,607,2024-03-10,2024-07-01,Returned
19478,115,856,2025-01-25,2025-04-28,Returned
19479,1022,38,2025-05-18,2026-05-08,Returned
19480,1169,38,2025-07-03,2026-03-05,Returned
19481,947,791,2026-05-17,,Active
19482,133,857,2026-06-06,2026-06-06,Returned
19483,1477,289,2025-12-23,2026-01-05,Returned
19484,1545,381,2024-09-09,2026-04-18,Returned
19485,1108,739,2025-09-13,2026-04-02,Returned
19486,758,118,2024-01-05,2024-09-27,Returned
19487,1499,558,2024-02-23,2025-03-18,Returned
19488,534,400,2024-06-03,2025-08-17,Returned
19489,1254,746,2024-10-19,2025-01-24,Returned
19490,1646,404,2024-02-01,2026-03-02,Returned
19491,1263,661,2023-11-12,2025-04-05,Returned
19492,812,772,2023-10-11,2026-02-25,Returned
19493,1714,603,2026-03-31,2026-04-04,Returned
19494,817,997,2023-12-23,2026-01-01,Returned
19495,1771,735,2024-11-25,2025-01-05,Returned
19496,177,913,2023-11-04,2024-08-18,Returned
19497,927,316,2025-11-10,2025-12-12,Returned
19498,1564,118,2024-05-03,2026-01-22,Returned
19499,313,718,2024-02-25,2024-04-05,Returned
19500,289,743,2025-01-01,2026-02-26,Returned
19501,1649,432,2023-09-25,2025-08-08,Returned
19502,1792,597,2025-09-28,2025-12-17,Returned
19503,1772,934,2024-07-07,2026-02-08,Returned
19504,1358,18,2023-07-16,2023-10-15,Returned
19505,1266,505,2023-11-11,2023-11-14,Returned
19506,1681,6,2024-03-14,2025-11-20,Returned
19507,758,25,2023-07-25,2024-07-15,Returned
19508,1415,983,2023-11-10,2025-01-17,Returned
19509,599,753,2023-06-21,2024-07-30,Returned
19510,229,649,2026-01-10,2026-01-11,Returned
19511,1864,785,2024-04-20,2024-07-08,Returned
19512,602,337,2024-08-28,2024-11-25,Returned
19513,1292,513,2024-11-12,2025-02-19,Returned
19514,469,633,2025-08-10,2025-10-05,Returned
19515,851,720,2024-06-14,2024-10-11,Returned
19516,1404,414,2025-10-10,2026-05-06,Returned
19517,1413,239,2025-04-26,2025-08-06,Returned
19518,967,134,2025-08-17,2025-09-05,Returned
19519,96,759,2023-07-24,2026-01-06,Returned
19520,124,133,2024-10-17,2025-12-11,Returned
19521,1618,496,2024-03-15,2024-08-06,Returned
19522,225,363,2024-03-01,2025-01-17,Returned
19523,1119,152,2025-12-21,2025-12-31,Returned
19524,781,409,2025-09-13,2025-12-18,Returned
19525,1583,872,2025-06-10,2025-12-26,Returned
19526,1157,56,2025-07-27,2026-02-10,Returned
19527,270,186,2025-11-23,,Active
19528,701,64,2025-06-15,,Late
19529,1568,522,2025-01-07,2025-05-25,Returned
19530,1786,935,2024-05-18,,Active
19531,797,233,2026-03-24,2026-05-28,Returned
19532,1152,343,2025-05-09,,Late
19533,420,498,2026-01-30,2026-03-12,Returned
19534,892,573,2023-10-08,2025-02-18,Returned
19535,857,763,2026-04-14,2026-06-06,Returned
19536,1312,794,2024-12-12,2026-04-23,Returned
19537,856,431,2025-08-27,,Late
19538,1457,207,2023-11-25,,Late
19539,1527,326,2023-12-10,2025-02-07,Returned
19540,1799,464,2025-12-21,2026-01-21,Returned
19541,451,699,2023-12-25,2025-12-13,Returned
19542,113,678,2024-08-02,2025-02-06,Returned
19543,1440,659,2024-09-12,2026-02-21,Returned
19544,1186,101,2024-10-25,,Late
19545,570,819,2026-01-30,2026-02-13,Returned
19546,966,392,2026-04-15,2026-06-06,Returned
19547,97,922,2026-05-13,2026-05-24,Returned
19548,966,530,2025-12-02,2025-12-20,Returned
19549,1661,8,2024-10-27,,Late
19550,1437,301,2023-09-14,2025-09-29,Returned
19551,1164,118,2026-04-24,,Active
19552,787,639,2025-09-23,2025-11-04,Returned
19553,1805,323,2024-07-13,2025-11-05,Returned
19554,1663,216,2025-05-21,2025-09-19,Returned
19555,46,960,2025-06-30,2026-01-25,Returned
19556,53,722,2025-02-12,2026-05-08,Returned
19557,359,604,2024-03-21,2025-06-02,Returned
19558,1750,314,2023-07-22,2025-12-16,Returned
19559,974,746,2024-11-17,2026-05-20,Returned
19560,1910,578,2024-09-19,2025-09-10,Returned
19561,1872,826,2024-03-05,2024-10-10,Returned
19562,1198,90,2024-07-30,2025-02-22,Returned
19563,646,132,2025-04-02,2025-07-18,Returned
19564,1169,953,2025-10-20,2026-01-01,Returned
19565,4,31,2023-11-11,2025-10-10,Returned
19566,1027,137,2023-09-17,2025-11-26,Returned
19567,1304,681,2026-04-23,,Active
19568,1008,584,2023-09-01,2024-06-25,Returned
19569,929,603,2025-05-04,2025-06-10,Returned
19570,582,19,2025-12-12,2026-02-02,Returned
19571,1995,621,2024-07-20,2025-08-13,Returned
19572,909,154,2025-10-04,2025-11-26,Returned
19573,914,89,2024-11-13,2025-08-07,Returned
19574,1219,917,2025-11-06,2025-11-21,Returned
19575,1930,268,2025-05-23,2025-09-11,Returned
19576,158,48,2023-12-28,2025-08-14,Returned
19577,125,177,2024-04-08,,Late
19578,1161,719,2026-05-07,2026-06-06,Returned
19579,1549,273,2024-11-25,2025-03-27,Returned
19580,170,783,2023-08-04,2024-06-13,Returned
19581,809,877,2024-06-21,2025-01-02,Returned
19582,1996,451,2025-05-12,2026-05-28,Returned
19583,1711,879,2023-12-28,2026-02-27,Returned
19584,967,96,2025-03-17,2025-07-07,Returned
19585,1847,897,2025-01-02,2025-08-28,Returned
19586,709,975,2025-06-21,2025-11-04,Returned
19587,1031,399,2024-08-11,,Late
19588,549,160,2025-03-18,2026-02-15,Returned
19589,396,748,2025-10-05,2025-12-26,Returned
19590,243,373,2024-07-13,2026-05-20,Returned
19591,35,121,2024-05-26,2025-02-03,Returned
19592,754,418,2025-06-13,2025-12-31,Returned
19593,1977,79,2024-04-07,2025-08-09,Returned
19594,241,571,2025-05-10,2025-07-19,Returned
19595,458,423,2025-09-01,2026-03-13,Returned
19596,1647,321,2024-06-17,2025-04-11,Returned
19597,1123,452,2024-07-15,2026-03-07,Returned
19598,1067,184,2025-06-30,2026-05-16,Returned
19599,1819,911,2025-08-11,,Late
19600,749,548,2026-01-01,,Active
19601,1543,451,2025-11-09,2025-11-16,Returned
19602,1425,803,2024-09-09,2024-11-25,Returned
19603,1806,16,2025-11-20,2025-11-25,Returned
19604,459,503,2023-11-04,2023-11-24,Returned
19605,757,815,2024-12-31,2025-12-23,Returned
19606,577,593,2025-12-27,2026-05-17,Returned
19607,720,789,2024-05-22,2025-03-07,Returned
19608,1154,704,2025-03-18,2025-07-22,Returned
19609,1409,820,2024-07-16,2025-06-03,Returned
19610,1142,32,2023-09-19,2025-02-23,Returned
19611,524,114,2024-04-26,2024-05-28,Returned
19612,1896,914,2025-02-13,2025-03-18,Returned
19613,759,54,2024-07-01,2025-11-09,Returned
19614,1617,528,2024-11-15,2025-02-10,Returned
19615,710,748,2026-05-03,2026-05-16,Returned
19616,1621,946,2025-10-25,2026-01-25,Returned
19617,1930,369,2024-10-01,2025-08-04,Returned
19618,766,715,2023-07-07,,Active
19619,169,720,2026-04-14,2026-04-18,Returned
19620,600,908,2025-08-14,2026-05-22,Returned
19621,993,925,2025-02-11,2025-05-07,Returned
19622,921,139,2026-06-02,2026-06-06,Returned
19623,820,387,2025-01-23,2025-04-18,Returned
19624,660,5,2024-10-14,2025-08-16,Returned
19625,771,817,2024-06-28,2024-08-09,Returned
19626,86,247,2024-05-21,2025-01-12,Returned
19627,1321,839,2023-06-11,2024-11-13,Returned
19628,485,293,2025-10-05,2025-12-22,Returned
19629,1828,779,2026-04-10,2026-04-14,Returned
19630,214,191,2024-05-14,2024-12-06,Returned
19631,625,839,2025-01-23,,Active
19632,1558,751,2023-10-09,,Late
19633,942,944,2026-04-27,,Active
19634,1177,190,2023-10-21,,Active
19635,465,786,2024-12-05,2025-11-15,Returned
19636,647,269,2023-07-27,2024-10-05,Returned
19637,1512,765,2023-11-15,2024-03-21,Returned
19638,1094,435,2024-03-28,2024-06-04,Returned
19639,1645,948,2025-09-10,2025-11-10,Returned
19640,1862,680,2023-10-20,2023-12-28,Returned
19641,1359,507,2025-02-01,2025-05-26,Returned
19642,1307,652,2023-12-10,2024-11-07,Returned
19643,1725,869,2024-12-18,2025-10-05,Returned
19644,1944,679,2023-12-12,2024-01-19,Returned
19645,700,337,2023-12-06,2025-05-22,Returned
19646,107,441,2025-04-16,,Active
19647,1853,372,2025-04-13,2025-05-04,Returned
19648,1219,758,2023-11-23,2024-02-15,Returned
19649,1016,297,2023-08-08,2024-04-25,Returned
19650,1853,869,2026-02-21,2026-05-23,Returned
19651,460,719,2023-09-07,2023-12-26,Returned
19652,1912,676,2024-06-13,2026-04-21,Returned
19653,711,138,2024-11-14,,Active
19654,769,497,2024-02-29,2025-04-24,Returned
19655,191,960,2023-11-27,2024-11-02,Returned
19656,36,202,2025-05-09,2025-11-25,Returned
19657,1154,909,2023-09-08,2023-11-14,Returned
19658,460,766,2024-01-12,2026-05-10,Returned
19659,1838,313,2024-11-14,2025-12-22,Returned
19660,1096,954,2024-12-18,2025-01-31,Returned
19661,130,487,2025-09-18,2026-02-19,Returned
19662,593,300,2025-04-29,2025-09-05,Returned
19663,1693,545,2023-12-02,2024-04-24,Returned
19664,1281,460,2024-12-12,,Active
19665,427,683,2026-05-21,2026-05-23,Returned
19666,1667,914,2024-01-28,2025-06-15,Returned
19667,1894,12,2024-11-04,2026-03-04,Returned
19668,1055,648,2024-12-20,2026-01-31,Returned
19669,1324,340,2025-06-11,2026-03-25,Returned
19670,382,109,2024-08-30,2026-04-05,Returned
19671,1250,468,2026-02-19,2026-04-06,Returned
19672,1526,974,2025-07-01,2025-12-04,Returned
19673,358,712,2025-09-04,,Active
19674,603,672,2024-09-22,2024-12-21,Returned
19675,453,293,2024-06-09,2026-05-22,Returned
19676,789,342,2026-04-06,2026-05-04,Returned
19677,868,567,2024-07-27,2025-10-10,Returned
19678,1400,563,2026-02-01,,Active
19679,727,249,2023-07-02,,Active
19680,743,208,2024-04-24,,Active
19681,1420,124,2025-03-03,2025-12-24,Returned
19682,1033,211,2023-11-15,2024-12-01,Returned
19683,1009,390,2025-08-25,2026-03-01,Returned
19684,1566,397,2024-09-28,2026-04-18,Returned
19685,1742,460,2026-04-19,2026-04-21,Returned
19686,642,301,2023-10-09,2026-01-04,Returned
19687,651,867,2023-09-03,2024-09-07,Returned
19688,185,566,2025-10-04,2025-12-16,Returned
19689,309,57,2025-01-26,,Active
19690,1424,3,2025-07-19,2025-07-23,Returned
19691,144,206,2025-07-11,2025-09-10,Returned
19692,1927,149,2023-12-09,2025-04-03,Returned
19693,1077,812,2026-04-29,2026-05-24,Returned
19694,301,421,2025-06-21,2026-06-03,Returned
19695,1007,316,2025-08-18,,Active
19696,705,946,2023-11-15,2024-04-30,Returned
19697,1562,3,2023-12-20,2025-05-27,Returned
19698,666,737,2026-05-05,2026-05-15,Returned
19699,78,266,2024-12-04,2025-12-15,Returned
19700,422,496,2026-02-22,2026-03-08,Returned
19701,1631,342,2024-12-18,2025-02-25,Returned
19702,638,505,2024-07-05,2025-06-19,Returned
19703,771,99,2025-01-28,2025-08-17,Returned
19704,1465,403,2025-09-11,2026-05-07,Returned
19705,1553,511,2024-10-17,,Active
19706,1318,292,2025-01-19,2025-02-22,Returned
19707,1227,712,2025-09-13,,Active
19708,168,310,2026-04-25,2026-05-02,Returned
19709,1628,217,2025-02-08,2025-11-22,Returned
19710,1701,17,2025-03-11,2026-01-17,Returned
19711,255,663,2025-11-13,2025-12-22,Returned
19712,1147,818,2025-02-24,2025-04-22,Returned
19713,1516,88,2025-01-12,2026-04-21,Returned
19714,1415,624,2023-11-24,2026-05-16,Returned
19715,762,999,2023-10-19,2025-10-10,Returned
19716,819,279,2024-02-14,2024-07-04,Returned
19717,948,583,2025-04-26,2025-06-16,Returned
19718,913,119,2024-06-22,2026-04-02,Returned
19719,1054,436,2026-05-13,2026-06-05,Returned
19720,1101,780,2023-11-07,,Active
19721,340,795,2024-05-23,2025-09-04,Returned
19722,1026,217,2025-12-24,2026-04-05,Returned
19723,1068,78,2023-09-13,2023-11-02,Returned
19724,334,830,2024-06-30,,Active
19725,1913,905,2025-11-21,2025-11-29,Returned
19726,446,984,2025-01-10,2026-06-05,Returned
19727,1533,123,2024-09-09,2025-06-04,Returned
19728,250,25,2026-01-30,2026-05-20,Returned
19729,1968,148,2025-04-12,2026-05-11,Returned
19730,1464,256,2025-04-15,2025-11-19,Returned
19731,503,517,2024-07-21,2026-01-05,Returned
19732,984,902,2024-03-07,2024-09-01,Returned
19733,1309,813,2024-04-20,2024-09-14,Returned
19734,1061,138,2025-02-17,2026-03-22,Returned
19735,1932,386,2023-11-16,2026-04-07,Returned
19736,661,803,2023-10-12,2025-12-01,Returned
19737,462,813,2025-12-21,,Active
19738,1755,863,2024-06-02,2024-12-20,Returned
19739,990,855,2026-02-04,2026-03-26,Returned
19740,1364,949,2024-08-10,2025-11-29,Returned
19741,753,601,2023-12-11,2024-11-09,Returned
19742,890,237,2024-06-04,2025-08-04,Returned
19743,95,925,2024-03-07,2024-08-01,Returned
19744,1403,142,2024-04-10,2026-01-03,Returned
19745,1273,759,2025-08-01,2025-10-05,Returned
19746,574,815,2025-10-27,2025-12-07,Returned
19747,924,536,2023-12-30,2025-02-04,Returned
19748,1765,589,2025-05-17,2025-09-03,Returned
19749,928,122,2025-09-17,2026-01-19,Returned
19750,677,154,2024-11-22,2025-10-31,Returned
19751,1347,458,2025-01-08,2025-03-16,Returned
19752,666,653,2025-11-08,2025-12-11,Returned
19753,795,187,2026-03-04,2026-05-19,Returned
19754,328,284,2025-04-04,2025-05-19,Returned
19755,359,736,2023-11-20,2024-06-26,Returned
19756,1666,753,2024-02-11,2026-03-30,Returned
19757,1758,586,2023-10-10,2024-01-10,Returned
19758,197,787,2024-04-30,2025-03-11,Returned
19759,1697,532,2023-09-21,2023-12-24,Returned
19760,1017,498,2024-05-08,2024-06-23,Returned
19761,73,132,2025-10-26,2026-04-03,Returned
19762,1317,347,2026-03-23,2026-04-02,Returned
19763,126,101,2025-09-02,2026-01-18,Returned
19764,1163,442,2023-06-18,2025-03-18,Returned
19765,734,493,2025-06-12,2025-10-04,Returned
19766,1393,128,2025-03-04,2025-07-15,Returned
19767,1229,130,2023-07-24,2024-11-19,Returned
19768,1844,692,2023-12-10,2024-08-29,Returned
19769,828,737,2025-08-01,2026-02-24,Returned
19770,865,152,2024-12-08,,Active
19771,315,207,2024-06-12,,Active
19772,1710,979,2026-05-07,2026-05-26,Returned
19773,1585,324,2024-02-13,2025-06-23,Returned
19774,133,142,2026-04-12,2026-05-16,Returned
19775,747,212,2025-02-24,2025-10-12,Returned
19776,389,370,2024-04-02,2024-09-08,Returned
19777,1903,579,2025-02-05,2025-07-18,Returned
19778,373,173,2026-02-11,2026-04-26,Returned
19779,583,558,2024-09-13,2024-10-14,Returned
19780,981,246,2025-01-04,2026-05-28,Returned
19781,158,178,2024-09-26,2025-05-18,Returned
19782,1379,927,2025-01-15,2025-09-23,Returned
19783,1313,401,2024-11-27,,Active
19784,1431,358,2025-06-05,2026-04-21,Returned
19785,1291,131,2026-02-28,2026-06-06,Returned
19786,1552,246,2024-02-04,2024-05-30,Returned
19787,1165,366,2023-09-11,2025-05-31,Returned
19788,981,26,2024-12-01,2026-03-26,Returned
19789,1032,59,2024-02-02,2024-03-29,Returned
19790,138,284,2025-02-15,,Active
19791,1575,710,2024-12-04,2025-02-02,Returned
19792,420,586,2025-10-20,2025-12-03,Returned
19793,674,416,2023-08-22,2026-01-23,Returned
19794,221,415,2026-02-11,2026-04-27,Returned
19795,1150,879,2023-12-15,2024-03-02,Returned
19796,1419,258,2025-09-02,2025-11-25,Returned
19797,134,348,2025-10-28,2026-01-30,Returned
19798,153,749,2026-05-09,2026-05-23,Returned
19799,419,115,2024-05-03,,Active
19800,198,137,2024-04-05,2025-11-25,Returned
19801,260,242,2023-10-26,2025-12-07,Returned
19802,897,749,2026-02-20,2026-03-19,Returned
19803,1841,773,2024-07-25,2026-05-19,Returned
19804,1606,251,2023-11-09,2026-05-21,Returned
19805,1441,942,2026-03-11,2026-05-08,Returned
19806,1180,961,2024-10-08,2025-05-27,Returned
19807,1352,845,2025-08-18,2026-01-10,Returned
19808,1496,816,2023-06-19,,Active
19809,1691,367,2025-10-03,2025-11-19,Returned
19810,518,213,2026-04-05,,Active
19811,1418,596,2025-12-16,2026-03-28,Returned
19812,1951,728,2023-08-25,2025-06-08,Returned
19813,1685,97,2026-02-19,2026-04-03,Returned
19814,854,86,2026-05-09,2026-05-24,Returned
19815,1583,524,2024-03-24,2026-02-13,Returned
19816,30,729,2024-01-22,2024-06-17,Returned
19817,413,615,2026-02-20,2026-04-29,Returned
19818,814,887,2024-03-29,2025-08-07,Returned
19819,465,552,2024-11-14,2026-02-19,Returned
19820,1053,945,2025-09-20,2026-03-22,Returned
19821,1969,242,2024-09-26,2025-06-10,Returned
19822,137,45,2025-07-16,2026-05-03,Returned
19823,1781,74,2023-10-02,2024-03-06,Returned
19824,1398,774,2024-07-03,2026-05-01,Returned
19825,1576,72,2024-11-10,2025-06-05,Returned
19826,1780,268,2024-04-18,2024-12-24,Returned
19827,1343,403,2024-06-27,2025-05-02,Returned
19828,1704,513,2024-03-26,2025-12-03,Returned
19829,364,772,2025-01-12,2025-06-14,Returned
19830,1488,286,2024-07-24,,Active
19831,1480,8,2024-02-02,2025-04-30,Returned
19832,324,465,2024-01-30,2025-01-03,Returned
19833,50,284,2025-10-21,2026-05-06,Returned
19834,482,844,2024-02-29,,Active
19835,1402,598,2026-05-08,,Late
19836,97,554,2024-01-07,2024-07-03,Returned
19837,267,64,2024-06-10,2025-01-03,Returned
19838,288,214,2024-12-06,2026-05-23,Returned
19839,506,933,2024-08-02,2024-10-26,Returned
19840,531,565,2025-02-06,2026-03-14,Returned
19841,39,4,2023-10-24,2025-04-30,Returned
19842,355,70,2024-03-20,2026-01-06,Returned
19843,954,262,2025-11-12,2026-03-18,Returned
19844,837,712,2025-03-09,2025-07-15,Returned
19845,1843,410,2024-04-09,2025-12-08,Returned
19846,251,500,2024-11-03,2025-07-19,Returned
19847,308,449,2024-06-20,2025-03-25,Returned
19848,342,942,2026-06-06,2026-06-06,Returned
19849,492,847,2025-04-15,2025-07-06,Returned
19850,1997,533,2023-11-20,2025-09-25,Returned
19851,1780,257,2023-09-24,2025-02-22,Returned
19852,277,44,2025-07-15,2026-05-12,Returned
19853,1291,272,2023-08-06,2024-04-16,Returned
19854,1841,956,2024-06-12,2026-01-28,Returned
19855,499,989,2025-10-02,2025-11-20,Returned
19856,892,520,2025-04-08,2025-06-07,Returned
19857,999,346,2026-03-14,2026-05-26,Returned
19858,579,953,2023-08-14,2023-10-31,Returned
19859,840,45,2026-03-27,2026-04-19,Returned
19860,1877,654,2023-08-27,2024-03-25,Returned
19861,848,648,2025-02-23,2025-08-06,Returned
19862,1610,121,2025-01-10,2025-08-18,Returned
19863,631,299,2026-01-12,2026-04-29,Returned
19864,1732,637,2025-12-22,2026-03-22,Returned
19865,574,104,2026-03-29,2026-05-12,Returned
19866,1783,214,2024-11-12,2025-12-14,Returned
19867,1262,880,2024-01-02,,Late
19868,437,715,2023-07-24,2025-07-20,Returned
19869,1869,374,2026-04-15,2026-06-01,Returned
19870,700,259,2025-11-17,2026-03-23,Returned
19871,1570,36,2025-01-28,2025-03-27,Returned
19872,669,876,2023-09-14,,Active
19873,633,6,2024-08-04,2025-01-12,Returned
19874,411,31,2024-02-10,2025-09-12,Returned
19875,1531,522,2025-08-28,2025-09-21,Returned
19876,980,983,2025-05-14,,Active
19877,240,8,2025-06-16,2025-09-02,Returned
19878,287,523,2024-11-10,2025-11-08,Returned
19879,37,111,2026-04-01,,Active
19880,313,530,2024-08-06,2024-10-28,Returned
19881,1233,285,2024-05-27,2024-10-28,Returned
19882,1368,127,2025-05-10,,Active
19883,949,73,2024-07-22,2025-06-16,Returned
19884,257,482,2025-03-26,2025-10-11,Returned
19885,189,131,2023-10-08,2025-09-03,Returned
19886,163,626,2025-02-10,2026-03-14,Returned
19887,559,94,2024-01-11,,Active
19888,680,234,2024-11-02,2025-10-11,Returned
19889,1254,644,2025-02-24,2025-04-05,Returned
19890,1934,857,2025-01-27,2026-02-12,Returned
19891,561,663,2025-12-07,2026-04-25,Returned
19892,51,880,2024-06-23,2025-06-13,Returned
19893,48,596,2023-10-14,2025-02-11,Returned
19894,1639,852,2023-08-27,2025-12-11,Returned
19895,537,45,2025-09-26,2025-11-06,Returned
19896,1690,753,2024-03-30,2025-07-20,Returned
19897,1350,963,2026-06-01,2026-06-01,Returned
19898,1168,520,2026-02-12,2026-04-16,Returned
19899,1669,836,2026-03-22,2026-04-29,Returned
19900,327,394,2023-10-09,2025-01-20,Returned
19901,1934,779,2026-04-24,2026-05-10,Returned
19902,1776,589,2026-01-24,2026-02-09,Returned
19903,1720,606,2025-03-06,2025-03-31,Returned
19904,1308,932,2025-02-03,2025-06-20,Returned
19905,1003,732,2026-01-04,2026-03-30,Returned
19906,444,499,2024-03-14,2025-07-09,Returned
19907,733,814,2025-01-10,2026-03-28,Returned
19908,1310,699,2026-03-11,,Active
19909,315,217,2023-09-26,2024-12-16,Returned
19910,1694,566,2025-02-02,2025-07-24,Returned
19911,1111,218,2025-12-22,2026-01-05,Returned
19912,413,901,2025-07-25,2025-10-16,Returned
19913,518,523,2023-07-19,2025-07-19,Returned
19914,398,700,2023-07-12,2023-10-28,Returned
19915,63,776,2026-03-08,2026-06-04,Returned
19916,1380,143,2024-09-01,,Late
19917,1970,469,2026-03-25,2026-05-29,Returned
19918,1253,88,2025-09-04,2026-03-11,Returned
19919,1871,594,2023-12-30,2024-04-13,Returned
19920,1746,494,2025-09-12,2025-10-07,Returned
19921,1701,751,2024-07-29,2025-10-14,Returned
19922,628,523,2025-04-16,2025-10-04,Returned
19923,1691,734,2025-11-24,2026-04-28,Returned
19924,1884,802,2023-07-07,2025-04-13,Returned
19925,1383,209,2024-06-27,2024-12-04,Returned
19926,1874,317,2025-12-21,2026-05-09,Returned
19927,882,334,2024-11-17,,Active
19928,80,498,2026-04-28,2026-05-24,Returned
19929,1175,689,2025-01-19,2025-12-25,Returned
19930,1177,37,2023-10-06,2025-05-02,Returned
19931,1947,231,2023-12-06,2023-12-07,Returned
19932,1864,881,2024-03-06,2024-06-27,Returned
19933,303,441,2025-02-26,2026-02-06,Returned
19934,1152,877,2025-10-09,2025-12-18,Returned
19935,1760,265,2024-03-20,,Late
19936,631,683,2025-12-28,2026-04-12,Returned
19937,1010,904,2024-07-24,2024-11-04,Returned
19938,1220,304,2023-10-17,2025-10-13,Returned
19939,606,992,2024-10-13,,Active
19940,174,668,2026-02-22,2026-03-09,Returned
19941,1061,656,2026-05-21,2026-06-02,Returned
19942,668,273,2024-11-25,2025-08-01,Returned
19943,275,454,2024-07-19,2026-01-16,Returned
19944,1489,674,2025-01-05,2025-04-26,Returned
19945,371,731,2026-02-08,,Late
19946,70,351,2023-12-15,2025-07-01,Returned
19947,1519,198,2024-11-21,2026-02-26,Returned
19948,619,842,2023-06-25,2024-12-07,Returned
19949,1591,573,2025-08-12,,Active
19950,1995,436,2023-06-13,2026-02-24,Returned
19951,1789,734,2024-06-29,2026-03-28,Returned
19952,639,863,2026-05-05,2026-05-17,Returned
19953,1376,121,2026-04-27,2026-05-23,Returned
19954,1234,654,2024-12-11,2026-04-28,Returned
19955,334,692,2024-09-01,2025-06-07,Returned
19956,580,705,2023-07-08,2026-04-18,Returned
19957,1154,293,2024-03-15,2026-05-02,Returned
19958,898,260,2025-03-10,2025-04-14,Returned
19959,527,870,2024-03-09,2025-04-17,Returned
19960,22,799,2026-05-02,2026-06-01,Returned
19961,851,333,2024-04-03,2024-12-22,Returned
19962,1678,849,2023-12-04,2025-07-22,Returned
19963,217,430,2025-02-18,2025-05-14,Returned
19964,793,13,2025-08-24,2026-01-15,Returned
19965,1032,602,2025-01-15,2025-05-11,Returned
19966,1209,704,2026-03-09,2026-05-13,Returned
19967,862,388,2024-09-26,2025-08-27,Returned
19968,1385,844,2023-10-01,2024-04-09,Returned
19969,516,25,2024-07-23,2025-01-22,Returned
19970,650,765,2025-12-01,2026-06-04,Returned
19971,116,392,2024-10-15,2026-05-28,Returned
19972,129,168,2024-11-27,2025-08-07,Returned
19973,857,974,2023-09-15,,Active
19974,840,407,2023-09-01,2025-08-19,Returned
19975,641,891,2026-03-21,2026-05-18,Returned
19976,1967,135,2024-02-14,2024-10-03,Returned
19977,1339,222,2026-03-23,2026-04-20,Returned
19978,37,834,2025-06-17,2026-04-28,Returned
19979,1239,592,2024-11-03,2024-11-23,Returned
19980,650,515,2025-04-06,2025-07-29,Returned
19981,50,226,2026-02-09,2026-04-11,Returned
19982,585,661,2023-12-14,2024-12-31,Returned
19983,1312,142,2025-07-17,2026-05-10,Returned
19984,1851,53,2024-10-21,2025-04-05,Returned
19985,590,593,2025-07-05,2025-07-18,Returned
19986,1795,27,2026-05-19,2026-06-04,Returned
19987,921,15,2023-09-05,,Late
19988,1610,532,2023-08-14,2024-03-19,Returned
19989,1669,461,2025-05-21,2025-11-13,Returned
19990,1306,200,2024-01-04,2024-03-22,Returned
19991,539,32,2025-07-28,,Late
19992,883,494,2026-04-20,2026-05-01,Returned
19993,1359,245,2025-09-15,2025-09-21,Returned
19994,643,96,2026-05-06,2026-05-26,Returned
19995,1423,662,2026-05-15,2026-05-28,Returned
19996,1963,736,2024-03-18,2025-05-26,Returned
19997,275,809,2026-01-10,2026-02-06,Returned
19998,118,273,2024-05-12,2024-12-13,Returned
19999,1420,562,2025-09-13,2026-03-22,Returned
20000,1009,856,2025-04-09,2025-07-08,Returned
