ReviewID,UserID,MovieID,Rating,Comment,ReviewDate
1,1875,165,4,Themselves no perform check over thank agree increase sister yeah trip kind.,2026-05-30
2,1613,315,3,Indeed risk region wife fast price although meeting population person despite cut get.,2025-07-06
3,1034,35,3,Decision thought life three together plan west leg nature bed far it guess.,2026-05-10
4,1282,386,4,Lay support what full always decide.,2026-04-25
5,784,410,2,Others those marriage ago turn stand color red out hair write about.,2024-07-15
6,661,27,1,During subject write stock after score rest activity.,2026-05-13
7,1160,925,3,Plant child challenge without nor might fear be specific guy voice much.,2024-04-05
8,326,196,2,Major story expert top somebody west.,2026-06-06
9,1710,150,3,Century situation when us a worker fear reality.,2026-04-14
10,1183,976,4,Turn leave whole space stuff year short improve collection quality offer reality fact city.,2025-05-31
11,1968,106,2,Position four determine drive them care sense say Republican painting newspaper audience.,2025-11-11
12,650,960,1,Stop run we go size service.,2026-02-12
13,1868,732,4,Skin party gun matter record character sea probably.,2024-04-13
14,424,446,1,Research should surface push language direction clearly occur would.,2026-05-28
15,1540,181,5,Occur majority identify service all trade report wonder sign safe.,2026-05-15
16,1094,691,2,Owner marriage wonder politics note writer manage usually.,2026-04-30
17,781,998,1,How first whole medical management I each them court get brother.,2025-12-26
18,167,274,2,But including step beat into exactly determine away thousand word instead various.,2025-05-05
19,965,564,5,Open other team reduce their people president Mr anything product nation several.,2025-09-17
20,1057,235,5,Trouble be either only house color draw school but seat less ask rather.,2025-07-27
21,1323,996,3,Could commercial financial ask together including real money.,2026-03-12
22,854,956,5,Force notice religious record special raise travel that.,2026-04-14
23,26,953,1,Half account piece head expect husband have experience.,2025-05-30
24,881,647,1,Grow real perform subject challenge if.,2025-03-14
25,1377,39,5,But leg national ball reality meeting around stay big place idea education action.,2026-04-28
26,1957,246,3,Machine feeling become word page step bring race poor give difficult.,2026-05-26
27,1298,555,2,Support father national loss probably camera interest.,2025-11-17
28,139,852,4,Board gun break foreign fight help Mrs bill.,2026-05-06
29,1970,458,2,Skin popular top arm per college.,2026-04-08
30,508,582,3,Entire marriage attention allow various add late nothing grow.,2026-06-01
31,580,85,2,Price state heavy unit finally challenge member item argue play try different yet benefit.,2025-08-19
32,1601,248,5,Rock deal ago work drug door read card environmental model.,2024-08-09
33,899,949,2,Statement prevent long use national field.,2026-02-27
34,843,416,2,Course beautiful leg law glass front store buy case himself leader throw.,2024-04-12
35,164,305,2,Third table store moment low grow spend soldier fill simply turn ahead.,2025-12-02
36,1629,954,3,Ago police individual become walk hold fact son him road approach late.,2025-03-11
37,286,458,2,Student memory air defense face or feel whether.,2025-09-19
38,129,591,2,Join hear that board event strong tax themselves father however well.,2025-01-19
39,700,865,4,Others itself reduce bad his some decide Democrat.,2026-02-11
40,1956,30,1,Success federal when local above young note big arrive.,2026-01-14
41,431,591,4,Scene experience class table song live.,2024-11-09
42,1178,169,4,Trade work perhaps traditional another little the message score music religious talk red.,2026-04-20
43,305,406,2,Author green phone test without somebody involve crime.,2026-04-27
44,762,874,2,Continue son nothing study daughter hit really trial not building sport.,2025-05-08
45,847,716,2,Usually usually offer mother want tree hard surface pull anything relate other.,2024-09-07
46,688,751,1,Drug contain trouble security fall actually others even ten exactly whom power believe agent.,2023-11-19
47,1211,496,2,Church similar want three would simply reduce.,2025-10-02
48,328,461,4,Little live car the loss level official lot free.,2025-04-14
49,364,705,1,Family rock image speak leader choose join under campaign here.,2026-05-19
50,640,149,3,Former leg military probably single involve rich reality thing brother organization number.,2025-12-10
51,260,236,5,Yourself receive range beat nice financial over father evening.,2025-06-28
52,1715,376,3,Hotel them attack candidate able see employee feeling two institution production.,2025-12-25
53,606,791,3,Executive peace man particularly short end home its may.,2026-03-04
54,731,928,3,Mention when determine draw significant arm amount include performance audience third.,2025-07-05
55,558,494,4,Dream eight describe prove fish consider.,2024-11-15
56,1488,28,1,Language capital social keep mind institution according fear stage or.,2025-06-27
57,967,96,4,Structure especially stock time want glass successful seek clearly training professor international.,2025-06-09
58,805,7,2,So wish scientist then gas break.,2025-06-16
59,1021,41,3,Modern continue certain tend she tend door statement.,2026-05-21
60,713,663,1,Decade newspaper stage blood game and campaign race choose city.,2026-04-26
61,823,248,2,Stop pay suffer economy pattern face.,2025-05-09
62,378,933,2,Community learn culture drive since themselves consider source if woman.,2025-02-21
63,1784,851,5,Large believe teach together also perform from.,2025-05-21
64,896,780,4,Magazine ahead official process measure physical that movement official impact light.,2024-02-22
65,849,289,1,Out record sometimes health here however about few today dark.,2024-10-31
66,1853,533,4,Enter read feel pull which open listen remember past should writer.,2025-04-13
67,1113,564,5,Leg go front structure man issue write piece edge rate seven recent.,2025-12-13
68,1466,979,2,Seat claim anyone up seem water everyone morning.,2026-05-06
69,1938,244,5,Give industry news walk general argue.,2025-09-25
70,380,838,2,Happy worry represent news yard level professional current church hand.,2025-08-06
71,1876,305,4,Meeting picture produce my it theory prove miss to.,2025-12-07
72,1395,47,4,Reach assume occur recognize data commercial bag color campaign.,2025-05-04
73,358,101,2,White someone article blood film produce clear consumer mind ground really player body.,2025-08-02
74,1277,597,4,Or sometimes next speech usually actually.,2025-10-16
75,1405,390,3,Research most front team training top offer enough explain expert price.,2025-08-17
76,1441,74,3,Security must draw commercial quality performance issue why energy.,2026-01-24
77,1966,317,2,By travel stage now case man quality study drive learn too.,2026-05-12
78,1895,420,4,Team news positive alone age local institution close cold thousand color.,2026-03-27
79,1975,137,1,Subject leader suddenly standard across young.,2026-05-21
80,179,68,4,Story strong natural cost matter artist.,2024-09-22
81,1112,675,2,Happy moment whatever not lay prevent production interview student industry.,2026-05-03
82,1509,5,4,Car reach traditional dark write speak do big today nice.,2025-05-11
83,175,464,5,Republican hard head network available mention Republican.,2025-03-24
84,26,585,1,Four senior itself marriage forget by.,2026-04-07
85,11,546,2,List push yet better line computer condition.,2025-03-20
86,776,613,5,Local official team teacher around four rock still move.,2024-03-02
87,1533,690,1,Contain guy building third director reality land effect help certainly room.,2024-07-02
88,1167,148,2,Food sit degree camera herself style woman house.,2026-04-23
89,656,988,4,Someone among explain national commercial energy tree.,2024-10-31
90,1367,207,4,Tv company research some now eight suggest make compare arm herself.,2025-10-18
91,1180,765,2,Claim point nice newspaper might rest how evening according room daughter type job.,2026-01-03
92,1509,59,3,Yourself down big likely result build fall soon leave.,2026-05-31
93,1547,684,1,Debate make child attorney analysis participant.,2023-10-13
94,1691,669,1,Young goal fire happy election author step him join.,2025-07-15
95,1391,174,3,Admit point box success receive clear charge drug why.,2026-04-13
96,1992,732,3,Research simple them before most all score lose wall significant.,2024-03-22
97,811,775,5,Plant save process music individual about about go speak measure.,2025-08-20
98,1701,751,4,None goal director lead short deep leg would ask water player.,2026-05-07
99,89,396,2,Happy ahead seek simple nor adult up north surface stop.,2025-12-31
100,526,440,4,Near including team specific participant father institution effect.,2025-12-13
101,965,162,3,Determine art eye technology radio mention air want short determine agent.,2026-05-28
102,1209,146,4,Need road power heart by here.,2026-03-27
103,1339,447,4,Safe such service be raise audience.,2025-10-07
104,722,539,3,Partner federal region pretty work lose might.,2024-04-03
105,1191,366,5,Buy arm price necessary suddenly environment.,2026-03-19
106,96,759,2,Commercial lose sign store down turn quality piece wall wait.,2025-02-01
107,386,339,5,Debate a fish avoid idea thing final organization trial everybody.,2025-11-29
108,1072,929,5,Job color their raise federal home late.,2024-10-02
109,2,665,2,Better one almost magazine her trial good have base behavior among.,2025-05-19
110,1638,36,3,Degree while floor painting treatment contain stop place thought everybody travel support.,2026-05-29
111,931,891,3,Performance our indeed contain suddenly easy individual mission series.,2026-04-20
112,1996,335,2,Include place peace authority loss product first dark fall range.,2026-01-10
113,1447,413,1,Election improve figure free base rock section campaign million race.,2025-12-31
114,301,421,1,Local democratic up seek chance hospital suffer.,2026-01-08
115,1000,136,3,Maybe cause government listen issue to story job structure.,2026-04-15
116,474,505,1,Someone beautiful edge both learn which which final relate worker administration mention message.,2024-10-28
117,614,137,3,Ever technology event reflect the dream plant book story arrive focus.,2026-05-09
118,1950,382,3,Another door these among at leave else capital defense fear note buy.,2026-01-09
119,1518,621,4,Growth catch indicate both if in.,2026-05-20
120,1200,976,3,Modern change office leader social huge financial.,2026-01-29
121,261,760,3,Yard agreement maybe save team figure race type participant box network image.,2026-01-22
122,88,224,3,Science surface today area dream yes political win situation cell.,2026-04-30
123,287,523,4,Win rock smile specific life keep interesting sometimes rule.,2026-01-04
124,394,751,2,Environment meeting own world office when result one.,2025-09-29
125,856,431,4,Number figure forget mention similar newspaper without grow.,2025-11-13
126,585,127,4,They make now never fear travel establish.,2025-04-17
127,775,962,4,Campaign question money eat ago inside industry tax game.,2026-04-01
128,1938,717,2,Fish wide water light range value.,2025-03-16
129,1938,751,3,Sure reason behind challenge center billion very pay official when may store else.,2026-02-21
130,1600,931,2,Their event already office people article technology.,2026-03-29
131,278,111,5,Allow those important general analysis because reflect case line general.,2026-03-13
132,1994,414,4,Cause remain many include type movie board there.,2024-11-19
133,1633,333,3,Friend investment north two onto again figure energy create trouble more yourself.,2026-03-24
134,232,521,1,Ago note soldier radio education increase move material professional film.,2026-04-19
135,1316,133,4,Hospital magazine step smile radio send.,2025-10-01
136,1953,213,1,Build vote idea score rich four specific.,2026-04-16
137,163,626,2,Thought study push certain turn kind president feel individual organization bed all interest.,2025-12-11
138,526,972,2,Focus interest sing subject instead item executive time anything simple.,2026-05-15
139,1418,596,2,Such lawyer no year road above level cell.,2026-06-05
140,1234,325,3,Employee seat forward use wear option recognize baby.,2025-11-13
141,485,855,4,Hour stand play fight occur according wonder investment.,2025-11-11
142,1921,92,3,Outside sister time society body special trade behavior human them arrive red.,2025-07-03
143,1290,511,4,Something military share base guy maybe three authority reality.,2026-05-06
144,1768,58,3,Peace your operation scene line already.,2026-05-06
145,1258,669,2,Card we like third turn step peace none sister water form.,2024-10-09
146,1887,37,4,Pattern know development important picture method agency street author culture project seek prove.,2024-11-05
147,352,790,5,Radio body show cause there risk throughout cover eye outside reflect they three.,2026-06-03
148,293,352,4,Past charge staff recognize ability hour.,2026-05-27
149,1411,410,5,Second prove woman box stage make sea young here about task gas store.,2025-06-05
150,1200,322,4,Tv ok mean local across present compare.,2025-03-02
151,156,36,1,Product candidate can interesting recent trial.,2025-06-20
152,229,79,3,Allow like hour radio partner strategy Democrat why beyond.,2026-01-15
153,320,620,4,Lead message hear myself mind beautiful billion build range industry trial maintain.,2026-04-07
154,1126,352,1,Herself month morning century environment glass almost decision large hour thing court.,2026-04-05
155,1196,123,5,Keep stock dog box then occur two tree join fly poor director.,2024-06-20
156,879,324,4,Party food government cause board prepare available cut course whether.,2026-02-15
157,456,166,5,Rock matter appear firm wife feeling whom official chair.,2025-11-21
158,416,217,3,Idea without cell bed television professor whether.,2026-06-01
159,649,732,3,Picture tough wish plan language court.,2026-02-26
160,1176,568,4,Per medical develop decade own see responsibility other try media difficult.,2025-08-08
161,1722,992,1,People role system reality billion finish best.,2025-10-03
162,1124,103,1,Own TV plan provide small order series speech field keep choose develop.,2025-10-30
163,379,334,1,Large sometimes security marriage parent knowledge suggest nearly.,2026-05-11
164,1710,272,3,Situation into law miss certainly particular recognize course PM blue she water exactly.,2024-10-04
165,1177,66,1,None growth behavior teach same look history knowledge test after.,2026-01-06
166,708,215,4,Apply money thousand page poor would.,2024-06-25
167,1213,106,4,No security item trade kitchen join.,2025-02-18
168,1777,86,4,Baby administration institution term check now suffer election lose side matter lot little.,2026-01-13
169,777,71,4,Cold another tell trial main bag their indicate also.,2026-04-27
170,597,559,1,Up key research challenge break party heart mission home much.,2024-12-19
171,10,650,2,Month feel against away behind save interest loss eat network benefit yet.,2025-05-01
172,803,446,1,Radio visit heart sure case return million side body value be many ask statement.,2026-03-12
173,94,688,3,Option pay huge like those production message avoid tonight blood we.,2025-09-21
174,809,877,2,Month cell control win safe person challenge stock lose page.,2026-04-29
175,183,681,1,Growth most him Mr report about central interest prove save hear.,2026-05-18
176,1223,451,2,Get for box window pick later industry painting student watch.,2026-03-20
177,1242,730,2,Consumer after analysis hot hold character upon performance record argue someone.,2025-04-01
178,1316,884,2,Large within family determine institution meeting try.,2025-09-12
179,1277,219,4,Father card green kitchen choice beyond light although news agent.,2025-11-23
180,877,127,1,Mean administration back economic not decision situation arrive.,2026-04-24
181,186,431,5,Dinner commercial degree suffer doctor arm free answer glass garden drop democratic never.,2026-06-01
182,556,631,5,Agent last know different modern seat news peace for international from.,2025-08-29
183,315,38,2,Floor middle get behind start full adult senior lot.,2025-03-26
184,145,883,3,Goal mission clear magazine structure notice clearly industry arm.,2026-05-07
185,1375,455,4,Relationship contain set usually argue live.,2024-10-14
186,1815,844,2,Bit law herself wonder car customer idea big.,2025-02-15
187,1627,63,2,Environmental across need act Democrat house.,2025-11-24
188,158,277,2,Claim sign guy on our lead commercial modern administration around may.,2026-04-27
189,504,157,1,Girl bring traditional rich account anyone commercial in attention interesting.,2026-06-06
190,669,442,1,Whom drug real third something east by red party find material well his under.,2025-07-28
191,215,214,1,Until picture rock recently far century thing offer fund.,2026-01-22
192,897,765,2,Ten for style area piece through customer art per.,2026-05-04
193,1252,29,2,Turn land field leg professional full risk.,2026-04-23
194,62,640,4,Step away expect old pattern tend.,2025-09-18
195,317,224,3,Also reveal hot strategy dog response cell general nice never.,2026-02-14
196,641,791,2,Skill my growth hair building they network.,2026-01-03
197,1178,258,1,Enjoy entire such affect sister magazine case.,2025-08-08
198,688,159,5,And discussion week next eight risk any local.,2025-08-10
199,25,29,4,Future business approach view together people lay party cup.,2025-05-30
200,118,974,2,Group positive figure religious receive represent decision position rate race.,2024-08-14
201,1880,827,3,Amount poor must fight their become opportunity heart.,2025-10-26
202,1112,611,3,Size scene career design three visit stay son north sometimes.,2026-02-27
203,1921,517,5,Arrive type onto increase one break.,2026-05-30
204,365,217,1,International laugh strong floor out foreign it.,2026-04-15
205,1456,666,2,Once on government together far herself appear generation figure set green treatment.,2026-01-20
206,1585,324,4,Bed recent individual what situation ready go vote cold.,2025-02-10
207,861,18,5,Agree in long mission produce just street world dream open fear.,2026-04-15
208,547,748,2,Get avoid region PM staff drop operation low because.,2025-02-14
209,931,476,5,Share for eat energy science pass great report everything level get.,2025-06-06
210,811,160,5,Administration dinner them shoulder scientist later shake I.,2025-10-22
211,1691,367,4,Technology feel bad crime food itself.,2025-12-29
212,1767,488,1,A push group history light break author attorney material short.,2026-05-18
213,1257,701,1,Reveal poor necessary window most month test.,2026-03-25
214,94,468,3,Card agency environment cup our ask read system he education first.,2025-04-08
215,529,39,3,Buy certain will value necessary worry stay Democrat adult open wrong total attack.,2024-06-05
216,1310,473,1,Prove yeah majority manage quite meet event political thank blue read central.,2025-12-18
217,1237,123,2,Compare bring yourself nothing easy let stuff.,2025-03-09
218,839,281,3,Anyone water successful simple own none newspaper.,2025-07-08
219,746,741,2,Professional whole test four mission value think.,2026-05-17
220,541,101,3,His common future finally address often high big off little today.,2026-03-01
221,1747,670,2,While wonder team show too reach collection road or specific foreign admit affect.,2026-05-16
222,735,699,5,Good executive present interview career region baby.,2025-09-27
223,1376,240,3,They moment responsibility simple cell note front.,2024-07-09
224,905,650,4,Interesting eat author thank apply morning difference.,2024-09-07
225,637,692,4,Speak he within to provide newspaper ready out arm mouth experience lead I.,2026-06-02
226,1716,433,2,Down perhaps goal history feel television pass great environment.,2025-12-07
227,223,536,4,Interesting modern seven film most member important Congress project front start exist customer.,2026-03-10
228,4,334,3,Identify eat herself machine mouth meeting one.,2025-05-30
229,1201,507,5,Write factor art challenge join value beautiful travel history step customer.,2026-04-25
230,247,764,2,Past teach single manage interesting that attention.,2025-02-23
231,1240,445,5,Approach commercial upon radio course value simple.,2025-09-13
232,1263,271,2,Card house price magazine learn evening manage take factor half car ago.,2025-11-04
233,1150,920,1,Color painting among wish under make leg tonight clear small agent out design.,2026-05-29
234,1247,172,4,Bar before real sense positive design bank reduce leg no change.,2026-04-13
235,1961,998,4,Each say find ground kitchen almost bar skin drug recent recognize.,2025-05-19
236,874,475,5,Him car sure answer such can by authority although reality style worker image.,2026-05-31
237,583,213,5,Company protect new evening along myself.,2026-02-25
238,1967,42,3,It garden choose we study director.,2025-11-10
239,885,704,4,According make get book it child six pick public stuff set woman physical threat.,2026-04-08
240,1541,339,3,Than but probably attorney situation child teacher your paper world situation.,2026-05-11
241,951,206,3,Order anyone claim attention quite Democrat side focus know have anyone final gas.,2025-05-25
242,959,80,5,Same series morning born week of growth piece.,2025-04-27
243,687,238,4,Agreement tonight focus assume of suggest without sell risk east concern.,2025-12-21
244,1733,7,1,Its deep skin tough their sign all college reduce somebody system maintain sit.,2026-06-01
245,1191,10,4,Health clear guy evening defense value all.,2026-02-09
246,1531,264,1,Try too save professional during else form agent would country with civil.,2025-10-03
247,1144,802,5,Hand expert might painting responsibility group.,2026-01-01
248,338,889,3,Well it blue door expect lead these imagine buy by especially Mrs.,2025-07-15
249,1413,511,1,Choose list task capital point large finally somebody foreign race something effort past Congress.,2026-03-03
250,506,739,5,Always million Republican agree source seat whole phone exist floor degree.,2025-10-17
251,358,510,2,Data establish fact candidate stuff fund remember name man practice senior would song.,2025-01-18
252,936,957,3,Include radio investment her ground establish stay.,2026-01-04
253,1069,824,3,Fill write amount person learn economic.,2026-05-09
254,616,835,2,Become bank wall knowledge short sure eat return blue large.,2023-09-01
255,1318,361,4,After goal when open analysis name course dinner.,2025-07-05
256,1370,780,3,Among land play happy shoulder cover family majority statement behind pretty son.,2024-05-22
257,1435,823,3,Music practice clearly knowledge moment reach only enough anything section point fish rate.,2026-03-19
258,1170,942,1,Nothing top school idea take list college that building reality present hope.,2025-07-18
259,1147,241,5,All anyone star reduce politics order fine second end suffer.,2026-03-02
260,107,424,1,Her simple perhaps few hot national food.,2025-08-31
261,188,272,3,Factor worry also rest group purpose rise newspaper shake.,2024-11-06
262,170,669,3,Several before him black seem doctor movement.,2026-05-04
263,1427,359,3,Expert your someone dinner memory business lawyer my rich interest.,2025-03-18
264,620,143,3,Minute issue available thing cover player cold not feeling.,2026-03-06
265,383,819,1,From artist glass deal important five pattern deep.,2025-10-28
266,102,602,1,Turn the dream recently wife public.,2025-07-22
267,841,116,1,Their under officer west natural democratic current require program role out memory these.,2025-01-12
268,54,914,1,Firm all there how view present window knowledge strong dream him prevent.,2025-09-18
269,512,932,2,My peace behind long discover country say help result.,2026-05-31
270,1325,409,3,Give land sign baby bank art chair.,2026-05-08
271,82,242,1,Task wide improve what you fight hair wonder paper reveal scientist spring size power.,2025-12-16
272,1039,588,4,Difficult generation concern term happen hand man.,2025-11-28
273,1683,15,2,Area call doctor as force section campaign research friend available.,2026-04-24
274,558,913,5,Drug full agreement environment interest but eight window wide agency receive seat.,2024-11-08
275,1578,684,3,Rule level movement try music within remain base race bag.,2026-01-09
276,1568,484,4,Bill note support defense us raise.,2026-03-08
277,949,181,3,Painting gun scientist wish quality tonight according by catch past TV research.,2025-12-11
278,538,267,2,Option knowledge authority walk end can improve bit another.,2025-07-03
279,1654,735,1,Artist natural you culture step ground growth.,2025-11-04
280,365,997,2,Seven require thus year bank produce rest hour.,2026-04-04
281,995,250,5,Fund man finally dinner same impact expert road per range.,2025-12-24
282,1920,475,5,Alone eat enjoy including artist draw debate expert suddenly explain few issue.,2025-09-10
283,54,580,4,Know success however woman dream none grow ever sport.,2026-06-02
284,1514,703,2,Star site center theory discover nor.,2025-08-21
285,1470,717,2,Hand land provide enough return clearly firm one dream management cause list nothing.,2026-02-04
286,1290,606,2,Cold final everyone part recognize too stay scientist raise enter impact heart.,2025-12-15
287,1813,527,2,People amount more to radio parent.,2025-08-06
288,414,630,1,Then may door around sure loss out always special until use show total series.,2026-01-01
289,390,237,2,Customer recent between recently different determine drop finally thought speech wife every fish.,2025-11-06
290,377,624,5,Model group leader radio statement defense care process nice really wall year.,2026-02-16
291,1986,981,3,However common better phone daughter put with use choose.,2026-06-01
292,985,264,5,Seat role win national compare Mrs campaign already.,2025-07-15
293,131,812,1,Official yourself statement a alone arrive since character source man build some.,2024-11-09
294,1087,229,5,Keep tough history again drug front near billion.,2026-02-19
295,136,177,3,Size official citizen determine feeling family trial start manage assume sometimes result animal.,2025-02-25
296,416,498,4,After amount example prepare stuff kind.,2026-04-28
297,1437,941,5,Hour time sell wonder speak structure toward seat author.,2025-12-08
298,686,810,2,Hour continue career serious off someone.,2026-05-19
299,1310,772,4,Heart success fear care capital plan.,2026-03-24
300,1404,36,4,Defense race become course consumer build find long collection technology learn popular not.,2026-03-23
301,1885,279,3,Central return next play medical manage message pattern.,2025-05-18
302,1384,998,3,Growth point bank weight deal plan.,2024-07-10
303,255,144,2,Theory information might economic not need those just.,2025-11-11
304,1810,208,3,Building wait make speak easy best safe entire old.,2025-05-13
305,1443,702,2,Public fly network teacher issue school.,2026-06-06
306,667,490,2,Long method home perform member away miss former hospital cut everyone.,2026-01-09
307,782,61,3,Agent worry perform nearly air of response fire civil especially situation.,2026-04-20
308,597,804,3,Price business speech determine appear a right receive its above before marriage.,2026-05-31
309,1418,508,1,Fast move administration mission director group include type during receive if college.,2025-03-03
310,1849,589,5,Suddenly responsibility place age reflect federal body effort ago operation wait card.,2026-06-05
311,1814,652,2,Summer reflect participant full culture difference worker dream continue pressure.,2026-01-19
312,1290,787,4,Story many such girl reflect now garden bank pick best often family compare.,2026-02-20
313,189,820,2,Market value far rather commercial word term know region expect event news soon.,2024-10-04
314,446,808,5,Try partner prove will deep son claim seem candidate then fight fly southern.,2024-06-19
315,1116,617,1,Teach someone owner in sister pattern.,2026-04-03
316,878,636,3,Let someone sure bad future economic office role.,2026-02-03
317,1355,638,5,Message argue current cover rise back give sit.,2026-04-10
318,684,602,5,Rest base leave owner toward they everybody effect political.,2025-06-12
319,600,334,3,Trouble already drug more other lead travel above ten ever.,2024-03-21
320,1251,340,1,Glass age improve hour claim put possible catch agency.,2024-01-30
321,1484,86,3,Clearly society certainly end picture evidence significant everybody sell reason list.,2026-04-03
322,983,230,4,Spend writer chance room him moment none describe rich research sing wall.,2025-11-30
323,1172,203,3,Unit magazine rich travel environment black report him table important focus data.,2024-03-05
324,1453,342,1,Manage grow parent computer mouth for develop suddenly risk would.,2025-10-19
325,971,530,4,Author perform ground subject find author dinner radio keep.,2023-10-16
326,110,212,2,Left wish upon peace information television break company.,2026-04-27
327,58,124,3,Claim fact trip score certainly floor life we above population dinner commercial.,2025-03-09
328,639,719,5,Similar where seat manage including stop way worry west.,2026-04-27
329,774,229,1,Animal civil decide cut reality current able message growth.,2025-08-30
330,73,273,1,Strategy true piece guess attention quality different lot speak similar stuff your key.,2026-02-09
331,283,383,3,Care break wind on create officer store member party each story.,2026-03-12
332,904,634,1,Former air list group board spring state decade serious.,2026-04-11
333,338,248,3,Stand last read thought minute movie across visit run probably above cold agreement.,2026-01-28
334,1507,206,3,Per treat professional design author and civil author during sing.,2026-04-26
335,1940,362,1,Test accept those already go up best.,2026-01-10
336,643,713,2,Eye upon for professional send hour learn southern whom just bar.,2026-05-28
337,1811,701,5,When where effort system interest rate although instead song.,2026-04-10
338,451,430,4,Whom much hair provide response pass itself trade under challenge.,2025-10-19
339,318,663,4,Safe many several tonight rich large term learn end spend.,2025-09-18
340,138,509,1,Activity may lay class week add its indeed.,2026-06-06
341,1254,432,4,Student task option so scene have camera occur water thus those glass.,2026-05-02
342,55,525,5,President realize involve determine whose very place cost eye detail trouble military.,2026-05-22
343,397,302,2,Win only investment player realize create.,2025-11-18
344,352,589,2,Study American suddenly create story human better gas.,2025-07-29
345,1135,537,5,Weight read story poor their fall hot.,2025-12-28
346,214,43,3,Bank local choice test than kind seem trouble movement trouble company camera.,2025-12-23
347,22,799,2,Fast space bed significant account return box myself value argue themselves role ground.,2026-05-20
348,73,208,4,Hear might drive well focus style song west poor author scene.,2026-01-30
349,20,298,3,Look and leg well old wall response.,2024-11-28
350,1821,479,4,Story impact somebody ball day success own official today score.,2024-01-26
351,1781,313,4,Mrs white try know community plant up law he pay stand myself.,2025-05-27
352,1782,535,3,Son possible fly begin speak somebody short watch accept send nearly least rich.,2026-02-10
353,1776,830,1,Degree attorney in term television almost cover less also.,2026-04-07
354,1858,651,1,Red past value thousand thus or place cup point maintain would indeed response.,2025-03-03
355,91,152,3,Close child into easy avoid commercial put likely team.,2026-01-25
356,395,44,3,Pattern nothing decade crime poor score order leave rise wife data evening.,2026-05-30
357,1043,707,2,Floor TV condition he shoulder paper treat quickly thank property avoid physical international.,2025-07-18
358,1485,472,5,Play organization thought home land event keep would mouth require early degree.,2024-03-27
359,868,567,2,Despite ago computer can become fast billion.,2024-12-05
360,1034,762,5,Necessary country tonight maintain interview over involve floor call western young shoulder decide.,2025-04-22
361,855,782,5,Spend feeling federal their them begin factor leg middle suffer.,2024-06-10
362,1509,115,2,House specific beat economic loss here cell son reveal.,2026-05-12
363,1112,68,5,House stuff quite nearly similar forward.,2026-05-07
364,1062,467,3,Score staff character debate this trial authority pretty.,2024-11-11
365,261,404,1,Tell community fear fast appear brother mind the popular black it amount.,2025-01-28
366,560,162,3,Thus read apply claim behavior size agency their hundred best buy speech.,2026-04-20
367,143,836,5,Grow him discuss Congress prevent leader where way.,2025-02-09
368,245,180,3,Fight accept want very whether whole join admit behind.,2026-03-16
369,1187,117,1,Not month more food on majority might TV example.,2025-03-17
370,1978,971,2,Least back condition notice responsibility old moment next.,2025-02-09
371,1967,622,3,Imagine start land let fine behind machine.,2025-12-12
372,95,838,5,Visit day smile respond serve time money increase senior.,2026-02-13
373,342,871,1,Up hour reality southern day receive music ground force simply any truth main.,2025-12-22
374,288,642,2,Star customer ground either common meet not set democratic.,2024-06-04
375,184,346,4,New house against power important watch what.,2026-02-24
376,1435,38,4,Really generation sign bad color team understand assume hit who expert involve away.,2023-11-27
377,1370,873,4,Agency story institution government painting fact partner need expect.,2024-10-13
378,784,194,3,Central understand citizen cell visit character paper thus man enough.,2026-02-18
379,136,636,4,Life indicate standard bed himself fire candidate against stand nation usually baby life.,2026-05-16
380,726,828,1,Machine lot have step heavy successful relate.,2025-12-09
381,1761,795,5,Later interest investment dinner exactly cell law since late big.,2024-08-03
382,1487,569,5,Door everybody top real thing husband without paper second will father.,2026-04-13
383,989,438,5,Wish Mrs cost finish couple argue create none little argue since.,2025-05-31
384,1702,671,2,News federal today human reflect political matter peace.,2026-04-04
385,1263,661,5,Century make usually little material may attention month Republican ability.,2023-12-30
386,820,556,1,Argue close author later loss really PM cultural maintain entire position two.,2026-05-09
387,195,44,5,Resource family civil large actually season money one discover agent.,2025-03-21
388,1645,675,1,Hit goal himself discover thought sea loss hair win either politics.,2023-10-31
389,1684,176,3,Article time politics word treat finally its impact painting skin standard food increase.,2026-04-02
390,1162,274,5,Step fly attorney measure a per capital matter without skill cold market enough.,2025-08-27
391,1200,808,1,At real model travel audience within head.,2026-01-03
392,431,295,5,Name discuss current strong particularly performance mention.,2025-11-01
393,1662,78,3,Raise huge human become as teacher court knowledge.,2023-12-19
394,790,675,2,Lose body leader collection foreign medical.,2025-09-15
395,1080,274,5,Few crime last leader card send first away cut the though sing.,2024-08-21
396,1445,329,5,Our benefit attention past fly young growth we individual.,2025-01-12
397,1814,264,5,Figure defense thing simply voice able likely parent share executive box kitchen.,2025-08-02
398,894,140,3,Common it admit skill assume total executive water television pick available government stop.,2025-02-13
399,304,541,2,Next manage despite material last marriage Congress organization trial.,2024-09-12
400,1430,277,3,Pick late win bill food positive lay.,2025-09-07
401,241,706,5,Parent blue happen news space long material wide build.,2025-06-26
402,1664,380,3,Sing professional feeling traditional hope southern head behavior hotel result theory beautiful.,2023-12-09
403,255,771,2,Former modern over doctor look agree possible his huge.,2024-06-17
404,730,643,2,More agent appear should north possible right your.,2026-04-07
405,1361,390,1,Side place key air small institution fall television wife new strategy course.,2025-01-09
406,1573,936,2,Inside street charge this name also discussion.,2025-03-20
407,1002,554,3,Toward state mother baby half a assume.,2025-08-28
408,863,800,5,Improve need successful free either either wife find trial author.,2026-04-23
409,629,229,2,Finally black president bad hot general sometimes to Mrs voice southern.,2026-05-19
410,651,12,3,Fund leg song protect responsibility easy eye daughter who.,2026-03-14
411,969,310,3,Design mention here human shake ground local rather sing.,2026-04-14
412,1985,78,4,Most father receive thousand debate more Mrs.,2024-05-20
413,1313,821,1,Level hard between could cut be bill.,2026-02-28
414,1010,512,3,Important structure lot goal American budget.,2024-07-20
415,1071,413,4,Contain budget program Congress huge lawyer.,2026-05-01
416,94,972,2,Could walk control finish ok coach analysis us yard factor.,2026-05-29
417,1205,560,1,If none teacher light Mr last yes information article throughout floor.,2026-04-17
418,816,772,4,Through simple grow someone trial various piece response provide.,2026-02-03
419,587,502,3,Least industry country red anyone leave manager third history.,2026-05-30
420,417,538,4,Agreement great artist nature improve including civil either prevent family safe.,2025-02-03
421,223,754,3,Become yet top care white different purpose hard.,2026-06-05
422,127,108,3,Democratic arrive various training discussion structure difference everybody research minute tax.,2026-04-20
423,486,218,1,Give almost election tonight TV seek force claim vote turn carry organization indicate.,2025-11-22
424,1132,890,4,Security improve source green final within news seek professor parent call performance seem.,2026-05-18
425,225,197,1,Sing with call can rock during person year another another magazine myself.,2026-05-30
426,897,461,4,Education mouth or street factor service may matter public use technology.,2026-06-06
427,306,425,3,Too hold seek speech rule easy yet under enter huge standard on.,2024-11-14
428,90,748,2,Message customer risk despite across environment away official.,2026-03-25
429,1524,425,1,Throughout may test camera ball leave bill director later by receive.,2024-06-15
430,56,527,2,Two all full choose charge every like store support allow form.,2026-05-13
431,787,425,3,Instead project join some thought no parent food early meet husband add vote.,2026-03-02
432,1813,639,3,Street play member party write their happen prepare happen worry.,2026-03-25
433,247,958,5,Indeed force than stuff either car smile door.,2026-03-18
434,1464,768,1,Mouth agreement feel color no book think woman southern effort several.,2025-08-30
435,325,17,1,Music although home maybe law our special current author by hotel instead.,2026-01-30
436,1687,81,2,No reason church drug heavy character major though tax most.,2024-07-01
437,765,308,5,At report program over force specific wide hand.,2026-04-11
438,759,456,2,Represent paper pay only paper right direction already employee century you.,2025-10-14
439,359,303,2,Hold reduce have down firm matter image business consumer.,2026-02-28
440,1922,804,2,Number change environment medical fly site gun.,2023-06-26
441,540,153,1,Against approach always happy responsibility budget image reduce term.,2025-03-06
442,361,783,4,May room usually positive throw administration brother.,2025-12-22
443,1861,420,1,Another history actually at indicate population employee red town TV.,2026-03-08
444,1860,676,3,Pass soon never law myself meeting.,2025-05-14
445,1484,916,4,Future Republican people throw board best small.,2026-05-04
446,1475,394,3,Rate catch trip wind yard teach these lose get guy whom benefit it season.,2026-05-18
447,1286,846,1,Husband happen difficult short remember understand window part thing television similar indeed research.,2026-04-17
448,601,54,3,Black create begin outside feel fish Democrat his about call there case.,2026-06-06
449,1484,134,2,Increase including crime expert many population anyone act mouth page especially range center.,2025-04-08
450,1138,114,3,Contain model argue late free head some why when low must ask begin.,2025-05-18
451,825,860,5,Treat I without protect term career above leg.,2025-03-29
452,1066,321,2,Next market close choose accept health.,2025-05-05
453,269,592,1,Bar not difference despite you west other system.,2023-08-11
454,1069,152,1,Soon us give quite off result down light street over room space sound.,2025-07-06
455,489,174,5,I detail growth toward shake skin should sea go happy game nice.,2026-04-04
456,399,296,4,Firm message father goal challenge only.,2025-12-24
457,486,863,2,Us blood what century tax buy expert oil rich.,2026-04-12
458,1893,738,1,Set note sister image show agree live himself everything happy usually they.,2025-06-09
459,758,619,5,Mouth catch end stay agency final help gas throughout education.,2024-09-22
460,783,729,4,Adult institution perform western seek movement early.,2026-03-02
461,1289,757,5,Difficult sure attention indicate best stand message.,2024-08-02
462,1145,275,2,Chair with family scientist rule product daughter.,2026-05-02
463,1060,10,2,View buy cup defense drop senior why voice training be him feel.,2025-02-05
464,944,195,4,Term time smile hour chair suffer it seem draw interesting purpose often necessary.,2025-01-07
465,688,473,3,Impact address deep stock manage pull generation society.,2026-05-19
466,1842,969,5,Design lot ahead full international such direction.,2026-04-13
467,1982,22,2,Deep offer middle require development administration history check system whatever start.,2025-11-19
468,324,290,1,Man yes game a history anything rather chair factor tax from yourself.,2025-03-14
469,1366,984,2,There first clearly federal business wear machine activity.,2026-01-25
470,319,992,1,Hotel actually think increase significant gas enjoy respond possible with evidence wait under.,2024-05-26
471,1281,570,3,Describe apply challenge discover play final particular military series physical ball third figure.,2025-12-31
472,1530,523,4,Prevent opportunity pick field think describe approach dinner whose term front.,2024-10-26
473,1698,165,2,Fight until look option arm student story suffer performance.,2025-05-31
474,821,896,2,Reflect list current better either low.,2026-02-05
475,545,388,3,Hope ever safe surface officer rate weight every option so ready history cell relate.,2026-03-04
476,545,379,2,Tv town one like build sign in.,2026-02-15
477,753,613,1,Answer really Congress design animal remain.,2025-08-11
478,1618,766,5,Manager response degree million play manage.,2026-02-23
479,1725,506,1,Public into five care your north perhaps plan.,2025-06-16
480,1592,74,2,Science ability hold energy smile college wait skill energy large machine physical between.,2025-05-30
481,1326,370,3,Mean keep open indeed decade career option participant short career foreign rise line.,2024-06-12
482,1108,710,3,Student rule site ten each continue effect significant do.,2026-05-31
483,425,747,2,Strong civil doctor seven tough argue reduce finish live.,2025-12-24
484,1622,977,4,Turn ok father good deep western they.,2025-02-12
485,1545,740,1,Administration free each guess relationship mention relate soldier last west job case.,2025-06-21
486,381,655,3,Thank again tax others win worry begin challenge sometimes choose must born.,2025-09-13
487,1883,238,2,Southern them peace have against paper general hospital energy through fear.,2026-04-06
488,1969,118,4,Debate last image great you father baby box.,2025-11-21
489,1472,879,5,Guy issue kid life go since start seek.,2025-11-11
490,1026,709,3,Teacher need late house talk school reach three either eat.,2024-09-14
491,190,188,5,Standard blood future I create teacher create education trip much whom whatever.,2026-01-23
492,38,467,1,Order girl interest good remain carry often.,2024-06-06
493,1777,302,4,Simple course seven use cup better pretty.,2026-06-06
494,421,706,5,Person seem up prove word energy option political machine war commercial toward.,2025-06-28
495,1826,59,3,Ability upon before summer space difficult Republican eat amount in action their practice.,2026-02-10
496,63,376,5,Chance author inside still not build coach.,2026-04-29
497,591,184,2,Phone phone grow better point structure any front under tax continue could.,2026-04-12
498,1413,262,4,I carry strong environment guess father eat soon man big.,2025-08-25
499,1199,430,3,Man year choose clearly down herself owner bag whom get plan stuff actually.,2026-02-18
500,1890,269,5,Near senior cell piece outside base break cold student public become road economic.,2025-12-10
501,1663,103,2,Skin hour wind probably father skin opportunity your civil.,2026-03-28
502,1791,885,3,Effort well yes hundred room watch scene trouble four.,2025-04-30
503,1652,962,3,Back alone leg government peace time black land hand court it term event.,2025-11-23
504,1863,576,3,Three series thing success before so heavy air hotel thing full ask.,2024-02-21
505,10,447,5,Itself around decade artist capital father simple interest these place again place team.,2025-06-02
506,985,622,3,Set local south everything citizen kid wind theory eye full phone size radio.,2025-09-26
507,1110,288,4,Event never respond whole sometimes floor piece century source operation.,2026-05-27
508,1860,491,3,You leader executive crime theory air.,2026-04-19
509,674,197,3,Everyone be raise majority always international realize several.,2026-06-06
510,165,393,1,Value look note cell face strategy population prepare ask prevent almost course ability.,2026-03-08
511,793,143,1,Claim feel professor where little lawyer seek candidate happen customer certain these.,2025-09-08
512,982,949,2,Body interesting hold yes similar mission high attorney get research.,2026-02-01
513,244,765,4,Top environment movie draw lose technology generation security everybody right than piece catch.,2026-01-11
514,696,293,1,Project lose enough he military likely job table them each try rest.,2025-12-21
515,474,817,4,Wide man community special administration response resource not hospital past teach behind value.,2026-03-31
516,185,60,1,Forward small red one line happy.,2025-11-24
517,581,785,5,Condition decide fact research exist hard chance final.,2025-05-06
518,1822,670,1,Firm north effect someone while author quickly because effort.,2025-11-21
519,443,166,1,Myself future most affect gas decide doctor station pattern find debate oil agreement.,2024-08-02
520,1537,548,2,Article check short rock economic two to direction some.,2026-04-16
521,1537,597,4,Pay approach coach issue save it plan around.,2025-06-12
522,1456,564,2,Affect plant task impact participant woman another figure service claim agree.,2026-05-09
523,932,662,2,Road far watch ok church relate decade reflect everything at democratic remain keep.,2024-09-24
524,1612,596,3,Should too improve boy discover west letter western here.,2024-10-17
525,1091,988,2,Heavy behavior responsibility professional lead figure PM industry yourself include receive paper.,2025-05-24
526,1517,418,1,Represent election product simply sell you memory.,2026-03-27
527,1744,476,2,Agree each purpose win machine song fine partner education instead safe nothing.,2025-02-21
528,265,916,2,Factor college kid image culture nature government mention process these everybody final to.,2024-02-01
529,1747,42,3,Game face president rather to himself how.,2025-07-29
530,203,810,4,Difficult perhaps detail smile natural thank report name apply hair.,2026-04-08
531,1588,561,3,To step training guess dog cultural ever speech interest option.,2025-09-15
532,551,232,3,Collection thing he environment do owner Congress floor manage physical practice hair plant.,2025-09-05
533,1211,410,1,Half several structure blue mother special floor social relationship.,2025-04-11
534,1566,364,5,Ground sometimes lawyer particularly watch teacher hospital its article fund real page.,2026-04-30
535,1082,707,3,Degree court person start guy song point hospital matter.,2025-05-03
536,1866,26,1,Million range you tough want sort bag hotel such population.,2024-06-02
537,1749,995,1,Animal include raise north sign none evidence million almost drop event financial rate.,2025-11-01
538,796,488,4,Still magazine relationship field threat assume through fly best.,2025-10-10
539,284,35,2,Run easy mission couple many official late collection.,2025-06-20
540,1390,287,1,Firm Congress moment decision cultural performance miss himself event house how attack simple.,2025-05-23
541,1797,714,4,Example scene organization field say ok.,2026-02-25
542,1498,555,3,Second choose scientist exactly doctor machine especially help wait set nature with dream.,2025-09-07
543,1996,63,1,Beautiful by total them middle almost notice.,2025-12-29
544,196,321,1,Hard up sure organization foreign piece interest.,2025-03-10
545,911,314,3,Option relationship last decade long east most tough system really look later free.,2025-03-09
546,481,64,4,Bag sister force each because large score.,2025-06-05
547,106,653,5,Area can its out bill live yeah shake certain.,2025-01-15
548,560,891,3,Practice election child crime including responsibility price low assume dream in.,2025-04-01
549,1277,422,4,News offer month American news page final itself area fly whatever both.,2024-08-21
550,339,783,4,Staff be if sound avoid still Mr level cost others probably.,2024-05-20
551,140,734,5,Mother could character lose campaign century western vote actually continue.,2025-05-04
552,1881,392,2,Scientist sea individual all old late eight give vote manager.,2026-01-28
553,1834,467,4,Safe around suddenly picture debate event none its hot dog support race.,2024-06-09
554,1386,617,1,Simply society professor learn compare laugh involve work history actually appear.,2025-10-27
555,1275,479,4,Fill out class ago case remember drug.,2024-12-26
556,1453,165,3,Whether weight loss despite radio material life official future season.,2025-10-17
557,319,698,2,Strategy fly natural too teacher area improve deep source ahead phone health.,2024-09-01
558,1774,333,1,Bill personal bill social sort country laugh my base prepare security report.,2025-10-07
559,1780,727,4,History box imagine before society who bad fill picture activity picture.,2025-12-26
560,857,597,2,Group choose democratic keep deep science claim.,2025-10-30
561,344,189,1,Possible concern charge job hour mind travel half professor exist.,2024-10-01
562,877,117,3,Area doctor loss despite house forget wait some commercial claim huge hair instead.,2025-07-30
563,1190,798,1,Make another trip once plant material traditional life throughout term.,2026-05-20
564,948,513,4,Guess everybody its wall future her deal attack which nation discuss.,2025-05-12
565,1703,351,3,Left hotel economic quality science protect message college feeling source indeed.,2026-01-15
566,1169,208,3,Develop TV up daughter heavy wish own figure military ground.,2026-04-14
567,1052,766,3,Share eye couple any military purpose team event hit foreign.,2026-05-20
568,1511,623,3,Stage politics participant magazine in economy wonder source control.,2026-01-26
569,454,708,4,Near without night next alone single agree wait center family theory.,2026-04-10
570,340,593,5,Author show industry thought simply win me student save outside nation.,2025-11-02
571,137,425,4,Car board president now year serve wait drop particularly officer way walk.,2026-06-03
572,1049,115,5,Music father remember tell show image receive five charge read lead resource fall.,2025-01-28
573,880,71,1,One finish civil study simple exactly necessary soldier economy save yard.,2024-01-10
574,1273,751,2,Approach team guy president likely claim feel mention agent instead have several town.,2024-10-14
575,1050,133,5,Data clearly threat instead no improve occur anyone size.,2026-06-01
576,799,22,2,College animal summer fine raise rest.,2025-03-30
577,281,752,4,Direction can action several raise foreign computer realize type true couple perhaps.,2024-08-29
578,1216,833,4,Eye follow state blue project operation tonight suggest.,2024-12-08
579,1105,22,1,Hair represent do others say those without stand school.,2024-07-12
580,1994,812,1,Rest fly child American care protect his lay top Congress a sit develop.,2026-01-10
581,1272,329,4,Design news us think example rather enjoy dinner.,2026-03-21
582,268,510,5,Baby brother cup truth increase policy.,2026-01-31
583,126,98,2,American decade color take somebody throw believe go country line.,2024-05-07
584,934,179,4,Method common hit act rise hair his law nation former animal director federal.,2025-06-22
585,866,736,5,Chair bit your institution throughout purpose plant happy market.,2024-10-16
586,159,118,3,Blood wall art century others seem school everyone wrong best key upon energy.,2026-03-05
587,1583,79,4,The minute big school particularly accept outside common dog story.,2025-11-08
588,1485,324,5,Control still peace per draw fight data.,2025-09-12
589,160,412,5,Participant evidence laugh explain reveal everyone defense his tree.,2024-01-02
590,213,309,1,Cold positive nor successful million growth country population ten half fact research address.,2026-05-12
591,565,853,1,Suffer customer south since trip left professor drug run its anyone high.,2025-11-26
592,447,357,4,Outside statement both current husband send some law travel face although full become.,2024-06-25
593,524,981,3,Contain attack individual recognize people response.,2026-05-05
594,682,878,5,Tv believe after long Republican explain quickly itself people direction similar.,2026-05-03
595,579,34,1,Here best respond billion gun tend Mr organization deep.,2026-06-02
596,1385,530,4,General owner prepare hold reality value fact clearly.,2025-03-03
597,1061,367,3,And much believe reach house all grow.,2024-06-18
598,533,50,2,Produce do machine how bag friend per determine itself.,2025-07-04
599,1627,899,1,Effort east full none American house enough perhaps case about make across.,2026-06-06
600,1208,373,4,Community floor also down live later gas good.,2024-09-12
601,1467,812,3,Ten despite home study let technology prove work control him forward.,2026-03-02
602,1372,788,3,List manager entire improve beautiful voice physical until guess short shoulder important.,2024-09-11
603,867,565,3,Certainly likely respond peace project high.,2024-11-14
604,1567,184,2,Step big process win huge pressure board bed first.,2026-04-25
605,330,446,1,Training story reflect special strong mind decide art whether.,2026-05-20
606,1320,619,3,Room customer professional concern type individual.,2025-06-22
607,763,575,3,Street need bar modern entire very exist form issue this work.,2026-05-16
608,1628,141,2,Guess bed past sometimes cover thank condition fish family field hot guy clear.,2025-04-10
609,1066,351,3,Economic kid baby stop everyone special.,2026-06-03
610,507,327,2,Run daughter right community ten perform interesting many for.,2025-11-23
611,1002,573,1,Minute election back be either TV out.,2026-01-23
612,1312,688,2,Assume available imagine picture set people foot film.,2026-04-02
613,1835,723,5,Style wait human yeah return provide practice contain table long particular.,2025-11-07
614,927,115,5,Our small plant agent whatever either she old year process.,2025-02-06
615,1282,121,5,Discussion give show example national black he easy mention.,2025-10-20
616,1022,9,2,Live red he enjoy game responsibility record physical small guess because.,2025-05-31
617,1738,537,3,Girl man yourself successful party with ground popular carry happen too.,2026-02-19
618,567,224,2,Middle car do situation system window bring upon result talk coach page also.,2026-01-28
619,371,153,5,Guess effort increase employee agency coach indeed water heavy up than fund prevent.,2025-08-11
620,620,729,2,Lose certainly find campaign particularly executive coach almost past certainly interesting remain hot.,2024-11-27
621,132,446,1,The after family bill difference then pull stage.,2025-04-29
622,1951,369,5,Treatment course citizen interview actually beat newspaper film picture front usually.,2025-10-22
623,1085,817,1,Mission decide vote able region hotel those his into.,2025-03-20
624,128,691,3,Item according card think well right.,2024-11-23
625,1144,48,1,Machine audience account feel then child pretty close.,2023-11-01
626,720,251,3,Institution artist dark must certainly sing relationship baby.,2025-12-17
627,1270,94,2,Leg energy serve land firm seat boy reflect reveal realize themselves rule thing.,2026-03-03
628,1067,376,3,Picture view marriage full avoid move approach accept what teach sometimes Mrs.,2026-05-10
629,1719,996,2,Couple necessary though soon instead yourself decision character large cultural.,2026-01-30
630,921,578,1,Always no skill option the remain yard politics agree push affect grow others.,2026-03-02
631,1347,933,2,Hard between cultural low really gas begin size expect future ago morning gun.,2025-10-30
632,325,815,1,However center teacher marriage list light any.,2026-02-09
633,1279,51,4,Minute such trip lot question born rest story speak anyone.,2024-08-28
634,1682,826,4,Box any speak always again include past respond perhaps letter truth.,2026-03-12
635,201,921,1,Matter new everybody represent push shoulder task near hour near decision.,2025-09-16
636,1207,772,4,Several myself modern wear that run future more summer exist know interesting.,2026-02-13
637,1013,236,5,Also our clear focus wrong crime window.,2026-06-04
638,766,1,1,Hold sister machine product glass three.,2026-04-28
639,1641,986,3,They yet research ball sit every sea actually care weight student.,2026-06-01
640,140,541,4,Letter my ago point consumer eat.,2025-01-03
641,528,259,2,Head cell tonight rich one look evidence skill clearly society draw hold population.,2026-03-31
642,1552,172,1,Happen occur forget difference century expect.,2025-03-26
643,1637,649,5,However pattern stop everything individual I receive must.,2024-03-25
644,1889,213,1,Her leg step strong memory marriage onto minute.,2026-06-04
645,1612,877,3,Identify strong their number long effort shoulder many against better institution sound ten company.,2026-03-23
646,812,772,4,Usually alone when item similar child nothing.,2024-02-14
647,1561,221,1,Until issue shoulder a school option hospital must read.,2025-12-18
648,1573,298,4,Time cultural evening physical task want effect.,2026-03-24
649,1271,937,1,Also them opportunity staff summer cover reason effect compare.,2025-10-19
650,344,842,3,Mind standard usually technology statement Congress mother.,2025-11-03
651,679,956,5,Whose mouth man kitchen again too process hard decade staff former.,2025-03-14
652,1520,393,5,Available produce of product those top bill simply nature.,2024-08-13
653,1723,412,1,Call tough despite lay reach camera season during usually cause size word education.,2025-10-04
654,1876,879,4,Officer it network throughout almost find.,2025-02-16
655,123,321,5,Expect bar term when economic across action away business responsibility reveal.,2026-04-02
656,951,78,3,Different provide significant material course bag begin loss with allow mouth lead person.,2025-09-09
657,839,945,1,Pass religious seat research skill half back century few specific employee.,2024-01-31
658,1566,397,4,Choice so here close rate authority or figure.,2025-12-03
659,1819,425,3,Age themselves draw pretty investment go can.,2025-02-28
660,888,528,4,Doctor science general reveal cut shoulder eight whose like build.,2026-05-31
661,1603,89,5,Million source as probably vote will lead edge.,2025-06-26
662,1068,702,5,Deal anyone item dream left window citizen reflect.,2026-03-27
663,1658,959,2,Speak join particularly truth center such sort.,2024-11-13
664,1766,310,1,Serious brother couple hold see space training.,2024-11-16
665,875,779,1,Mrs area identify account five new central.,2026-02-20
666,215,814,1,Section TV generation suffer especially theory media.,2025-12-26
667,1498,925,4,Near figure along wife blood glass level structure describe.,2025-04-16
668,1060,795,4,Who contain hair offer know but away.,2026-05-21
669,1452,997,4,Human worry thousand western season national mind nearly describe rich.,2025-12-03
670,360,391,2,Tend something step summer amount relationship foreign film drug.,2024-03-21
671,1868,905,3,Task without memory blue security paper back evening off himself lay throughout.,2025-06-22
672,568,448,3,Big somebody skin describe south participant hospital be firm enjoy.,2025-06-13
673,969,190,4,Moment figure should remember Democrat month.,2025-11-11
674,1252,862,5,Suddenly who describe outside model every.,2026-05-31
675,453,223,1,Whether fall purpose however age see account.,2024-11-04
676,1179,478,2,Kind woman seven consider huge partner all I including.,2024-01-11
677,1371,901,2,Could more show above better field.,2025-10-05
678,983,58,5,Exist religious know say walk somebody Mr question thank maybe.,2025-08-02
679,985,29,4,Song teach price car deep yeah.,2026-04-13
680,1364,746,4,Business feeling discussion network government partner.,2025-05-22
681,1405,955,2,While forget to wall smile music inside among production opportunity citizen significant.,2025-06-20
682,950,939,2,Apply care training resource break take federal choose.,2025-11-08
683,90,273,1,Determine plant notice administration son public clear.,2025-05-16
684,844,132,2,Reduce before century mission stand green visit new dinner discussion.,2026-06-06
685,1526,883,3,Analysis cost history size tax space husband remain result during value beat newspaper.,2026-05-15
686,1344,907,3,Kind toward team into lead year us.,2026-03-21
687,1356,821,3,Election amount poor however why local place just memory painting carry.,2025-05-18
688,1011,538,4,No join fine behind company realize close moment officer budget.,2026-02-25
689,839,626,2,Together necessary meet wide direction friend talk run.,2024-04-12
690,505,544,1,Middle lead less woman program join.,2025-03-01
691,883,9,4,Quickly tell region social fine reflect series measure.,2025-01-19
692,923,191,2,Form hard travel fight administration other.,2025-12-31
693,1109,931,4,Also space American improve it size ball race nice member enjoy policy.,2025-02-12
694,1688,18,5,Issue shoulder hope half space full effect machine remember public strong.,2025-09-17
695,1065,824,3,Carry large sense movement create nearly past.,2026-05-11
696,657,531,3,Need not tell we development production present.,2026-01-20
697,151,742,3,Either research well such assume begin particular out above how appear happen.,2023-10-24
698,1977,306,2,Result year sound data really energy still.,2025-05-18
699,35,121,3,Form although street threat consumer personal can challenge music new people require write.,2025-08-05
700,124,845,2,Red during late hear environmental democratic time political discover and boy.,2025-03-16
701,933,832,1,Goal key break situation get structure necessary billion gun.,2025-04-22
702,1673,826,3,Approach watch generation order responsibility result.,2024-06-15
703,1403,497,3,Seven sit certain call site but large here fall.,2026-05-06
704,691,387,4,Service security usually director analysis officer play what food sister growth.,2026-02-05
705,857,217,5,Adult responsibility industry arrive certain those federal major message leg.,2025-08-31
706,1372,683,5,Month each try side their team time others.,2025-06-24
707,159,401,4,Rate seven see study every fly story rule quickly.,2025-02-25
708,698,547,3,Baby there worry style wrong fire find land raise five.,2026-01-20
709,1629,148,3,So wind lawyer fund top sport simple tax ten record just.,2025-04-26
710,828,955,2,Suffer key recently thing history Republican rich.,2025-10-16
711,332,697,5,Human particular record economy at create entire information protect.,2026-06-06
712,833,432,5,Pm tree last voice value professor crime fund protect brother officer.,2026-03-17
713,1659,366,2,For all statement significant always return fear manager though.,2026-02-19
714,1772,855,4,Floor offer vote respond go every probably structure.,2026-05-15
715,313,240,1,Half million grow research six all attack bad.,2025-09-30
716,311,119,1,Point follow mother worker at major recognize compare young suffer speech member kitchen.,2026-05-29
717,1788,393,2,Trip call fund care along subject college himself rich face.,2026-03-03
718,1947,984,4,Wall very shake realize couple heavy her television sell success.,2026-04-03
719,1630,104,3,Money thing often while not friend bit military.,2026-01-28
720,415,603,4,Action serious she group push total peace employee day attack senior check.,2024-12-14
721,1345,406,1,Unit identify establish instead relate help serious couple inside third then.,2024-06-27
722,883,27,1,Keep turn suddenly owner thousand office sure.,2026-05-15
723,142,418,4,Floor like loss foot guy summer over American form democratic executive position.,2024-11-30
724,1175,967,4,Over remember woman effort their his.,2026-03-09
725,486,262,5,Mean same himself take week dream discover remain prevent.,2026-04-29
726,1469,35,3,Mother suggest serve defense different raise your for parent follow eye nature.,2025-09-02
727,687,9,4,Role he response I size hot develop site.,2024-04-17
728,117,826,2,No Democrat significant need nor finally.,2025-09-29
729,896,844,3,Maintain work over child know explain.,2026-05-23
730,467,764,2,Picture could fall understand teach about author structure guess west.,2025-04-09
731,1179,842,3,Idea speak seem talk theory pattern individual consumer hand also environment late than.,2025-08-15
732,1828,552,5,Team tonight lot political play investment mean stuff performance five each.,2026-05-11
733,70,351,3,Sort box building organization nice culture building reason especially audience put somebody.,2024-03-20
734,416,499,4,Benefit newspaper may whether theory measure political him.,2025-02-28
735,814,687,3,Or dream should on sing stand.,2025-10-22
736,916,593,2,World role these charge popular though behind both.,2025-06-17
737,1295,743,5,From fight example policy determine less break share agency appear.,2026-05-21
738,38,928,3,Look common far stock task executive century.,2026-01-07
739,1472,183,5,It natural teacher include keep system model game.,2024-05-03
740,1493,556,1,Agency natural arm because grow voice shoulder education cut president.,2025-12-17
741,1550,220,5,Where prevent can course great music agency.,2026-05-16
742,674,400,5,However fight maybe sell program hot beautiful bill foot including.,2026-02-25
743,1704,54,1,Time however report because name company.,2026-01-22
744,1659,522,1,Not week letter no picture then former model every four rest generation.,2025-03-24
745,1354,18,5,Street believe assume method bag none wife political everything still.,2025-02-04
746,1102,117,3,Prepare rule poor discussion south approach better movement ago.,2025-08-28
747,248,136,4,After sport degree play international stay thought blood part series game one.,2026-02-04
748,1551,353,5,Religious outside remain company adult brother despite.,2025-10-16
749,205,914,2,Various hit for enter production computer by can moment figure.,2025-12-09
750,1330,278,3,And write lay act seem almost.,2023-12-17
751,1102,130,4,Big cultural example but good end candidate eye provide try church feel determine.,2025-11-25
752,1863,225,4,He cover operation perhaps management operation among he campaign beat station surface practice.,2025-10-14
753,219,773,1,Stop president stop someone about protect son break safe debate.,2024-10-07
754,707,562,5,Family affect measure learn bad start decade street.,2026-01-20
755,1140,477,1,Own strategy must account order husband beyond figure season any country student line.,2026-06-01
756,544,966,2,Beautiful provide whose determine cover public matter test camera alone house.,2026-05-07
757,778,721,3,View security smile clear first large ahead base nature around note produce.,2026-01-11
758,708,290,2,Hard contain music take behind public.,2026-02-16
759,1415,731,4,Million shake mention attorney cost specific hear.,2026-05-07
760,1681,599,5,Attention responsibility bed remain surface rest speech fact push buy.,2026-03-25
761,434,737,4,Contain child traditional sometimes wear you after less.,2024-02-21
762,1932,254,1,While reveal now ten will but society sing foreign house very your view world.,2026-01-21
763,545,401,2,Father whole indicate join your know morning.,2026-05-31
764,1275,999,4,Call prepare successful need mission help.,2025-03-10
765,271,151,4,Sign possible religious mission do tell health hot.,2026-04-12
766,1306,200,1,Suffer smile must two leg everything prepare head reflect goal hair.,2024-08-12
767,821,270,3,Authority low concern head record civil individual friend.,2026-05-01
768,1988,591,1,Who while little require nor night real hard.,2026-01-12
769,944,886,1,Yeah compare human pass say magazine.,2026-05-22
770,1720,268,1,Yard analysis discover agency light result suggest who tree figure.,2026-01-18
771,1555,486,1,Ask should stage national war experience wrong technology.,2026-02-10
772,638,517,3,Artist produce fact mean artist different social most bag throw go choice.,2026-06-02
773,1817,71,5,Heavy kitchen food sound investment mother five treat Congress charge learn assume evening.,2026-03-25
774,504,396,3,Question reduce husband cover long professor owner Republican fast child face wrong enter.,2026-01-14
775,498,373,4,Seem also section agreement against life character on how beat feel modern home.,2026-06-03
776,364,729,1,Wall improve management growth almost when.,2023-12-31
777,1193,727,2,Include voice ten eight responsibility dog some world inside me.,2026-01-09
778,1373,493,1,Figure start available too guy end account herself fill.,2025-12-06
779,887,567,5,Dog reality tell game already fill.,2024-01-05
780,342,815,4,Focus them fly cell enough official.,2026-04-26
781,1418,723,1,Sense good them that loss total miss either bed law significant.,2025-09-06
782,833,149,1,Door policy dark bill point media investment clear cut seek send simple.,2026-02-24
783,596,456,1,Assume collection so among top another thousand growth short continue.,2024-06-20
784,28,324,1,Business Mrs beautiful speak executive family imagine speak she political let.,2025-08-06
785,979,343,2,Drop surface where central arrive put baby listen report occur everyone.,2025-08-03
786,1242,152,5,Public medical data act learn west development.,2025-11-23
787,1663,599,4,Each certainly dinner authority fact court.,2025-11-22
788,1427,35,5,Activity put whether western soon question type make draw even clearly camera.,2025-12-23
789,493,13,1,Major find man fill song yeah feel court win at decade citizen.,2025-01-06
790,323,703,2,Clear try parent should official order author.,2026-02-28
791,920,664,5,Doctor page tree field health they seem significant around protect.,2024-12-22
792,822,450,5,Just rock book property away common own assume.,2026-06-03
793,670,393,3,Paper suddenly miss offer food free property actually lead region while beat.,2026-05-21
794,1835,264,3,Road camera forget more tree crime group opportunity particularly movement but.,2026-02-25
795,639,837,2,Worry high if mind safe stock nice itself American fund fund fund student.,2024-05-11
796,1346,837,4,Feeling relationship help agreement during increase may information country.,2026-05-26
797,342,343,2,Another become suddenly body remember seat.,2026-01-25
798,1614,960,4,His represent among short week approach last recently.,2025-12-07
799,851,231,5,Picture time market amount attack recently where natural government billion capital test.,2026-05-09
800,967,949,1,Fish employee instead mean among bag decade customer sound record cut moment.,2025-08-08
801,451,615,2,Action deal store behavior true smile.,2026-01-20
802,957,812,2,Source available religious those exist agreement special.,2026-04-17
803,1309,273,1,Whatever account system degree together involve firm who sit dinner rich child.,2025-11-22
804,1183,146,5,Drive about whatever shoulder however hit will possible.,2025-12-26
805,237,106,3,However reveal even opportunity fact create article as have family.,2026-01-20
806,204,770,1,Political particular air energy Mr different significant firm positive end city.,2023-09-21
807,1602,633,1,Style expect research cover several town safe carry future task name.,2026-05-22
808,1073,180,1,Expert sometimes agreement not especially want early.,2024-12-08
809,1153,841,2,Ground exist study class reality outside television loss every crime task.,2024-01-29
810,765,982,3,Pay in more them nearly product.,2025-02-21
811,909,154,1,Present this nor movement past hear author important safe character property will.,2026-02-01
812,1180,596,4,Article different article safe along always.,2025-05-02
813,822,611,5,Yeah ok born sound area particularly store very.,2026-06-06
814,1271,203,5,Nothing grow wrong able city move consider member fall teacher free standard.,2026-05-29
815,1404,685,2,Or memory change on bit detail believe test get daughter history could.,2025-02-20
816,938,213,1,Group change thank government hot happen opportunity security operation worry goal into single.,2026-04-15
817,793,821,3,Window perform deep miss much theory.,2025-11-17
818,1058,770,2,Responsibility approach along on product author third each before.,2026-01-30
819,1191,499,3,Population stage three even yourself away either.,2026-05-06
820,1842,733,1,Artist pretty model national action plan.,2026-01-03
821,401,780,1,Enough daughter research least tonight white whole speech group leader decision.,2025-07-06
822,688,283,3,Prepare rule Congress even serious quality blood of strategy power five activity.,2025-10-24
823,866,425,4,Around west building enjoy call finish.,2026-04-09
824,922,773,5,Mr including city allow put if tax cover hold able learn.,2025-10-13
825,1258,233,1,Economic them nation consumer top name.,2026-05-21
826,542,849,4,Parent choice page recent play forget station big space safe.,2025-08-28
827,347,659,4,Project able pick everybody live maybe father and.,2026-02-04
828,1793,529,4,Democratic item again sport now truth start.,2025-10-13
829,1862,981,5,Establish specific how shoulder successful senior.,2024-11-25
830,519,757,4,Coach development big general improve follow old final lawyer everybody during.,2025-10-11
831,1363,859,4,Politics analysis place maintain example more spend behavior leg place side.,2025-03-20
832,1163,616,2,Wonder or sing black successful we good.,2025-06-29
833,1012,442,5,Result order parent hit simply probably position box now could technology.,2026-04-22
834,531,626,4,Seven mention natural set southern different baby.,2026-02-09
835,444,349,2,Look himself side can something consumer.,2025-10-31
836,1071,591,4,Impact local since job skin hospital cause stand role.,2025-05-10
837,272,946,2,Card choice to street school marriage institution cover large agreement.,2025-11-21
838,1416,829,1,Have base positive force will build two fund last six.,2025-12-03
839,23,471,1,Minute become stop guy prevent city Republican general.,2025-03-09
840,404,581,5,Order election month unit own walk base he become difference we alone.,2025-02-05
841,590,248,2,Here TV prepare option rather firm.,2026-02-13
842,113,810,1,Central control figure personal provide physical woman product establish PM appear.,2025-10-01
843,475,61,2,Administration people set quality key blood.,2026-02-01
844,970,941,2,Service much push collection light smile.,2026-01-23
845,886,632,1,Throughout back result hold eat off we growth move.,2025-04-16
846,1607,595,3,Huge store western leader despite become state performance full near end available.,2025-09-17
847,1276,528,4,Wife wall feeling hold someone already.,2025-06-23
848,1966,134,4,Half Mrs heavy upon among trial each job hospital rise surface.,2026-06-03
849,1347,944,4,Example unit if throw per card film stand able.,2026-05-12
850,741,1,3,Talk compare majority capital none response.,2025-01-25
851,1449,113,5,Trouble activity project leg off compare recently dark major.,2023-11-09
852,1915,20,2,Special moment which government probably determine civil public truth road.,2025-10-23
853,1413,970,5,Foot then poor that admit be chair course cell free cause dark.,2026-06-04
854,1794,722,3,Difficult eye personal open last end crime network population write imagine message statement line.,2026-02-08
855,1247,48,2,Party tend black particular fall ready something will institution from nature reason health.,2025-09-19
856,1895,680,5,Though safe many rest interview pressure thus civil red energy guy goal choice.,2026-02-11
857,1628,135,3,Strategy key possible quickly our free.,2026-05-05
858,1549,257,2,Film hundred affect face happen security stop.,2025-11-20
859,1102,203,3,Under social figure serve middle guess.,2025-12-27
860,825,316,4,Wear grow catch people have raise wife necessary edge child could.,2025-05-27
861,1389,116,5,Always debate can bill risk computer close style rock summer player newspaper.,2026-06-06
862,805,690,1,Thank production sit finish sing animal put.,2025-10-30
863,225,3,2,Soldier list food trial treatment skin decade sell federal protect.,2025-04-25
864,1373,668,4,That yourself social daughter him truth yourself material medical now executive.,2025-11-18
865,1624,61,4,Staff and though series school significant number shoulder center treat.,2026-04-27
866,1000,436,4,For local provide one gas draw product side personal wear pay near message.,2026-05-18
867,1935,745,2,Carry look base cultural first ago million professional team allow would surface huge.,2025-11-28
868,298,798,1,Say interview analysis green however tell fund defense book event number sister.,2023-10-18
869,1296,372,5,Security for certain indeed real medical foreign kind few simple.,2024-12-12
870,1384,836,1,Per industry little everybody method practice father none point hour.,2025-01-16
871,700,337,3,Per wrong treatment college pressure dinner month picture record event this.,2024-05-26
872,365,420,4,East identify agreement marriage keep run safe major meeting agree.,2025-10-29
873,177,596,3,Past yard reflect interest lawyer though ready success sure.,2026-04-24
874,917,432,5,I benefit nice medical police leader indicate.,2025-08-24
875,1765,207,5,Soon sell arm participant even cup range door direction or them fire.,2025-12-18
876,1231,138,4,Compare seek make difficult from mind almost.,2026-02-13
877,1621,636,5,Include should several three right grow draw official firm relationship there interest.,2025-12-31
878,1203,134,4,Early girl firm result box music place.,2025-12-11
879,1699,706,1,Dinner measure letter develop apply city check hot us animal.,2026-03-12
880,1364,949,4,Everything degree unit matter eat shake.,2025-12-03
881,1254,121,5,Become action crime political question knowledge quickly color way energy.,2026-01-27
882,256,957,1,Run despite trade like maintain population age make little push draw follow.,2026-05-14
883,842,345,2,Official from thing heavy view necessary finally.,2025-06-28
884,1106,426,2,Team way among couple so western knowledge our join term world view.,2023-07-13
885,1082,386,5,Fight different bad Congress break child service better turn.,2026-02-21
886,417,305,1,Foreign per pattern gas fight town reason man beyond.,2025-12-12
887,66,667,1,Doctor black matter impact surface issue material beat chair investment our.,2026-02-25
888,1154,909,1,Item thing write model hospital themselves election law energy scientist foreign east.,2024-02-14
889,1324,975,4,Your return per relate field commercial develop.,2025-08-22
890,713,861,4,New already music rather sure whom difference already color provide phone.,2025-11-20
891,1528,96,3,Radio artist much thus hair often event church and.,2026-06-06
892,824,428,3,Billion land worker voice name lay drop.,2026-05-27
893,1266,505,4,Special program let finish medical increase account fact even true key sure.,2024-12-02
894,5,175,4,Every pay effect western body audience happy spring can reflect value man.,2026-03-14
895,1785,185,1,Other activity theory happy long toward road turn offer high suggest mother fast.,2025-11-20
896,2,877,3,Court bring though lay very law along go night his.,2026-03-04
897,1165,825,2,Learn move above decade eye size agreement much break meeting society.,2025-06-19
898,486,29,3,Knowledge include former yard certain then employee card someone statement soldier rather.,2024-07-04
899,1008,424,5,Story method Mr hotel hot threat development item.,2026-03-08
900,995,850,5,Watch understand degree history customer us.,2024-11-17
901,1219,113,2,Like firm thought right option view suffer somebody fish big rather.,2026-02-23
902,1915,567,5,Suffer idea institution whether together those church.,2024-09-09
903,3,822,2,Factor yet book human establish opportunity note.,2026-05-06
904,1015,241,4,Development second poor project benefit back man official over memory enter positive price.,2026-01-30
905,801,828,4,Actually sure eat first course ten moment memory voice teach common of.,2026-01-14
906,551,659,5,Up one sure cost name expect show able certainly than my event space.,2026-04-13
907,1678,849,2,Technology carry end simply natural another.,2024-04-14
908,951,466,1,Health possible practice price site authority despite lead site.,2026-02-03
909,1003,642,3,Hard evidence catch leg again race night drive blood near animal.,2026-02-16
910,1525,948,2,Employee cover toward maintain close close area source newspaper value financial practice behind.,2026-06-05
911,1600,422,4,Region head parent Mrs language serve cup group easy economic stock reason simple nothing.,2026-01-31
912,1207,567,5,Respond maintain positive make nation off sort space customer.,2024-10-02
913,1616,441,1,Your address condition question common experience college anything.,2025-06-18
914,1299,987,1,With reveal discussion central kid I.,2025-03-06
915,255,706,5,Have everything pull around law glass debate building tonight many dark.,2025-08-11
916,1849,512,2,Station short seek bad less war blue writer poor woman research drive try.,2026-05-16
917,969,236,5,Ago lay lot example pass old deal all note similar third.,2024-09-11
918,386,19,4,Degree bill reduce follow commercial management.,2025-04-06
919,532,717,1,Individual student artist sure thought section choose trade color four.,2026-06-06
920,63,565,2,None road face sister you east image out safe produce bag.,2025-10-12
921,244,331,4,Memory year tree fear expect its.,2024-06-29
922,102,640,1,Before force fast quickly anything laugh old either place popular responsibility season marriage.,2025-12-21
923,1279,111,5,Around woman her above rock listen food executive.,2025-07-26
924,1570,180,1,Quite east hope seem think base similar television brother news tend.,2025-11-15
925,1528,661,3,Ago ever sit American crime prove west side.,2025-11-30
926,106,866,3,Head team break fight he financial tonight vote shoulder describe alone others.,2025-12-22
927,587,578,4,Across something reveal technology pay effort like a how business win.,2025-03-28
928,954,737,5,Also bank agreement after include ready soon.,2025-12-11
929,267,115,3,Front feeling yard start pass read investment share.,2026-04-13
930,1040,214,2,Who our white note explain how.,2025-07-16
931,974,141,4,Would rich worker message argue within move head issue one particularly save.,2026-05-09
932,1611,380,1,Dream particular politics human probably way seek tonight computer bed.,2025-05-25
933,1813,395,4,Local these example project discussion to attack.,2025-07-09
934,171,309,3,Avoid account understand little follow environmental would.,2025-09-25
935,1421,721,2,Two happen often family up vote.,2025-07-05
936,400,617,4,Contain religious dream daughter evidence sense run less.,2024-08-30
937,1390,106,3,Believe seem simply care he save appear set food table.,2026-03-08
938,438,254,3,Bar buy popular those list person might lot poor pressure second either example.,2025-06-16
939,1273,711,5,Various voice ability support require past difference game two.,2026-05-17
940,1872,666,2,Find cover thank present stay create stand table form.,2024-04-09
941,857,763,5,Cut offer these media network food show charge street safe finish.,2026-05-22
942,324,465,5,Break least lay audience condition than relationship add society.,2026-03-16
943,115,198,1,Issue music laugh though may consumer yourself five goal relate follow value president.,2025-07-19
944,1077,531,5,Manage service trouble security professor race board yourself tree energy technology.,2025-11-04
945,777,6,2,Heart person indicate shoulder likely rich agency.,2026-03-17
946,1426,118,1,Thus involve from employee lot measure police summer role remain.,2025-03-01
947,1852,133,3,Couple seat industry how least picture view voice hope.,2024-10-27
948,487,981,5,Generation strategy matter next go move loss provide sea share admit their accept.,2025-10-06
949,1655,441,2,Wall series glass effort physical organization eight can truth item job discuss provide over.,2025-02-02
950,172,857,4,Manage fish democratic environmental stand dog.,2025-11-10
951,902,826,5,Even cost machine third family arrive artist throughout heart allow if.,2024-08-27
952,1855,118,4,Program hear place audience door perform reflect point.,2026-01-07
953,1276,269,2,Off stand drug different force against wall sense range certainly memory hospital.,2026-03-31
954,1152,762,1,End somebody grow art son leg control.,2024-08-31
955,1578,734,3,Control necessary address hear artist rule nation.,2026-05-06
956,1507,333,4,Research send box recently business he share north machine account.,2026-06-02
957,1538,534,2,Believe measure present meet big discussion truth gas item attack general.,2026-01-10
958,1282,729,1,Time treatment first give suddenly whatever behind particular arm usually rate.,2026-01-23
959,1837,507,3,Under use tonight fund world whether.,2026-04-16
960,1918,11,1,Language cut short road pretty might open over agency.,2026-04-10
961,1913,905,1,Lot everybody into wrong after toward consider boy point recently gun clearly whatever.,2026-05-03
962,1360,788,2,Bring employee option design hundred someone right full prevent itself.,2024-10-23
963,225,98,4,Hotel road sound their care still role any get job poor.,2026-02-08
964,917,149,3,Child improve sister person sound high top remain power street factor.,2026-05-04
965,878,890,2,Practice outside image interest focus him.,2026-03-28
966,258,351,1,Piece fact prevent end story media.,2024-07-27
967,615,545,3,Strategy pull under simply crime land pressure focus money.,2025-11-29
968,1935,85,1,Some edge book provide source operation.,2023-11-24
969,67,750,2,Hit experience chance Congress project forward station consider year.,2025-06-21
970,605,790,1,Grow quickly thing pick no near.,2026-05-27
971,1897,938,4,Option father factor model nice feel recognize together never.,2024-04-23
972,1634,742,1,Feel take race expect there certain bank about blood quickly.,2025-10-08
973,442,350,5,Happen create imagine anything provide bring tell cover suggest past.,2024-08-29
974,1847,25,1,Inside as modern weight arm join product resource.,2025-11-05
975,457,818,2,Store price early bank director improve visit serious create media.,2025-11-09
976,345,625,2,Major red character much court break yard evidence one.,2025-08-24
977,577,91,4,Book person religious wide child term reality light forward politics write.,2025-07-09
978,1218,134,2,Cover bad large break smile first.,2024-11-24
979,875,364,3,Opportunity coach success town out try leader section fish break word.,2025-01-03
980,1647,41,1,Bad wrong part person quickly by with but when action.,2026-02-26
981,662,65,1,Mission example against light current place indicate politics far act.,2024-07-26
982,1042,30,4,Stop allow evidence kind several hotel build law.,2025-08-06
983,280,389,4,Traditional four person TV agency player old learn sound ok other.,2026-04-01
984,1919,902,4,Probably road institution strategy even old boy night group music former success whether.,2025-01-31
985,1647,576,1,Want either sign produce be wear approach ready.,2026-03-21
986,1754,631,3,Small cultural give paper unit thus maybe along anything along.,2026-06-03
987,256,919,1,Act care reduce nor seven third power nature which score rate season research.,2024-12-21
988,1644,791,1,Within thought book save brother decision.,2025-10-30
989,1002,719,4,Clear think population quality art into under again run small.,2026-03-05
990,1232,154,1,Situation son film if open area describe reach wind scene peace.,2026-02-17
991,949,373,1,Number prove decade week decade leave.,2026-04-10
992,1838,965,2,Conference family store daughter future whose bar need loss.,2025-12-09
993,534,850,4,Knowledge direction provide investment amount provide themselves against quality health try.,2026-02-02
994,608,181,5,Manage amount fish factor conference notice.,2025-11-02
995,1409,422,5,Treat building speak weight voice turn need first result box later budget medical wide.,2025-10-31
996,1155,171,2,Responsibility floor exactly job raise require throw.,2025-12-03
997,1706,603,4,Determine chance without office region none poor.,2026-05-25
998,1233,285,2,Want firm style almost girl cause development sort style suggest first space.,2025-04-05
999,1934,416,5,Society price size think hair charge say may today relate special meeting.,2026-02-17
1000,1872,348,4,Soldier perform present pull ahead role today leave cause green sort success moment.,2026-03-31
1001,60,538,3,Standard trouble hot appear notice call foreign high eight record court.,2026-05-11
1002,962,327,5,Step half newspaper side yet article special seat run bit check head month.,2025-01-19
1003,129,769,3,Somebody event reflect consider read protect manager.,2024-12-29
1004,1462,437,4,Anyone apply machine specific fast play.,2025-12-21
1005,508,42,4,Tough history yeah fine risk the main represent stay itself.,2025-12-23
1006,988,454,4,Style create no enter Mrs now than.,2026-04-02
1007,1973,136,4,Scene Republican vote ok thus plant woman.,2025-09-27
1008,127,935,1,Buy notice watch radio wall day ask ask give rule check paper perform that.,2026-05-17
1009,1293,30,5,Visit blue soon book student total energy kitchen because simple economic strategy.,2026-05-01
1010,1355,594,3,What sit suddenly force her brother win charge kitchen thought now yeah.,2026-04-22
1011,1593,370,2,Difficult sell woman total window do put chair safe science.,2024-09-11
1012,648,293,2,National write hotel outside challenge black.,2026-03-07
1013,928,218,1,Analysis know team computer financial size effort.,2026-04-21
1014,1335,142,4,Financial note indicate quite mouth establish capital spend.,2024-01-07
1015,1995,249,4,Real probably watch child seven area whether.,2025-03-28
1016,1175,864,1,Hold vote wall relationship because moment until.,2026-05-17
1017,1809,790,1,Herself ok pressure grow heart nice fine southern debate between pull.,2026-01-26
1018,430,447,3,Stuff media wait forward continue third produce.,2026-05-05
1019,1238,525,2,Act peace green live human baby world receive.,2025-03-01
1020,1346,541,1,Here dark old can consumer around will visit new still.,2025-05-28
1021,107,710,4,Choose some drug draw together prevent scientist painting stage medical.,2025-06-13
1022,1616,762,3,Certain note win staff send memory can.,2025-12-23
1023,1739,437,4,Mr student the shoulder floor same wrong nearly all.,2026-05-29
1024,1491,743,5,Task ten school white clearly everyone second market house ball item.,2024-04-10
1025,823,696,1,Main eat lead determine degree price personal window.,2026-04-24
1026,1475,63,5,Security plant wide better rather contain real camera his reveal soon manage sometimes nearly.,2026-03-03
1027,1166,311,1,Their able its from task at month traditional challenge street remain audience.,2026-03-31
1028,119,422,1,Probably central think office industry at about including.,2026-05-31
1029,375,363,2,Interest room performance season mother education attack until approach.,2023-12-25
1030,474,541,1,According right six life far oil commercial under.,2026-05-04
1031,837,400,5,Another near sometimes arrive shoulder article.,2024-11-21
1032,1146,229,4,Be agency economic always tonight so this authority but adult turn.,2024-08-14
1033,1593,532,3,Training with sport light value else direction.,2025-09-06
1034,603,960,3,Certainly material meet media wind however power vote message enjoy sit law they break.,2026-04-07
1035,29,525,2,Laugh your role piece standard let discover candidate physical and degree tax quite.,2026-05-10
1036,774,552,3,Specific so why nothing head sign.,2025-07-25
1037,1921,947,3,Hundred statement series force bank themselves.,2024-03-27
1038,1000,325,1,Executive claim enough just affect discuss voice kid hear arrive.,2025-10-22
1039,1431,452,2,Rich stock matter step popular it already cost none world growth.,2025-03-29
1040,1744,777,1,Pressure respond mind space town expect without final.,2026-04-07
1041,782,391,4,Practice feeling couple production system power myself magazine hope.,2026-05-03
1042,1198,640,2,Difficult produce join pressure leader detail financial people.,2024-07-08
1043,741,768,3,Return memory person street mission leg long government its even.,2025-02-02
1044,1623,555,3,Single too many guy scene treat smile western say mean.,2025-05-01
1045,582,968,1,Weight thought idea lawyer hotel environment how policy pretty add picture activity watch quality.,2025-05-26
1046,504,344,2,Financial military remain off minute century cell dark Republican.,2024-10-11
1047,50,226,3,Start scene little cup let just.,2026-03-25
1048,1431,204,1,Or within base owner because decide instead of nor event pattern enter.,2026-03-24
1049,41,487,2,Seem someone prove campaign room course moment over full ok.,2026-05-29
1050,1265,943,3,Sport action along tend act meeting land stop play side.,2025-07-10
1051,402,67,1,National top lot never participant son box hear.,2026-03-06
1052,1488,764,4,Nearly report second forward cell this stuff miss production.,2025-12-05
1053,1880,454,5,Child low give how loss wall health key better.,2025-08-23
1054,759,248,5,Above during middle blood similar future whose sit cup.,2025-04-21
1055,1503,81,3,Finish simply attorney message bit man anything citizen raise.,2025-02-13
1056,1395,989,1,Money play be whose exactly heavy door political top individual different should.,2026-06-05
1057,799,494,1,First day suffer production color significant read.,2025-06-30
1058,1021,142,2,Work all democratic yet air also build bit citizen technology guy give believe.,2026-05-15
1059,1160,15,1,Wrong crime son despite purpose in dark participant maybe national however.,2026-04-04
1060,452,871,3,Ago recent else from bar evening computer town.,2025-09-08
1061,976,547,5,Build employee American carry his gun religious tax entire time baby.,2026-03-21
1062,1866,823,5,Memory fall here idea radio ability base page lay law.,2025-05-18
1063,236,512,3,Board ball mother group but weight ability ten sing score.,2026-05-09
1064,182,321,5,Child blood analysis argue create together network worker item them break cost.,2025-07-26
1065,381,963,5,Time three create focus water attention her five space blood feel lawyer ever.,2026-04-17
1066,1115,863,1,Rise no along ground who western son.,2026-02-14
1067,275,713,5,Many leader body where small knowledge deep hotel name lot half.,2025-03-29
1068,1327,971,2,Impact at end step coach couple adult usually identify Republican leg though.,2025-02-06
1069,1477,407,5,Land poor deal give vote pass.,2025-09-19
1070,1330,503,1,Whom that quality account real base age west care spend nearly.,2025-05-17
1071,15,337,5,Something tough bit series expert example.,2025-08-31
1072,21,966,4,Cell contain beyond mind professional direction professor himself television.,2026-01-08
1073,837,939,3,Few if across old exist pass day wife until class sell.,2026-05-14
1074,676,755,1,Far price room word trial amount training affect financial floor idea professor.,2024-05-05
1075,1780,823,5,Two second offer group choose none give.,2025-04-13
1076,1750,160,4,Goal day condition particularly friend produce.,2026-03-07
1077,741,751,1,Soldier wait foreign realize maintain six chair bring chance one establish.,2025-07-18
1078,1134,903,1,Operation worry enough husband return threat conference.,2026-02-16
1079,543,287,3,View believe sort name trial mouth professional.,2025-04-23
1080,1293,271,2,Your between rich network benefit believe report while debate positive take language.,2024-08-24
1081,533,449,4,Nature drop population entire see development age.,2026-02-05
1082,1883,919,3,Large picture within expert process with option.,2025-08-24
1083,489,43,5,Inside kitchen draw today western prevent scientist bad.,2025-12-26
1084,734,282,3,None man important stock receive I ask power mission field guess itself.,2025-12-12
1085,676,964,3,They reflect level bar several huge result mother commercial number already.,2026-05-16
1086,1024,17,5,Life half assume speech imagine mother thank wonder.,2025-07-18
1087,430,953,2,Simple throughout easy near ahead mind claim suffer for write nature.,2025-11-23
1088,1616,96,1,Above wear PM focus yeah prove garden security discussion ten box soon trip.,2026-05-20
1089,963,789,3,Me return compare outside wear base.,2024-10-24
1090,1654,470,4,Decide per since tend perhaps easy unit.,2026-04-11
1091,42,836,1,Person speak spring next window help.,2026-05-08
1092,1942,24,4,Leave prove help produce character those customer black.,2025-05-02
1093,578,603,4,Drop huge technology court find resource figure.,2026-01-23
1094,1780,322,5,Support court father newspaper industry enough red must section left evening surface since.,2024-11-02
1095,1372,254,4,Choose old meeting resource chair season do company new fast simply.,2026-03-08
1096,969,167,5,Vote forget several building organization enough free opportunity body live civil.,2025-06-27
1097,1341,795,4,Purpose information crime bring teacher to college ready.,2025-08-13
1098,327,490,1,Should course west military piece case someone.,2024-05-14
1099,1570,501,4,Partner become statement anyone despite give dog front writer modern hospital film will.,2026-05-29
1100,504,329,4,Trip energy leg teach popular several time.,2026-05-15
1101,946,904,4,Also add resource training structure response win.,2026-02-27
1102,1024,766,1,Trouble agree opportunity benefit something hear something interesting record friend bank region.,2026-06-06
1103,144,300,4,Analysis after free soldier political human daughter him knowledge everything against measure.,2025-09-26
1104,111,763,2,Movie standard both person significant under happen college ability live study foreign wall.,2025-07-04
1105,987,72,3,Stage explain state beautiful serious administration.,2024-04-21
1106,1381,209,1,Attack market glass perform organization institution executive build its what impact successful difference.,2025-10-23
1107,65,588,2,Teach these somebody direction people interesting role Republican science agreement hold.,2026-04-14
1108,1269,758,3,Hundred without million would amount many attorney wide probably home.,2024-08-02
1109,174,820,1,Administration price base tree society tax push again view build message.,2025-02-04
1110,1669,358,2,Middle again when example establish follow ten model new.,2026-02-20
1111,39,696,4,Walk teach hotel name run strategy score.,2026-05-25
1112,908,734,4,Week American common kind them type.,2024-10-01
1113,933,30,5,Ability natural quickly to activity grow.,2025-12-30
1114,487,328,5,During stand public answer heart computer reflect social.,2025-12-25
1115,1914,803,4,Whether speak final reflect require maybe born report huge.,2025-10-08
1116,1765,950,1,Home kind apply identify read source stop design.,2025-07-07
1117,184,946,1,Rest main summer local on affect owner candidate memory.,2025-08-19
1118,1832,430,2,Operation again agree try station one head blue marriage show air.,2024-09-08
1119,993,925,1,One even million form few often contain party among network word.,2025-07-22
1120,1970,344,3,System unit quickly lot team beat final in who if gun.,2026-03-26
1121,1427,827,5,Seven help difference vote kid third seven area.,2026-04-21
1122,1284,809,2,Book movie already name test indicate deep.,2026-06-06
1123,1952,150,4,Stuff usually feel investment past reality ok land rest.,2026-06-02
1124,908,194,3,Space bed another next nearly nothing their team member produce body edge.,2026-04-17
1125,1951,54,1,Seven film perform scientist money stay option throw include behavior.,2025-02-24
1126,1169,340,4,Doctor care TV rich woman leader suggest.,2026-03-08
1127,821,771,3,North rich instead another election American officer likely need simple.,2025-09-30
1128,1465,327,4,Majority crime worry respond expect now population another design group my leg.,2025-01-07
1129,753,527,4,Hit during magazine him dog find certainly go more meeting its police.,2025-07-26
1130,1879,143,3,Light place action hear travel professional.,2026-04-10
1131,647,488,2,Fund turn culture start another politics floor suggest will it.,2025-11-10
1132,1379,649,4,Production public world push factor poor actually might knowledge run.,2025-04-19
1133,82,310,4,Air ball newspaper perhaps her wall base eat beyond leave green standard relationship.,2025-09-10
1134,1013,527,1,Trouble serve clearly close president product must during important debate if several.,2024-11-08
1135,1353,494,2,President Mr hand since remain material order task road something individual instead.,2025-10-14
1136,121,320,3,Mind care since experience space myself research.,2024-12-12
1137,709,975,4,Shake tonight each its produce watch.,2026-01-02
1138,226,873,2,Indeed subject challenge fly hard both around himself material address onto.,2026-01-30
1139,1032,602,5,Pretty change trade already human within what worker.,2025-06-30
1140,1385,2,5,Likely interesting whatever save thousand technology American of example call create.,2026-04-07
1141,1109,714,4,Strategy throw store keep television shoulder ever people position develop.,2025-04-22
1142,405,69,1,Cold note each within training fact type.,2026-05-14
1143,1555,121,4,Machine stock focus leg popular forward he.,2026-02-12
1144,1984,29,5,Save commercial rule rich in around pay machine.,2026-06-05
1145,1971,790,1,Seven price to box sound woman toward it visit such bad democratic.,2026-04-26
1146,1208,8,4,Doctor rule its job our once some after even determine international.,2025-08-01
1147,359,690,2,Answer ahead center great exactly human.,2025-10-07
1148,541,876,1,Couple window attorney various television run.,2024-03-31
1149,1959,635,3,Certain three free beyond young question population point fill.,2026-02-07
1150,1987,865,5,Son indeed lay matter sense hair hundred could economy.,2025-08-30
1151,220,977,1,Join guess information run major laugh actually three.,2026-05-07
1152,1323,607,4,Listen amount performance back past especially deal arm.,2026-04-11
1153,416,162,4,Simply control once occur scientist decision miss thing provide.,2025-10-16
1154,620,33,3,Knowledge indeed lay wind kid also trip ago set international plant.,2025-11-12
1155,610,169,4,Democrat site certain section why chance ok court.,2025-12-10
1156,1664,619,2,Blood law beautiful final move national.,2026-04-19
1157,1613,510,5,My chair event market marriage open society.,2025-10-18
1158,1336,158,4,Gas choice drug vote interesting style none outside.,2025-11-10
1159,639,995,5,Leave happen four state everything policy serve picture rather road.,2024-10-15
1160,747,80,1,Issue song building dinner even act trial note entire fire car you.,2025-01-05
1161,911,509,1,Play blue consider environment trip science various bed away section never especially.,2025-06-26
1162,1243,887,3,Analysis be water purpose hand summer hope throughout this win effect.,2026-03-02
1163,811,753,3,Family training design whole indeed less simply show.,2025-10-23
1164,300,609,2,Court trouble line see wrong evidence career technology.,2024-01-09
1165,1618,822,4,Difficult heart memory personal bank feel trouble full enough.,2026-05-18
1166,376,800,5,Region surface only step single myself item mean science reason.,2025-06-19
1167,347,788,4,Stay fear oil wide money network boy grow note.,2025-09-01
1168,473,483,4,War more them indeed movie image way onto course fly power good.,2025-12-01
1169,1586,467,3,Big easy religious religious act music win.,2025-09-07
1170,240,405,1,Whose others enough someone level compare forget threat decade include foot.,2026-04-01
1171,486,929,1,Test far military who view environment little about usually soldier poor what scientist.,2026-06-02
1172,473,477,5,Involve choose buy never eye student voice.,2026-04-13
1173,1542,630,3,World event study shoulder manage interview collection girl little west scientist arrive.,2025-12-12
1174,1491,543,1,Occur moment line clear board beyond adult happen attack situation.,2025-02-27
1175,1682,906,4,Response top clearly crime discover history church business mouth partner politics ability as.,2025-08-09
1176,1957,572,2,Movie meeting home past different tell against help true wear three do.,2026-03-17
1177,1931,432,3,Chance simple shake guy community authority as various.,2025-09-07
1178,1463,419,1,Shake strategy protect behind however important.,2026-04-25
1179,816,922,2,Account line enter six admit prove let example less time become.,2025-04-06
1180,1511,426,5,Risk answer raise suddenly require thought piece threat tax share onto trial.,2025-04-27
1181,499,286,1,Move face choice start rather pressure science.,2026-06-05
1182,1234,522,1,Believe behind operation get carry exactly.,2025-03-15
1183,575,29,4,Thought speak indeed source language sound.,2025-06-17
1184,1407,353,3,Yes low myself now magazine interest care serve red health hot.,2026-02-15
1185,994,852,4,Off blue occur sister with economy list shake employee buy.,2026-02-15
1186,380,540,5,Simply leg campaign ask company party well employee social human painting physical.,2024-09-24
1187,83,127,3,Quickly trip beat whole south assume some prevent fear sell rise each right.,2025-11-14
1188,955,848,3,Rule mission ground run environment green game third would.,2025-10-02
1189,982,793,3,Middle system growth energy know outside.,2026-04-21
1190,1559,835,4,Himself minute over stage east message discuss about speak.,2026-02-05
1191,1763,798,2,Stand record color evidence purpose open hear cold decision wife.,2025-08-23
1192,797,75,5,Thought computer set oil knowledge billion billion do career doctor prepare.,2025-06-10
1193,1961,643,1,Address quality consumer community air model agree well add gun low anything.,2026-04-13
1194,1767,781,1,Floor ten reach school able worry message same sure special.,2026-04-26
1195,858,961,1,Color fear head run marriage beat air body local.,2025-09-20
1196,504,283,3,Side section population after machine relationship us civil sport.,2026-04-28
1197,1457,926,4,Have page beat exist dark either toward.,2026-06-04
1198,581,532,5,Order white reduce music minute create everything ago seem.,2024-12-14
1199,581,273,4,Alone after send safe our develop need TV run member.,2025-08-02
1200,373,831,5,Center front low baby recent left.,2025-11-06
1201,1711,329,1,Wrong plan candidate simple use Republican officer.,2026-04-29
1202,97,693,4,Sign probably oil always yes effort compare.,2025-06-30
1203,1036,857,4,Simple next room sometimes spend remember bag office.,2025-04-14
1204,25,984,3,Surface remain clear class without now class animal why start.,2026-03-18
1205,1471,816,5,Phone hot behavior charge note young strategy.,2026-05-29
1206,618,148,1,She yet including century strong state control second American.,2026-05-05
1207,485,771,3,Affect record cultural writer ok lot institution keep win age hospital.,2026-05-29
1208,1318,292,2,By throw building response such develop.,2025-08-06
1209,764,273,5,Service certainly may prepare difficult prepare however tonight.,2026-01-19
1210,1437,239,1,Laugh central any agree high young most.,2024-05-09
1211,1632,211,5,Development experience policy check food way where remember itself new wish every use.,2023-11-22
1212,1617,528,5,Bit finally find explain measure radio center pattern whose rest.,2025-08-06
1213,299,932,4,Sell decision certainly win but half marriage.,2025-11-21
1214,130,736,3,Skin maybe recognize watch senior what sometimes energy game lose political.,2025-03-26
1215,1107,490,1,Serve green particular fund huge whose off after machine far old.,2026-03-22
1216,248,536,3,Life support bit why agreement site city.,2025-12-03
1217,958,768,3,Key gun all movement machine among or audience quickly suddenly.,2025-12-14
1218,1595,604,2,Song experience doctor clearly explain score teacher go bed lawyer serve keep.,2026-05-20
1219,408,433,5,Common sure may key friend yet.,2025-07-24
1220,870,331,1,Evidence open international car address prevent cup water eye mind watch minute guy.,2026-05-31
1221,1578,878,5,Side million law any truth kind.,2023-08-09
1222,960,956,3,Store sign voice believe hair career hospital half.,2026-05-02
1223,1510,522,2,Happen get station best car value minute peace available.,2026-05-13
1224,566,11,2,Free region concern serve number sound game even gun with thought coach try.,2026-05-21
1225,1901,816,2,The middle education material similar for fund order floor list less whether.,2026-05-07
1226,229,94,5,Say player employee clear audience development reveal draw recognize.,2023-12-03
1227,170,123,4,Yeah must still professional north thus sell.,2025-10-14
1228,1842,812,4,Them center fill discussion give give alone.,2026-06-03
1229,240,8,1,After right major wind herself rate star floor no but agree drive news.,2025-11-05
1230,1422,688,4,Check describe computer himself whether deep sing end speak detail rest.,2026-03-21
1231,1721,180,1,Itself sound much hot anything gun father power laugh half hospital official.,2026-01-24
1232,732,730,3,Focus thing term cultural better price quality pretty cell same.,2025-12-17
1233,1302,698,4,Step fill however side tax no deep arrive.,2025-01-15
1234,1047,227,1,Stuff think enter partner friend well truth finally occur.,2024-02-28
1235,602,397,5,Claim mouth stay often meeting power behind.,2025-11-26
1236,178,312,5,Southern wife later write event few.,2024-04-23
1237,188,983,4,Wear decade resource find bit Mrs mind other behind really amount we decide.,2025-01-07
1238,690,456,5,Begin half west brother respond citizen arm sense bill size.,2026-02-09
1239,1374,817,5,Public cover under sell store daughter.,2024-01-12
1240,566,345,4,Maybe across one pass close science real street big.,2025-11-17
1241,339,103,4,First such whether happy physical hotel at far movie man.,2026-04-21
1242,771,746,3,Idea it alone pressure agent make teacher car other letter election.,2026-05-18
1243,97,976,2,Finish physical final cause per fight.,2025-12-06
1244,669,156,1,Indicate any build discussion season short church each structure.,2024-04-27
1245,424,463,1,Realize thousand girl whatever glass recently paper establish drug increase rock list home.,2024-10-20
1246,211,99,5,Dark shake job once employee experience institution.,2026-05-15
1247,808,441,3,Newspaper eat certain behavior face color management property shake catch call see.,2025-02-24
1248,1685,579,5,Economic drive back become final relationship hair especially think picture new available.,2025-04-30
1249,825,689,1,Thus game sound production western despite magazine.,2026-04-28
1250,1101,225,5,Know figure center force ball energy professional.,2024-11-18
1251,1692,771,1,Arrive goal house kind type spring threat type take idea.,2026-01-23
1252,1655,192,1,Mind listen property paper black international.,2024-07-23
1253,895,757,1,That realize statement hit although provide feel standard garden factor.,2025-03-12
1254,1470,866,1,Site behind cell born body couple report billion cell green.,2026-04-22
1255,1743,748,4,Rise civil lot drive purpose present seek someone protect customer room American coach.,2026-02-28
1256,1210,977,1,Room any purpose blue year actually system white response inside character third wear.,2025-01-16
1257,746,871,3,Attack there tough behind player region range eight rather I per.,2024-11-22
1258,1826,90,4,System maintain expect why nature nearly who fast environmental.,2026-04-02
1259,490,63,5,Close successful evidence lose food continue they.,2025-08-26
1260,197,24,4,Catch stay will amount couple worry.,2026-05-28
1261,563,746,2,Second business interest others answer page happy money go treatment young head significant.,2026-03-19
1262,54,610,1,Community lay computer painting movie purpose process energy war be continue could include.,2026-06-03
1263,1205,297,2,Difficult source nothing situation effort once instead attorney coach.,2024-06-25
1264,1077,580,1,Identify store avoid that former kitchen most nothing particularly into more green red.,2025-11-09
1265,425,784,1,Energy last shake plant ball hotel customer side we attention apply.,2026-05-22
1266,1044,768,4,Another word east least deal down usually prove exactly.,2026-06-03
1267,535,809,5,Yeah key body during eat form here him poor.,2026-01-27
1268,413,901,5,Item across Mr right image interest.,2025-08-22
1269,1641,949,3,Door catch never bank director pressure evidence common yard bill.,2026-03-28
1270,1141,908,4,By along interest dog establish become campaign effect manage coach between.,2025-06-10
1271,309,732,4,Interview check security majority our key bit idea.,2025-12-25
1272,1593,181,3,Art American according authority size together while government school.,2026-04-16
1273,363,836,3,Really push summer fill word generation too might.,2025-10-14
1274,609,743,4,Inside admit thing both color interest street speak wait else clearly church on.,2023-09-04
1275,1213,51,5,Republican necessary school easy finally far wind try think participant paper against.,2026-03-18
1276,1194,17,1,Character station particularly everybody central word sister modern three military financial lawyer.,2026-03-30
1277,1542,790,3,Region although loss prove as use community machine identify base.,2026-06-01
1278,1942,850,2,Successful cost poor several specific yard receive expect indeed price strong place.,2026-04-29
1279,823,950,1,My receive change evening season responsibility young.,2026-01-18
1280,92,750,4,Program owner present far western strategy bit true only.,2025-07-06
1281,894,584,4,Minute guess collection financial shoulder performance then dark.,2024-05-07
1282,282,575,3,Property name dinner know arm any serious affect institution meeting toward term raise.,2025-10-30
1283,94,946,5,All too animal represent realize lawyer director whom our pick.,2026-02-02
1284,1424,3,1,Then career significant same education apply many choice stand style.,2025-08-29
1285,238,17,4,Compare letter professional difference sound like feeling or yes.,2025-09-18
1286,2000,60,1,Environment market smile force budget least look media spring experience maybe miss.,2025-05-23
1287,415,941,4,Carry idea attention suddenly treatment party computer data age.,2026-04-26
1288,1396,282,5,Toward change believe between go great.,2026-01-20
1289,848,408,5,Message family week standard explain phone else left management race.,2026-02-18
1290,899,644,1,Wait despite choice wall will us government to plan next evidence.,2025-01-13
1291,1692,816,1,Year show short question bed seek material near property senior century.,2025-11-02
1292,187,482,5,Plan free debate ok entire family positive speak manage evidence test note.,2025-01-28
1293,1533,323,3,Without what site level people for identify.,2025-11-13
1294,284,802,4,Indeed somebody gun talk sign involve discussion team any.,2026-04-05
1295,1002,741,1,Everything of either structure guess pull fly admit million record wait responsibility.,2024-11-25
1296,918,24,5,Join capital quality yes suffer move.,2026-02-28
1297,922,310,4,Senior wonder order know himself message gas.,2026-05-14
1298,1020,93,3,Mrs girl everybody describe character group.,2024-02-07
1299,1979,743,2,Follow company such yet color tree decision bar.,2026-03-04
1300,51,900,1,Do simply expert ask create class rather.,2026-04-11
1301,1754,944,3,Experience a deal speech control true.,2025-08-11
1302,465,368,1,Many east executive miss gas full wide option film five feeling drop.,2024-12-28
1303,102,59,5,Lot occur note standard by safe.,2026-03-31
1304,1428,929,2,Including hotel Congress put page cup.,2024-06-08
1305,1625,721,1,Material act indicate there large policy save decade tax.,2026-04-22
1306,848,83,4,Large its space key name day.,2025-08-02
1307,289,131,5,Class clearly those tax certain sit book budget need.,2026-06-04
1308,736,219,2,Person determine first quickly list great identify discuss do law full American.,2026-02-15
1309,424,330,5,Subject wear him claim second paper.,2025-04-06
1310,1120,676,4,Perhaps security store full space growth just about smile traditional establish morning property.,2026-01-16
1311,1941,402,1,Sure they receive better finish bag learn north reveal recognize politics wish before.,2026-01-13
1312,62,950,5,Policy animal president citizen toward two table moment take.,2026-02-08
1313,488,719,4,Free better popular sea theory imagine meeting a.,2026-04-27
1314,264,509,1,Nation theory conference institution perhaps once.,2026-05-21
1315,786,111,1,What recently stuff education your yet.,2026-06-04
1316,1018,609,2,Reduce too yourself star second drive as.,2025-07-25
1317,1968,811,2,As high small notice brother at develop dinner situation traditional population.,2026-04-24
1318,460,612,2,Poor guess on artist why everyone red water big a through attack this traditional.,2025-12-23
1319,757,690,2,Picture allow tell mouth serve ability seek else mind arm shake run.,2026-05-08
1320,935,125,4,Only seat relationship again lose fire manage simple attack heavy.,2026-02-02
1321,1731,581,2,On food majority allow free more anything get design result.,2024-04-22
1322,1269,366,5,Painting bad difficult cause every set billion education on pressure me.,2025-04-27
1323,1406,892,1,Director whole never join cut throughout director local look central.,2025-11-25
1324,1049,917,4,Stage offer number sit movement analysis treatment little charge article court bag.,2025-12-19
1325,483,95,1,Rule security production table staff still behind nearly.,2025-03-05
1326,1561,107,1,Peace worry to claim prove him end participant pay.,2026-03-24
1327,1611,586,1,Feel heavy stand out light response door election buy new well.,2026-04-17
1328,686,174,5,Loss bag source toward ready me consumer face campaign western design federal.,2025-12-26
1329,1157,813,1,How people affect final every price show now article list man.,2024-11-06
1330,42,304,1,Teach sport fear industry color create.,2025-09-11
1331,1652,882,1,Give moment information responsibility wish issue gun never explain consider appear market course.,2026-05-16
1332,1189,18,4,Itself reach president bill able your operation want open.,2025-01-29
1333,1816,712,5,Instead act rock bar particular politics.,2026-02-04
1334,1030,356,3,Federal three sort believe light report television site reduce record.,2025-08-06
1335,1756,353,5,Wonder director measure far ball provide safe place oil.,2026-06-02
1336,140,241,5,Night miss think increase call decision quite night.,2026-03-26
1337,922,18,2,Suffer bring project work treat director federal article other me.,2026-04-03
1338,559,446,1,Have base process ago expect land me relationship democratic bar important maintain.,2026-05-20
1339,1927,63,1,Force order learn avoid media then give understand mouth participant.,2026-03-26
1340,1657,154,3,Fill sign section tonight parent evening fish school four bill ever generation.,2025-12-31
1341,996,841,4,Democrat manager great join economy us.,2025-11-27
1342,597,765,5,Will area party range record nation board.,2026-02-21
1343,936,825,4,System half foot address enter well building.,2026-04-08
1344,1786,313,1,Enter radio similar purpose way tough season we American tree north.,2025-03-29
1345,1261,584,3,Administration improve five whatever information since film simple Mrs plan product wife power.,2025-07-28
1346,977,322,1,Explain speak serve dinner debate discuss safe consumer over.,2024-04-28
1347,1916,867,3,Employee stage early level future public Mr risk health story name you mother.,2026-01-30
1348,1517,301,2,Contain in could part example person government sea need region outside.,2024-06-05
1349,65,593,4,Couple Congress threat movement dream big question in compare head economic certain house.,2025-12-21
1350,1239,395,3,Hit determine lay into key floor ball somebody.,2023-09-25
1351,1778,433,2,Film also yard front audience as them wear agree management reach indeed.,2024-05-10
1352,1247,60,5,Ten six same born issue near future manager middle church edge door old.,2025-12-16
1353,63,649,3,Education have certainly modern develop these must score rather result health great.,2026-05-24
1354,1821,204,5,Seem quality father official product in how image get decade movement.,2025-07-25
1355,1710,271,3,Public artist both trip campaign job would opportunity green culture.,2026-03-13
1356,1454,10,2,Interesting statement sit matter off fine free rather dog green fire.,2026-04-23
1357,1166,36,5,Make day something ever all performance serve affect nor.,2025-10-28
1358,731,673,1,Relate rich which large positive sound where majority wish.,2026-05-03
1359,783,669,1,Great leg take model big arrive summer no store our.,2026-05-28
1360,987,892,2,Quality range face business collection decade look husband.,2026-05-08
1361,988,678,4,Break pull American quite which huge.,2026-03-13
1362,409,968,5,Weight hour pretty those ground training argue full suddenly next top boy.,2024-06-13
1363,1314,426,4,Account performance reason heart commercial sound weight paper always.,2025-06-26
1364,1033,681,3,Read source about citizen produce our partner medical event.,2025-09-07
1365,449,531,1,Together education analysis customer significant school challenge good Democrat eight sell road year.,2026-03-20
1366,350,123,4,Perhaps can star song another ahead face phone baby miss.,2025-08-03
1367,1649,737,4,Responsibility section large over black minute voice enough year offer.,2024-04-08
1368,1594,330,5,Also budget culture part allow media up I.,2026-06-06
1369,534,565,5,Whose security something someone company better nothing consider.,2026-06-04
1370,373,686,2,Story remember store toward practice fight wrong left clear easy easy nature.,2025-07-26
1371,31,695,1,Artist international us available suffer industry free gun simply.,2026-03-08
1372,455,443,4,Politics nothing recent how ask place finish shake leg particular the power drug.,2026-03-16
1373,755,620,5,Total prove effort cup compare third party listen head.,2026-04-26
1374,1792,581,3,Worry this on get own again respond.,2025-04-11
1375,19,501,1,Star sell community model finally visit paper standard.,2026-06-06
1376,1816,758,2,Dream language enjoy he before option study describe.,2024-08-01
1377,1589,117,3,Raise everybody discuss technology help wide happen until our per theory center growth.,2025-08-22
1378,859,428,1,Ball wide meeting especially out race have.,2026-04-26
1379,1265,952,4,Hold them form scene unit establish artist series pull.,2025-12-30
1380,276,229,4,Enough imagine finish leg gas visit art if rather idea.,2026-01-09
1381,71,219,3,Hand fund visit country available week method action option thing buy operation.,2025-10-16
1382,1117,5,4,Better question course upon audience quality action toward.,2026-02-22
1383,568,585,2,Campaign staff five remember event recent.,2026-05-21
1384,712,421,3,Land hear write to ahead key black listen our notice.,2026-01-25
1385,1532,431,5,Mrs democratic record spring price weight.,2026-05-27
1386,12,152,3,Forward little lead war next my manage first thought white skin.,2026-04-27
1387,1623,32,2,Including not cover different practice home especially relationship dog financial wish father miss.,2026-04-17
1388,1473,47,4,Star now American concern want hot day little.,2026-01-04
1389,405,142,4,Six perform game especially foreign conference shoulder network he little city cell arrive.,2025-07-21
1390,1654,154,2,Dog bit important agreement would reflect message white learn difficult similar air.,2024-05-26
1391,1672,452,4,Book environmental contain floor light senior simple eat choice.,2026-02-25
1392,978,512,2,Better after study today various drop later time event through.,2025-05-10
1393,60,705,5,Get behavior popular yet address space.,2024-12-03
1394,1965,891,3,Interesting than break social far performance trial human indeed first hundred environmental thought.,2026-03-15
1395,60,843,3,Sit this enjoy over will writer ready.,2024-11-29
1396,853,413,1,Manage describe man he skin maybe hundred evidence add.,2024-10-15
1397,1112,498,4,The beautiful mission less industry edge between.,2026-05-04
1398,1783,638,2,Vote of capital report star door particular fear easy set.,2026-03-07
1399,605,41,5,Land participant case approach never behavior before interview.,2025-07-31
1400,620,114,4,Enjoy realize suddenly yet throw wrong chance most.,2025-06-07
1401,1727,566,1,Condition whose of modern art gas.,2026-04-08
1402,1687,909,4,Friend approach to partner prove certainly home audience population can most business.,2026-03-03
1403,623,39,1,Whatever real property information city financial food suffer help.,2025-10-05
1404,1781,276,1,Its movie society teach believe over Mrs available them certainly concern candidate.,2025-02-24
1405,337,669,5,Their none eat loss husband officer culture wide really game stuff crime.,2025-10-15
1406,1583,618,1,Product civil individual see management artist finish attention way.,2025-10-15
1407,1528,529,4,Mean civil state right forget candidate simple wind set serious similar southern.,2025-10-05
1408,184,989,1,Single section president reveal its site.,2026-05-01
1409,810,943,1,Fall piece even movement until note fire forward.,2026-04-02
1410,1812,739,1,Offer lose level however fire fall.,2026-04-19
1411,652,475,3,Rather condition manager still always truth.,2026-04-27
1412,1472,646,5,Score read yes impact grow into move really assume drive idea hot.,2026-02-18
1413,1781,80,4,Especially than west dinner administration magazine play protect each.,2026-05-24
1414,858,655,4,Raise age old tough professional painting Democrat suggest particular require cut argue.,2025-10-14
1415,1141,454,1,Discover figure meeting relate nearly north do prove could institution painting.,2025-10-08
1416,284,838,3,Threat how management fear artist PM.,2026-04-09
1417,498,980,1,Inside save fight space apply same since young article cold military enough.,2025-11-04
1418,1196,524,3,Option soon get send economic today try.,2025-11-25
1419,191,706,3,Pm consider today special under former none level will wait century.,2025-03-24
1420,82,636,2,Focus few pressure news southern eight sell nothing teach.,2025-11-29
1421,937,525,3,Southern forget film heavy radio recently special professor.,2025-11-21
1422,1743,50,3,Difference body question parent it human.,2026-04-21
1423,1433,772,3,Benefit choose another much check son.,2024-05-15
1424,161,865,5,Point wait sometimes may else standard contain contain despite back.,2024-06-06
1425,1657,657,4,Brother ten arm by the hard lot.,2026-05-02
1426,1002,999,1,Cause score decade prevent knowledge real table feeling tax.,2025-06-13
1427,343,317,4,Weight in situation name site often mother argue machine read.,2026-02-04
1428,470,776,1,Person success general teacher development poor people particularly drug.,2026-06-02
1429,511,595,1,Crime item appear party determine song avoid hotel record forward quite plant.,2025-09-16
1430,1930,31,5,Several reduce trial wide know rate thought wife case listen upon.,2026-04-12
1431,1494,298,2,Medical today manager series figure view example try science probably none PM.,2026-02-13
1432,1828,910,2,Care purpose minute force evidence indeed also onto.,2023-11-20
1433,333,476,2,Cause national family dream some friend stock assume win law add opportunity hand.,2024-08-05
1434,1910,912,1,Market health various everybody itself day ready adult.,2023-11-01
1435,1231,589,3,Another out together say court north cut.,2025-06-22
1436,341,772,1,Page find whatever remember spring modern small already difference.,2024-12-11
1437,524,462,1,Student not per share consider herself step court forward my cover mean take.,2025-07-03
1438,71,455,3,Again there throughout often difference white.,2025-07-18
1439,788,714,1,First safe suddenly know along speech can stand.,2025-10-14
1440,794,818,5,Wind break compare traditional democratic PM agreement fine himself board seem his.,2024-11-15
1441,1197,485,1,From deal experience house similar appear attorney.,2025-10-25
1442,300,100,4,Wide wide main fall financial few fast back force likely expert.,2025-10-14
1443,529,629,3,Bank water reveal foreign really say high policy debate by bit quality window return.,2023-11-10
1444,1000,660,2,Boy story great model sit stand clearly past responsibility organization.,2026-01-15
1445,523,85,2,Event play trip network assume fact would another partner fund inside side mission.,2026-02-21
1446,964,658,3,Short call probably wide my today newspaper speech tonight Congress.,2026-06-05
1447,800,950,4,Movement offer ever data writer light itself maybe indicate medical should plant also.,2026-05-18
1448,1438,147,1,Suddenly candidate network degree into lead Congress page trip.,2025-09-13
1449,800,846,2,Item American manage recent member owner outside also me.,2025-09-02
1450,945,422,4,Especially structure sign evening phone fall month significant consider north fund.,2025-09-22
1451,1553,226,3,Line play art type then reality rather.,2024-08-26
1452,902,702,3,Relate seat building perform major term security much decision son since.,2026-04-14
1453,188,844,1,Capital how present in result positive culture parent nearly sit meeting if.,2025-03-25
1454,1199,793,3,Produce manager claim leave everybody specific phone keep majority cost.,2024-11-21
1455,810,395,3,Weight point push family page return central interest all short great entire than.,2025-08-06
1456,1331,33,5,Degree movement test over chair into off order occur rate player management also.,2026-01-14
1457,874,12,2,Just everyone us eat sing range onto.,2025-06-29
1458,1424,246,5,Under question we economic north allow want law to even.,2025-11-20
1459,82,184,1,Month even front read half allow song including medical.,2025-06-26
1460,1279,615,2,Someone education four former treat fine produce.,2026-02-04
1461,460,813,3,Moment natural fire good recognize accept child herself hundred space drop effect thought order.,2025-06-01
1462,1200,673,3,Teach lay why body the decision per fly Republican consumer company physical.,2026-01-20
1463,608,322,2,Current street gas act tree cell body opportunity all need.,2026-02-12
1464,232,35,4,President thank prove federal none painting toward indeed wall court season plan that.,2023-12-28
1465,676,957,2,Upon boy similar possible bed guy process parent.,2026-05-15
1466,811,998,5,Get argue government democratic suddenly throw mouth mention whatever measure.,2026-01-26
1467,1343,403,5,Never live former cover beyond environment control accept type without watch party way grow.,2025-07-01
1468,430,559,5,Person plant most owner government safe.,2024-12-23
1469,1829,587,5,Eye will baby check child police one send fast authority summer one.,2024-01-25
1470,1855,634,1,Test realize enough benefit analysis language expect event.,2025-03-12
1471,921,242,1,Me would need seek training quality year treat his where.,2026-04-05
1472,629,23,1,Young fact successful our suddenly surface fly serious.,2025-02-19
1473,1861,648,1,Even field small size anything sing community care I determine.,2025-01-08
1474,1308,510,2,Scene way drive guess sometimes fact provide that glass.,2024-10-07
1475,794,352,1,Law production industry former soldier positive year ago.,2025-08-22
1476,1850,821,2,Include wait clear military free enter push office method require.,2025-03-08
1477,834,299,4,Teach throughout build body statement at within economy star effort here save data.,2024-01-16
1478,509,557,4,Evening wall building interview vote indicate food market own happy.,2025-09-04
1479,1246,229,2,Return land pick bar song appear guy security west could break image.,2025-04-22
1480,1157,767,4,Ask since and even carry term knowledge easy reflect skill.,2024-06-03
1481,508,740,3,Parent hot big nearly far so more know item put.,2026-05-30
1482,710,603,1,Player subject college participant behind each father movement ability picture.,2024-11-28
1483,1788,564,3,Arrive capital floor both operation thought evidence yourself glass everything feeling.,2026-05-24
1484,1468,808,2,Throw personal sport would including film ground child.,2025-12-03
1485,1325,729,3,Fly together mission single site catch director fly local no traditional push.,2025-08-15
1486,1350,273,5,Daughter unit face work produce stock around field north plant.,2025-05-17
1487,995,749,2,Exist ready energy should this wind especially difficult effort beat.,2025-06-21
1488,440,300,4,Drive for new environmental it as likely consider stop contain.,2026-03-20
1489,1849,171,5,Seek business certain factor develop drop personal change play.,2026-05-31
1490,231,485,3,Forward size guy mention daughter option around fund different surface dark stop class.,2025-10-03
1491,1228,837,4,Reveal effect approach fear friend message animal by happen though every provide.,2023-10-29
1492,1378,185,1,Bed economic experience mother myself card ahead military.,2025-12-22
1493,1305,982,4,World plan remain which fact friend start dinner worker rather.,2026-04-24
1494,1949,303,3,Drug issue one young current station agency budget admit move.,2026-05-17
1495,520,975,2,Animal debate value ability whose plant western huge nothing wife through enter responsibility.,2025-05-21
1496,1555,820,2,Since your place open choice power.,2026-04-06
1497,886,957,4,Data recent individual inside sort story better.,2026-06-05
1498,1426,319,4,Project us boy peace information white available available.,2026-04-10
1499,50,143,3,National officer professional page add result majority current return.,2025-10-17
1500,844,373,5,Where through like consider sort manage rather then year seem.,2026-04-17
1501,1828,589,4,Program hospital Congress reveal watch practice according father.,2026-04-26
1502,1222,182,2,Attorney performance available claim service budget perform college education indicate send.,2026-02-26
1503,122,685,3,Policy wait from house blood idea much family ever power foot suggest level.,2026-04-23
1504,1081,931,1,Probably three lay price size beyond health thing whom security.,2026-01-15
1505,915,468,2,Chance lot true institution professor trial.,2025-08-05
1506,934,155,2,Spend figure give more ahead each probably left remain old.,2025-09-17
1507,1691,734,5,Bill like pick develop minute cover.,2026-05-01
1508,1620,751,2,President just ever race entire start among apply glass.,2025-06-27
1509,14,148,2,Him moment move fish here career action year family matter day.,2024-04-15
1510,858,864,4,Thank energy father memory subject subject.,2026-02-01
1511,1059,225,3,Recently it range within around within partner cover institution quality.,2026-02-05
1512,1547,712,4,Sell better film head on speak energy condition run.,2026-02-12
1513,146,400,3,Mouth activity care quite soon difference wide than girl.,2026-06-01
1514,1666,247,1,Risk lead lead perhaps usually series per full relationship fall do within.,2026-02-03
1515,1747,604,1,Between question how company company carry dark.,2025-03-27
1516,1643,545,3,Increase yet night meet your piece fly cost test if peace doctor.,2026-01-14
1517,1758,893,2,Sort maintain environment police win hair color cover.,2025-07-23
1518,935,510,3,Plan majority light size four require material teacher deal game great because.,2024-11-27
1519,203,843,4,Dream guy room common camera talk born pretty within once indeed thought within.,2024-12-06
1520,517,234,3,Recent decade start for player thank arm.,2025-07-20
1521,73,62,3,Across challenge agreement coach ahead bring land treat that candidate.,2024-08-16
1522,526,665,4,There either letter small hope new mind hold improve.,2025-06-06
1523,1842,799,4,Give management treat live appear information.,2026-05-07
1524,930,348,4,Resource or discover agency politics agent success someone detail nearly alone owner.,2025-12-04
1525,1859,563,5,Few yourself country investment save environmental condition main street name minute.,2025-05-07
1526,1975,64,3,Result clear laugh feel story significant fly wish radio source religious.,2025-02-06
1527,448,79,3,Surface own job sell American eat consumer.,2026-02-09
1528,711,716,5,Small statement system late in shake policy return.,2025-12-14
1529,1941,291,2,Enjoy decide art television just book health north own six high city.,2026-02-01
1530,1079,429,4,Plant story human page reveal air.,2023-09-23
1531,766,938,4,Shake well goal both peace be against bring past safe time.,2024-11-30
1532,1110,371,3,Off animal forward voice himself ten drive sing pay administration.,2025-09-23
1533,597,667,3,Simple billion condition foot page likely allow but election.,2026-05-07
1534,992,523,3,American affect less drug into matter face few leader create box social defense.,2026-02-08
1535,484,274,1,Seat right once training success election most piece hold.,2026-01-04
1536,1858,325,4,Attack free modern rest both wind take.,2025-08-14
1537,1512,630,2,Sport direction explain Republican as section.,2025-08-12
1538,211,707,5,Interview happen author simple customer head beyond boy.,2025-04-04
1539,679,801,1,Turn before since talk us night product.,2026-01-20
1540,845,566,4,Pm within environment do hot position every lose scientist.,2026-02-03
1541,370,217,4,Since spring read sign indeed detail big science adult any each.,2025-07-25
1542,58,606,1,Behind sit share quite raise before huge end may sell country federal.,2025-02-26
1543,1830,287,4,Bank stock maintain difficult line prevent store daughter return bag fast benefit recently.,2025-01-19
1544,1201,618,1,Specific control through company share color direction throughout fall down voice important.,2025-12-12
1545,536,295,1,Go lay us reality yes war wonder.,2026-06-05
1546,1354,404,3,Between because current with prepare law unit.,2024-08-05
1547,610,970,3,All order care analysis democratic positive think air form buy home nice much.,2025-06-17
1548,1406,146,4,Tree foot consumer state foot stuff within senior concern road.,2023-09-22
1549,487,626,3,Idea series southern condition pass machine vote.,2026-02-04
1550,1011,427,2,Herself finish ahead executive suffer specific hand.,2024-12-18
1551,2000,274,2,Artist chair short still through tax he defense rather.,2026-01-29
1552,174,830,1,Against sit foot they worry else thought wear edge respond wind catch.,2026-02-15
1553,550,612,1,Million budget foreign beyond move structure produce consider nice live town whom.,2025-12-12
1554,292,313,2,How call inside benefit system sign both reveal case level impact leave reality.,2026-03-14
1555,523,430,5,Fight bill continue everybody hundred cut thousand teacher image.,2026-01-22
1556,263,98,5,Worker look play identify I attack southern situation minute involve.,2026-01-04
1557,866,646,3,Maintain window more name nice admit certainly personal church offer morning white man.,2026-01-24
1558,628,899,3,Thing year whole consider offer financial understand.,2026-04-16
1559,63,513,2,Crime during scientist let meet become organization bad itself range special.,2026-03-08
1560,1794,525,1,Every loss should trouble process fish foot simply respond hear outside true.,2025-12-22
1561,11,914,2,Fine grow under couple produce free lead then evening catch.,2026-03-31
1562,1249,909,5,Control feel moment executive term similar like risk security less morning moment.,2024-07-22
1563,1936,120,3,Toward head responsibility who nation carry most.,2026-05-19
1564,1458,575,4,Act out population simple happy point.,2026-03-31
1565,1097,870,5,To stuff certainly age various area friend ready or.,2026-04-30
1566,87,551,4,Ground family maintain walk say gas claim student court.,2026-03-28
1567,1750,40,4,Music begin how police do administration fear window about business wonder until.,2026-05-29
1568,1796,428,4,Hit daughter worry American still month we keep hear operation people.,2026-05-01
1569,111,718,2,Piece form hour hope last model.,2026-03-22
1570,785,958,3,So level even identify east player space tend family even accept cold material.,2026-04-15
1571,1768,685,1,Continue organization age talk its strategy society beat among could.,2026-02-27
1572,1600,828,5,Door bar behind space fund by.,2026-03-07
1573,1450,365,4,Pay animal health economy recognize water goal future pay site serious.,2025-05-22
1574,1603,16,1,Analysis finally general political continue go others I could find her eye.,2025-03-13
1575,1939,767,2,Outside quite option power Republican fire ever within former message husband.,2026-05-26
1576,1365,116,5,Federal play family hand security next civil especially close five.,2025-12-15
1577,503,328,1,Deep doctor firm major peace stand spend report amount total purpose order image.,2025-07-10
1578,333,126,3,Keep bill shake manager herself president late reveal listen star until guess.,2025-03-14
1579,22,566,3,Without under peace production actually shoulder nature not contain sit later her account.,2025-01-09
1580,628,56,3,Talk officer price size likely research drug want wrong.,2024-10-22
1581,1069,48,3,Design special record official southern with gun wear deep too central.,2026-05-02
1582,309,447,5,Trip rate executive walk land enter provide defense nearly appear approach white ten.,2025-07-26
1583,184,160,5,Face law fund find argue space cost either fire pay.,2026-05-29
1584,663,343,1,Push system another civil when assume simply continue director level.,2026-02-07
1585,1347,990,2,Thing involve concern well actually happy keep.,2026-05-17
1586,749,180,4,Follow actually then discover somebody through.,2025-12-05
1587,1744,912,1,Stop arm suggest yet property center before country turn special.,2024-12-15
1588,885,320,4,Management woman ready idea step national general center.,2026-03-09
1589,1879,217,3,Within she none cause front history especially half other likely evidence sea three.,2024-05-02
1590,1243,891,3,Must whose spend low whose technology group resource add event game.,2025-05-23
1591,1245,70,4,Nothing ready treat then laugh article speech stand word campaign authority child.,2025-09-20
1592,1720,356,5,Example mouth outside edge learn artist prove production by could edge tend.,2026-05-10
1593,106,948,3,Six plan why lawyer prepare information site bring respond step.,2025-12-16
1594,594,636,1,Agency head analysis add news successful federal that particular study cut.,2026-02-07
1595,1288,459,3,Buy course bar answer and present work worry he school cover professional.,2026-02-12
1596,869,458,3,Cover energy other finish yourself enjoy next the which white dog economic.,2024-08-07
1597,1310,180,4,Well find rich include understand tend every focus memory fire everything minute keep.,2026-06-06
1598,1606,47,5,Clearly environment none young final hit.,2025-10-01
1599,1719,230,3,Call street avoid oil listen beautiful fine seem nature.,2026-02-28
1600,939,248,4,Kind high PM positive spend sister service edge five.,2026-04-07
1601,1163,523,3,Garden politics learn law so probably public building.,2025-06-24
1602,1112,445,2,Soon attorney college action involve their poor.,2025-08-04
1603,829,526,5,Group boy trade east national conference always student increase design machine budget cultural.,2025-10-11
1604,1570,18,4,Different save really nearly student Mr home sea method rule return.,2026-02-14
1605,201,140,1,Although wind defense consumer thousand against impact stage into.,2026-01-15
1606,540,935,3,School report practice administration why whose man process thank information.,2025-11-07
1607,1990,991,2,Center clear enough maybe toward really society debate.,2026-04-29
1608,567,191,1,Mission leader price day sea issue thousand I sort popular politics industry trip.,2026-03-24
1609,927,316,1,Cell recently once much per support political.,2026-04-06
1610,207,912,3,Break her light agent anything town better risk relationship happen turn worry current.,2025-12-09
1611,1315,27,1,Everything face media book space national course role.,2025-03-12
1612,572,220,5,Recent protect rest threat southern north win.,2025-02-15
1613,1852,529,1,List later lose arm key important away military door city college full.,2025-11-12
1614,1151,549,5,Capital fear defense early wonder still southern four.,2026-03-28
1615,1877,565,5,Drug her free range day religious return.,2025-12-26
1616,527,497,5,Hope talk direction goal second amount.,2026-05-19
1617,697,859,4,Newspaper tree finish join only history color three good.,2024-06-22
1618,952,943,1,Kitchen fill small inside down human sure believe.,2025-08-17
1619,228,261,4,Else example ago course pay type Republican.,2026-03-01
1620,1630,745,1,Lawyer music much true region find.,2026-04-11
1621,127,492,5,Green crime floor early explain beautiful rather similar ever trial financial instead growth.,2026-06-04
1622,1518,138,4,Share director evening foreign blue environmental fish represent.,2026-05-03
1623,1830,893,4,Quickly animal up stand wrong material.,2025-05-03
1624,651,968,5,Director author church affect best represent media despite small how site.,2025-07-16
1625,18,669,4,Lot machine season keep capital himself.,2026-05-30
1626,1290,697,2,Television travel security into level number.,2026-05-27
1627,1087,797,2,Girl population reveal scientist cover summer remember director.,2026-02-11
1628,1800,514,3,Face face system Republican something believe add everybody most rest address attack out.,2026-04-27
1629,957,142,2,My fast well cover similar democratic bill social least enter.,2023-08-12
1630,326,255,2,Face necessary seven method community could score set because.,2024-08-07
1631,1755,670,1,Under along weight few this natural later.,2024-09-18
1632,1062,401,2,Company hair nor remain structure give little suffer candidate whom event figure responsibility.,2025-10-21
1633,1316,856,5,Nearly never after choose issue just live account we indeed water.,2024-03-10
1634,733,756,2,Third leave position difficult understand not price change here.,2026-01-01
1635,417,509,1,Agent never again reduce about it course.,2024-11-10
1636,1306,735,1,Peace throw account ask few they painting.,2025-10-28
1637,1167,429,2,Parent sound fly behavior history address expect hear put series election type.,2024-09-14
1638,1111,991,4,Same anything report matter actually carry front trade.,2025-05-13
1639,1312,278,2,Election happy leave within ten official place difficult year which if employee quality.,2025-10-16
1640,484,613,2,Financial him foot concern line election sometimes different paper.,2026-02-03
1641,1406,379,1,It buy lot common later order present return card today reality.,2026-05-09
1642,215,747,3,Through another deal among perform computer film among.,2025-10-05
1643,612,351,3,To according short join college already bring consumer structure public.,2026-02-15
1644,1971,259,4,Indeed hit police our vote factor when.,2024-08-03
1645,1013,467,1,Mention body technology back late health.,2026-05-18
1646,1523,885,1,Peace response adult movie offer movement see.,2026-05-11
1647,1642,472,4,Professor become doctor week she product indeed building cut impact film per.,2026-03-30
1648,546,69,2,Along such very garden financial concern particular.,2024-07-07
1649,410,249,5,The give both other much say detail.,2026-03-21
1650,518,318,3,Treatment follow again product may trouble fall.,2025-10-08
1651,1158,440,5,Learn join safe yeah everything major.,2026-01-04
1652,1184,13,4,Box respond home why expect choose.,2025-11-16
1653,88,705,5,New toward explain table culture interview relate listen rock situation.,2024-11-16
1654,520,876,2,Language majority billion positive today appear support since.,2026-01-21
1655,873,831,3,Pass really friend card court receive give idea rate where per official.,2025-06-19
1656,1154,975,1,Ground start around wish mention they vote close series usually pressure civil.,2025-10-16
1657,172,576,2,Magazine task however heart officer through painting generation stay provide name ground language.,2026-04-19
1658,303,412,4,Laugh price occur method four only standard still purpose.,2024-10-03
1659,64,681,1,Term customer black candidate less citizen yet relate history stage.,2025-01-19
1660,273,899,3,To more control if finish test.,2026-05-13
1661,1261,827,2,Week policy order whatever prove something center technology region trouble threat.,2026-04-26
1662,826,250,3,Involve same bring task wide theory.,2023-12-25
1663,1719,151,5,Artist wear toward unit bar operation skill vote while not them now.,2024-07-14
1664,206,557,5,Detail food country professor technology true religious tend any foreign between value hope.,2024-02-20
1665,948,556,4,Six success road require style director manage current.,2026-01-11
1666,1546,228,2,Begin thing phone affect peace morning generation number short commercial in draw.,2026-03-28
1667,244,480,4,Land perhaps physical everybody will own gun kid affect structure dinner red.,2023-08-10
1668,670,76,4,Art customer should note start fact upon message blood if everyone.,2025-11-18
1669,600,284,4,Different finish plant although success local.,2024-08-31
1670,1463,552,2,Although science analysis feeling move network deal.,2025-08-20
1671,1531,429,2,Four arm affect exist help force behavior away cut bar something sell decide.,2025-12-03
1672,1874,803,2,Somebody ago foot today nice continue product.,2025-08-26
1673,1341,772,2,State national national hit describe simply history member mind.,2025-12-18
1674,634,672,3,Mention return politics to itself value.,2025-03-18
1675,1330,488,4,Month Congress simply certainly whatever mother.,2025-11-15
1676,1058,681,1,Near tough pressure hope part relate.,2026-02-10
1677,1760,951,1,Stand energy letter summer no minute rule.,2025-11-03
1678,1079,188,2,Might including Mrs style better water here various.,2026-03-02
1679,1395,105,1,Stage report way rich card similar heart both add give.,2026-04-24
1680,799,732,5,From there law though region bag second moment woman.,2026-01-11
1681,639,863,1,Together design those factor east second left positive but operation federal could activity.,2026-06-05
1682,1019,350,3,That executive spend religious feel serve should suddenly.,2025-06-06
1683,251,500,3,Such area star condition public spring food bad later sign couple.,2025-04-02
1684,1993,301,2,Book lay analysis even many car store civil entire hotel standard until structure.,2025-06-30
1685,1057,55,1,Season front real evening pick last parent stay mouth vote little much.,2026-03-31
1686,1017,430,5,Car great speech exist its factor perhaps.,2025-06-23
1687,228,134,2,Do program of give strong week protect specific day successful.,2025-12-19
1688,489,919,3,Fight employee body parent generation ground begin charge mention when clearly him.,2026-02-21
1689,1297,721,4,Away become look production by large one then road air dark scene.,2025-01-20
1690,836,145,4,Heart peace build sign responsibility single audience.,2026-05-05
1691,1455,843,5,Government fine could return help strong.,2025-11-25
1692,1072,319,4,None good camera career local same artist yes discuss spring investment area.,2026-05-23
1693,615,819,5,Indicate mind rate necessary truth war gun conference.,2025-02-22
1694,286,971,4,Family parent conference far bag until high understand ask current item well cup fight.,2025-07-10
1695,1269,345,2,Meet institution necessary animal right candidate painting employee table.,2026-04-12
1696,399,29,1,Bar Mrs case hand allow PM development with effort hundred he teacher.,2025-05-29
1697,1277,556,2,Before firm sea together soldier here card ready check actually.,2026-05-27
1698,125,244,5,Start involve change maintain executive tax much eye that.,2026-05-23
1699,141,228,1,Huge choice each why help reflect significant.,2026-05-21
1700,842,531,2,Present that arrive participant before dark five beyond son beat owner.,2026-04-26
1701,1834,159,5,Base this research coach whole result role would among decision.,2025-10-27
1702,711,507,3,Meeting game size bar these age true something spend without.,2026-05-01
1703,907,238,5,Successful fire despite city seven Mrs medical.,2025-08-06
1704,487,298,2,Human crime drop ok give fact spend quickly employee imagine image which here four.,2026-04-27
1705,253,733,2,Yes have keep treat democratic owner understand current.,2026-04-20
1706,722,781,3,Real response help boy institution response share response.,2026-02-21
1707,72,978,3,Miss scientist fear soldier system cell source heart half.,2025-05-04
1708,540,117,3,Drug care at guy raise mind group your hot wide step admit.,2025-01-05
1709,295,999,3,Tax true often public party great find rest board official shoulder fine.,2025-04-17
1710,1640,976,3,Benefit perhaps current number something mother society capital.,2025-07-05
1711,371,100,2,Oil police example head everybody long direction example factor age language.,2024-04-18
1712,1270,152,4,Vote itself recent security west window present official.,2026-03-23
1713,1761,533,3,Sense name husband nearly fear respond determine movie father eye all factor.,2026-02-26
1714,39,939,3,Concern where break life hand home child it compare get.,2026-02-12
1715,1308,706,1,Type land future free pass discuss condition trip camera reveal.,2024-12-08
1716,1063,810,5,Several newspaper himself heart issue about camera several contain sit like mother.,2026-02-27
1717,206,929,5,Strategy end between especially fund four.,2026-04-05
1718,792,320,4,Road issue soldier pretty she fast value each indeed in also.,2026-02-15
1719,691,336,4,Eight them them administration site political knowledge lawyer best hear able.,2024-06-07
1720,130,543,3,People movement pass their take task.,2025-04-06
1721,891,400,3,Executive agreement cultural understand toward edge.,2025-05-05
1722,331,742,2,Whatever sure cut simple power class describe order difficult guy require ahead.,2025-02-12
1723,1955,369,2,Pass concern ground anything because response edge city home door on dog traditional.,2026-02-02
1724,1920,793,4,Spend age high move here toward party stay.,2025-08-12
1725,1969,91,1,Station growth quality people arrive ahead tough begin vote.,2026-03-31
1726,318,267,5,Newspaper then spend section may change whole read sister course family of prepare.,2026-04-11
1727,1027,100,3,Let way hit cell teach cover black surface cover central.,2026-02-21
1728,795,187,1,Modern world admit entire attention hospital at feeling partner choice perform.,2026-04-16
1729,360,652,4,Statement sort sister fish land total total news between level despite.,2026-03-19
1730,740,14,4,Size glass clearly effort agent discuss.,2025-11-27
1731,908,7,2,Candidate everything him happy do expect bar.,2025-09-03
1732,1998,716,3,Actually reality outside need allow four modern author walk and involve data.,2026-05-23
1733,1344,131,2,Never spend our mention claim score top their force dream rule really.,2023-12-07
1734,1220,549,3,Word learn western reality debate building example start.,2024-12-31
1735,1126,890,1,Response institution relationship rather property time enough end.,2025-06-08
1736,512,419,1,Enter task color citizen conference stop interesting.,2025-06-23
1737,46,698,3,A decision assume cold strategy general anything line teacher exactly laugh strong better possible.,2026-04-13
1738,1878,240,3,Speak toward writer family attorney share my where not responsibility.,2025-05-05
1739,1298,722,4,In threat study fact street never court home.,2026-05-10
1740,536,526,2,About accept with find quickly least discover prepare.,2025-04-04
1741,624,188,1,Month imagine piece daughter strategy hot until run try theory executive agreement.,2024-11-21
1742,487,483,4,Both station would hear question ability front particular great end article great.,2026-05-10
1743,1223,193,3,Place form itself up question recently run owner free anything.,2025-08-21
1744,262,172,5,Meeting history statement play subject but throw.,2023-08-19
1745,27,574,5,Maintain expect wind identify expert arrive add other country federal year.,2025-06-17
1746,1533,123,3,Get smile suffer back eight despite he.,2025-07-24
1747,1233,588,4,Company firm ago world last probably bit its activity chance language draw dog.,2024-11-11
1748,769,448,4,Idea early citizen your author decade resource hand.,2026-02-24
1749,1433,853,5,Politics even show final agree year difficult bag name pressure together campaign.,2025-07-08
1750,1536,25,3,Company choice send traditional can quickly method.,2025-09-24
1751,607,683,2,Hit in best guess maybe race property force your size practice such.,2025-10-04
1752,1340,605,3,Option occur part behind everyone speak full.,2026-05-17
1753,1224,811,4,Edge own lose new actually must national.,2024-12-17
1754,1116,344,3,Social attention use speak relationship visit effort.,2025-10-12
1755,300,92,5,By however increase power but matter campaign challenge because.,2026-05-19
1756,1500,533,2,Campaign door security prove money south cut behavior order continue rest sport.,2025-06-01
1757,306,126,2,Able according staff say employee road.,2025-11-21
1758,1525,51,5,New remain inside however four and exist about mother against.,2026-05-17
1759,202,471,4,Break development course discuss product item.,2026-05-24
1760,173,824,3,Learn power prevent hair career pretty child ever order west white.,2026-03-20
1761,1530,669,4,Mind officer role television want stay require mother dinner section bad anyone bit.,2026-04-26
1762,843,116,3,Realize such exactly hot ability fast upon performance finish since beyond himself.,2024-11-08
1763,628,796,5,Law treat kitchen most scientist himself role alone.,2026-05-28
1764,1527,513,4,Explain clear history top back message single need serious raise almost western.,2025-01-22
1765,10,923,3,Every probably white kid something my field tough offer citizen fast.,2026-03-29
1766,1431,117,5,Tough about draw arrive trade sometimes daughter rock either rich business sister and.,2024-11-25
1767,118,698,5,Treat pass enter sport thought goal bill wide western do left weight.,2026-01-09
1768,730,998,5,Work question improve main against establish name green kind professor theory despite it.,2026-05-29
1769,356,780,2,Break you suggest item information there live much song whose option including.,2026-02-04
1770,1950,930,3,Parent draw indicate finally about music then past indeed brother.,2026-05-30
1771,1049,167,3,According how college card follow hotel certainly fly try.,2026-05-09
1772,1893,268,5,Maintain speak official technology drop student car have.,2026-05-10
1773,509,394,3,Environment forward behind rise their example ten so exist.,2026-04-29
1774,764,817,3,But hair best them spend range rest set capital physical use seem.,2026-01-13
1775,255,118,4,Defense note six pull this property away rock.,2026-04-13
1776,203,883,4,Note address majority agreement record future image main data do.,2026-01-20
1777,1941,444,2,Operation would concern out paper small still movement.,2026-05-25
1778,326,198,3,Thought threat individual your window go real democratic.,2026-05-28
1779,148,569,2,Personal hard thus worry field difficult very less pretty eat.,2024-06-20
1780,1790,367,4,Game move firm art garden fund main year fire drive body country receive.,2026-04-19
1781,1830,867,4,Nice wife personal suffer development election letter much.,2026-05-23
1782,223,957,3,Recognize name glass effort community a nothing during strategy approach talk cup.,2026-05-25
1783,1440,92,3,Prevent customer business certainly system set play.,2024-10-23
1784,479,516,5,Million center generation bank decade management.,2026-01-16
1785,404,805,5,Range suggest back yes draw sort.,2025-12-05
1786,976,615,3,Arrive imagine none such watch marriage pull pull anything.,2024-02-08
1787,1389,801,5,Whatever again thus pass worker dinner.,2026-04-28
1788,391,715,1,Table they western television start choose various shoulder public example the face.,2025-09-19
1789,1778,375,2,Nature result my theory finish various see nothing skin include point lead enter.,2026-03-14
1790,1811,317,1,Mother box four develop hold account summer show without manager nature.,2026-04-04
1791,881,371,5,At similar certain win least mean black whom dog exactly eat season medical.,2025-01-29
1792,236,117,1,Hope shoulder tree on develop drive impact sister cold generation fear inside weight.,2024-03-12
1793,807,204,2,Open debate chair sit sign now evening well sort.,2026-05-20
1794,713,382,4,Although seat enter see detail interview senior physical prevent who.,2025-07-10
1795,1614,793,2,Cell should trade central site chance.,2025-02-06
1796,1170,803,1,Make star ready compare realize yard any kind.,2026-04-01
1797,553,988,2,Else consider truth him wonder side former.,2024-05-11
1798,1538,630,2,Stuff fill avoid various though move look really goal clear again.,2026-03-07
1799,334,792,1,Again allow sometimes party gas magazine short.,2026-05-16
1800,1547,530,5,Wrong source agree entire figure couple provide write.,2025-02-07
1801,665,914,1,Media north water try spend picture husband.,2025-06-11
1802,644,882,3,Parent speak maybe project true ten career realize.,2026-04-30
1803,1725,869,4,To store visit another piece choice peace property leader hospital assume.,2025-05-09
1804,355,70,3,Quite cultural despite apply sit store.,2026-02-09
1805,1330,154,4,Few woman low develop task knowledge perhaps.,2026-05-24
1806,830,603,2,Fill sense summer save top practice.,2026-04-17
1807,597,903,3,Stop magazine land cut country sit building sure save spend.,2026-05-18
1808,1607,738,3,True song where return feel success sport young here technology writer discussion also.,2026-01-31
1809,1053,930,2,Impact tax might anything goal page management indicate scene seem.,2025-01-21
1810,1588,560,1,Car term find street sea including opportunity help example measure feeling.,2026-01-23
1811,1115,659,2,Both management sense doctor wish man risk expert.,2025-03-31
1812,1409,114,3,Deal develop structure order if media attorney grow wall argue direction commercial hour.,2026-04-07
1813,1276,750,1,Song allow lawyer week open member.,2026-01-31
1814,1525,403,4,Picture large certainly north born kitchen enough since card than.,2025-10-22
1815,147,587,2,Strong control become should benefit occur then bar describe within collection enter.,2026-03-31
1816,1160,184,1,Various series choose amount figure scene indicate participant education senior season.,2026-01-02
1817,855,662,5,Artist painting seven will because begin whose agree read small suffer different.,2024-08-20
1818,1230,327,1,He value our message audience accept standard open better.,2026-05-04
1819,1323,11,4,Even fish very sound across theory return yes then.,2024-05-06
1820,524,898,2,Science national within need me child mean prepare character structure really network especially.,2024-10-21
1821,1440,26,5,Fine whether sort third bag unit eight can service operation meet spring us.,2024-07-06
1822,1970,1000,5,Draw learn already question box have sort I its.,2024-02-04
1823,1431,775,4,Level direction Republican quickly dinner security could letter.,2025-06-06
1824,363,566,4,Civil friend majority just move scene keep.,2024-01-28
1825,68,457,3,Spring some commercial treatment ahead audience share new.,2026-04-23
1826,1577,813,4,Three let take talk north president teacher.,2026-03-31
1827,1633,602,3,Idea sense agent school analysis deep guy improve lay especially seat such along.,2026-01-22
1828,563,912,1,Future individual give have civil rise kid break student.,2026-05-15
1829,1470,694,5,Toward soldier give our provide information there fall design amount lose.,2024-07-05
1830,1496,898,5,Fight myself source improve likely Republican letter now long fight speech guy measure.,2026-02-27
1831,350,406,1,Exist raise strategy short piece through personal these.,2026-02-20
1832,235,593,1,Specific inside second discuss black firm.,2025-10-02
1833,1557,410,2,Throw I onto Democrat admit network because land watch financial.,2025-02-23
1834,1816,212,5,Person somebody him forget thought down they chair girl animal foreign.,2026-06-01
1835,451,699,1,Interview firm nearly old tonight speech growth thing.,2024-01-16
1836,820,586,3,Fall husband measure camera risk now suggest few skill idea.,2026-05-31
1837,1947,983,1,Action include again house thousand it identify white I range soldier ground.,2026-04-04
1838,173,312,4,Drive agreement show he like southern free most part Congress get here.,2025-07-29
1839,1071,747,5,Blue speak or myself state leave analysis heart.,2025-01-22
1840,1615,147,1,Entire ahead white her traditional painting last share attack week collection.,2026-03-17
1841,1896,272,5,Turn push color analysis able art ahead knowledge could military.,2026-03-22
1842,1414,243,2,System inside loss attorney surface tax return husband rock leave price.,2023-08-27
1843,810,98,1,Worry daughter activity nature worker reduce some who democratic other deep option.,2025-10-14
1844,1577,576,3,Officer story benefit nice represent technology as.,2025-07-12
1845,1750,111,2,Still education third condition this former laugh blood pay simple.,2025-11-17
1846,1813,317,1,Lose up point idea wind reveal worry cultural.,2025-04-24
1847,9,201,5,Moment somebody yet physical teacher rise guess TV official grow set.,2025-04-05
1848,1646,581,5,Group eight appear statement reach action stay challenge.,2026-04-25
1849,139,203,3,Main adult very current magazine approach cell help treat whose ready.,2025-06-03
1850,747,212,2,Stand everyone rise about staff produce knowledge throughout each we stop speech.,2026-04-10
1851,1266,723,2,Throw real else company impact avoid interview spend later father trouble explain actually.,2025-10-21
1852,1056,45,2,Collection available type theory should see.,2026-01-13
1853,985,42,2,Them attorney song question listen company open least.,2026-02-01
1854,1536,788,2,Wait give hair artist must at cause city direction respond product paper dinner body.,2026-02-03
1855,973,582,3,Account where choice just think situation leg model.,2026-01-11
1856,1397,458,3,Store size task smile cut bit father lay huge report wish.,2025-11-08
1857,1234,941,3,Structure American company enough box sister necessary good office clear he.,2024-10-09
1858,371,869,1,Quickly like memory receive owner positive hard protect democratic impact.,2025-05-15
1859,230,806,5,How worker market if ten nothing require.,2025-09-26
1860,827,563,5,Could beyond particular want your could loss consider concern learn surface none similar.,2025-08-05
1861,556,758,4,Its catch possible few blood yet.,2024-08-21
1862,85,289,5,Just him what suddenly eye former.,2026-06-06
1863,13,1000,1,Vote wrong board instead future movement.,2026-03-08
1864,1021,923,3,Tv suggest girl factor garden instead just simply alone only professional effort.,2025-05-11
1865,170,629,2,Campaign yourself learn base exactly they only require peace staff she dream likely.,2026-05-19
1866,1490,997,3,Carry evidence surface seven drug after those black manage federal sense discussion institution.,2026-05-02
1867,210,139,2,Opportunity not table defense campaign thought address this.,2025-05-18
1868,37,436,4,Theory present environmental since eight test share happy no should level.,2026-05-19
1869,619,183,4,Safe less church his some oil radio contain.,2025-11-11
1870,1607,794,4,A agree professional same game so cost.,2026-04-21
1871,256,111,5,Ago work cut girl culture to.,2026-02-11
1872,635,914,2,Rate raise recently huge seek candidate begin successful go.,2026-02-23
1873,968,570,4,Door charge live after minute knowledge trial difficult center threat fire.,2025-09-05
1874,317,17,1,Usually allow there glass along sit office story seat.,2026-02-10
1875,1199,983,3,Wife face challenge ready child its they car.,2024-02-29
1876,1824,562,5,Nice later baby benefit market safe yard house page statement cultural wife top.,2026-04-13
1877,326,703,1,Cold red employee very network open opportunity free evidence until character.,2026-04-24
1878,443,925,5,Everything pattern already become court star ability agency.,2025-11-28
1879,1607,47,3,Team use and drive through trial nation interesting will different blue.,2025-06-26
1880,1345,191,4,Painting nearly center concern choice law lose produce simple girl issue available course.,2024-10-01
1881,1963,960,1,Rich throw national range radio fill floor raise.,2025-10-13
1882,1637,762,3,Three project fall hour friend effort hard who more floor discussion my.,2026-04-13
1883,743,253,4,Television onto best meeting join course parent enough floor.,2025-09-22
1884,714,968,1,Mind huge impact yes member federal against thought.,2026-02-11
1885,1689,476,2,Base skill poor throw natural note whether mind make add someone land general.,2026-06-06
1886,1179,829,4,Quality someone goal production wide culture create go.,2024-11-26
1887,301,65,4,Red friend wish crime them peace design part.,2025-02-14
1888,1538,68,1,Season rate data open position together decision economic truth machine new medical care.,2025-05-17
1889,707,841,2,Particularly that skin current race gas plan top among our Congress mind thus.,2026-04-13
1890,419,739,3,Free school carry send summer safe memory action model police.,2025-11-02
1891,1597,33,1,Our wrong Mr you among product image short back result audience.,2024-09-28
1892,381,332,1,Significant with hear pick everybody product store almost garden account technology.,2025-05-06
1893,1667,159,3,Mission task American traditional cost wish age.,2025-10-14
1894,868,238,2,Coach office have yard plan individual movement usually how mission floor radio couple culture.,2025-12-13
1895,1423,984,1,Home response market dog term next also charge.,2026-04-23
1896,592,972,3,Wrong magazine south from support poor pay star.,2025-06-30
1897,498,413,2,Doctor eye friend bar set fall spring consider off type impact white.,2026-01-27
1898,1198,1,2,Edge land charge evidence way member very author trade him area.,2025-09-05
1899,811,791,1,Congress she heart none these item face yet rise race him.,2026-06-02
1900,1307,82,5,Hot pressure stop include visit least southern.,2026-01-01
1901,1478,214,1,Put oil mean young amount student.,2026-02-12
1902,213,229,2,Hour score audience positive TV officer image term.,2026-04-17
1903,1022,132,5,Plan sometimes family dinner carry authority space act professional.,2025-02-03
1904,1099,324,2,Someone find especially surface bill themselves most.,2026-04-17
1905,20,38,4,Home owner personal wish window shake consumer investment poor.,2026-06-01
1906,351,86,4,Once environment better each shoulder debate determine item some reach.,2026-01-04
1907,899,540,5,Huge site benefit today everyone employee sure raise score.,2024-05-30
1908,104,629,3,Fire player talk imagine great thing star capital.,2025-12-19
1909,529,144,4,Grow nature probably above ball speech.,2025-10-26
1910,5,12,5,Woman image build center almost information machine mention sing wide.,2025-10-20
1911,1121,756,5,Situation speech information sit citizen wish argue.,2025-10-05
1912,1133,262,2,Point within plant rise generation all power.,2026-05-14
1913,64,957,3,Clear these message enough it general.,2025-09-24
1914,1364,329,4,Rise visit understand writer remain sister.,2024-09-20
1915,1279,601,4,Movie pattern wish social public identify film whatever artist.,2026-02-16
1916,1927,649,1,It surface individual subject begin consumer capital sell street director.,2024-07-22
1917,316,79,5,Recently fine treat forget law month north physical health quite whether now Mr.,2026-05-13
1918,1947,582,4,Away thank information peace financial team pass picture.,2025-04-14
1919,1536,284,3,Pretty five others beat film much seem put whose.,2026-04-15
1920,1924,504,4,Light require strategy year start foreign without in traditional single.,2025-08-10
1921,1350,188,5,Game dinner laugh stuff network south exist only performance.,2024-09-01
1922,1884,619,1,Program executive capital clear blood than family although save me road.,2024-12-17
1923,1865,970,3,Citizen buy learn property late practice.,2026-04-20
1924,139,215,1,Road argue poor left maintain project.,2024-05-02
1925,400,442,1,Teacher indicate mean purpose interview body organization exactly inside memory along admit party.,2025-10-11
1926,1022,39,5,Western every exist end out soon evidence as kitchen.,2025-09-13
1927,1030,782,5,Watch would suggest rule organization investment then leg discuss arrive guess tell.,2025-10-10
1928,1816,332,2,Party Mrs paper play reality health medical of work level start.,2026-04-13
1929,832,390,3,Alone situation never second compare democratic detail during marriage military station order.,2025-04-22
1930,1949,361,3,Drop happy just meeting continue miss.,2025-11-23
1931,463,715,4,State set election of daughter lay company design member evening quite hear state.,2025-09-08
1932,179,643,3,Simply big phone mouth writer religious treatment soldier start.,2026-03-08
1933,928,405,2,Understand benefit have beautiful management avoid.,2024-08-16
1934,201,215,3,Role join employee ahead of act morning good personal.,2026-06-03
1935,1909,325,3,Institution development past foreign give season toward method commercial out and production.,2025-12-08
1936,433,584,2,Whose cause may time rock join production.,2026-02-07
1937,686,473,3,Could Mr writer early forget coach pass final huge can.,2025-01-13
1938,1455,190,1,Quickly sea policy Mr purpose TV possible month room television.,2025-08-20
1939,1508,78,4,Rise case successful worker traditional sit guess word ground.,2026-03-08
1940,135,944,2,Than else hair nor up voice change over method or.,2025-08-13
1941,1134,279,5,Factor capital partner change traditional three.,2025-09-26
1942,1721,741,3,Pressure production long bar individual turn deal yourself recently do send only list.,2026-05-18
1943,527,350,3,Something brother discuss west summer itself seem.,2026-04-01
1944,1396,780,1,Television just eye race remain particularly difference prepare away.,2025-11-19
1945,1175,269,1,Recently call collection happen year top.,2025-12-25
1946,600,61,3,Direction guess race age and professional oil the wear watch term.,2025-12-22
1947,567,875,4,Then its to church member society wall enough.,2026-03-23
1948,754,596,4,Morning far arm wide sometimes born think list many leave white.,2025-08-23
1949,1198,324,3,Beautiful tough special civil though father.,2024-11-18
1950,498,121,4,Near push dream reason put admit.,2026-04-09
1951,383,150,5,Key exist enough charge system administration.,2025-11-21
1952,1969,183,4,Over forward heart media rather inside model explain us fund.,2024-07-30
1953,329,484,4,Drug support number sense speak baby institution.,2026-05-13
1954,99,510,2,Position two city home leave wonder beyond position specific.,2024-05-25
1955,751,375,3,Time suffer do direction white may face address play.,2025-06-19
1956,1682,780,4,Certain laugh manager memory size no.,2025-04-06
1957,1208,603,1,Health minute kind yes order ability plant would eat quite member fight.,2026-04-06
1958,119,618,5,Free report cultural oil who daughter marriage term.,2025-08-09
1959,1001,643,5,If letter he general range total course ahead like.,2024-10-26
1960,1930,703,3,Assume sea state each write floor five account.,2025-04-25
1961,502,729,2,Property short say bring purpose begin seek rest.,2026-03-20
1962,542,371,1,Family news travel message successful lawyer enough answer degree arrive.,2024-12-19
1963,1993,572,2,Gas chance street moment report white picture trial head security without large any.,2025-12-22
1964,1131,185,2,Nothing pay main item time candidate check.,2026-04-15
1965,1572,785,5,Offer no region size apply daughter responsibility put former only.,2026-05-10
1966,1478,606,2,Marriage him speech owner degree customer civil my long in contain alone view.,2026-01-29
1967,1815,15,1,Career wall ok remain economic look well right land watch choice idea.,2025-05-21
1968,236,123,1,Difficult know go try meet during commercial.,2025-10-06
1969,1247,66,1,That story itself shoulder here more organization.,2025-03-13
1970,1452,889,4,Anyone appear grow military painting event right daughter night very food.,2026-02-20
1971,1323,358,4,Various just out word fight nearly you visit example personal blood.,2025-12-29
1972,1841,773,1,Many write trip door gun music change particularly may.,2024-11-13
1973,1468,906,5,Able mission bed my paper military tend when option.,2025-04-21
1974,137,805,4,Require good model firm close operation city major only control.,2025-01-10
1975,510,395,4,Leg clear first may let medical beyond her near character media win.,2024-04-15
1976,1517,837,1,Contain apply want trade song left significant through seven probably.,2025-08-14
1977,374,855,5,Yard TV gun clear food these huge.,2025-10-27
1978,1190,135,5,Feeling seat rather again local include throughout kitchen officer.,2026-05-19
1979,508,99,1,Evidence bit church fly follow situation not word I second green without.,2024-08-26
1980,999,76,3,Against field want future nature my herself song whose determine group.,2025-03-17
1981,1147,874,2,Section stay cell him go all expert life but can.,2026-05-21
1982,1128,506,5,Than late writer also soldier when collection.,2026-01-27
1983,297,333,5,Prevent sister religious toward however at suddenly.,2026-05-30
1984,733,722,4,Prevent foot piece assume behind office beyond less key make happy general.,2025-12-10
1985,1954,365,3,They late run carry animal my.,2026-01-24
1986,1592,721,2,Development region serious expect sister financial able pay.,2024-11-06
1987,1036,551,5,Couple add glass several option learn traditional price imagine must wish.,2023-11-20
1988,239,587,3,Strong window just data knowledge nearly these officer human.,2025-06-21
1989,1052,438,4,Color make trial suddenly study radio begin friend clearly boy.,2026-02-02
1990,1214,949,4,Foreign trip page above social company decision cell health notice I food.,2025-12-10
1991,816,774,1,Cause describe member structure best thousand final charge ready address professional.,2025-07-11
1992,536,379,3,Reduce those leader food after drug establish example collection look always.,2025-11-30
1993,1942,93,1,Nothing nor standard safe tell police street require.,2026-03-01
1994,477,50,4,Author sometimes type color time relationship role serve executive.,2025-12-05
1995,283,768,2,Scene use west easy anything value change three style economic voice into old near.,2026-02-03
1996,1349,965,2,Kitchen page herself avoid along again language now.,2025-12-27
1997,191,417,2,Million whom example off expert organization character serious simple phone low either world.,2026-04-07
1998,1302,524,4,Stop our eight of federal bed important size plan.,2025-10-04
1999,1477,589,1,Trade pressure bill without security hard.,2026-05-30
2000,1866,914,2,Rock family able degree director speak high will stage from.,2025-06-05
2001,882,277,3,Author poor president how friend threat clear growth necessary single few behavior.,2026-04-17
2002,1509,262,2,Study partner at southern small person when court challenge center explain lot help.,2025-08-15
2003,1966,969,5,Travel even majority position involve miss.,2025-02-25
2004,1931,565,2,Majority film two college pull you degree anyone outside site second.,2025-03-20
2005,923,121,2,Out whose few seem statement follow business attack arrive somebody official method spend boy.,2025-04-08
2006,1230,816,5,Quickly team fund support pay hear.,2024-07-28
2007,1642,617,5,Affect join type federal some consumer.,2026-03-14
2008,1461,336,5,Help suffer movement join central how remain social.,2026-02-06
2009,1997,533,4,Evidence carry then leader anyone pick guy near.,2024-03-23
2010,1372,270,4,Wait television decade must section his nearly pattern pattern.,2026-04-07
2011,1878,341,2,Section no seem attack hit must.,2026-05-09
2012,1156,535,4,Above law between there about reach society.,2025-03-13
2013,533,212,3,Street vote news kid board star three challenge man dinner throw.,2025-12-12
2014,1831,186,2,Start expert amount toward action thought goal truth.,2023-09-14
2015,437,22,4,Throw yard decade middle very south thousand story leave indicate.,2025-09-07
2016,717,713,1,Hear contain happen soldier start thing resource eat stay but town big.,2026-05-02
2017,1081,313,2,Piece pretty mission sell major by identify democratic protect lawyer hour break cost.,2024-01-31
2018,1803,72,3,Six message audience of approach doctor much size industry.,2026-04-20
2019,1037,767,1,Leg view yes red store too.,2025-05-21
2020,1442,463,4,You field truth challenge bill Mr travel make hit international anyone history.,2026-06-01
2021,171,34,5,Common teacher would key although professional serve.,2026-05-05
2022,949,63,4,Together light senior assume where wide.,2025-09-13
2023,66,818,2,Example cause for trade our information.,2025-07-01
2024,1244,114,5,Space religious song trip style dinner ask continue full later least performance.,2026-06-06
2025,1653,232,2,Decision education very fall administration food sit heart second talk school.,2025-11-17
2026,96,441,5,Customer national life wind reduce know size later sense structure son administration.,2024-02-10
2027,310,952,2,Growth benefit everything can policy major account region mother.,2024-09-30
2028,1997,32,1,Use discussion approach prove prove age.,2024-12-23
2029,1811,623,1,Several clear strategy approach she civil.,2026-02-15
2030,1976,981,5,Couple approach foot identify miss prove positive once.,2025-05-07
2031,1138,392,1,Third feeling economic media and develop keep federal who.,2025-04-07
2032,918,630,5,Five remain man own kitchen approach until local husband.,2025-12-10
2033,483,392,1,Serve cause apply low go attorney father parent hit something better.,2026-05-29
2034,1231,321,2,Lot consumer reflect control value six western its reflect indicate knowledge start.,2024-12-08
2035,1008,921,2,Herself me nation can draw animal job agency debate social player.,2025-11-27
2036,373,592,4,Figure clear away wait thousand strategy north sell simple cost seat fight.,2026-02-05
2037,1229,518,3,World people role onto pretty less fine company.,2025-06-17
2038,358,712,5,Song get decade too audience ok.,2026-01-08
2039,563,742,2,Director former add bar who need radio happy military anyone his.,2026-03-16
2040,96,729,3,Simple scientist personal happy north perhaps coach better star.,2025-08-13
2041,909,208,3,Worker network reach seem particular entire small phone and.,2026-05-19
2042,786,684,4,Little force tough star various various.,2025-10-28
2043,1641,980,4,South PM enter pattern war yard water bar camera feel all kitchen.,2025-02-13
2044,1751,198,3,Discussion deep quickly light these white make do prepare pass home man industry.,2025-09-03
2045,783,118,5,Arrive exist put career write you those remember business use day but local.,2025-04-07
2046,867,387,3,Though heavy make act affect every station now interview.,2026-05-09
2047,1574,100,5,Interest market drop collection third media understand finally answer which production wrong draw.,2025-08-17
2048,204,537,3,Including authority relationship animal public purpose.,2025-05-21
2049,544,715,1,Media budget situation somebody improve nothing heart hair else tough.,2025-02-07
2050,1869,40,5,Defense environmental similar machine consumer point key conference beyond west occur return analysis.,2025-12-08
2051,58,6,2,Size gas city hold certainly attorney after us student.,2025-05-17
2052,1047,13,2,Space method interest piece effect land its player according floor popular.,2025-12-04
2053,714,886,5,Picture board size general worry citizen defense somebody purpose for some development.,2026-02-03
2054,1645,179,5,Member seat buy figure site culture.,2026-05-25
2055,40,295,3,Assume agency movement now interesting whatever believe factor best reduce glass main size.,2025-11-27
2056,1755,941,5,Identify laugh account ago institution last model growth all director.,2025-01-03
2057,1166,572,5,Size contain explain suggest safe stay realize performance be expect meet.,2024-04-19
2058,1712,764,2,Western cup however six body positive guess notice get network.,2026-05-09
2059,1962,309,1,Something grow week population military road raise TV.,2026-02-05
2060,1471,894,2,Message could trial black effect successful.,2024-12-09
2061,1477,286,1,Commercial nation onto already executive cultural item per ever change still Mrs care.,2025-12-11
2062,319,466,3,Decade performance president number weight buy expert another have both.,2026-04-15
2063,965,491,1,Staff summer truth really wonder government hundred my.,2025-04-16
2064,1704,685,3,Project matter protect century sit food.,2026-04-05
2065,444,46,1,Process should bit push food arm order check occur parent light.,2026-03-25
2066,1245,611,4,Improve really she may center traditional.,2026-02-05
2067,1988,727,5,World run cell whom true leg note rule.,2025-03-17
2068,1059,889,5,During dark why side difficult tell score small well out dream.,2024-07-15
2069,1893,728,3,Big detail must door poor interesting pick student.,2023-12-21
2070,1746,192,2,Thus me choice offer difficult practice.,2026-02-22
2071,1232,617,5,Whose challenge drug and particularly defense deep simply leave there long animal write.,2025-02-04
2072,89,315,1,Church personal only cover discuss child yard second future point resource.,2026-03-05
2073,190,605,2,Western laugh writer design they our fight traditional bed sport full table.,2024-12-27
2074,713,636,2,Program strategy discover follow trade certainly traditional oil shake.,2026-04-22
2075,420,284,1,Partner all top whose seek response audience best industry top require site deep.,2025-05-17
2076,197,609,5,Keep part treat note most him garden speech.,2026-01-23
2077,1916,741,2,Door Democrat line record ahead baby sit scientist product four.,2024-12-28
2078,1924,616,5,All court old figure five film key develop door surface technology let.,2026-01-31
2079,1788,275,3,Moment sister candidate know decision training picture town goal like itself.,2025-10-02
2080,1599,318,3,Act huge could teacher trade prevent report drug image.,2025-09-11
2081,1341,485,5,Six my between six pretty Republican your bad letter behavior detail center.,2026-04-28
2082,169,182,1,Return indeed from animal party check official man happy movie paper million.,2026-01-04
2083,122,435,3,Mr author attack art card pressure whether.,2026-05-09
2084,1026,190,4,Answer pass degree group nor recognize matter certain much environmental well series store.,2025-12-03
2085,784,16,3,Religious tell statement like figure treat experience.,2025-06-10
2086,1310,103,5,Design if husband natural candidate second set woman section animal enjoy.,2026-05-06
2087,1060,51,4,Today and be south bar heart couple reason himself word some goal environmental.,2026-01-05
2088,722,491,4,Try occur media environmental sure reveal star both finally measure group.,2025-07-26
2089,1385,623,3,Few next outside question lot near economy.,2025-10-23
2090,954,428,2,Street describe clear billion sort issue produce support would notice pull.,2025-11-16
2091,200,804,4,Response million reveal win bad street medical away.,2026-03-26
2092,988,244,4,Mention short receive entire education involve blue toward list work page policy clearly.,2026-05-17
2093,674,953,5,Including capital pick community enough front Mr probably far range value.,2026-03-09
2094,942,944,1,Price relate and central capital community Mrs stay boy.,2026-05-02
2095,653,367,4,Property charge something former resource good new never water phone full.,2026-02-18
2096,1869,942,3,Owner system happen small dark natural relationship when chance thousand especially any.,2026-05-30
2097,1100,936,5,Political cut happy toward attack important kid certainly Democrat season increase morning.,2026-05-10
2098,1438,862,4,Day against physical tend meet other include behind knowledge up.,2024-07-03
2099,1414,870,4,Run throughout Democrat energy world wrong fact accept remain hair magazine security approach.,2026-03-15
2100,1674,940,3,Light learn middle best career spend determine threat.,2026-05-16
2101,1118,54,4,Throw or yes owner tough avoid window little quite.,2026-05-24
2102,76,313,5,School current include history daughter themselves herself election stand.,2024-09-20
2103,1062,495,4,Senior affect season sit pick risk garden bring shake.,2026-05-19
2104,221,728,2,This down southern employee little thousand they full I indeed heavy.,2025-04-23
2105,320,720,1,Red section seek future scientist study ability and energy remain.,2026-01-14
2106,638,698,3,Way own east company eye budget hotel.,2025-08-28
2107,1138,130,1,Network production image daughter media entire.,2026-01-14
2108,1519,190,5,Black five group local issue choose ok.,2025-12-30
2109,3,427,3,Sea deep purpose cover stop role campaign small way move less.,2025-12-23
2110,729,373,3,Executive away sea spend work debate later create give score.,2026-02-03
2111,650,449,5,North according race service daughter front.,2025-12-29
2112,665,378,5,Interview standard head blood green major care.,2025-06-20
2113,173,686,3,Heart know contain ago husband worker effort.,2025-06-05
2114,1762,534,1,Unit budget different position pass executive name.,2024-10-24
2115,1322,568,5,Gas theory however raise data trip lose music responsibility week call.,2026-06-03
2116,371,452,5,Deep may morning economic class keep.,2026-04-23
2117,310,634,5,Country store meet security like over.,2025-09-24
2118,1834,274,2,Finish note within recognize do leader everybody let teacher action month against resource.,2026-05-11
2119,1565,35,3,Strategy future now accept bar usually experience sense.,2026-05-14
2120,1887,9,2,Weight remain moment bit government down end beautiful.,2026-02-05
2121,802,414,5,Must better remain trip structure myself international very home must agency.,2025-09-29
2122,1114,605,3,Feel young off deal consumer discover radio officer.,2025-04-18
2123,412,34,4,Hit north fire much no impact.,2026-02-16
2124,743,936,4,Dark finally after wrong chance audience service officer compare through product.,2025-11-21
2125,747,976,1,Amount act but himself near paper successful which whom own.,2026-02-09
2126,230,71,2,Professor resource must rise heavy sometimes.,2024-11-29
2127,498,591,5,Recently pattern ten front society explain.,2024-08-30
2128,865,855,5,Much room tough story well receive hospital hold green population artist name.,2026-04-09
2129,830,662,3,Strong discover to follow make generation both.,2026-06-06
2130,1654,857,1,Poor eat treatment guess film through leave figure write nor during experience.,2025-12-12
2131,1058,139,1,Discuss between music play young occur similar report sport reduce before focus crime.,2025-04-11
2132,736,458,1,East sell through push state scene wrong article manage successful.,2026-04-04
2133,1342,120,5,Reveal expect total hair operation meet walk dog in.,2025-03-12
2134,1536,931,5,Institution official page candidate push fill read become what.,2024-02-28
2135,270,143,3,Nature discussion back remain line lay out job charge mean sing risk.,2026-01-23
2136,1372,851,4,Social sense church visit feeling else.,2025-03-20
2137,563,930,2,Economic second technology discover long line one just page.,2025-09-23
2138,342,818,2,Head though effect someone economic space ago position guy.,2026-04-29
2139,616,515,4,Traditional people special ask according skill memory traditional realize.,2026-04-17
2140,52,966,3,Early far leg personal understand have time.,2025-01-07
2141,35,270,3,Pick west blue evidence especially body girl whom skill better go laugh.,2026-03-17
2142,1000,422,2,Less message report thought fine key mouth less debate.,2026-04-10
2143,1078,467,4,For lot out arrive painting city boy computer local side.,2026-03-12
2144,1255,596,2,Control director become form people natural rise themselves media education brother.,2026-02-01
2145,267,789,5,Father choice really either instead poor card town statement collection receive try miss.,2025-05-20
2146,153,193,4,Result right peace increase until because myself her far tax.,2024-07-06
2147,136,304,2,Admit specific control to remember crime term including hotel song design wear.,2024-08-25
2148,966,257,2,Week result give necessary else individual claim return with thing develop.,2025-02-21
2149,1416,463,2,Mention challenge could be act war site increase miss difficult ok important.,2025-02-19
2150,73,248,1,American among scene know energy clearly start economic develop system call body.,2025-01-22
2151,769,362,1,Charge happy season dinner health to born specific exactly yeah win choice memory.,2025-11-18
2152,1665,341,1,Ball speak entire suddenly especially when and authority today probably.,2024-07-28
2153,1827,995,1,Early drive local cultural former budget.,2025-07-10
2154,991,954,1,Stop imagine husband myself position official red above change strong pick yeah.,2025-06-03
2155,1845,269,4,Thought help account affect accept yourself agency six.,2026-02-02
2156,909,347,4,Time realize consider itself direction be effort turn.,2026-05-25
2157,630,787,4,Street continue scientist low yet feeling.,2024-11-26
2158,823,979,1,Social every peace from us partner they design.,2025-04-29
2159,167,717,1,As all music all thousand wear this.,2026-01-04
2160,61,561,5,Science prevent door tonight year support look idea base.,2025-12-21
2161,1559,999,2,Sea garden us market our international admit strong time kind.,2025-12-27
2162,122,9,3,Do continue fly information talk nice seven fill.,2026-04-21
2163,304,187,4,Miss lead speak smile over pick class nation pass relate one.,2025-08-09
2164,430,904,1,Anyone yeah identify him same left.,2024-03-12
2165,1657,316,2,Several protect food tough late appear fall too box sense.,2026-05-13
2166,43,531,5,Star yeah east store Mrs student much.,2023-07-04
2167,50,181,1,Price ready report control south short popular others significant expert newspaper wait.,2026-06-04
2168,1966,978,1,Project finally few military poor behind produce think.,2026-03-13
2169,1109,863,3,Present we agent employee a final one.,2025-10-19
2170,251,790,4,Case name write career student officer air sister state amount.,2026-03-29
2171,681,44,3,Option just share movie once hospital effort now story speech.,2024-04-21
2172,314,497,5,Like personal someone war produce rock trouble pull.,2024-12-09
2173,1192,88,1,Exactly single face argue responsibility environment each goal.,2025-02-18
2174,1085,58,2,Third president player father style future.,2026-05-15
2175,1091,390,1,Technology executive east so large single red pretty entire later popular her magazine.,2025-12-12
2176,702,26,3,Interview all tonight street without market long candidate.,2025-05-21
2177,1760,256,4,Than authority result sell employee likely eye meeting morning.,2026-04-10
2178,758,124,2,Early street source station story around effort whose through best.,2026-04-12
2179,347,957,3,Arrive girl interview small suddenly fine listen themselves as list explain.,2025-09-23
2180,749,917,3,Effect show born baby instead write fall.,2025-01-09
2181,1934,393,4,Assume for yourself difficult figure paper could nice tough small pull they four want.,2026-02-17
2182,1702,648,1,Girl action today push at far pass western simple market power paper whose.,2024-10-01
2183,21,743,1,Oil parent success box yeah commercial have or garden series.,2026-05-18
2184,370,988,3,Explain already school economic finish police occur soldier position statement tend.,2025-01-29
2185,1030,800,4,Should before sometimes college time story business fear lose music over.,2025-12-10
2186,1737,26,3,Full offer piece need would want article right walk beat war stop color with.,2025-02-28
2187,1373,232,1,Phone I word citizen him often sound.,2026-04-27
2188,606,992,4,Purpose appear mention though central can official finish best to.,2025-03-14
2189,102,361,1,Organization good behind address speak during glass administration.,2025-12-01
2190,239,123,3,Recent focus wide fast Mrs natural relate would include prevent state.,2026-01-24
2191,997,690,5,Effort speech floor energy local during resource production however food often lot boy.,2026-03-14
2192,1992,953,4,Matter eye than stand development officer notice economic customer state government.,2025-08-31
2193,1512,801,5,As maintain those accept situation four drug wonder.,2026-03-01
2194,1338,213,4,North middle nice would series allow into build camera throw home.,2026-05-29
2195,589,303,4,Lot example financial force girl look.,2025-05-12
2196,1676,529,1,Practice behind card dark discussion race simply.,2026-03-21
2197,958,463,2,Within structure institution center maybe democratic to table family.,2025-08-24
2198,488,651,5,Information act street since rather edge factor.,2024-08-23
2199,1571,585,2,Very almost third season theory wall possible stay nature low.,2025-10-27
2200,947,995,3,Beyond father plant answer begin recognize join.,2025-05-20
2201,1570,39,5,Politics ever knowledge strong majority candidate.,2025-09-25
2202,1574,247,4,Almost former employee see rather up similar.,2025-08-06
2203,475,828,2,Former religious value chair probably detail throw wide race.,2025-05-26
2204,120,286,2,Appear woman purpose line official information evidence better wind.,2026-01-26
2205,1689,432,5,Leg home computer sit key glass parent fly show daughter never American.,2026-05-26
2206,1020,393,5,Research study study drop prove property list.,2026-04-11
2207,504,208,1,Mother himself market time box any.,2025-05-08
2208,1667,967,1,Artist majority someone table support audience national suffer mouth popular will crime.,2025-09-14
2209,88,807,4,Wrong impact agency born behavior during how choose career toward report war admit.,2025-12-07
2210,168,310,5,Provide address hundred prove amount likely cold sea alone consumer character I.,2026-05-11
2211,842,47,5,Half them prove help beautiful forward hot hear federal land.,2026-02-13
2212,592,957,4,Moment deep local government lot poor when.,2025-01-08
2213,889,468,3,Moment while area morning president dark sense.,2026-05-06
2214,1130,415,3,Together seek example only again very far fish debate kitchen notice.,2025-05-01
2215,284,940,5,Occur box whose fear suggest list those painting attorney room run.,2025-10-26
2216,1458,736,4,Even month mean purpose already wind something week.,2026-04-04
2217,539,32,1,Future all while ever find moment.,2025-12-03
2218,1574,502,2,Two believe open month must address tell loss say quickly interest.,2025-07-15
2219,451,400,2,Physical significant may leg before support.,2025-03-10
2220,786,414,2,Theory hour continue consider little while attorney support tend you yeah day low.,2024-04-08
2221,1696,566,1,Ask large behind suggest country concern bring support parent meet mouth.,2025-03-05
2222,1973,838,5,Maybe take picture reality hotel civil education form history try set.,2026-04-13
2223,805,128,4,Just structure last art could guy several court difference have.,2026-05-20
2224,804,845,4,Treat amount forward do effort audience action send herself.,2025-12-13
2225,340,714,4,Attack hour become boy eye station position source protect role.,2026-05-09
2226,1668,919,1,Little attorney himself measure better friend even likely professional way range Mr cup.,2026-05-20
2227,1167,736,5,Move nearly student performance protect family strategy throughout same human itself onto truth.,2025-12-12
2228,1007,316,5,Center think pick may focus ability understand.,2025-11-03
2229,1231,116,2,Style message morning general hotel home week change could conference clear adult animal.,2026-05-20
2230,1666,837,1,Case hit recent result order give use.,2026-04-10
2231,1932,386,3,Security political tend near security day name threat scientist almost down minute.,2024-04-30
2232,94,889,5,Win end force item though debate chance day hot clear address science.,2026-06-04
2233,752,857,4,Phone human market painting though dog.,2025-10-17
2234,420,543,4,Particularly second head language listen share.,2026-01-26
2235,1045,215,3,Share response type test past free matter.,2026-05-11
2236,165,683,5,Simple cold cell challenge home billion.,2026-01-05
2237,719,946,5,Sea attention indicate hot many church.,2025-11-13
2238,668,866,3,Late simple act continue knowledge their entire than concern raise.,2026-04-14
2239,957,24,5,Network concern his the already specific great summer.,2024-12-21
2240,1651,866,4,Office material class evening degree four indeed number.,2026-04-02
2241,1962,690,1,Assume summer smile talk war herself answer response later arrive.,2026-03-28
2242,74,230,4,Home television personal lead capital here five.,2026-01-17
2243,429,281,1,Remember particularly order east window far physical yourself teach try rock level need.,2025-10-01
2244,1783,881,1,His marriage instead itself among we.,2026-04-27
2245,488,343,2,Bad over the research continue make knowledge pretty produce clear factor.,2025-10-28
2246,1074,666,5,Our more boy move production reduce lay board them cut.,2025-03-16
2247,316,450,4,Guy forget black model whether various down tough left kind mean word.,2026-01-25
2248,34,254,3,Another market voice deep discover fine reality anyone doctor sea score.,2026-05-04
2249,1968,23,3,Follow open tend with fact leader mean since citizen situation of speech.,2024-05-06
2250,1657,448,5,Service stay rise often card nice.,2025-04-01
2251,1471,188,1,Fall information young let level although whom education not structure until.,2025-12-12
2252,190,460,3,Social discussion language business course perhaps.,2024-08-16
2253,505,619,1,Will expert he would Mr billion knowledge exist south building look.,2024-11-22
2254,1400,292,1,Finally not record order family yet seat history.,2025-04-10
2255,1468,223,4,Have commercial follow live sit side guess hand benefit.,2026-03-17
2256,225,546,2,Growth follow institution foreign down bill brother instead everything church writer.,2024-07-11
2257,1906,228,2,Quite reality on hold response particular everyone.,2026-01-22
2258,24,510,2,Treatment successful expect they source us popular can.,2024-11-07
2259,791,834,1,Doctor forget nature build identify would.,2026-04-09
2260,1703,4,5,Same number us despite peace marriage road son analysis wall sign thing upon.,2026-02-24
2261,1227,87,2,Under every successful space cover matter different position.,2026-03-07
2262,386,99,5,Then these class person worry across.,2026-05-27
2263,1711,182,1,Institution place amount avoid environmental red time soldier assume back recently democratic level.,2026-03-30
2264,660,34,2,Congress set its debate yeah follow Mrs clear identify ask.,2026-04-28
2265,446,973,1,Art prevent must she call degree sister prove beyond truth too.,2025-09-28
2266,1880,142,3,Exactly customer politics middle Congress even alone half notice dog professor evidence.,2025-08-24
2267,999,397,3,All cultural probably serve season white method myself ball others.,2025-10-31
2268,949,822,3,Table these story news development follow chance peace close perform.,2024-03-17
2269,1480,8,2,Hundred democratic physical describe why word natural rock account set.,2025-02-20
2270,1741,474,1,Tend compare rule whether group standard.,2025-10-23
2271,1942,90,1,Per water power race line product physical thus safe product improve.,2026-02-15
2272,1209,776,5,Language commercial political current indicate office.,2025-12-11
2273,722,619,5,Once house page both sea people them race ten.,2025-08-17
2274,857,522,2,Today information stock change fall last expect report it pattern.,2026-02-13
2275,842,965,2,Old far some land seven politics itself red.,2026-04-18
2276,1083,953,1,Ground red account prevent night red challenge field magazine production.,2024-09-02
2277,136,330,2,Require institution local person statement why ahead four card whatever green near.,2026-05-02
2278,1626,130,1,Learn man light miss production cell while goal child manage up radio bar.,2025-06-28
2279,715,705,2,Power meeting life stand past gas behavior camera reality sit hard.,2026-01-29
2280,1851,467,3,Responsibility friend hit ahead our sister million question.,2026-02-09
2281,1569,581,1,Performance message city interesting occur defense executive fly realize western television particularly school knowledge.,2026-01-06
2282,1427,746,1,Reduce area marriage yard collection wish because computer nature.,2025-04-15
2283,687,886,1,Individual join various thousand maybe party case practice simply.,2024-11-10
2284,1807,517,2,Everyone story music system expect policy behind since practice record.,2024-04-17
2285,1820,564,3,Paper send couple keep teach prepare bank really.,2026-05-03
2286,1957,878,2,Brother society everyone most gas another hard chance mention look itself.,2026-05-06
2287,1858,27,5,Lead party plant other force scientist plant.,2025-05-31
2288,880,602,5,Western community four if must ground environmental but need while.,2026-02-02
2289,103,24,5,Successful per value growth public cultural specific parent change.,2026-01-15
2290,195,612,5,Language lead discover exist street partner.,2026-03-06
2291,242,544,2,Identify think less move rise small already no girl available late.,2026-05-21
2292,1248,402,2,Story late computer adult include but start form place along.,2025-07-11
2293,1520,94,5,War many effort ok upon imagine life goal.,2025-04-10
2294,1947,726,2,Style home lay house small official I paper scene.,2025-09-03
2295,887,305,2,Over note before someone actually wrong American yourself.,2026-06-06
2296,440,229,2,Interesting inside though foot field either no challenge.,2025-08-22
2297,1591,573,3,Much court employee seem TV when economy risk act camera.,2026-01-19
2298,831,71,5,Quickly until case safe data then hour chance cup blue think.,2026-02-18
2299,842,97,1,Phone yourself American hope themselves your development ask prove.,2024-05-27
2300,1003,60,1,Hope off from professor picture option.,2024-12-07
2301,375,912,5,Theory think concern style easy adult entire kid I part.,2025-09-09
2302,1844,951,1,Enter concern effect certain buy house.,2025-11-01
2303,1084,560,4,Make character story without section hit walk.,2025-11-22
2304,706,135,4,Measure include data reveal join lot together federal.,2026-05-22
2305,1483,101,3,Meeting decision painting box coach away foreign dinner note front old wrong record.,2025-03-10
2306,1763,264,4,Race local no sit official sell until student identify.,2025-08-09
2307,1496,578,3,Whom relationship test over and above.,2025-10-07
2308,1586,865,4,Clear community reach meet already must night media left fine finally perhaps population.,2025-01-30
2309,1420,547,3,Lose as goal catch suffer change drop believe.,2023-09-08
2310,505,800,2,Simple main leave let day civil machine.,2025-10-12
2311,981,31,4,Method evidence together high explain theory life tend learn.,2026-03-18
2312,1663,216,1,Eight professor avoid garden north myself among action action happen building will.,2025-07-12
2313,1026,202,1,Buy but prove old last inside cultural north role culture arrive.,2025-04-04
2314,823,639,1,Know sea where born offer edge account wish.,2025-09-07
2315,1234,113,3,But though table action available law.,2026-02-14
2316,1113,344,2,Ever clear among floor wonder fact partner occur ability administration government.,2025-01-06
2317,1908,687,1,Identify quite expert like bag investment quality meet realize break mission recent ball recent.,2024-11-28
2318,1715,255,4,During common describe lead event home.,2024-11-23
2319,1735,496,2,Sell left station understand explain change suggest authority loss then interview.,2025-11-28
2320,1441,293,4,Money note exactly friend social accept cause artist win late wait change our.,2026-05-28
2321,1127,430,3,Indeed always arrive billion teacher foot.,2024-06-02
2322,434,829,4,Region arm take only personal still room one specific kitchen institution child.,2026-05-04
2323,1792,945,4,They data find although far police develop traditional.,2025-06-17
2324,211,149,2,Forget increase window seven next fund be sure sell campaign defense book gun.,2025-05-24
2325,1461,29,1,Positive whether move beautiful seat travel support.,2025-11-25
2326,99,260,2,Admit foreign on manager paper quite discuss.,2026-02-19
2327,1571,62,2,Section range every writer alone address Mr lawyer card however sort.,2025-06-17
2328,1319,221,5,Draw whatever television data high describe that suggest cup.,2026-06-01
2329,641,943,2,May bed meet many newspaper in former.,2025-04-22
2330,132,109,1,Guy human shake political hour pay.,2025-07-07
2331,725,75,1,Eight through head front this final actually.,2026-04-23
2332,1984,270,4,Artist I office before compare admit wide student past leader hot.,2025-08-21
2333,1647,321,4,Nearly move deal image deal exist finish point tonight above church herself.,2024-09-26
2334,441,611,5,Determine operation hot after some white save group.,2024-12-14
2335,1763,352,5,Professional we feeling level sit scientist position discover away discuss audience night.,2026-04-29
2336,198,576,4,Building ability fact clear network surface executive son local world.,2026-05-07
2337,1183,661,1,Fast try last figure item value moment but himself computer from interest.,2026-04-05
2338,990,351,1,Stuff down tough media heart feeling choice notice cultural must.,2024-12-05
2339,450,981,1,Avoid instead story total picture toward world prove magazine family old left expert.,2025-01-01
2340,180,34,2,Recently miss opportunity performance history southern third history.,2025-10-08
2341,1814,929,2,Edge however plan last coach drop rock.,2026-03-23
2342,634,742,4,Child between buy understand today however customer.,2026-01-16
2343,1581,520,2,Cold control hear choice too debate sell poor prepare start camera.,2026-04-06
2344,1982,204,2,What land exactly agreement black do.,2025-07-20
2345,915,361,1,Almost group look method positive accept work become contain.,2026-05-08
2346,568,19,2,Machine official seek in language person real word appear marriage act old involve.,2026-05-29
2347,1204,818,5,May cover night necessary themselves mission.,2025-02-22
2348,960,319,5,Own bring other majority represent one leave seat realize environmental.,2025-05-04
2349,1649,232,2,Worker natural issue list design Republican chance political admit employee lead employee outside.,2025-05-29
2350,976,553,1,Few maintain program environmental walk exist coach large.,2025-10-20
2351,700,372,5,Yourself our whole shake minute center.,2026-05-26
2352,323,379,3,Somebody exactly minute hear PM push body data only short morning share.,2024-06-20
2353,1681,307,1,Join food father study wife appear security recently plan throw open serve.,2024-09-01
2354,1513,307,1,Than information need charge community hotel here.,2025-07-27
2355,738,505,4,Them great forget suggest soon low also rate cause top thought.,2024-10-16
2356,986,86,1,Doctor important between difference house ball attack partner happen project different.,2024-06-02
2357,1623,520,4,Mind magazine field near number top market.,2026-05-30
2358,666,965,1,Until former bed drop debate why.,2025-03-21
2359,1759,560,4,Main past truth woman medical room weight movement fill often century moment friend.,2025-06-30
2360,744,166,1,East environment base back offer provide look.,2026-03-04
2361,1981,749,2,Change sort father no community game social day similar affect half worry.,2024-09-26
2362,1882,975,4,Past ball play cut stop water happen.,2026-05-10
2363,1729,180,4,Story start way tell spend teacher operation just.,2026-04-22
2364,72,279,3,Issue door above out head national guess full discuss sure.,2023-11-11
2365,342,59,1,Among edge impact life radio true how Republican federal.,2026-05-02
2366,1678,35,3,Believe street pass recent entire season.,2023-12-01
2367,1448,505,2,Commercial dark other however pull clearly technology no control effect draw forward partner.,2023-12-10
2368,1778,870,4,Discussion shake sometimes simple lay like theory wide begin my eat pressure.,2025-09-19
2369,765,330,5,Firm member your possible kind off forward real.,2025-07-01
2370,725,734,3,Able own plan summer decision finish.,2026-04-22
2371,1976,216,1,Their rise know alone actually per focus cause leave claim system.,2026-03-08
2372,1342,702,5,Without hear next nearly morning same measure.,2026-04-06
2373,926,287,4,Air draw economic blue arm performance wind class condition.,2026-05-18
2374,731,864,1,Since so fall also find age guess use onto admit social pass instead.,2026-05-29
2375,571,19,3,Beat star card need career pay truth run lose forget week.,2025-03-11
2376,1471,873,1,View figure radio floor usually enjoy economy book gun control turn far day.,2026-06-02
2377,660,501,1,Different project federal size TV pay shake fire board around write mission several.,2026-04-03
2378,1836,495,1,Bit education reduce physical bit economic bit represent small never.,2026-03-23
2379,915,235,4,Usually tonight finally air people not question herself tough glass nature American.,2024-10-31
2380,1977,229,2,Reveal car new about although much song parent before.,2023-12-08
2381,1861,945,2,Black peace majority executive responsibility center piece sign main.,2024-08-16
2382,1186,183,2,Oil down key newspaper weight agency admit respond ground lead.,2024-03-29
2383,987,555,2,Consider wrong serious ago write hit just who institution become decision source.,2025-09-15
2384,917,533,5,Increase whose per improve behavior determine true standard management away enjoy manager.,2026-05-25
2385,736,702,2,Successful west year wife opportunity popular.,2024-05-30
2386,790,964,2,Dog language happy market win movie.,2026-03-12
2387,273,860,3,Water weight sit others notice unit pressure own care outside option.,2024-06-06
2388,118,461,5,Technology bag someone cost night property smile Mr wish despite yourself dog.,2025-12-21
2389,893,450,1,World summer perhaps arm resource miss establish then month.,2024-10-24
2390,589,57,2,Water commercial report dog black member contain easy democratic.,2026-02-19
2391,1170,714,5,Official through side reduce final say minute watch rest few too shake her.,2025-01-18
2392,1122,570,1,Capital election major rich point may fall federal themselves industry.,2025-07-24
2393,1005,752,1,Sea along Republican interesting special imagine policy long Congress single.,2025-01-12
2394,1587,564,4,Their eight campaign represent kind into officer seek word loss market.,2025-04-29
2395,1323,420,4,Hot source baby of live agency yet prepare.,2025-06-30
2396,1039,952,4,Religious learn give enough top not even real even side.,2025-12-29
2397,842,941,2,Name politics cause business force reflect his dark.,2025-03-22
2398,1225,657,2,Together industry face throughout seem clear.,2026-05-04
2399,516,600,4,Magazine stand ability eye what guy Republican decision source forward improve collection.,2025-07-05
2400,1842,781,2,What together game science society nothing.,2024-09-02
2401,292,884,4,Maintain green smile central assume ok service feel nothing within.,2025-10-17
2402,897,386,1,Participant nothing drop consider book church along.,2025-08-19
2403,31,537,4,Management option security quickly person case clear.,2025-05-16
2404,565,35,2,Member bad sometimes still purpose give myself.,2025-06-30
2405,1935,186,5,Food ready make feel listen character.,2026-04-14
2406,1857,120,5,Ball dog building and organization purpose recent anything moment want yard.,2026-01-15
2407,1691,603,1,Chance student life seat set key card.,2026-04-30
2408,51,880,2,Morning campaign entire own culture daughter lot continue.,2026-01-27
2409,1913,548,5,Push military break after situation issue.,2025-07-19
2410,1993,637,1,World dream member last these movement area region.,2026-06-04
2411,89,597,1,Record do several break order discuss cell evening expert game interest world.,2025-01-12
2412,1905,259,5,Likely exist Mr employee arm employee ok road put news.,2026-03-11
2413,867,938,1,Teach hold laugh determine check they century peace sign old but than.,2025-06-30
2414,807,542,4,Research ground concern visit white after.,2026-05-23
2415,794,583,4,Base TV place feel maintain tax ability establish hear general sing whom.,2026-03-25
2416,487,976,5,Address allow say television red part fall each over day ok year many early.,2025-02-06
2417,1424,766,4,Join idea federal work really machine particular visit feel relate specific.,2025-12-25
2418,1250,129,4,Without score personal sister must laugh nothing new particularly once environmental quite.,2025-12-16
2419,1647,392,2,Build fact model few college probably.,2026-05-06
2420,441,654,4,Despite him western community son stage design.,2025-11-15
2421,1471,526,1,Rock natural ground blue term before whose civil phone economy reflect common.,2024-10-24
2422,1113,626,3,Enough line role head door event financial.,2025-08-22
2423,801,80,2,Listen certainly ball often wonder anyone affect choice information relationship reach follow push.,2025-08-04
2424,537,198,4,Country memory program receive safe country measure social single same seven character citizen.,2026-04-30
2425,1407,555,2,Name front fast service north beautiful body yard.,2025-08-10
2426,418,608,2,May pretty act trial through country.,2024-07-30
2427,1560,908,2,Clear part look spend trade just everybody network before adult anyone writer.,2026-05-23
2428,135,506,1,North before knowledge air must land for reflect yard many will second cell.,2026-02-11
2429,1855,523,3,Six PM watch operation charge contain official modern gun beautiful address lose.,2024-10-21
2430,1243,115,5,Perform cut art staff sort rate environmental bag.,2025-04-29
2431,711,630,1,Enjoy standard feeling boy social top you sea image.,2025-09-14
2432,13,457,4,Major town in marriage who form open.,2026-05-21
2433,1920,303,3,East according do its smile hear wall would suffer easy evidence.,2026-04-11
2434,655,908,1,Party majority level ask party single sound hard hair bag onto.,2026-03-01
2435,1986,376,2,During international school media evening seat force into role tonight respond.,2026-01-20
2436,1545,403,2,Different manager need win enter would it newspaper culture.,2026-05-31
2437,1926,7,3,Prepare tax everything fire guy wind organization.,2024-06-15
2438,596,248,4,Baby a attention air theory alone pull agreement.,2023-08-03
2439,210,334,2,Role her doctor region ability bit.,2026-05-27
2440,951,131,2,Box official better responsibility not memory them from free consider manage.,2025-06-26
2441,1650,272,2,Black several notice arm dream recognize whole.,2026-03-13
2442,1496,886,2,Agency idea person compare he how.,2025-09-28
2443,1503,356,1,Write figure movie scientist eight let simple tell director great.,2026-06-03
2444,938,189,4,Cup environmental threat area into order agency north baby prevent price while if.,2024-07-02
2445,772,419,3,Life interesting star that summer onto life performance church the.,2025-06-05
2446,786,917,3,Direction start common west see foreign everyone.,2026-04-22
2447,981,246,3,Phone program senior page coach important provide.,2025-06-02
2448,643,364,3,Without must ready lead week resource line month.,2026-03-05
2449,1697,746,1,Practice order pick thing off international top.,2025-08-10
2450,765,277,4,Training item she quality so thousand meeting week voice unit become including.,2024-05-03
2451,1637,782,1,Draw phone oil quite require travel third off.,2025-11-11
2452,1301,86,4,Buy floor deal knowledge beautiful imagine.,2025-04-06
2453,1456,506,1,Word soon feeling source government feel couple see bad everybody body call.,2025-09-26
2454,1278,671,2,Government range space cause any car walk dinner sport.,2025-05-17
2455,1174,436,4,Friend stage response sort recently authority.,2024-05-27
2456,1450,50,1,Everything indeed impact player receive compare know there perform enter.,2024-06-02
2457,219,638,1,And lawyer give can our consumer own hot choice inside final off it.,2024-04-02
2458,683,972,4,Likely cut practice song ball offer by.,2024-06-06
2459,135,425,4,Be page everything itself wear effect sea.,2026-05-31
2460,235,343,3,Rest threat wish play pressure and clear stage citizen pull either.,2025-09-07
2461,985,405,1,Land interesting check bill whole end.,2025-11-21
2462,1250,850,3,Major experience sure another foot our order economy year.,2025-02-08
2463,1458,310,4,Three black parent admit catch everyone young no.,2024-08-08
2464,1454,643,1,Ready firm across news able sound design behind participant pretty.,2026-05-07
2465,1934,935,1,Environmental carry Mr case edge fact particular either often cold involve democratic cold.,2025-10-22
2466,363,12,4,Energy like magazine tell group rule green pressure health case democratic science next.,2026-04-15
2467,1173,25,4,Energy market short oil water PM toward organization.,2025-03-22
2468,1163,546,2,Forget hour organization hour truth body set.,2026-02-01
2469,620,562,4,Rock capital song east method during those leave three set cut.,2026-05-30
2470,1510,977,2,Or director stage information out serious.,2026-05-28
2471,1832,237,1,Prepare we design deep technology time program face.,2024-06-28
2472,1094,919,2,Shake draw reach break force may receive moment father deep.,2023-09-14
2473,1783,46,4,Production rest sport audience society kitchen water camera sport level community.,2025-07-17
2474,622,574,5,Plan language information free live relate hear herself year parent happen explain rise.,2026-03-03
2475,157,958,2,Miss interesting include appear glass only owner space stand.,2025-11-19
2476,1611,463,5,Attorney enjoy prepare eye lay small list research woman.,2024-12-30
2477,1628,778,1,Character little act tree room seem.,2026-03-13
2478,19,89,3,Vote hot around range school let away early tend you.,2026-01-26
2479,1016,422,2,Rather eight though fire next car pass kid bring.,2026-03-19
2480,1676,197,3,Fish treat fund boy such campaign listen adult important fast move involve.,2026-03-10
2481,1752,525,4,Choice born should trouble upon store lose maintain thought still wrong effort.,2025-11-21
2482,1886,234,4,Stage edge PM box out happen do road high someone bank mind.,2026-04-09
2483,1984,955,5,Sell often might act far believe.,2026-03-01
2484,1567,316,4,Personal sing peace realize computer old public choose side sign much.,2025-08-25
2485,1605,136,4,Rich million great with American professor move knowledge quickly woman.,2026-03-16
2486,1082,6,2,Name hair behind water mission yard culture body war account.,2026-06-04
2487,1413,239,1,As main build note dark whole morning million attorney soon find sell.,2026-03-04
2488,1276,556,1,Tax beautiful reach thousand morning air improve really.,2026-02-18
2489,903,227,3,Up name in such piece cover style purpose.,2025-06-02
2490,414,846,3,Hope sea against gun student carry employee.,2025-08-22
2491,1834,721,3,Particular oil major stop impact prepare against newspaper worry fine word up.,2025-12-01
2492,1313,654,5,Writer notice star tell ball state laugh response turn two town focus nothing.,2024-08-23
2493,27,77,3,Senior step lawyer mention become whatever home Mr use join up only.,2025-10-01
2494,1441,851,2,House however get magazine instead human.,2026-01-09
2495,524,637,4,Cover chair capital cut traditional give.,2025-12-10
2496,857,15,2,May value second laugh care involve conference detail choose defense education.,2023-12-22
2497,1698,603,1,Something tell feeling exactly window worker front what.,2026-03-24
2498,469,760,3,Throw program hundred practice crime PM business.,2023-10-08
2499,394,295,1,Information particular oil appear much on.,2025-09-11
2500,564,888,1,Ground model college truth blood strategy.,2025-01-08
2501,1238,762,1,Real mean marriage can evening fall rule civil him kind low account cell.,2025-06-10
2502,287,288,1,Around once before operation similar letter other see.,2026-04-16
2503,89,508,4,Ahead machine senior company likely area two son member will that sometimes.,2025-09-05
2504,766,43,2,Enjoy enough with process upon civil draw single machine.,2025-07-03
2505,758,612,2,Name often better late record find list.,2026-01-18
2506,1248,355,2,About generation glass institution detail type recent believe decade natural record.,2024-07-23
2507,1556,772,4,East live all girl nothing need them movement realize data camera will ok.,2024-10-26
2508,1813,162,1,Without never share book animal court agency media stuff newspaper difference many.,2026-04-13
2509,383,562,2,Sister perhaps bag might admit sit.,2024-09-16
2510,1695,467,2,Cut voice really lose national concern must get television them reflect then.,2025-01-26
2511,1002,830,4,Tell government structure evening them red keep apply high she beat.,2025-12-31
2512,190,97,1,Particular worker country rich yet pattern senior trip government.,2026-05-14
2513,1990,261,3,Myself language scene food run half red rise.,2025-08-18
2514,1117,620,4,Part structure phone read east control lawyer kind indicate peace have source.,2025-06-27
2515,1877,520,4,Boy reveal member remember home rule.,2025-12-31
2516,138,985,5,Question free suggest inside bar require property.,2026-03-28
2517,1017,106,1,Fall this animal ago media walk director.,2026-05-06
2518,3,611,1,Let dark decade much drive option.,2025-12-31
2519,371,351,3,Keep kid yeah level against rest visit center rich quality structure.,2026-05-30
2520,1574,22,1,Bill around law sign might news.,2025-06-27
2521,683,521,4,Range allow laugh morning common view training total.,2024-05-30
2522,1049,433,5,Result entire southern federal whose notice green.,2026-01-23
2523,234,249,1,Various pull writer while security traditional score community.,2025-09-17
2524,281,16,2,Source work street they rate might.,2025-12-15
2525,1992,616,4,Travel government experience very tough sister account task value.,2026-01-08
2526,1268,803,1,Stay they may improve across local name three our already environmental Democrat.,2025-07-06
2527,261,825,4,Wrong energy determine subject anything anyone reduce network mind front onto best.,2024-06-27
2528,694,393,3,But yes color wall wait down standard hot model let employee recently.,2026-03-27
2529,57,386,3,Conference popular keep us wind close certainly herself same stuff arrive.,2026-05-04
2530,1759,590,2,Performance place PM manage create indicate range character west bring including rock.,2026-04-08
2531,524,273,3,Half response last agree face style her ball only energy.,2026-04-08
2532,1859,2,4,Idea someone admit strong offer quickly subject into.,2025-02-04
2533,1650,626,5,Teach though drive attention site national government then sport.,2026-01-11
2534,456,137,1,Address energy decide be short TV there most current.,2026-03-23
2535,499,182,4,Discover tax pull very energy record pattern figure member never energy.,2025-03-07
2536,72,82,5,Not eight large continue deal quite cell state.,2025-08-29
2537,1626,86,3,Type parent cause likely someone benefit performance improve.,2025-10-26
2538,313,405,5,Dark really state they especially magazine central yard imagine any.,2026-05-16
2539,1551,267,5,Father yes agree design tend church.,2026-06-01
2540,660,320,2,Staff nearly figure responsibility news music.,2026-02-03
2541,17,720,3,Ever fast under open resource audience result note leave force reduce somebody.,2025-12-04
2542,1940,303,4,Last class current population in car opportunity behavior sister thought part way.,2025-07-07
2543,1568,876,4,Exist same network commercial avoid plant.,2024-06-02
2544,466,725,4,Southern deal appear occur kitchen push such throughout morning brother yard occur ready.,2026-01-16
2545,1215,345,1,Start deep professional fall spend girl edge security.,2024-06-23
2546,291,644,4,Anyone throughout turn hard past open together range movie door lay they.,2024-07-20
2547,416,638,5,Reality lose until change federal dinner room best product trade.,2026-02-12
2548,1510,724,1,Hard human foot civil game each control nor prepare.,2026-05-29
2549,844,719,5,Water name become although second purpose hope nearly skill sense perhaps.,2024-11-26
2550,479,430,5,Wait week find fire so act force all policy phone large project.,2026-02-26
2551,1210,709,3,Per nation me education see floor voice teacher traditional good computer wonder.,2025-08-01
2552,1048,465,2,Could fill list expert these address call early involve represent.,2026-01-04
2553,791,69,4,Without much either notice senior by guess.,2025-11-21
2554,1513,734,2,With item real cause computer right including know save admit water.,2026-01-01
2555,469,435,4,Most wonder teach what who read beat protect.,2025-07-12
2556,964,788,5,Catch recognize myself Democrat option ten appear police tree imagine memory.,2025-05-08
2557,1602,935,4,Citizen four interesting baby responsibility media might administration computer foreign partner away.,2025-12-06
2558,1259,77,2,Part present responsibility group upon senior I hair certainly research dark painting drug writer.,2025-02-13
2559,1708,509,3,Face note real girl art floor total over young some wife run.,2026-04-13
2560,101,454,1,Church collection across every cultural education series truth.,2026-03-26
2561,1501,126,1,Become understand community work use economic benefit fill sport color building traditional.,2026-01-15
2562,1483,92,4,Onto professor great from little buy produce involve road wall.,2024-08-03
2563,204,937,5,Least practice sort home similar rate stock pull gas community which since account.,2025-08-30
2564,1220,945,5,Woman four nature very rule job even difficult information notice factor relate.,2026-02-03
2565,872,873,1,Policy protect actually of manager wonder.,2025-12-07
2566,1004,922,5,Rather central now deep court part see sport family.,2026-03-12
2567,985,527,4,Hit best week close about represent.,2026-04-22
2568,977,433,1,Between summer and change week near write.,2026-05-10
2569,1743,843,4,Real feeling beat see truth expert sit happen show away high table age.,2025-09-24
2570,218,695,1,Above beat key series while high card.,2026-05-16
2571,1728,541,5,Father more candidate gas number peace believe window perform.,2025-06-12
2572,484,506,4,Lot simply add health consider still fast color.,2025-04-05
2573,220,538,5,Describe list individual determine carry so anyone.,2025-08-08
2574,1240,579,5,Wall imagine guy thousand defense degree.,2026-04-07
2575,1863,626,4,Person make agency sort focus receive score note turn board difference question.,2023-12-26
2576,1572,597,3,Record toward store ok film book never condition case bad number film hard.,2026-05-24
2577,1431,513,3,Mouth position budget to street enter week visit.,2026-03-20
2578,799,479,5,Happen painting evidence might chair car better community.,2026-03-06
2579,670,780,3,Child type middle in shake put.,2025-12-03
2580,242,148,4,Really project deep feel create beyond.,2026-03-31
2581,193,474,5,Foreign out black artist staff interview major top country direction compare.,2025-04-15
2582,991,768,2,Thank news win indeed grow who writer run far activity offer site home.,2025-08-30
2583,1455,466,3,Continue quickly but impact some entire staff serve tonight democratic couple.,2025-12-14
2584,703,164,5,Open trade full act yet who social.,2025-12-29
2585,13,15,2,Challenge hold drive social senior need soldier compare drive ball discussion hotel.,2025-12-06
2586,303,993,3,Get long today source value however interview past door address scene.,2024-09-27
2587,1012,559,5,Name consumer which local defense party couple challenge head military major none.,2025-12-18
2588,1606,846,1,Guess owner particularly skin senior determine international these work think couple.,2026-05-18
2589,62,848,1,Avoid country might rock name sort effect take floor know treatment others.,2024-10-23
2590,799,292,4,Body must TV cause do find third.,2026-05-28
2591,148,602,2,Why along themselves strong key research defense.,2025-08-04
2592,99,500,1,Full better service wrong similar state.,2024-08-06
2593,1251,33,4,Author say month nor society policy.,2025-02-08
2594,562,31,3,Process away thus allow unit action recent population make enjoy.,2025-08-28
2595,197,869,1,Only piece well position practice standard himself table.,2026-04-20
2596,1255,774,4,Expert education religious court treat know strong trial reality.,2026-03-31
2597,280,478,4,Move vote language fight type myself among traditional education word analysis then.,2025-01-06
2598,585,272,3,Significant long build indicate toward money entire rise language apply leg situation.,2025-07-19
2599,597,647,5,Produce six smile exactly standard focus company activity head arrive officer least choice.,2026-03-27
2600,1567,898,2,Institution painting worker difficult arrive best draw true provide star.,2026-01-26
2601,501,463,1,Hair us now black mission cause rule wear believe require poor realize lose brother.,2026-03-21
2602,1478,211,5,Compare participant former music talk according box.,2026-03-27
2603,1074,862,5,Follow positive attack new stop happy stop race these.,2025-03-07
2604,580,543,5,Art under us fast last arrive and manage wonder station.,2026-04-10
2605,806,236,1,Like democratic prepare always player standard month may purpose hand president.,2025-09-22
2606,103,629,2,For fear stay senior government reason.,2025-01-17
2607,1803,8,5,Another mouth drive quickly owner work enjoy hold rule.,2025-10-13
2608,1965,80,4,Toward mission your trial career do image idea have water recent give.,2025-12-18
2609,594,69,1,Right girl part everything interesting rock collection under red hair table should.,2024-07-02
2610,330,443,4,Staff into fill color business movement everything front call maintain message room.,2026-02-02
2611,470,803,2,Stock loss economy concern available first.,2025-04-19
2612,659,142,4,Security him campaign magazine suggest design world occur forget name before.,2023-11-18
2613,103,413,3,Relationship cultural night strong from own imagine item gas often couple.,2026-01-13
2614,1006,613,3,In up big page total western dream buy.,2025-11-19
2615,593,959,5,Total loss none fact deal then still despite next.,2023-12-29
2616,1197,369,5,Development everyone blue food factor fish little far.,2024-12-27
2617,444,278,1,Effect mouth network newspaper onto body clearly fish save interview during black.,2025-04-24
2618,1525,3,2,Life billion their quality clear remain city.,2024-07-09
2619,824,905,2,Wait son piece region could part resource.,2026-03-04
2620,436,637,4,American plan ten wind large for anything among available buy fish trade.,2026-04-04
2621,1708,66,3,Whole responsibility situation yet get shake behavior model recently lay interview network future.,2026-04-21
2622,1666,78,4,At attention recent worry scientist argue offer property.,2025-02-20
2623,400,572,5,Air dark good situation significant great.,2026-02-28
2624,1727,495,2,Raise sense challenge produce message world.,2025-12-10
2625,27,187,3,Him mind individual could clearly there film me.,2024-11-06
2626,1165,226,3,Wall article difference security ability home.,2026-05-31
2627,1680,927,4,Half ability Democrat let here only impact.,2025-02-27
2628,791,934,4,Enter wonder staff national public every hour house perform company over movement.,2025-08-25
2629,91,112,3,Break institution fast myself industry certain budget environment push rich respond Republican tend.,2025-12-10
2630,1349,890,4,Story risk as current energy already statement foreign these center find.,2025-09-09
2631,1012,965,5,Billion behind garden boy whatever point provide form nearly out prove.,2025-11-07
2632,1326,240,1,Will everyone upon voice traditional executive.,2026-04-07
2633,52,101,3,Choice anything specific still why feel score center.,2025-08-24
2634,1293,272,5,Carry garden degree million event smile camera structure.,2025-08-25
2635,303,270,2,Very compare magazine house never key various charge.,2026-02-17
2636,886,288,2,Field help cut generation nature many hit police alone partner.,2025-09-06
2637,344,364,3,Information game successful soon former full.,2026-04-27
2638,1776,587,2,Republican remember like lot business beat run continue change house wish.,2026-05-03
2639,1415,584,4,Develop would professor plant knowledge may also today.,2025-11-01
2640,1481,445,5,Shake write actually official small agree item true community leader item.,2026-01-14
2641,1212,866,3,Lot time return claim line develop image everything building beyond community.,2026-02-18
2642,1977,79,1,Pull new step once pass environmental wear give product sell.,2024-12-02
2643,1798,47,2,During whom want west item would system believe different manager art.,2025-04-06
2644,1158,974,4,Hear fish place small laugh season.,2026-03-18
2645,1713,93,2,Involve hospital none where reason light important late table once paper behavior.,2024-02-16
2646,1237,728,1,Training allow need air trouble teacher hear.,2026-04-14
2647,573,675,5,Space its effect hair range finish should one begin notice audience use.,2026-01-14
2648,218,700,5,Try rock would national pretty why.,2026-02-26
2649,1143,359,5,Draw wonder machine fight others authority wish or old.,2025-12-24
2650,134,384,4,Wife hand risk accept recently executive myself.,2026-05-05
2651,1575,710,1,Majority beat summer most scene protect crime.,2025-02-10
2652,1785,837,4,Dark outside despite level something hundred result improve.,2025-05-24
2653,1457,71,2,Compare its though early Mr discussion south beyond modern skin too oil.,2025-07-27
2654,1970,19,3,Home available allow yourself environment carry final use project get manage.,2025-09-30
2655,793,32,4,Worker thousand training smile say space manage hour act go compare.,2024-03-28
2656,1143,797,3,Young forget media tend team protect magazine.,2023-11-15
2657,1666,753,1,Sure include media I production window line responsibility election.,2025-01-25
2658,749,582,4,Money middle compare accept city take write left produce each start seat.,2026-02-26
2659,866,431,5,Site this hold arm example sometimes hour gas whether garden bit rock.,2025-05-15
2660,666,757,3,Base character buy attack difficult throughout standard.,2025-02-15
2661,1206,173,2,Form serious Republican each trial old.,2026-03-22
2662,1405,990,1,Than Congress grow investment ago no image remember tonight same wish.,2026-06-04
2663,780,391,3,Throw attack card prepare we trip something avoid behavior.,2024-08-04
2664,1434,471,4,Society debate machine story project significant again second language necessary make type prove.,2024-05-21
2665,1448,167,3,Its move back past occur control do modern camera value.,2025-02-25
2666,265,476,5,Piece draw first to artist manager power myself.,2025-12-11
2667,656,144,5,Already likely image pull different make may another investment three.,2025-07-13
2668,112,421,3,Take behavior kind create rock your former race usually speech various.,2025-12-27
2669,174,668,1,Seven appear sing ahead too television suffer.,2026-06-03
2670,1683,135,5,Sea up head miss message opportunity born price under plan.,2026-04-06
2671,183,690,4,Behavior power result defense level maintain.,2026-03-17
2672,1347,138,3,Reach child yes question teacher girl case talk blood people better.,2026-03-05
2673,1669,909,1,Performance inside cost six get same.,2025-12-14
2674,444,944,2,Each evidence change pull themselves approach four draw explain.,2024-11-29
2675,358,587,5,Mrs letter sister usually member black watch work whose.,2024-12-29
2676,1499,54,3,Mother public last bit style discussion bit.,2025-08-22
2677,1162,547,1,Score property care another cold type set.,2024-11-17
2678,734,991,4,Administration rock often statement only state.,2026-02-19
2679,66,598,1,Decision long drive however available check dog picture feel here.,2025-07-31
2680,1717,969,1,Feel will no me exist necessary push yard authority.,2024-12-31
2681,252,96,3,Central read production benefit court sell spend.,2025-08-28
2682,1071,831,3,Get my need much call show high total hit close body agree late.,2024-06-27
2683,1588,757,4,Score wrong though tend animal always live spend.,2026-05-10
2684,937,58,5,Source art already other team tell role speak.,2026-01-02
2685,117,92,3,Fear which important wrong fly draw television level.,2024-07-04
2686,1162,517,5,Stage happy about official west turn name.,2025-10-19
2687,250,289,2,National skin finish write fill institution customer single know wall when already.,2023-10-09
2688,138,643,5,Role find right condition especially either range politics.,2025-11-11
2689,1274,893,4,Case environmental each meeting teacher south pressure.,2026-05-21
2690,591,749,1,Kid certain change hour various pay free almost.,2025-12-25
2691,939,323,5,Door style beat adult fire guess bag director.,2025-12-28
2692,1136,802,2,Today agency instead participant office message.,2025-07-25
2693,1312,325,3,Feeling along tonight brother together per hundred course these year might deal.,2026-05-23
2694,1209,447,1,Deep practice safe conference hospital simply exist wonder fund street despite condition.,2025-09-14
2695,1469,121,4,Figure brother oil tree future sound bank sport television single hand color finally.,2026-04-16
2696,96,686,2,Standard pattern author accept usually red leader beat Mr professor sport.,2026-04-29
2697,615,141,5,Worry apply summer family form interview cold traditional body response.,2023-11-29
2698,1618,496,5,Right maybe statement to each suddenly whole authority animal issue event occur fear.,2026-05-07
2699,1782,585,3,Far maybe environment stock suggest western.,2025-05-03
2700,233,662,3,Cut rate player skin guy way.,2025-11-24
2701,1238,530,5,Sure hand current in too improve goal week southern loss risk general.,2025-02-09
2702,717,786,5,Event what drop ten rather rather.,2024-06-19
2703,145,635,5,They many very represent expect wear.,2024-10-28
2704,120,698,4,Rock increase huge resource size career culture government every buy house according key.,2025-12-06
2705,1419,409,4,Public discover five want five thus raise.,2025-09-26
2706,610,915,4,Church Congress southern lose majority difficult them side close understand bad soon either.,2026-02-10
2707,1338,275,1,Mrs do nice politics name one parent debate mean quickly training do four.,2025-10-25
2708,755,407,5,International understand fight general day tough.,2026-05-01
2709,1282,807,2,Reason board seek arrive arrive peace door fast.,2024-03-19
2710,1680,860,1,Sign data defense vote scene nor itself fire.,2026-06-02
2711,1413,530,4,Environment return computer apply high reflect make simple many unit any seek decide clear.,2026-06-06
2712,1340,275,3,Example anything wait around sing board environment least still unit own.,2026-03-02
2713,1377,373,1,Candidate keep with add determine term result establish somebody also whether somebody such.,2025-02-01
2714,1845,722,2,Fact local action though forget serious soldier tend against church.,2025-10-07
2715,1572,617,1,Human sister policy international administration arm once painting scene research.,2024-07-28
2716,1770,928,2,Support share like since hear yes.,2026-05-28
2717,1806,390,5,Skin go indicate whatever with want nation.,2025-12-21
2718,217,656,1,West effect nation by physical once whom leg him successful enough between garden ok.,2026-06-05
2719,628,232,5,Economic interesting staff example myself only media.,2026-01-23
2720,1660,359,5,Figure thank without social can moment keep himself us little project.,2026-03-26
2721,1388,758,4,Stay throughout maintain scene market meet later spend guy resource head eat record.,2026-04-30
2722,823,798,2,Decade meeting plan read tree eye mother wife never according worry.,2025-11-06
2723,296,900,2,Arrive tend into relate seek nothing impact grow.,2026-04-21
2724,1381,381,3,All term success follow a worry.,2024-09-06
2725,661,356,3,Thank Mrs place national hear help reveal lawyer simply.,2026-05-22
2726,730,924,1,Economic her everyone among remember everybody break hear.,2025-11-18
2727,567,840,5,First along rock card that family decision issue full yard describe book.,2025-04-23
2728,110,536,5,Necessary south chance place finally change I.,2026-03-25
2729,854,366,5,Age this general guy nor ago anything into take future time.,2026-01-26
2730,1040,420,5,Foot wind country raise court store student develop television herself.,2026-03-22
2731,1001,956,3,Rich image general bad stay agreement measure charge create million.,2025-09-15
2732,420,586,3,Product alone four more idea meeting fine.,2025-11-16
2733,1115,930,5,Hotel finally least unit she stop window fast section throw certainly speech song.,2025-12-19
2734,692,554,3,Method herself firm seem two say business drug discuss.,2026-03-31
2735,1776,141,2,Analysis soldier room century available road Mr magazine arm.,2025-03-30
2736,767,487,2,Friend time standard tonight remember include them step institution product.,2024-10-04
2737,1172,65,1,Day buy month actually foot number her get.,2026-04-12
2738,321,131,5,Those need leg type create yet go value of individual special major right.,2025-11-12
2739,1003,181,4,Five successful general list value energy remain.,2023-10-07
2740,1039,435,4,Land yeah these financial man page size life call stuff write plant.,2026-05-29
2741,685,198,2,Expect talk institution discussion someone tell decide work second.,2025-02-09
2742,615,785,3,Quite note make magazine door expect start about enjoy.,2025-08-26
2743,1942,114,4,Agree skill style certain operation court.,2026-05-22
2744,434,439,2,Six remain sign size court leader perform kitchen city good.,2026-04-03
2745,912,939,1,Exist soon exist down their thank thank possible lay for type ever area politics.,2026-05-13
2746,1482,356,3,Get cut structure health both despite year thousand.,2025-06-08
2747,371,416,5,Reason win travel every hard decade.,2025-04-12
2748,1450,73,4,Believe find phone project learn also name.,2025-03-30
2749,163,176,1,Cover television sell best wall position miss structure some TV.,2026-06-06
2750,838,186,1,Note little pretty will find growth behavior group commercial wall account upon.,2025-03-02
2751,381,6,3,Wife focus will view church war.,2026-06-05
2752,1936,847,3,Middle day policy interview part film score return property.,2025-08-03
2753,677,235,5,Draw story case group dinner find.,2026-04-08
2754,507,231,4,Senior simple any rock chair right inside two to wish brother cell agreement.,2026-04-13
2755,429,4,4,Money action budget poor level get effect computer size home window movie crime.,2026-03-04
2756,564,725,5,Animal science quite spring mind edge two grow property study.,2026-06-05
2757,823,208,1,Piece machine significant account economic as cost protect structure light price I left.,2025-11-24
2758,263,355,3,Position direction free expert loss television heavy though different interesting perform.,2024-04-29
2759,1375,839,4,Market maintain century should amount claim city plan.,2025-08-15
2760,1996,377,1,Reduce send what public view deal letter say worry pressure rest investment yet.,2025-08-10
2761,476,443,1,Evidence above use education concern threat spring north if energy bad any down.,2026-04-07
2762,1395,1,2,Arrive large every think cup make else officer perform thousand.,2024-08-21
2763,279,230,1,Realize chair character as store watch relate training general protect understand.,2025-09-28
2764,223,598,5,Purpose PM other indicate once four certainly guess.,2026-02-19
2765,1826,521,5,Religious campaign agree fine have fire during notice.,2025-12-27
2766,883,3,5,Include issue nor consumer whose defense difference.,2026-03-18
2767,1158,474,2,Unit real floor standard special health fight majority.,2024-03-18
2768,1700,82,4,Our action treatment push yard simple white hotel between right politics result century.,2026-04-20
2769,1470,270,5,Either identify threat recent heavy sign detail whether nor.,2026-04-15
2770,1399,380,4,Or relationship some a likely each address yet summer appear head culture.,2026-01-08
2771,1898,809,4,Stand life make day suffer few.,2025-06-05
2772,1054,29,5,Smile take turn traditional finally statement world purpose.,2025-02-28
2773,153,238,3,Set news age morning force start shake.,2026-06-06
2774,1305,301,2,Ready discussion matter I thought artist possible teacher cause.,2025-11-22
2775,1277,258,4,Play leg indicate activity assume site close move almost he.,2025-12-02
2776,702,419,2,Middle find table goal think speak.,2025-12-12
2777,728,162,1,Culture break TV majority score than dog whole top anyone again series.,2026-04-26
2778,888,400,2,Hand body Democrat similar instead matter near debate of author.,2024-04-30
2779,780,621,2,Ok senior low specific bad everything its.,2026-06-04
2780,1041,63,4,Never these sense eat before matter concern beautiful professional.,2026-04-07
2781,328,977,1,Make social standard offer question material full score cup.,2025-09-03
2782,48,671,2,Speak attention law group occur individual tend structure candidate art tree.,2024-07-15
2783,1258,547,2,Heart ground notice product upon food adult really run enjoy shake.,2025-11-21
2784,539,853,4,Friend natural value bar good hot your others maintain company.,2026-05-30
2785,780,658,1,After southern soldier mention painting drop prepare education.,2026-03-20
2786,1151,326,2,Enter enough recently pass participant single teach child week prevent girl personal.,2024-12-16
2787,863,495,1,Director boy thought might artist check sign each scientist western option.,2025-10-27
2788,1689,359,1,Effort lose evidence western month high together discuss.,2026-05-01
2789,630,617,2,Away animal sign let herself support buy idea none respond teacher mind.,2024-09-28
2790,1292,513,2,Main future class positive send operation ball current lose threat south say.,2025-08-30
2791,436,183,3,Trial necessary care several about hope beyond often relate and hear full vote.,2026-05-25
2792,1984,480,4,Worker today town coach speech ahead recognize near fear whom.,2026-06-02
2793,1243,817,2,Ready suddenly require economy base what teacher building sing.,2024-11-15
2794,760,38,5,Man including floor back run system respond kid mother best subject whom usually.,2024-06-09
2795,1186,693,2,Then thank like long capital firm case.,2025-11-10
2796,6,40,4,Tree evidence floor sense memory success security subject prepare.,2023-06-19
2797,1015,297,3,Degree game head central once development.,2026-04-21
2798,1687,953,5,Sing after heart include matter start dinner market.,2026-05-25
2799,211,899,4,Animal strategy partner data wind magazine individual last employee eat.,2026-05-21
2800,5,750,2,Wait compare check present music fund majority medical miss soon piece.,2024-11-20
2801,769,497,5,Least against police responsibility health policy.,2025-09-07
2802,1373,974,3,Action care coach fast summer TV respond job where role health need provide.,2024-08-17
2803,311,46,1,Large degree produce themselves leave manage Congress us difficult lead military field film.,2026-05-23
2804,1935,172,1,Husband impact difference have Democrat none site pattern house radio.,2025-08-07
2805,1504,887,1,Gun with tonight surface marriage hold pull recent with appear adult.,2026-06-02
2806,442,461,2,Set can look story develop century.,2026-01-15
2807,521,822,1,Line check movie take social information card dream.,2025-02-26
2808,1337,215,2,Continue maintain three data century friend before fill area bring.,2026-05-14
2809,1334,730,2,Feeling anyone admit attention become story table former.,2025-09-30
2810,407,145,5,Marriage environment church practice do television.,2026-02-21
2811,1929,306,2,Training surface somebody minute special discuss dark sell eye number add bill.,2026-06-05
2812,1099,425,4,Pick off north price author beautiful maintain.,2025-05-07
2813,914,173,2,Only Mr approach fall apply institution audience dream form record prepare oil growth.,2026-01-16
2814,854,86,2,Answer let prevent father author recent large memory group fire.,2026-05-12
2815,37,70,4,Simple score challenge network edge agent itself chair that.,2025-06-26
2816,1562,989,2,Price fear food organization white reveal able ground stay notice firm.,2026-04-01
2817,1612,461,2,Perhaps adult after for five bag gun fund full beyond kind.,2024-12-18
2818,1148,484,5,Rest democratic each save create other read.,2026-02-03
2819,467,69,1,Myself cultural shoulder history by throw each chance always example.,2024-10-12
2820,689,255,3,Necessary act car decision feel price.,2026-05-19
2821,1172,331,1,Maybe run house decide bring together necessary put remember different month.,2025-03-03
2822,1893,754,5,Special site vote feeling accept daughter.,2026-03-31
2823,386,894,2,Page religious vote among rather clear try.,2025-12-13
2824,1306,384,4,Personal simple one cost modern occur work sea.,2026-04-02
2825,1586,674,2,Nothing case the many matter too defense tend ten.,2024-12-28
2826,1416,363,4,Race even exist nearly fear treatment sister test role guy.,2026-03-21
2827,1325,5,4,Seem PM dark front audience check first however next wide.,2025-03-01
2828,1965,911,4,Share capital education house institution history daughter his across himself in.,2025-09-24
2829,1096,954,1,I executive future economy position song throughout turn.,2025-12-12
2830,1040,303,3,Stuff project thing wish rock floor brother evidence responsibility wonder.,2025-05-31
2831,1734,557,4,Fire office will beat interview table as.,2025-11-25
2832,602,447,5,Official physical as conference start film actually.,2024-11-27
2833,872,467,5,Follow fear sing government face front institution mention.,2025-01-10
2834,1940,366,3,Pressure it benefit enter system matter best that manager.,2026-04-29
2835,1999,138,5,Care his education enter rule ask vote everyone.,2024-04-18
2836,998,327,3,His avoid suddenly back peace talk great tend environment us already usually.,2024-10-21
2837,984,205,2,Decade apply training member week recognize couple whom size.,2024-05-03
2838,181,579,3,Brother make generation born region north article.,2025-12-31
2839,1842,130,1,Event others and decision direction attorney show.,2025-10-14
2840,399,199,4,Yeah once defense also school challenge out Congress force join network.,2026-04-02
2841,730,256,5,Must order book certain man same explain plan data science.,2026-04-18
2842,1147,706,3,Ground true over similar play may three continue.,2025-10-12
2843,1233,50,1,North room early stage response five sense let person.,2026-01-31
2844,752,522,1,Language defense institution onto believe nothing ok garden these well live artist mother.,2026-03-27
2845,1283,178,5,Late oil image north democratic carry many color bed near leader friend little.,2025-04-03
2846,1896,335,3,Eat agency customer behavior space forget spend name season address us.,2026-05-17
2847,1698,66,5,Word indicate contain structure put cup common dark even particularly.,2025-04-03
2848,1679,605,5,College almost room mother contain song sister.,2025-01-20
2849,899,301,3,Least four happy personal answer population worry his role many lead.,2025-05-13
2850,483,267,1,Suddenly fine decade home order lot cause watch system employee.,2024-12-24
2851,1783,316,4,Reduce even different cost real she her stuff memory hundred scientist seem.,2026-01-06
2852,1009,856,1,Turn modern land civil exist air back either nice.,2025-12-09
2853,1459,984,4,Already move her treat organization community and music region develop physical win.,2025-10-03
2854,1577,43,1,Recognize actually accept drive heavy among interesting expert civil material ball group phone.,2024-04-22
2855,1889,329,2,Simple machine ever concern such hear others girl quickly cut item us laugh.,2026-02-16
2856,739,76,2,Wide major my agent serious network range director image.,2026-05-31
2857,710,274,3,Fly quite truth ability anything cold likely audience painting impact.,2026-05-27
2858,278,811,5,South partner stand interest president still market mind spring focus.,2024-06-28
2859,1403,582,2,Mrs require final growth total ever.,2025-05-07
2860,1472,534,4,Yeah resource stand into find generation.,2024-07-13
2861,1586,428,2,Center lead nice when may heavy light list east huge.,2026-05-22
2862,392,939,1,Television amount second none wait kind.,2024-02-14
2863,1359,456,4,Beyond certain vote culture research stop degree center.,2025-09-26
2864,539,795,3,Require water young of shake contain decision right.,2026-02-18
2865,1058,965,4,Run produce avoid authority beautiful successful.,2026-06-03
2866,771,516,3,Billion first shoulder shake that name sign political.,2025-08-29
2867,33,342,3,Page three pretty data because language rate everybody responsibility nation area receive price.,2026-04-26
2868,1022,203,5,Speak let face send ago ask talk suffer candidate idea mind speak reason.,2026-02-22
2869,125,329,3,Behavior while improve when social have as successful cost instead away ground federal success.,2025-01-01
2870,51,714,2,Science lot heavy paper conference thing.,2025-12-29
2871,62,935,4,Man leader number religious street television pay whom according media return.,2026-01-18
2872,1873,348,3,Country rich court maybe factor interview computer several significant feeling really.,2024-04-26
2873,231,818,3,Director improve response people prevent level score follow Republican almost new build show.,2026-02-09
2874,378,449,4,Answer everyone option into wife rise race possible set occur area beat about.,2024-11-10
2875,1192,800,4,Popular avoid box already almost magazine tonight green operation but evidence author.,2026-01-30
2876,1175,689,4,Worker themselves try class I own where nothing price method attorney into.,2025-03-14
2877,643,282,2,Look manager again suggest but father reflect half only series coach financial now.,2025-12-22
2878,1042,148,2,Offer finally law suffer direction its have measure even.,2025-05-11
2879,460,327,2,Behavior dog wrong chance box trade reduce development area certainly.,2025-07-26
2880,897,541,3,Force heart benefit check risk point miss common land.,2025-10-02
2881,923,273,1,Then garden whole blood community statement draw.,2025-04-25
2882,392,825,2,Difference positive wear court view concern sign drug cost record fear need.,2026-02-04
2883,108,584,4,Good law staff into game coach mission.,2025-10-08
2884,1560,272,4,Particularly everything important and performance source offer newspaper deal they short.,2025-08-03
2885,700,677,3,Himself little necessary training since summer laugh defense benefit.,2026-03-31
2886,1452,667,2,Attention current call mother all understand but history black travel.,2025-12-27
2887,1412,171,2,Rest now site window data test if.,2025-06-14
2888,1411,331,2,Argue benefit my prepare language suffer those play morning heavy everyone factor man.,2026-03-21
2889,1047,154,4,Challenge coach view second into great worry.,2025-08-30
2890,229,741,3,East keep simply today already write according road plant all scientist.,2025-06-21
2891,207,671,3,Shoulder writer particularly performance whatever next cause attention seat she.,2025-04-24
2892,1383,833,4,Finally into himself stock ground trial something source leg human know good.,2025-06-28
2893,1060,193,3,For no family method born high media point share leader.,2026-01-18
2894,650,108,5,Them ask four shoulder skill charge will left certainly brother account it yes.,2026-05-10
2895,1334,568,3,One buy note history poor language tonight thought sister table deep position all.,2026-04-07
2896,781,409,4,Age sound information street state green.,2026-01-29
2897,1736,93,4,Store teacher rock still herself develop magazine will generation anyone pretty he.,2025-11-08
2898,1483,78,1,Debate state age former late science break step member scientist.,2026-03-15
2899,992,85,1,Send expect film leader provide take customer trouble media.,2026-03-27
2900,1677,354,5,Their road police study also score necessary now story.,2025-11-10
2901,1210,591,1,Dark experience material card of pay professional develop blood light popular suggest dinner.,2026-03-18
2902,327,76,3,Remember thank office officer major director watch arm drop.,2025-05-24
2903,954,262,1,Summer member thousand point eye partner far entire begin glass.,2025-12-20
2904,716,907,1,Little five both me field fire first white Democrat first national collection protect.,2025-04-07
2905,652,131,3,Image modern whom great myself your article your can century hair grow along.,2026-01-29
2906,1379,927,1,Perhaps relationship contain Congress court its can reason control common identify best.,2025-03-07
2907,1988,658,2,Republican bed some according executive continue range.,2024-12-23
2908,1752,64,3,Author however blue watch standard easy point race.,2025-09-09
2909,43,320,5,Agency high discussion bag late dinner.,2023-11-22
2910,1030,221,3,Meet concern gas husband as green would.,2026-02-25
2911,1034,432,1,Thing must apply begin campaign fear.,2025-08-27
2912,847,204,5,Serious include east election young hospital government Democrat affect us whether.,2024-08-28
2913,1843,779,5,Record dark also goal start certainly tough career organization suggest you effect.,2025-12-12
2914,523,494,1,Everyone official others two car late citizen arm time suffer democratic smile suffer.,2026-01-11
2915,641,891,2,Market blue language amount character structure raise project.,2026-05-12
2916,759,789,1,Product nature movie down want leave those shake health risk rather.,2025-01-23
2917,290,407,2,History check amount trade fall beat suddenly reason direction.,2025-02-13
2918,36,80,4,Good director enough situation middle future across grow whether free hit nature article.,2025-11-18
2919,271,270,1,Hour include reach can follow tax.,2025-05-31
2920,1105,928,2,Easy law morning community game measure law how space woman.,2026-05-30
2921,1479,667,3,Act ground speech threat court outside suffer.,2025-10-02
2922,169,325,5,Significant matter see entire form indicate play.,2026-03-20
2923,1068,755,2,Dinner role catch offer himself style.,2024-09-10
2924,22,141,5,Pm success which paper exactly authority high quickly.,2025-07-04
2925,1557,586,2,None because truth finish right citizen wind eight.,2026-03-09
2926,627,761,3,Probably by idea trial none only material together attorney partner charge industry.,2025-09-02
2927,30,729,2,Represent society send education may happen certain business.,2024-09-14
2928,1282,370,3,Environment all season program shake alone police cold could.,2026-06-03
2929,962,89,3,Close water suddenly there remain bag age government seek.,2025-10-20
2930,1364,855,2,Cover analysis ability yet city activity sometimes get resource clear senior two.,2025-02-15
2931,372,532,4,Democratic parent two successful think campaign college week place gun glass.,2026-04-10
2932,68,766,3,Where physical hard theory design policy history low their.,2026-03-24
2933,426,521,3,Both company nature paper officer financial.,2025-09-02
2934,223,618,1,Item example few tell occur story mean will beyond serious buy.,2024-12-23
2935,530,767,4,Produce record art give hour price body last floor news their yeah raise.,2025-10-20
2936,954,798,2,Consumer concern play test firm teacher while plant style to rich policy.,2026-06-06
2937,681,924,5,Activity check my same energy scientist three attack seven white less.,2023-11-05
2938,167,678,2,Certainly training create prepare increase adult yes young.,2025-10-23
2939,742,1000,5,Exist get quickly plant month fly another base yeah skill inside score.,2023-11-04
2940,1827,887,1,Teach agency choice there attack half.,2026-02-04
2941,1647,782,1,National toward reason true catch interview anything field financial bit bill.,2026-05-17
2942,502,733,3,Traditional represent fire half wear let happy our task order name air.,2026-04-15
2943,277,217,2,Scientist drug size alone voice fight less find movement officer.,2024-11-27
2944,1816,791,2,May heart visit between guess policy no each campaign help cold challenge.,2025-04-02
2945,1053,760,2,Rich grow race style develop goal picture contain.,2025-09-08
2946,1665,783,3,During school significant degree bad discuss ground heavy instead matter but find color.,2026-01-30
2947,1657,187,2,Heavy pass strategy safe son doctor loss.,2025-10-20
2948,278,52,5,Which young laugh send politics personal even senior attention seven opportunity.,2024-10-07
2949,559,947,4,Campaign everyone open real outside standard arrive.,2026-04-24
2950,1133,930,3,Produce event education you unit future believe value eat each make plant.,2025-09-12
2951,173,568,1,Without up Republican work nature where what hand home weight require southern appear industry.,2026-05-09
2952,74,824,5,Run moment final appear believe husband ball coach create record bar tonight.,2024-10-14
2953,173,656,5,Have idea friend industry culture full activity recently hard analysis company way official.,2026-03-16
2954,834,467,5,Forward audience soon send when success recently performance member each.,2025-12-30
2955,1082,654,4,Ask human generation game decision grow training institution left.,2025-01-25
2956,1825,8,3,Run them cold reason alone institution only behind six.,2026-04-18
2957,855,743,1,Effort third special size ok alone never power.,2025-09-01
2958,1396,501,2,Act hold room help any usually majority difference arm station decade.,2026-02-06
2959,1092,138,4,Try agreement nor gun however sister.,2025-04-24
2960,98,57,2,Training senior after military son especially generation process reveal.,2026-05-11
2961,1242,330,5,Sort look human approach great stock side west mention.,2025-11-25
2962,1570,925,4,Less partner could task adult item help return.,2025-12-21
2963,242,249,3,Cause born floor fund former training commercial return.,2026-04-25
2964,1129,753,1,Doctor save staff at military a usually visit if important.,2024-10-29
2965,1451,905,4,Record somebody policy take life most may stock doctor.,2025-09-15
2966,97,922,4,Something wear wind not choice research stock policy enjoy official weight special.,2026-05-28
2967,1135,707,4,Include TV peace want skin smile list Congress.,2025-11-03
2968,1398,420,3,Use yes your her statement wide real space myself.,2024-03-13
2969,1186,98,5,Thousand over old land hit through idea wall.,2025-08-29
2970,990,974,2,Recognize maintain something serious bit pattern adult.,2023-09-25
2971,840,101,1,Cost effort mention live member present answer natural.,2026-05-06
2972,1588,756,5,Feel local them stand that always best him son value.,2024-11-29
2973,1857,494,3,Learn last process break my same region city.,2026-01-19
2974,1211,418,1,Work when challenge seek worry growth continue.,2026-05-10
2975,860,150,2,Still range summer chair around middle artist forget hear five test.,2025-01-09
2976,1996,344,3,Service because fund yeah garden statement throughout address edge issue bill political laugh.,2026-06-02
2977,1267,825,2,Case fine check billion me dark clear impact human.,2025-04-15
2978,1352,985,1,Into manage whom blood occur ability machine blood really for less project.,2024-07-29
2979,785,326,3,Argue property watch popular explain ahead sing might feel nice.,2026-02-17
2980,1843,143,5,Reflect drop someone special program with million some.,2025-11-28
2981,43,147,3,Teacher land western plan better local pick eight staff whose us east issue.,2026-04-15
2982,1646,545,3,Far once pattern season PM give hand.,2026-05-06
2983,1102,68,2,Development class commercial she marriage fund gun here condition yet peace beautiful use.,2026-05-02
2984,1494,636,2,Message board democratic poor population even speak expect Mrs according outside same.,2026-02-19
2985,1291,1,2,Computer group thus find single nation reveal analysis.,2025-04-11
2986,1073,972,5,And medical if back determine reduce.,2026-05-27
2987,1911,712,4,Close certain her good much yet president.,2025-08-03
2988,1910,408,1,Position hospital effect quite national occur without production in.,2026-03-05
2989,1779,630,1,Glass agreement where father receive bad baby wish down generation.,2025-07-13
2990,687,523,1,Finish everything race computer same city successful record here than.,2026-03-10
2991,1352,137,1,Record modern more want effort college white condition movie environmental administration.,2025-10-05
2992,396,804,3,Particularly edge effect stand teacher rock policy believe once year window.,2025-07-07
2993,439,162,1,Writer view benefit view enjoy why mean kid what can magazine.,2025-08-06
2994,930,360,2,Deal police likely they with statement size use image role rise.,2026-02-08
2995,466,526,4,Carry beyond oil center officer possible size PM indeed possible current focus ten.,2025-12-17
2996,57,479,3,Military throw at itself pattern course economic.,2025-08-14
2997,924,536,4,Exactly medical perhaps picture character establish nature.,2025-09-08
2998,1911,733,3,Win push agree pattern marriage story financial.,2026-03-23
2999,1396,505,5,In behavior collection beat successful policy agent off.,2025-06-11
3000,1040,476,5,Some after west manager resource occur factor.,2024-11-30
3001,1969,156,1,Experience quickly measure civil painting debate network.,2024-11-24
3002,1497,805,5,Someone would effect natural north middle modern.,2026-05-12
3003,728,873,3,Choose young enough your according firm.,2026-03-20
3004,566,238,1,Play commercial prepare series strategy interview idea often than.,2025-03-10
3005,291,652,3,Stop Mrs measure capital think since enough.,2025-10-11
3006,1344,160,5,Actually organization force test dog impact across could loss resource environmental different.,2024-01-19
3007,265,859,2,First type bank follow computer take less there.,2024-03-30
3008,70,13,5,Bank single most fear quality simple teach.,2026-04-03
3009,712,670,4,Success himself section impact successful enjoy order significant employee.,2025-12-09
3010,1318,960,2,Reflect require soon already will child continue from.,2026-02-18
3011,1290,808,3,Late go describe toward would doctor.,2026-01-09
3012,1996,617,4,Their final thought from staff realize claim star.,2026-04-07
3013,1783,733,3,And or paper magazine wife under cup keep.,2026-02-02
3014,912,163,4,View him nothing rise perhaps suffer approach.,2026-03-15
3015,14,306,1,Account but article they sign face.,2026-04-02
3016,529,517,2,Ground social yes can understand owner pretty sister others.,2023-11-13
3017,1151,311,3,Cover responsibility computer not indicate night natural part shake minute kind sense some.,2025-10-10
3018,813,989,5,Fund son conference specific give art late the police board major.,2025-06-02
3019,248,595,2,Entire meeting final high play tough close natural among arm among.,2024-12-25
3020,1791,946,5,There rest likely consumer series moment bank system.,2025-12-24
3021,396,818,2,Common technology coach difference return friend anyone figure.,2026-02-18
3022,1528,365,2,Nor catch various western street you need either society within door media.,2026-02-08
3023,833,435,4,Those high stay north impact tree most culture deep I under.,2024-04-15
3024,1141,370,4,Step class medical half tax mouth.,2025-03-10
3025,796,339,2,Certain all involve company voice may wind fact figure house throughout foreign.,2024-05-23
3026,1382,794,5,Despite thousand new economy both trouble design yeah community can cold.,2026-05-27
3027,1028,503,3,Television about pay wall recently professor.,2024-05-22
3028,1133,661,5,Program choose along able individual method analysis hear to decade.,2025-10-05
3029,462,813,3,Deal popular light exactly kind remember market nothing.,2026-05-07
3030,1179,899,2,Might charge career exist travel far machine.,2025-11-22
3031,978,492,4,Capital civil easy difficult paper middle development I.,2025-10-21
3032,617,930,4,Top without include thousand if explain treatment heart agent it population lot.,2026-01-08
3033,1778,693,5,Manage two health technology special sense popular.,2026-05-26
3034,921,15,3,Participant outside tough defense vote turn bit boy.,2026-03-13
3035,283,573,5,Plant significant air phone camera man majority voice officer.,2025-04-04
3036,517,448,4,Agency half agreement set military but maintain away magazine water real child.,2025-05-11
3037,1953,295,4,Relate treat sport talk yourself right control person see bit arrive along rest while.,2025-06-09
3038,1548,541,2,Including draw soon visit miss think relate understand morning fill.,2024-03-13
3039,1141,781,2,Side yes apply bit page various draw.,2025-03-08
3040,818,603,4,Three institution pull human white vote.,2026-02-24
3041,1952,652,3,Guess face hand style laugh difference writer.,2025-02-24
3042,1203,120,4,Mother physical service anyone change follow present eye involve century.,2025-11-26
3043,71,597,1,Money wide art church dinner how save yeah fly.,2026-02-05
3044,1814,341,3,East admit run weight general meeting development certain meet drug form by.,2026-04-06
3045,677,451,2,However reveal good control teacher deal argue administration phone single it compare outside hard.,2024-10-29
3046,794,397,3,Enter up argue several culture pattern their chair different example short six base.,2025-10-30
3047,641,567,1,Nothing position coach might score move party if southern whose west.,2024-10-12
3048,1298,791,1,Team available no language late significant ball she.,2026-04-25
3049,1700,140,3,Card instead necessary stop people history unit early ten point.,2025-12-02
3050,549,714,5,Certainly mother indicate enough west middle old Democrat listen again national but.,2026-02-12
3051,417,793,2,Today number machine specific arm each whether speech information.,2026-05-29
3052,453,547,1,Official east baby too admit woman deep information sort large we.,2024-08-07
3053,1359,507,1,Home leg exactly particular likely beyond trade fill decision.,2025-12-21
3054,106,924,3,Sense father from right then the administration.,2025-08-29
3055,1580,686,4,It act important act area their imagine treatment center drop which.,2026-05-21
3056,402,226,1,Such hope threat avoid guy course company yeah.,2026-03-28
3057,1730,582,2,Night floor suggest wide throw there discover continue author board fight.,2024-05-10
3058,477,777,4,Outside on plant test again up machine quality guess.,2025-04-07
3059,1054,720,2,Today next couple sound interview not whether pick.,2024-06-10
3060,195,324,4,Training score though street continue that medical sound.,2025-11-02
3061,931,261,4,Similar fast dog piece remain from region how on conference.,2026-03-01
3062,1892,805,4,Evidence more guess again health other manage land three study explain.,2024-02-22
3063,211,457,1,Several collection various appear even raise.,2024-03-25
3064,719,294,4,Thing six wait thank inside entire huge growth officer forward tonight response.,2024-09-17
3065,1950,296,4,Agreement all game number any kid throw.,2025-09-16
3066,527,683,2,Thousand get box throughout beat maintain rich way reason local.,2025-09-29
3067,378,953,4,Show trouble by myself behavior else community.,2025-03-12
3068,299,963,3,Success every affect test against marriage including each sing.,2025-12-05
3069,1058,418,5,Late sure hear assume trade ever method day particularly account everyone.,2026-06-05
3070,1431,358,5,Continue above show always throughout wind do.,2025-07-03
3071,710,813,3,Career born become protect concern bank door father seem room attack.,2025-12-07
3072,141,525,3,Five tree plant its yourself daughter race.,2026-03-02
3073,1920,627,3,Piece when again use child approach common majority.,2026-03-15
3074,865,396,2,Believe operation from per case series care offer.,2026-05-30
3075,136,858,5,Laugh meet suggest family only job.,2025-10-11
3076,1553,500,4,Anyone many defense more design gun store age fast law way member.,2024-11-03
3077,15,194,1,Around including will morning learn capital.,2025-05-11
3078,1683,28,2,Though many style visit themselves address hard each.,2026-02-21
3079,449,551,3,Protect add ability capital to feel out.,2024-12-29
3080,875,468,1,Make way political thousand bit manage keep because use bill yes today.,2024-02-11
3081,1332,363,4,National able civil century music hot once card affect later evidence.,2024-09-11
3082,68,660,2,Who often weight hand beautiful fill occur join easy for.,2026-01-20
3083,1748,22,1,Future child group moment decision put strong suffer himself single want main.,2025-11-20
3084,1430,725,3,Real it light green lose forget.,2026-05-15
3085,1128,85,1,My treatment property debate choice door full involve note sense.,2025-01-05
3086,454,764,5,Mind option program break Congress bed site.,2025-09-05
3087,166,598,3,Point somebody top future according require firm model lot reason popular store.,2025-04-18
3088,1045,263,4,Inside meeting direction anything nation star prevent may carry industry reality.,2026-03-30
3089,1371,414,2,Color TV inside realize someone training ever general system thing.,2025-09-09
3090,917,16,1,Expert bad case north state maybe time radio east minute.,2026-05-04
3091,1162,596,2,World his ability through cost democratic claim ago store record clear others.,2025-09-17
3092,42,426,3,Box quality none enough know any teacher reflect.,2026-02-11
3093,674,416,3,Remember treat send always safe industry pass lose century learn.,2023-10-12
3094,1827,840,1,Financial move safe style keep radio role one reduce music travel development.,2025-03-13
3095,1580,862,3,Candidate son alone lot skin tax.,2026-06-01
3096,1654,218,5,Budget article would perhaps hit affect adult response majority our value people no consider.,2026-05-04
3097,217,18,1,During fish she state throw sing.,2026-06-06
3098,1056,925,1,Young great first memory send community organization organization deep our usually.,2025-10-21
3099,1479,247,5,Century whether assume strategy sense security laugh of open and.,2024-11-08
3100,1317,952,4,Per along above eye news than morning.,2025-10-07
3101,351,504,4,Church provide city cost could never.,2025-10-24
3102,544,597,5,Lead treat cover push seek wide.,2025-10-06
3103,1792,502,5,Away rather once section civil evening.,2024-06-05
3104,335,153,4,Election painting toward role man exactly call few also later civil of.,2026-05-25
3105,191,821,3,Serve travel ball pass development class discover then hope something chair.,2025-11-18
3106,403,903,5,Measure event leg need to hold public use the.,2025-11-30
3107,1886,921,2,Image go tree start blue as before thank agree special build generation town.,2025-10-11
3108,1281,346,1,Student enough quite even suffer family free however hard window deep food.,2026-04-11
3109,413,377,3,Visit candidate deal also increase society walk sure.,2025-11-17
3110,1907,806,1,Tv gas work go wear sea according country least watch minute store bed.,2024-09-18
3111,853,460,5,Success commercial pressure billion here also somebody situation happen organization class.,2026-03-25
3112,724,219,2,Staff very old want who also way citizen brother step.,2026-01-26
3113,1186,101,1,Might area theory still contain treat accept investment when.,2025-03-21
3114,681,833,5,Bed join middle morning you fact positive physical sing push budget strategy.,2025-04-28
3115,578,527,5,Democratic very interview step beautiful while candidate raise why blood still significant reduce.,2026-05-02
3116,1055,146,3,Character stage bit already camera bag trial bad really majority two room play.,2025-10-09
3117,1484,999,2,Interesting anything record street live town his throw degree clear sign.,2025-10-02
3118,1120,262,3,Event rich a energy fill yeah alone manage hit.,2025-07-15
3119,498,353,3,Southern side manager my if peace both third.,2024-06-20
3120,612,145,2,Coach keep new month financial drive film scientist.,2025-11-11
3121,358,30,4,Police part born become together interest.,2025-08-17
3122,1734,701,5,Exist human once speech east card like but believe election support among.,2025-04-22
3123,1837,573,3,Knowledge question oil list simply discuss.,2026-01-13
3124,660,5,2,Magazine structure town lay life leg check pull nor miss should.,2025-12-10
3125,616,384,1,You community so important yes idea member bed prove choose live may open.,2025-11-25
3126,1662,787,2,Reflect speech million true expert film nice everyone act despite trade mean.,2025-02-13
3127,1504,742,1,New white use west financial dream career will benefit him practice thank.,2024-08-15
3128,1117,231,5,Tough environment evening loss outside political skin human kind.,2025-11-27
3129,1641,607,2,Visit special same and suddenly must crime free assume everybody best hope.,2026-02-25
3130,862,388,3,Old street feel protect federal structure public.,2025-07-15
3131,944,541,3,Ten physical every family positive show thought.,2026-01-18
3132,1445,814,5,Industry PM reveal yeah vote word similar decide thus material sport.,2025-10-19
3133,1953,519,2,Operation heavy unit none beautiful way once it at.,2024-11-22
3134,1980,481,2,Early window or wear she least protect small step debate movement.,2024-08-13
3135,1085,716,5,Skin get social argue hope attention rise stuff class out memory.,2026-05-09
3136,757,369,5,Image program pull voice anyone herself business fire city drop.,2025-09-18
3137,41,142,4,Subject born kitchen stay imagine Congress nature sometimes control which technology involve.,2024-02-09
3138,1683,410,4,Force second upon beautiful PM paper she.,2025-11-04
3139,1753,205,2,Tough team situation read at its break bill.,2026-05-14
3140,1625,926,5,Worry huge rock explain fast gun take.,2025-08-15
3141,1307,24,2,Organization bad hold article structure others.,2026-03-30
3142,1609,828,2,Agree event specific even once any.,2025-07-13
3143,243,373,3,Section economic themselves game finally no contain.,2026-03-31
3144,1623,492,3,Chance very case general place where prepare.,2024-02-27
3145,1159,279,2,Over though or several traditional size.,2025-02-04
3146,1375,953,4,School bit offer heavy fact music role special thousand action third down.,2025-02-24
3147,1737,97,5,Stand various quickly great suddenly week specific quite share relationship.,2024-07-30
3148,77,89,2,Debate sound these away sort threat attorney.,2025-10-13
3149,1998,485,5,Dark street view indeed hear often.,2024-04-13
3150,1370,796,3,Than art sense at identify inside.,2026-04-16
3151,503,517,1,Social bank Congress lay young approach data firm detail heart year last new.,2025-04-30
3152,401,499,2,Wrong win hope network guy could deal walk maybe serve.,2026-02-25
3153,1501,325,4,Occur dark moment land attention about animal director avoid moment.,2025-04-16
3154,729,153,3,Feel quickly product believe growth ever animal serious control both magazine across.,2025-06-15
3155,937,936,2,His management per thousand artist spring.,2026-05-01
3156,1239,592,2,Senior over program hear show performance music.,2026-02-08
3157,516,727,3,Movie attack event physical participant money light.,2025-02-01
3158,1322,540,2,Administration inside company on report hold direction end security.,2025-04-18
3159,1868,617,3,Issue threat last skin administration itself national mention public.,2026-05-28
3160,1885,384,1,Stay conference successful across operation reason eat.,2025-03-13
3161,607,664,3,City even weight major trial idea young.,2026-01-26
3162,730,491,5,Class modern benefit recognize point behind soon though half type between.,2026-06-01
3163,1080,739,4,Suddenly laugh there itself stand finish difficult sort paper discussion.,2025-09-21
3164,55,324,2,Military source though agreement structure position take hot a bed lot wonder.,2026-04-11
3165,1197,456,1,Personal mission fly detail tax chance message.,2025-06-14
3166,369,407,4,Crime season word body industry catch space.,2024-11-08
3167,52,185,3,Appear per court reduce present shoulder tonight.,2026-04-18
3168,1711,382,3,Test green issue keep improve the suggest particularly speech several arm area wife.,2026-02-22
3169,351,689,3,While worry adult necessary unit despite.,2024-09-25
3170,1835,293,4,Put answer relate food early sound control recognize.,2026-05-24
3171,402,442,1,Action true drug great lay spring modern end property may individual step site.,2026-03-17
3172,1853,133,1,Discussion green either agent wide former thus worry he.,2025-07-04
3173,1151,298,4,Impact reach material should phone yourself work.,2026-06-06
3174,57,655,1,Here moment against tell their agree street other up American.,2025-01-19
3175,1042,610,2,Run easy his ever discussion woman among land outside probably sometimes.,2026-02-11
3176,225,579,4,Forward too different style action buy town whatever say.,2026-01-09
3177,1323,267,3,Help set scene hope any power concern feel value about.,2025-04-03
3178,1083,868,5,Thought rest increase drive thing voice happy analysis animal itself account.,2026-01-03
3179,130,487,3,Dark job reach tree house same story almost.,2026-05-22
3180,771,127,1,Painting miss raise especially friend institution voice fine despite.,2025-01-05
3181,183,933,1,Nature exist well vote nice education all board better.,2024-12-10
3182,992,196,4,Police budget chance list suddenly society she until accept gas standard.,2026-03-25
3183,1976,388,2,Fact throw understand only quite animal need tough training billion month industry.,2026-04-07
3184,804,457,3,Degree story discussion he present recognize during.,2025-09-03
3185,460,55,2,Build follow already similar natural never visit never.,2024-10-30
3186,1150,875,1,Economic check husband mind deal provide.,2026-04-04
3187,1900,244,5,Sit bar role really herself spring certainly guess apply paper stand.,2026-05-30
3188,1983,318,1,Idea mission board agent shake your vote science.,2025-06-10
3189,436,39,4,Responsibility how statement ever finally notice court professor each city open just defense.,2026-04-21
3190,794,710,5,Space strong north small break drive section perhaps resource.,2026-01-12
3191,1534,301,1,Write more teach interesting official institution increase.,2025-01-17
3192,202,754,1,New worker discover investment morning peace.,2024-09-28
3193,883,995,5,Different certain guess head continue control kid live.,2026-02-23
3194,190,47,5,Itself understand whom indicate something live plant bad possible part red hair health.,2025-11-14
3195,648,591,1,Learn amount weight each family without director now young fact could.,2026-05-08
3196,536,858,2,Represent open difficult believe hour over.,2025-07-03
3197,78,485,3,East everybody day watch like personal usually stage.,2026-05-22
3198,1056,517,1,Game exactly attorney matter form item professor prepare weight teach to.,2024-12-06
3199,949,148,3,Trial TV nearly perform price degree kitchen.,2025-04-16
3200,398,78,1,Republican relate make huge talk the man you fine lose from.,2025-04-12
3201,788,114,5,Somebody skin drop later week treat couple end phone brother professor church usually.,2024-12-12
3202,1661,8,5,Mention threat key again not environmental none picture he see could.,2024-12-12
3203,1520,533,4,Knowledge send manage article performance interest painting send movie.,2025-02-26
3204,1008,103,4,Off history sing both strategy able once paper build least street drive.,2026-04-19
3205,868,684,2,Region dream trouble your maybe beyond some process actually animal conference.,2025-10-17
3206,564,309,5,Something must of any year note among whose professor born.,2025-07-24
3207,587,240,1,Not letter world buy ten machine step process too threat almost strategy low.,2025-11-11
3208,941,687,4,Structure challenge able listen artist buy western.,2024-09-26
3209,702,335,2,Through score plan reflect visit itself between hit seek drug.,2025-02-07
3210,1819,323,3,Low audience important American course wide follow food know find.,2024-06-18
3211,1424,348,4,Practice white along develop window wear we account material help evidence positive.,2026-01-28
3212,26,300,5,Single police notice first Republican region husband focus control occur its contain plan.,2026-05-16
3213,717,274,4,Another many source character from writer organization.,2026-04-09
3214,1903,644,1,Cut respond voice blood to they process continue picture board.,2025-03-27
3215,896,774,3,Work we many resource get learn somebody be kind attack listen.,2025-09-19
3216,1284,302,3,Beat major wrong create minute director personal everything government listen.,2025-09-22
3217,186,389,2,Bill language establish generation firm open.,2025-04-26
3218,275,894,2,Current beyond section baby field just.,2025-02-24
3219,1451,990,4,About strong fly able cold most young model wrong.,2025-04-30
3220,1521,842,4,Later value general name for mention.,2025-10-13
3221,1183,797,2,Over above front item type item fly base fear forward spend score.,2026-01-12
3222,649,282,4,Start team foot ok window recently perhaps game remain involve.,2025-08-22
3223,288,114,5,Field relationship hold personal able government outside financial man course.,2026-05-06
3224,582,206,3,Act community information defense they own small wall.,2026-05-04
3225,1458,398,3,Increase political somebody part run spring operation be church.,2026-03-04
3226,1672,483,4,Truth away office least million instead today detail society radio amount nature.,2025-09-13
3227,1324,286,3,Take finally write chance lead dream performance peace.,2025-09-08
3228,963,272,4,Thank consider painting keep southern may candidate goal mission local according woman game.,2025-09-26
3229,113,460,3,Citizen yes above end agree oil its responsibility really.,2024-08-04
3230,776,650,2,Professional letter wife wait family develop picture break environmental individual day big degree.,2025-09-16
3231,1580,655,3,Career force figure forget different they baby measure serve success although short.,2026-03-27
3232,1816,937,5,Above sense easy where note several company step establish.,2025-01-16
3233,314,809,2,Travel lawyer school sign face contain act happen factor nothing can big magazine.,2025-07-17
3234,907,748,5,Itself him responsibility himself sell between data move choose.,2026-05-04
3235,1570,927,4,Value available focus together doctor force get hold writer.,2025-05-28
3236,1256,243,5,Me value page station rich factor reduce day beyond despite ground.,2024-01-15
3237,1933,376,3,Project produce prevent sometimes after attack economy begin individual.,2025-11-28
3238,1843,410,3,Play probably per product her turn husband down.,2026-04-12
3239,251,602,5,Away effect sense even dream mean question follow at soldier nation recent.,2023-08-15
3240,997,933,1,Price past rule international simply certain.,2026-03-01
3241,901,530,3,Study management phone explain red reveal deal consider natural.,2026-05-14
3242,616,707,3,Must public benefit foot then capital show design.,2026-03-14
3243,1514,935,5,Personal foot stock enter activity doctor child record.,2026-04-01
3244,462,355,4,Now less especially away particularly fish drug always charge.,2026-02-16
3245,928,217,4,Part per yeah adult join poor have condition theory information situation.,2025-11-26
3246,1791,449,3,Human forward we station listen friend.,2025-01-20
3247,276,553,4,Act oil beat include us government garden.,2025-11-28
3248,282,218,1,Third leg stop keep hair four rock religious everything character.,2026-04-24
3249,1852,76,5,Pressure measure evidence skin remember knowledge south above must.,2025-06-09
3250,762,32,4,Eight voice administration couple me could fast most firm produce senior.,2025-11-01
3251,558,821,3,Not mission design reveal natural difference everyone thus benefit.,2026-04-25
3252,1844,391,4,Really prevent catch under whether democratic thank very.,2024-11-11
3253,23,304,5,Compare challenge operation task simple program physical several yes third.,2024-09-21
3254,539,608,2,Seat expect son create key receive sound affect remain.,2024-12-07
3255,1818,266,5,Down section deal common will deal kitchen series bill feeling build.,2024-03-07
3256,652,832,3,Food American seat strong player garden grow style news station resource simply.,2025-04-02
3257,1252,690,3,Scene require rock party ready before economy rule analysis last item tree music.,2024-11-17
3258,1800,581,1,Clearly protect list wish effort rise.,2024-08-05
3259,928,565,3,Kitchen develop dream including theory night provide song stay bill back ask.,2026-02-07
3260,1207,745,2,Surface figure occur turn outside space.,2025-08-26
3261,1924,371,2,Thought letter machine affect friend per time could notice national white either.,2025-05-28
3262,1511,63,3,Space air measure between economy important great produce lead smile method.,2024-07-03
3263,184,281,5,Such time door attorney book surface.,2025-12-09
3264,1230,305,3,Statement walk receive contain parent simple day great thank.,2026-01-01
3265,946,629,4,Evidence how common support change tend test company space structure policy.,2025-05-24
3266,403,828,3,Person huge white page picture hour range run right particularly beat.,2025-01-20
3267,1263,170,5,Increase situation community language response north it including.,2026-06-01
3268,239,624,4,Amount training trouble sound manage appear some though page thousand middle relate audience.,2026-06-06
3269,1373,135,4,Thus tell culture less size phone head.,2024-10-09
3270,84,954,4,Every reflect front life drive marriage scientist.,2026-01-05
3271,144,206,4,Onto ask cut yeah behavior summer start body detail example magazine professional.,2026-03-22
3272,114,433,4,Over more next show with fly mission travel one war.,2026-03-15
3273,1003,755,3,Probably voice agency again someone yard play include.,2026-03-01
3274,137,289,1,Exist body to ability whose actually.,2025-03-13
3275,1477,750,4,Skill ten treatment loss tend purpose effect event.,2025-10-17
3276,575,89,5,Necessary suddenly include stock claim work peace brother far close paper industry number.,2025-12-28
3277,416,681,1,Pass realize water second stay nor control know.,2026-02-19
3278,311,824,4,Head along look newspaper experience again require early let information every large.,2026-05-29
3279,77,255,2,Raise exist two movement despite side by.,2026-04-09
3280,422,265,4,Field until glass court collection line let think skin exactly this another production.,2026-05-27
3281,1769,87,3,Discussion policy sense per though parent pick.,2026-05-26
3282,627,228,2,Heavy price establish in today evidence letter above education only.,2025-12-28
3283,1597,758,1,Cell again international small one music type add speech tree various southern executive.,2026-02-04
3284,1465,424,3,Pattern state among mission individual respond worry have half local.,2025-06-06
3285,1305,843,1,Lawyer most employee put relationship party.,2026-02-09
3286,754,714,4,Candidate cause decade meeting expect not story Congress beat source everybody.,2026-05-28
3287,446,786,1,Treat that back idea hold various.,2026-01-05
3288,1745,921,4,Now low explain become recognize remember.,2026-02-16
3289,1659,512,2,Western minute because he report sister leader natural.,2025-12-22
3290,783,109,4,Animal operation quality arm radio evidence form action moment upon window sound.,2026-02-28
3291,1240,687,5,People expert picture member create also car quickly citizen nature.,2025-11-28
3292,1001,319,2,Information explain house in instead rather.,2026-05-19
3293,1836,95,4,Inside identify generation lead throw compare side quickly.,2025-11-20
3294,69,44,5,Science from experience remember bed recent phone number feeling financial continue production power point.,2026-02-12
3295,971,212,4,Word back son entire food rate stock.,2024-10-24
3296,1243,293,4,Campaign international provide economy smile pass know song especially.,2026-06-05
3297,1484,942,3,With environmental hand buy laugh head yard scientist part still.,2024-12-12
3298,356,796,5,Natural Democrat foot floor not great yourself strong.,2026-04-28
3299,1200,176,2,Only fall strategy future financial tell stock.,2024-09-22
3300,1004,752,5,Certainly herself could nice them side common laugh activity possible.,2026-01-24
3301,1559,713,3,Western enjoy believe course simply large season structure clearly can money white.,2024-05-19
3302,1991,458,3,Write carry age fear identify theory such bad little very himself.,2026-05-15
3303,48,633,1,Character guess piece dinner after say accept design college laugh feel onto.,2026-05-11
3304,1239,87,1,Break difficult card father necessary newspaper may never make father.,2025-05-30
3305,64,317,1,Determine industry view officer buy success possible voice produce player case none.,2025-10-11
3306,1529,273,3,Out strong toward fish star seven successful.,2026-05-01
3307,634,688,5,Beautiful public offer claim there prevent simply word.,2025-05-20
3308,676,20,5,Truth civil whom statement name name similar.,2025-12-13
3309,854,984,4,Debate power likely key hard he account summer situation money late debate.,2024-10-21
3310,1189,542,1,Good ago investment quality wife difference hair.,2025-10-06
3311,1633,7,2,Word bring last help food college moment majority tonight.,2025-01-02
3312,776,720,2,Save political message loss top quality enough lose.,2025-10-22
3313,812,642,2,Wish bring political put environment administration agency later.,2026-05-02
3314,1551,936,2,Beyond Mrs some role weight argue he any meet never word.,2026-01-27
3315,77,359,3,Success think what letter resource phone city admit clearly.,2025-01-08
3316,783,937,4,Stay nearly drop treat to sport speech will.,2026-02-14
3317,1164,725,3,Build event radio or country leave dog.,2025-06-17
3318,1705,129,4,Four arm pull like table administration.,2025-07-30
3319,595,863,3,Commercial me cost box star cup.,2026-04-20
3320,876,503,3,Example see front industry star stuff.,2026-05-12
3321,380,561,2,Future movie face few art traditional woman commercial myself.,2025-08-09
3322,852,6,2,Tree several fight great heavy quality leader.,2024-04-04
3323,1309,603,3,Know seven economic TV official machine his nor letter say.,2024-06-25
3324,106,672,5,Relationship name air next garden suffer individual leave include sort.,2024-09-12
3325,324,983,3,Question choose article early customer personal whether.,2026-05-26
3326,1943,351,4,Police car clearly or race stop business.,2024-06-02
3327,279,460,2,Many around listen bill could them scientist address commercial technology.,2024-05-14
3328,104,610,3,Reason dinner nice degree price lose.,2025-06-14
3329,470,182,3,Talk ago through west section material against care what still skill station magazine.,2026-03-27
3330,1541,243,4,Buy there strategy difficult executive both each light machine statement spend let.,2025-05-27
3331,1753,431,2,Not point general level finish indicate team.,2025-12-18
3332,1629,414,5,Best identify doctor bill woman hotel really.,2026-04-23
3333,253,586,1,Data high popular shoulder key ten culture above technology north.,2026-04-06
3334,1276,983,4,First rock public evening finish wife century.,2025-09-20
3335,141,417,3,Rate military part popular life whom amount themselves watch make appear.,2025-01-20
3336,837,990,2,Name better turn threat toward past collection.,2026-05-08
3337,1724,831,2,Record itself school water training eye resource identify.,2025-03-10
3338,1232,695,1,Smile change gun try get together one anyone like loss go bit.,2023-12-14
3339,1359,724,5,Whatever million computer around discover trial indeed page draw.,2025-08-04
3340,618,192,1,Think leave general recognize then shoulder opportunity.,2026-05-01
3341,1131,369,3,Team for laugh room whatever way player.,2025-11-03
3342,1616,106,5,Join scene book now politics loss as offer team since.,2024-09-03
3343,1732,628,1,Type people none shake up develop wall dream consider level hand why show.,2025-05-21
3344,1208,996,4,Far at thank them score information cold sense again win.,2025-11-26
3345,1702,825,2,Institution try deal son course play remember until bank operation.,2026-01-26
3346,1544,816,3,Approach service live perhaps sport important.,2025-01-30
3347,1646,650,4,Future add ask own suffer property smile less exactly about himself resource.,2024-10-07
3348,481,63,2,Another tonight white very marriage poor occur south.,2026-01-09
3349,1743,220,3,Old loss necessary edge director note total energy and time human.,2026-04-27
3350,804,341,1,Six almost every cut movie before statement better.,2026-03-31
3351,1930,288,1,Significant project country deal if how question main force painting know million.,2026-06-03
3352,487,278,3,To would race figure major theory thought onto decision represent help work.,2025-12-17
3353,361,662,2,Partner south who pattern loss any worry.,2025-05-31
3354,390,216,5,Have stuff fall story born mission down town subject check administration enough.,2025-01-25
3355,1911,428,2,Become medical receive down explain others serious cup star.,2026-05-15
3356,1407,189,5,Industry feeling life society husband according success rise west.,2024-05-09
3357,1304,430,1,Practice ball speak American few opportunity.,2026-03-20
3358,232,599,3,Force always cultural west drug police do option but speak experience.,2025-04-07
3359,22,970,1,Could director service seem interesting standard offer.,2026-02-25
3360,1963,567,3,Them suddenly under trouble carry middle nature.,2026-04-01
3361,226,311,3,Change hair reflect economy shoulder any effort.,2024-11-22
3362,95,925,1,Give recognize fill policy individual tough large rest last our.,2026-05-23
3363,1240,737,2,Local for system this eat pressure and nor too sing consider when address.,2024-05-21
3364,1712,48,4,Assume number next item professor authority.,2026-03-08
3365,1686,830,5,Shake list these someone dinner attention town take performance have city myself generation.,2025-10-13
3366,1562,3,2,Hit natural report floor sister pay example senior his staff public toward.,2025-08-28
3367,105,965,1,Add class grow in difference Congress staff.,2026-03-13
3368,1601,782,5,Pay about wait always newspaper avoid.,2025-10-31
3369,227,2,5,Ok understand politics by almost group security.,2025-06-23
3370,991,386,2,Into PM actually reality nature brother painting successful debate they.,2025-06-12
3371,246,729,3,Minute science him dream election detail various save usually shoulder present.,2025-08-22
3372,396,870,3,Theory wide other day ahead health.,2026-06-04
3373,123,572,3,Theory hotel rise Republican leave know arrive always staff yeah.,2024-04-01
3374,351,935,5,Fear something rest responsibility organization sing.,2025-02-23
3375,554,880,1,Charge middle economic month action matter discover perform see man whatever something various.,2025-09-07
3376,1392,525,4,Specific skin music front ten once sure real account century important.,2025-01-24
3377,156,233,4,Discuss door computer finish company style together study.,2025-03-01
3378,1158,622,4,Begin can include world research billion technology the turn value foreign development easy.,2025-10-10
3379,855,281,3,Voice star join why father nearly many.,2026-03-19
3380,1827,554,3,Image away reality gas across hour red coach instead its paper west.,2025-10-21
3381,16,714,2,Sure shoulder consider likely outside list break attack north fund about east seven.,2025-07-02
3382,1799,918,3,Section call need soldier particular at building public.,2025-04-04
3383,1521,780,4,Ball eight him right evening tonight paper too prevent civil treat be several.,2025-01-04
3384,1635,757,2,Understand fire big capital never together crime find certainly.,2025-10-16
3385,1286,341,2,Happen this crime race anyone summer real reason drug common picture fund thought value.,2025-09-11
3386,1785,169,3,Also I far though let defense turn have.,2026-05-25
3387,1072,64,5,Science thus American president traditional this.,2025-11-09
3388,32,733,4,Hear example tonight fact you third speech nature board discover education.,2026-05-24
3389,1488,451,2,Pretty color water every big authority.,2026-04-25
3390,257,793,3,Nation science machine relationship speech matter great group.,2025-07-27
3391,1219,647,1,Health wife rich south my sister worker order expect third.,2026-02-03
3392,772,306,2,Goal behind speech choice identify article at what.,2025-10-20
3393,1610,996,4,More energy size position modern animal appear human result.,2025-08-17
3394,1736,300,4,Career garden event kitchen scientist understand run side they art one indeed.,2026-04-21
3395,460,814,1,Son them first such modern front free kid street really try.,2026-04-24
3396,495,494,5,Sister live water deal support address green recognize better.,2025-09-13
3397,437,707,2,Hard party exist court boy then forward.,2026-01-31
3398,1297,862,5,Company cause paper employee off entire condition hear.,2026-01-24
3399,647,273,3,Character both election owner ability but.,2024-06-18
3400,1594,123,2,New everything state pass bed building may trial price.,2025-08-23
3401,1526,217,3,Past leader through long deal speak health sense.,2025-07-08
3402,387,565,5,Usually lot try discussion station popular pull clear church level loss truth.,2025-11-21
3403,476,340,4,Success everyone anyone around now tonight ask face economy.,2025-04-21
3404,1753,317,5,Page will fall his from charge stay machine shoulder get.,2025-01-05
3405,149,476,2,Least bring thought strong whole rest despite trip reduce yet.,2026-05-30
3406,1042,849,2,Put upon quality today born firm friend.,2025-10-13
3407,640,613,1,Positive value including position become science would.,2025-12-30
3408,630,673,1,Little interesting feel least nature begin clear career.,2026-02-24
3409,1920,591,2,Particular surface among bad box table opportunity live.,2025-02-23
3410,956,556,3,Republican memory watch anything fly spend kitchen.,2024-06-21
3411,1259,992,3,Consider serve it every business already.,2025-05-07
3412,181,71,4,Inside why test ok win want region present cultural hot wear catch drop.,2025-04-15
3413,798,50,1,Letter leader before truth baby necessary.,2024-11-23
3414,206,324,1,Someone phone even ok evidence must.,2026-04-02
3415,1868,240,5,As debate himself thousand care minute.,2026-04-15
3416,1380,143,1,Bank key office high reason drive represent stuff candidate kid choose phone though.,2024-12-02
3417,1053,276,5,Provide action black mention myself sell federal term necessary fund hold toward.,2025-12-29
3418,32,629,4,Out argue feeling dog send rock father effort four every impact sport real.,2026-04-19
3419,792,820,3,Kid such wear him month recently write memory price go professional better.,2025-06-24
3420,382,40,5,Fly professor audience seem civil card husband anyone.,2025-03-21
3421,1091,722,1,Front rest attention bad address war animal particular.,2026-06-04
3422,483,907,5,Water minute forward either ball only lose election.,2026-02-05
3423,62,110,1,Fire yourself west plant box remain deal prove.,2026-04-07
3424,1564,222,4,Collection cost moment eye cause avoid pattern before.,2023-11-29
3425,1681,6,1,For appear term statement art answer firm.,2025-03-02
3426,1798,850,4,Brother film area wait arrive control.,2024-11-19
3427,199,19,1,Short door able bad hot receive style tonight direction choice police.,2023-08-28
3428,1731,734,3,Marriage project forward several lay range magazine start strong water take evening.,2026-04-14
3429,781,413,1,Under girl ever decide people recently life professor full difficult charge shake.,2025-07-24
3430,1257,89,5,As day result even reality particular level experience interview week.,2024-07-24
3431,1561,647,3,Main pretty explain play imagine early prove ground type help.,2026-05-28
3432,1749,495,4,Beautiful quality rich page with drug quickly institution huge girl product.,2026-03-13
3433,555,470,5,Question sea voice do foreign cup agreement.,2024-01-09
3434,1852,20,1,Record bit bag much sense large pull pick argue sit.,2025-11-26
3435,949,990,1,Star yes scene put stuff adult ball century check recognize help prepare maintain.,2026-02-20
3436,1895,980,5,Military system hair management ahead type yourself.,2025-11-22
3437,1608,715,1,Physical natural particular give attention leader yeah pull accept west area our.,2025-03-19
3438,111,127,2,Worker beat cup week throw state cell rule likely term.,2026-03-18
3439,333,200,2,Daughter our buy oil standard thank.,2026-01-25
3440,195,675,5,News stage forward always statement beautiful can task close various show.,2025-12-27
3441,38,294,3,Before station eat buy turn pattern information majority loss industry.,2026-06-02
3442,847,19,2,Radio offer fire media of sort.,2026-02-07
3443,450,669,4,Structure activity every never serious yourself cost discover offer my.,2026-03-01
3444,29,423,2,Generation along arrive growth scene drug case hope.,2025-07-03
3445,1371,87,4,Much offer expert take voice so.,2026-01-30
3446,1552,246,5,If management another summer room better glass especially mention trip concern.,2025-02-01
3447,1540,737,2,Word view road top forget thus.,2026-05-16
3448,1970,968,5,Figure morning consider compare meeting push beat each benefit skin street writer.,2025-12-05
3449,1742,460,2,Lawyer many measure realize institution himself interest foreign student dream practice game.,2026-05-07
3450,1775,537,4,Food certainly discuss when high world appear upon give if.,2026-06-06
3451,1538,807,4,Her marriage break heavy them investment out land house hope anything.,2026-04-13
3452,808,165,4,Thousand successful approach rule mother chance when ask determine challenge future.,2025-01-04
3453,1853,912,1,Policy prepare think break yourself film accept kitchen character his fast once world.,2026-03-13
3454,841,365,5,Office live box key energy property.,2026-04-25
3455,224,244,2,Executive your alone baby sure order team wish along Mrs fear fact.,2025-07-02
3456,335,418,1,Concern per power these view test forget figure test source identify nor line.,2026-02-05
3457,549,559,1,Form manage but yes they difference television.,2026-05-11
3458,1255,247,2,Commercial wrong get cell far the firm indicate bit song analysis.,2024-01-13
3459,1994,69,4,Thank road fact office develop ball often decade so.,2024-12-25
3460,803,25,1,Indicate discuss learn government whatever mind strategy entire state evidence team.,2025-05-12
3461,349,331,3,Energy black cover machine first different speak instead stand.,2025-11-26
3462,532,295,5,Machine professor effort consider somebody community necessary international meet himself method about like.,2025-07-09
3463,1593,294,3,May seem reality speak reason create wind civil indicate enough girl check.,2025-10-01
3464,636,998,3,Result himself deep major rest bank director general woman while check.,2026-03-17
3465,688,58,5,Perhaps buy reason assume head later support increase.,2025-12-02
3466,681,720,4,Season size best put moment visit there position three Republican than cut peace.,2024-09-04
3467,1137,117,1,Dinner chance teach main ask pattern guy agreement name against unit miss.,2025-09-12
3468,1564,118,2,Ago consumer fly defense between walk national.,2024-09-30
3469,87,30,2,Large public civil choose worry decision.,2025-12-30
3470,47,499,3,Keep there amount catch term woman determine point.,2025-08-18
3471,1180,664,1,Trouble rule today behind avoid push car.,2025-02-20
3472,365,621,1,Traditional agree face present seven eat like yard top still born.,2025-06-04
3473,1301,608,3,Join race positive believe push firm will leg fish group.,2024-11-03
3474,1599,666,1,World control pressure station from ahead program thank though manage once.,2026-03-02
3475,1599,190,1,Wife exist painting thought understand wait tough test father before never not sister.,2026-02-18
3476,1210,633,3,Edge build example admit attention need whatever opportunity.,2026-03-28
3477,184,579,5,Subject address phone staff Mr difference marriage race.,2026-04-30
3478,1326,704,1,Thank process budget article likely maybe miss range.,2024-08-30
3479,1794,210,5,All point wind particularly whose through specific ball him it get eat there.,2026-04-06
3480,1732,500,1,Into health fund possible drug chance east occur project base sister including style.,2025-12-02
3481,1503,639,5,Million doctor police guy third girl method perhaps environmental seven art.,2026-03-03
3482,1701,704,3,Go else check same kid lead agree finish its.,2023-11-17
3483,19,353,5,Artist let stay build throw fall cell song window join business easy part.,2025-04-03
3484,242,910,1,Game coach back summer film yourself support pretty young.,2025-09-27
3485,411,343,5,Pick career mission great conference authority three someone relate law four drive operation still.,2026-03-29
3486,173,511,4,Ago several store capital possible institution town.,2026-05-14
3487,506,790,5,Day experience else ball especially book foreign ask miss position cold.,2025-10-22
3488,252,861,2,Fish set still force teacher role claim could seat agency clear.,2024-08-06
3489,1389,21,3,Exactly usually color or teach clearly across window both morning phone floor society.,2026-04-27
3490,90,116,5,Hundred throughout change idea sister action teacher would exist future.,2025-12-13
3491,746,612,5,Building meeting perhaps free picture sell increase story stand training no girl her.,2025-09-29
3492,437,273,4,Spring activity TV Congress full about student woman affect hear south deep.,2026-01-13
3493,1532,591,5,Thus area budget last almost child front first.,2025-09-06
3494,566,697,2,Building break memory brother produce prepare over realize wrong.,2025-12-23
3495,1579,566,5,Test program tend occur everyone spend health inside avoid college.,2025-11-10
3496,584,608,1,Street election boy hear room establish describe.,2026-04-18
3497,1022,752,4,Audience environmental population sure test southern group television bank particular special.,2024-05-31
3498,898,985,3,Spring hotel activity most this industry network development guy move some.,2025-03-26
3499,1543,757,5,Identify goal say culture debate this line level leader perhaps inside fight treat.,2026-03-15
3500,1740,117,2,Better science enter friend environmental significant politics education require.,2025-12-07
3501,1802,421,3,Sort two rule meeting pressure admit reality teach.,2026-04-12
3502,81,412,2,Research face leg investment least concern same.,2025-10-12
3503,329,292,5,Local others inside avoid skill continue become back what low ability our remain.,2025-11-15
3504,178,337,3,Young year method mouth face where capital plant.,2025-07-09
3505,1092,329,3,Class generation morning stuff name suddenly raise shake back wonder truth.,2026-05-10
3506,1022,949,4,Form size those player myself peace series crime.,2025-01-25
3507,1008,584,1,Outside watch go small improve face.,2026-05-07
3508,1430,559,1,Too production also ask our pressure vote election certainly tough so both.,2024-08-10
3509,547,564,4,Collection hospital blue many social military treatment glass memory.,2025-09-01
3510,1962,145,2,Successful character bed billion even friend another try energy close police.,2026-05-28
3511,1626,579,4,Black but actually point stop trouble drive either certainly choice.,2025-08-02
3512,720,849,2,Huge top number goal treat suddenly ok research development agency detail.,2026-01-17
3513,481,362,3,Board detail with might arm indeed full.,2024-11-21
3514,1428,372,4,Sort support popular process much drive few number officer space commercial expect hundred Democrat.,2026-04-10
3515,1240,984,5,Language between cost drug check court.,2023-10-16
3516,1826,429,4,Character before black popular strategy building call box man even mother.,2025-12-29
3517,971,445,5,And color sell check religious water focus member.,2026-02-04
3518,52,208,5,Our development live matter fund show similar.,2025-11-01
3519,488,721,1,Discover claim institution hospital difficult as visit professional station in simply about.,2025-07-10
3520,1076,581,5,House account important since clear kid talk improve practice do.,2024-07-13
3521,1520,272,3,Machine crime protect likely others management evidence.,2026-05-30
3522,1968,285,2,Force special during news accept skin themselves husband fine subject important answer address.,2024-12-20
3523,1273,412,3,Money ever rule none collection talk.,2025-02-27
3524,1250,455,2,These but contain relate wife where he oil could too attack car.,2025-07-13
3525,109,810,1,Before represent say how government back where me.,2026-02-21
3526,1722,633,5,There soldier character former rich drug.,2026-04-07
3527,1311,895,2,Near professional this well lead others black as end report.,2026-05-05
3528,1153,128,4,Color left crime everything crime north like world television.,2025-06-18
3529,692,358,5,Relationship institution five land modern option fish page maintain head to.,2024-03-17
3530,1776,979,1,Help need recognize employee picture consider trip.,2026-06-06
3531,121,285,3,Particularly say current important actually country voice door television no whatever.,2025-08-31
3532,247,237,3,Cost no and yard market available put never.,2025-11-16
3533,620,388,3,Attention interest foot understand art small born all than wait by.,2024-02-24
3534,161,866,5,Professional fly after stock treat mind church somebody material one those.,2026-01-10
3535,825,279,2,Media age remain central bad wish evening happen trial only ready Mrs.,2025-05-09
3536,1401,864,1,Toward play security south various figure free size shake.,2026-06-06
3537,748,957,3,Teach true attention also two stay.,2026-03-05
3538,1923,447,3,Moment necessary dinner consumer here part box may possible amount explain necessary.,2025-11-06
3539,441,643,3,Seem head court interesting ok blood nothing act artist near six.,2025-03-25
3540,190,551,1,Director another until cultural just someone somebody part hold data song price small.,2026-01-08
3541,1637,145,4,Often find history idea appear assume not improve drop early old represent.,2026-02-26
3542,1356,35,2,Bed threat discuss under he hot Congress.,2025-09-23
3543,453,777,4,Expert politics attorney talk partner method Mr picture thus any just organization.,2026-02-03
3544,1617,72,4,Lose share though value occur talk short over senior such.,2025-12-14
3545,895,609,1,High among prove fact action shake then.,2026-05-15
3546,1490,496,3,Camera system chance red hospital land.,2025-04-29
3547,1398,484,2,Example which agreement size lead determine bank participant particular owner.,2025-01-01
3548,839,166,1,Practice will agency organization visit data enough live different later between particularly most.,2026-05-20
3549,635,195,4,Option anything north role throughout nice director large where computer.,2025-04-14
3550,319,605,5,Consider design resource soon audience social factor another key paper.,2026-03-14
3551,1171,541,4,Also music according discuss work future network local.,2026-01-16
3552,947,515,3,Compare offer whether thing stand its job for.,2026-05-29
3553,1443,351,2,Simply report whose wonder fill pull especially until certainly sport young guy thought executive.,2023-12-22
3554,1324,625,4,Throw spend conference year happen any need ball attorney system son.,2026-02-12
3555,123,392,3,Then child each choice north realize college career information.,2024-07-22
3556,1012,304,2,To research indeed west information never race age report building week.,2025-07-26
3557,1343,896,5,Bed player talk rock first special plan blue rate consumer while poor.,2024-04-17
3558,483,950,4,Bank ok audience type research our.,2025-11-26
3559,435,526,5,Care husband daughter a take challenge tax.,2025-09-13
3560,898,548,2,Money want race information than attack yes stand central care.,2026-03-20
3561,856,81,5,School bit television practice choose usually build class effort table up claim.,2024-06-27
3562,1352,845,5,Increase enough store knowledge second main operation page stop material material visit notice.,2026-05-05
3563,1510,213,1,Exactly wait stage mouth onto theory pick career as report of.,2026-01-21
3564,753,810,4,True administration serious imagine number can stop brother.,2026-04-13
3565,1696,304,3,Life generation international example arm one suffer simple under author final behind.,2026-05-22
3566,1783,811,2,Short respond fear major film message late rock heavy from head bed.,2025-06-18
3567,1427,106,5,Receive level other parent recognize tree third serious check read our.,2023-12-21
3568,1614,45,1,Be maintain point tell soon heavy protect series detail.,2026-05-22
3569,1399,699,1,Carry each any successful return guy choose even your.,2026-02-12
3570,344,199,3,Make station character figure election green response Mr.,2026-04-17
3571,1985,677,4,Value quality carry same note beyond none.,2026-01-25
3572,207,19,1,East might somebody per like common wind grow across.,2026-02-09
3573,1595,986,3,Without minute near source know still serve large them ok military country item.,2024-04-21
3574,1315,835,5,Should human job who morning serious away might seek wonder change argue.,2025-04-15
3575,565,117,3,Tv professor where toward produce PM full clear something read energy.,2024-09-16
3576,442,951,1,Economic learn include scientist test hand improve we talk somebody.,2025-06-10
3577,783,124,3,Local public success usually six control building.,2025-04-13
3578,1081,952,4,Prepare suffer leader message health color daughter cup product five present.,2025-09-27
3579,232,119,4,Person hit create hear worker she foreign door major yeah say yourself.,2026-04-21
3580,1372,644,5,Employee foreign north good toward three writer its information.,2026-04-08
3581,1536,631,4,Time television wrong push boy produce light environment why score yeah two continue.,2024-11-01
3582,963,192,5,Mission model voice during bad participant protect water final.,2024-07-28
3583,1875,532,4,Need later manage next participant social.,2025-10-11
3584,1064,726,4,Design number system officer opportunity pull say leave spend ago read TV.,2026-04-18
3585,368,520,2,Door movement born democratic bag above participant myself base.,2025-08-25
3586,1260,362,5,Drive old question hundred chair begin control.,2026-05-16
3587,34,180,4,Age last message dog respond his.,2026-04-29
3588,489,60,2,Others animal entire seat treatment account risk according time foreign about up teach.,2026-02-24
3589,1452,220,4,Say management building now share staff girl religious save surface.,2026-03-30
3590,113,354,1,Enough moment walk ago last power list civil moment name hold possible.,2026-04-27
3591,1706,970,2,Modern late strong room fund career direction strong try like even.,2025-11-29
3592,942,91,2,Design likely resource response manager reveal in wind same.,2026-03-24
3593,74,7,1,Standard almost Democrat in treatment director really century growth employee tax.,2026-05-08
3594,1420,562,2,Tax affect forward cultural card eat store whose to research.,2025-12-12
3595,296,505,1,Course recently thus member military bill much everyone ten throughout husband chair.,2025-09-10
3596,1159,187,5,Clear however maybe everything number natural who it.,2025-07-03
3597,882,783,4,By above amount campaign work culture even effect raise teach pick.,2026-03-13
3598,642,301,3,Eat person around view could write.,2024-05-21
3599,396,744,2,Certainly beyond whether concern own act response watch.,2025-12-19
3600,397,799,3,Prove commercial rise sound later majority vote throw participant sister choice table we.,2026-04-25
3601,1658,594,2,Drug safe degree which process animal final toward shoulder suggest person sure.,2025-09-14
3602,823,301,1,Finally without situation response either catch fish rather anyone.,2025-05-27
3603,43,155,4,Light different case seven its performance hand garden.,2026-03-04
3604,1146,238,1,Artist finally method part as too example among include kind before hundred.,2026-06-06
3605,74,132,3,Movement perhaps film hear expert only Mr end central guy west accept.,2026-01-06
3606,1073,201,4,Head everybody carry offer number foreign next performance newspaper.,2026-05-16
3607,77,944,2,Choose add receive born maintain director program deep test keep fire scene whether.,2026-01-17
3608,1065,833,4,Challenge step someone statement think work marriage training appear for interest attorney.,2025-09-18
3609,1402,252,3,Last particularly effect act between throw guess performance cut show anything.,2024-05-21
3610,545,506,5,Tonight year be half occur light write letter six miss.,2025-06-01
3611,1340,691,3,Carry offer someone lead agreement can.,2025-01-24
3612,1737,222,1,Attack age better particularly participant what number standard analysis share industry.,2025-05-05
3613,116,179,3,Believe threat we ability fund we official already people finish.,2024-05-08
3614,665,513,5,Better improve arrive really boy school positive season common skin left produce similar.,2024-10-10
3615,1504,708,1,Run music his sea customer do science toward.,2026-03-13
3616,59,619,2,Card there huge rather policy political better catch plant staff.,2026-06-01
3617,663,749,3,More forward popular vote stop that end future lead pattern bill American stuff.,2025-06-18
3618,1442,761,1,Upon pressure capital and environment table line price Mrs ago author.,2025-12-05
3619,391,421,3,Reality director type son they main she picture community fund positive attack.,2025-06-29
3620,901,152,4,Building appear stock list move ball rock again less main model movement.,2026-05-09
3621,945,734,3,Issue represent rate compare easy for condition newspaper.,2025-11-18
3622,1693,180,2,Effect population address final entire occur paper move practice standard.,2025-08-02
3623,987,239,2,Worker walk still American whether stand.,2026-05-14
3624,1762,184,3,Second contain door total major different water finish peace build.,2025-02-08
3625,1481,88,4,Partner discuss happy cultural born throughout man rise bad art.,2025-09-04
3626,1220,464,3,Interesting him often born white nearly purpose learn together customer church.,2024-05-20
3627,28,293,5,Report since else too likely notice scene water main report.,2024-12-13
3628,1082,557,5,Book agency also once result remain.,2025-10-10
3629,836,256,4,Of rich subject nothing occur stage more.,2025-12-06
3630,751,416,1,Kind cost marriage shake nation teach rather matter can bed.,2024-12-30
3631,706,754,4,Wear attorney born money ground take study grow.,2025-02-04
3632,1187,264,3,Voice once occur involve suggest fill find leave.,2023-09-20
3633,504,684,5,History protect suggest indicate big tax view culture everybody again strategy show without.,2025-10-15
3634,1319,613,4,East into example analysis drug charge value forget.,2026-01-21
3635,1134,694,1,Film official hair medical reality build two always produce woman garden.,2025-01-05
3636,238,684,2,Body blue see good each voice health fight rise no will however.,2025-08-01
3637,1398,932,3,Do almost may to detail interest available.,2026-05-10
3638,298,743,3,Man style alone day add laugh necessary.,2026-02-12
3639,1946,207,5,Few media specific between none animal enter card military establish make media specific.,2026-05-28
3640,678,165,4,I conference even ball back safe thank appear have not yeah value social.,2025-05-16
3641,768,746,2,Music charge others television town society music.,2026-01-25
3642,1145,530,1,Church tough support voice million focus fill include per factor.,2024-08-05
3643,724,943,4,Than effort police human surface region stock include security authority lawyer eat decide.,2025-01-13
3644,947,988,3,Point party whole some stage white sport rock should ever truth.,2025-04-20
3645,1413,79,4,Quickly spend society huge size film manage.,2025-10-16
3646,1863,196,4,Prove culture decision less professor herself at us human.,2025-08-09
3647,325,916,1,End trip there himself size draw bank civil serve view another.,2024-04-28
3648,1693,545,4,It company easy activity why themselves.,2024-05-04
3649,415,624,1,Show history speak born relationship certainly world each.,2026-03-18
3650,1038,248,1,Wind onto activity else even where create tell because.,2025-10-19
3651,1134,317,3,Add serve question prevent tell land current.,2025-02-28
3652,771,351,1,Enter recognize medical large line matter concern term PM summer player issue.,2025-04-28
3653,1312,607,5,Thank fall may into like out future star reveal base.,2026-05-31
3654,204,880,1,Apply for senior fill simply describe.,2026-05-01
3655,1714,598,4,Member land ground only foreign meeting charge general soldier character by.,2026-04-08
3656,1879,887,1,Black language recognize few bag third throughout product significant evening sure experience.,2024-10-27
3657,587,34,1,Mr way threat behind conference store cultural role structure.,2025-12-06
3658,666,786,3,Turn learn life surface never police name side really decision top foot.,2025-01-07
3659,1337,965,2,Care our PM author issue none community save else public.,2025-12-02
3660,1573,867,2,Movie collection film win unit piece whether perform.,2026-04-17
3661,480,918,1,Everybody cut lay pay claim over throw.,2026-02-17
3662,705,243,5,That relationship send peace center with actually them indicate response race ground again.,2025-12-01
3663,860,710,1,High yard third green wind day real green section daughter out easy school.,2026-05-08
3664,1176,33,5,Window because radio receive act south.,2025-08-11
3665,668,273,3,Fight new appear spring agent step.,2025-01-26
3666,1285,994,5,Water mouth ahead way indicate open training staff.,2026-06-06
3667,627,756,4,Read partner decision wait same rule partner entire hit apply special involve.,2025-06-06
3668,943,916,1,Material week building behavior my born west choice nor college thus.,2025-11-30
3669,1936,218,1,Performance interest world point others special me president if heart use.,2024-06-01
3670,89,35,4,Long toward contain important involve senior sound leg finish board trade.,2024-06-10
3671,663,454,5,Near recently language artist address way sense popular without.,2025-07-01
3672,532,186,3,Buy movie technology perform first without.,2024-07-27
3673,1152,844,5,Policy source including radio me show near significant deep ever mind usually sea.,2026-01-12
3674,303,735,1,Table market so any yeah enter stock.,2025-03-12
3675,1523,473,1,Any peace sense yeah participant key avoid now performance.,2026-01-22
3676,1277,231,4,Degree yard daughter model forward raise specific form.,2026-06-01
3677,331,41,3,Tonight learn tax remain interesting election.,2025-01-02
3678,1185,423,4,Act floor dark manage nothing side eat dark eight.,2026-05-05
3679,1408,156,5,Daughter word real enough mother light them history.,2024-05-06
3680,1221,959,5,Produce campaign effect really recent change seek represent.,2025-12-24
3681,400,276,3,Mrs charge name sing simple him scientist.,2026-04-10
3682,1982,48,1,Sound their mission worry power increase represent same defense court sound space.,2026-03-01
3683,393,34,3,Official your yet since American build employee cost.,2024-11-07
3684,63,736,4,Nation thus imagine glass wife often assume help evidence air laugh little.,2025-07-11
3685,643,210,4,Even on party great couple ten protect.,2023-08-30
3686,1054,372,3,Argue pull sense back through hand evening best.,2026-05-31
3687,810,916,4,Lead sport house there budget control probably.,2026-02-13
3688,702,797,3,Build short field call worker answer character through give expect.,2026-01-16
3689,1155,897,4,Shoulder first low with their value house one seven allow culture.,2026-03-27
3690,570,243,5,Ball lot play office read significant budget perform administration speak arrive.,2025-01-14
3691,1682,927,1,He we around weight raise clear business save clearly.,2026-03-21
3692,347,628,1,Sign control religious however relationship since become shoulder project.,2025-11-18
3693,216,907,4,Certainly hear agency performance name true.,2025-08-11
3694,460,536,4,Rate today medical rock against day woman.,2025-03-17
3695,1621,972,2,Yes because back blood organization school purpose identify later.,2026-01-28
3696,1082,716,2,Home school money today professor yeah rather movement.,2026-06-01
3697,1573,875,3,Almost president knowledge account many station data son east already size some what.,2026-04-29
3698,1166,785,5,Buy serious particularly two admit grow crime network laugh party against.,2026-03-12
3699,1618,347,4,Many year nice Mrs lose offer state treatment itself.,2026-01-06
3700,1445,49,5,Assume state billion move doctor one throw deep public imagine.,2026-05-10
3701,154,318,5,Happy heart together dog catch method movie report sign paper tax every newspaper none.,2024-08-29
3702,31,213,3,Decade pick each consider learn rise.,2026-01-29
3703,628,804,4,Difference something can back various per less public left radio.,2026-04-26
3704,686,952,4,Ahead they crime PM although hundred energy down today task.,2025-09-28
3705,1454,907,1,White hotel country management quite project air performance travel.,2025-03-06
3706,1443,726,2,Fund system young recognize sister plant wall win.,2024-12-29
3707,1817,798,4,Anything rule economy series doctor protect.,2025-12-13
3708,829,786,3,Force pass increase note usually ahead ago order drug increase letter.,2026-05-15
3709,50,860,2,Need company contain kid ten hope current these economy add police similar.,2025-03-28
3710,1717,147,2,Low green adult work thank professional notice from fight quality.,2025-11-17
3711,169,8,1,Building election according think list serious pattern answer arm common.,2026-06-05
3712,1050,400,5,Better crime space soon bed may central.,2025-08-22
3713,263,123,3,Eat song air stage learn enter discussion.,2025-04-25
3714,224,167,3,Available pick note since mouth movement improve fine traditional cold degree point.,2026-01-21
3715,661,414,4,Couple find cultural evening type popular key deep.,2026-05-27
3716,866,608,2,Road near discover when direction huge society anyone.,2024-08-01
3717,1272,599,1,Letter measure man position break positive will nothing.,2025-10-26
3718,1270,472,2,Popular rest market food onto occur American within key some growth report same.,2026-05-15
3719,1495,917,5,Field however left himself remain skill company director face mean.,2025-10-31
3720,285,900,3,Expert scientist evidence quickly western writer.,2025-08-04
3721,1786,491,2,Building in should total be play hold step property but risk property.,2025-11-23
3722,200,396,2,Your dream exist with agency describe key happy no trip positive.,2025-06-07
3723,1324,668,1,Couple clearly work wall board animal education focus mother community.,2026-03-14
3724,1020,981,5,Radio compare rule red voice law.,2025-10-09
3725,300,249,3,Onto southern wrong institution successful system shoulder thought.,2025-12-10
3726,822,791,5,Value rate through form manager business person who idea minute.,2025-11-09
3727,1296,503,4,American toward policy store improve onto happen wall light according better.,2026-02-08
3728,469,963,4,Consider need positive itself story prove break truth.,2025-07-19
3729,47,453,5,Goal back become difference here really because this arm professional service him.,2025-06-23
3730,1207,544,5,Available between man piece weight fund traditional late help share across.,2025-01-21
3731,1705,437,1,Compare order world spend ball head most page.,2024-02-15
3732,1650,193,3,Ok box have office yeah artist of century star.,2026-04-20
3733,911,533,3,Interview full current receive size shoulder company well democratic.,2025-08-15
3734,1909,832,4,Guess color be finish bit against choice off really local street whose wide.,2025-11-07
3735,309,9,3,Pull catch experience return wind establish.,2024-10-21
3736,1151,638,5,Century democratic agent conference stand before seem consumer.,2025-08-27
3737,1006,147,3,Question event simple carry upon help.,2025-07-03
3738,616,561,3,Play face reach add often relate.,2026-06-01
3739,1803,399,4,Region southern grow score trip hold act.,2025-07-06
3740,58,977,2,Play out evening unit quality marriage.,2026-01-17
3741,1150,879,5,Customer account relate give drive mission easy major western single.,2024-06-26
3742,1404,737,3,President section hard many small letter chair for then skin reflect happy.,2026-02-02
3743,1668,557,4,Above red treatment drive effect peace world here item play smile me improve.,2026-04-11
3744,1494,630,5,Manage people society who forward right put mention pattern project instead sound think.,2025-07-11
3745,723,471,1,Capital cost behavior there minute moment since join through process hot fund.,2026-01-05
3746,223,530,4,So deep yes new simple someone billion cold fight perform daughter interview husband.,2026-06-02
3747,1367,550,4,Skill deal make nearly return understand about teacher mission adult collection.,2026-03-07
3748,425,146,5,Design memory year player effect pull prove carry likely.,2026-03-19
3749,1232,473,5,Assume international child president writer few result now cold.,2026-03-25
3750,568,153,2,Participant enter drop note girl without risk race.,2026-03-06
3751,1614,145,3,Three laugh executive question health face because show cause necessary position.,2024-08-25
3752,464,881,5,Wish grow seem measure hold likely tough action young.,2026-05-09
3753,1928,548,1,Land alone mean office idea need former.,2026-01-22
3754,909,859,3,Conference wrong discuss mission tough scientist.,2025-06-28
3755,482,207,5,Outside first knowledge water recently school.,2026-04-10
3756,1296,994,3,Newspaper past role beyond main push speak floor walk.,2026-05-22
3757,1177,190,2,Behind forget deep task care same southern society save particularly lawyer community think.,2026-06-05
3758,1419,595,4,Decision start ever from official simply country morning should morning cut follow speech their.,2023-12-06
3759,1494,949,2,Opportunity former always activity church ability point perhaps.,2024-10-13
3760,1908,820,2,Join glass or give see turn leg.,2025-07-09
3761,1516,407,4,Activity each level strong order role focus.,2026-03-19
3762,1678,802,1,Old also fire trial begin all perhaps of computer although.,2026-06-02
3763,302,442,5,Lay home it leader answer class top summer leave.,2025-06-25
3764,484,853,5,Country officer final third finally tough staff become conference think side.,2025-12-23
3765,485,212,5,Memory city whether movement employee subject get stuff letter.,2025-06-06
3766,1254,728,5,International dream first concern bill view into.,2024-12-10
3767,902,181,5,Bar whose quality treatment option although commercial receive put hundred home look office.,2025-09-04
3768,702,599,2,Out coach whole according food hot.,2026-04-02
3769,1767,242,1,Now strategy month finish future hotel customer which health actually participant wonder important.,2026-03-25
3770,1569,467,4,Building else again walk when question life man watch.,2023-12-04
3771,1543,551,2,Drop local process war deep set market surface.,2025-07-02
3772,1001,19,3,Mouth as build or like manage detail.,2026-04-08
3773,1571,911,1,Health appear interview tonight bit particular upon trial spring build.,2025-05-25
3774,1943,933,3,Response organization point always fact attorney major including loss herself.,2024-10-13
3775,732,877,3,Need national human war dark how.,2024-09-04
3776,969,383,4,Trial take indeed agreement family ahead.,2026-02-16
3777,373,463,1,Article realize perform usually people top nice watch represent.,2026-05-29
3778,741,38,2,Stop have money show behind seem eight by.,2025-05-11
3779,770,125,5,As research form hear expert well adult shoulder agree fight.,2026-05-24
3780,480,170,2,Huge floor identify there red keep couple soon down evening plant.,2025-03-08
3781,741,930,4,And trouble rest ago this agreement moment rule say indicate source.,2026-04-05
3782,444,415,5,Join the many sense mention popular pay science.,2026-04-14
3783,1924,882,2,Energy possible of or hand happy pull girl sport analysis six police capital.,2025-07-15
3784,1471,112,1,Choose among that most piece once him voice.,2026-04-06
3785,1976,896,2,Can PM soldier customer pull edge real draw painting Congress recognize.,2026-02-09
3786,1767,939,5,Eat Mr early event fish fly close enjoy each group wife.,2025-07-02
3787,425,202,2,Doctor first surface do item enjoy lead.,2025-07-03
3788,962,781,1,Shoulder really during mention note high seem show near upon glass.,2026-05-24
3789,67,835,1,What lot say talk election every his whole kid.,2024-09-02
3790,1887,148,3,Suddenly reason interest maintain forget ball news ahead economic question off generation tell.,2026-05-09
3791,958,659,1,Same main picture toward direction member week even base form.,2025-11-05
3792,417,709,1,Score approach analysis because three pressure paper indeed system.,2025-10-14
3793,1240,27,3,Medical realize these stuff issue war note lose.,2025-10-16
3794,1678,628,5,Return full relationship degree politics through available theory now.,2026-05-12
3795,1188,660,5,Answer home shake home paper help.,2025-08-16
3796,726,266,3,Majority involve ever yes organization sell form laugh young.,2026-03-05
3797,1173,35,1,Well always beautiful development very job.,2026-05-12
3798,640,788,5,Believe major manage four however professor establish young face believe edge.,2026-05-28
3799,1398,752,4,Cause line where nice east short form pull million by.,2024-08-01
3800,1382,802,1,Painting few grow black thing low actually another forget require reduce.,2025-07-31
3801,334,816,1,Reflect range community off enter relationship.,2025-04-22
3802,1693,330,5,Society view budget scientist daughter go free.,2026-04-09
3803,783,779,5,Late work probably condition break ball how inside hour as building office.,2024-03-11
3804,1414,101,4,Their environmental human give entire break size relationship ground page car somebody.,2025-12-24
3805,1466,614,2,Suggest government speech result in program.,2025-10-03
3806,113,555,2,Force face set indicate community agree suggest speech.,2025-12-25
3807,1381,242,5,Join trip dog several up seem home woman year financial card follow.,2025-10-04
3808,1794,221,3,Situation real model world right challenge thought PM land.,2026-05-29
3809,1132,478,2,Notice deep ball economic son by.,2025-06-17
3810,383,591,1,Age design mission determine station age important will somebody order ok hold place.,2026-02-21
3811,337,861,3,Opportunity now say stock similar assume actually share.,2025-07-16
3812,583,7,1,Picture eight site southern difference if sea nature again body member.,2025-02-21
3813,1180,284,2,Town marriage boy talk decade simply poor.,2026-01-06
3814,557,584,5,Huge between family whole than painting speak somebody across job.,2026-04-21
3815,780,410,1,What group best where choice political man conference school.,2026-01-04
3816,596,547,2,He buy wish few public add daughter although short heavy view.,2025-08-21
3817,1756,280,2,Song mission itself garden toward sit month law begin area program close.,2025-07-28
3818,1222,271,3,Nature small anyone kitchen show entire mission.,2023-09-19
3819,1970,377,3,Question nation summer although red under little.,2024-08-28
3820,818,762,2,Kid none direction brother hand institution represent pattern smile and actually act.,2026-01-13
3821,1623,29,2,Everyone include travel notice too need trip change choice product past year.,2026-01-24
3822,1837,410,5,American consumer answer threat skin actually eat.,2025-03-26
3823,1668,373,4,Far part bag blood Democrat cover be clearly understand.,2024-08-23
3824,959,720,5,Property sing focus beyond another two accept receive officer community.,2025-12-25
3825,1558,376,1,Carry agree seat necessary never thus.,2025-11-12
3826,873,314,3,One leave political scene oil despite.,2024-08-06
3827,198,387,5,Design wish her able same study various hope.,2025-10-21
3828,117,156,2,Tough community bit face himself office tree final generation.,2025-12-17
3829,266,399,4,Policy arrive production strategy fire war reveal very kid could series.,2026-05-09
3830,1258,429,1,Your only good among let sort glass bag base easy.,2026-04-04
3831,296,181,5,Future seek enter commercial soldier positive because their draw parent.,2026-06-03
3832,314,220,1,Country mention deep speech under back must sense history up store leg skin.,2026-05-31
3833,453,37,2,Win kitchen explain none with our baby family poor.,2026-04-09
3834,1036,533,5,Range a coach along treatment city expect able candidate close anyone tax just.,2025-08-14
3835,490,64,3,Physical who charge theory drug me he glass.,2025-12-09
3836,752,442,1,Computer again peace significant risk notice notice race different appear win themselves.,2024-12-31
3837,978,543,1,Entire history whose art cause back campaign.,2024-08-29
3838,396,147,1,Fill side car point million word type.,2025-11-01
3839,1882,638,4,Include fund seat rule share agent I ground participant nation rule stop.,2026-06-01
3840,1424,44,4,Somebody site market Democrat my allow bit actually very.,2026-04-27
3841,313,718,2,Whose medical entire chair director protect change.,2025-03-13
3842,870,197,5,Themselves build sister organization science worry office.,2025-01-14
3843,1049,469,2,Environment sister hope hotel its then become history market live tell.,2025-03-13
3844,960,245,4,Think break modern individual cost we anything.,2025-10-03
3845,1785,985,2,Direction former all impact home executive white its rather no child well clear factor.,2026-01-12
3846,488,51,4,Reality somebody political let each meeting.,2026-03-02
3847,1281,460,5,Event a line main interesting save relate develop last.,2025-07-10
3848,1236,738,2,East anything range great billion matter occur sell somebody.,2026-05-26
3849,1403,142,1,Security nor develop street attention amount himself social traditional relate front scene ball.,2025-02-13
3850,892,556,5,Set specific point father but own.,2026-03-31
3851,997,164,1,Just support physical father loss want well.,2025-07-16
3852,514,222,3,Art turn especially lead method mouth city security.,2026-02-02
3853,1685,584,3,Pick these movie soon itself from view society book able yourself could no.,2026-04-01
3854,233,314,2,Case buy American far number scene behavior treat consider hospital.,2026-03-08
3855,652,454,3,Until field term forget sometimes present sometimes crime evening our design run.,2024-10-09
3856,1690,825,2,North development billion force notice person order allow series wear these summer.,2025-04-30
3857,1710,81,4,Collection third arrive third career skin common.,2026-05-10
3858,1721,911,4,Dark including walk issue heart window why option these.,2026-01-07
3859,295,395,2,Letter budget no theory later model require create strategy take.,2025-10-15
3860,1742,482,1,Million so whom knowledge already against direction environment memory mouth mention.,2026-03-29
3861,839,67,2,Executive author high deep son scene war research fill take thought.,2026-05-20
3862,1671,791,5,Pretty our behavior billion thus husband professor wish send finish.,2025-05-02
3863,1164,50,3,Attack south network low two foreign everything inside involve live.,2024-10-09
3864,1089,533,2,Cell side would special pay experience experience.,2026-02-03
3865,824,238,3,Blue key day future agent send most accept must picture play leg meeting.,2026-01-08
3866,267,534,2,Campaign best game raise market through recognize skill career true reduce.,2025-05-19
3867,900,676,3,Century decision research two response require he assume enjoy.,2025-10-19
3868,387,43,3,Image law political process if summer sound design indeed.,2026-03-04
3869,1677,180,2,Break detail push affect street eye.,2024-12-18
3870,578,213,5,Election ask result street for team.,2026-05-31
3871,165,259,3,Notice soon air two quality rate focus trip point present purpose million.,2026-05-16
3872,1489,169,2,Through science serious dinner foot travel weight well chair job.,2026-05-31
3873,1393,176,1,How since thought design worker work require use support employee thus skill.,2026-04-07
3874,371,735,2,Agent shake key detail mind new return history total know sure media.,2026-03-10
3875,1270,985,5,Record argue prevent nearly thus onto seek law picture speak pass in want.,2026-04-13
3876,1527,618,5,Fact those public continue check very dinner line represent free.,2025-12-17
3877,936,735,2,Rest feeling along go reduce couple receive section painting.,2026-03-15
3878,993,138,3,Indicate hospital husband white professor draw moment.,2025-08-07
3879,1778,256,4,Example south he husband wide often necessary work bill dream.,2023-07-07
3880,639,533,2,Article sea beyond again all action few start serve today memory lot.,2025-10-23
3881,1871,163,3,Seem color where very ready real suddenly.,2025-12-17
3882,1555,586,5,Stage from rate executive save throughout perform dog strong.,2025-12-16
3883,1195,317,4,Apply hope such life let agency day deal.,2025-09-20
3884,984,902,1,Democratic herself agent sea media have draw center see music though just.,2025-05-25
3885,261,763,4,Feel Democrat big agent participant big security million administration vote increase tonight election.,2026-03-18
3886,1606,702,4,Short past occur every eye action cover service behind fear watch.,2025-11-20
3887,1662,661,1,Argue once another somebody manage reveal same than painting front season travel.,2024-12-08
3888,1319,939,1,Cut front necessary glass American audience.,2023-11-08
3889,1925,560,5,Lay fill Mr candidate table trade.,2024-12-04
3890,463,327,3,Ability church the away way moment.,2025-04-19
3891,1767,77,5,System important fire health song over argue employee challenge choose recently.,2026-04-30
3892,1266,43,3,Fine keep amount nature teacher agreement alone fill.,2025-09-28
3893,927,906,5,Glass join run positive race maintain.,2024-06-30
3894,1544,704,3,Floor another relate wall evidence field begin blood base dinner.,2025-08-13
3895,72,396,3,Care these week when one laugh serve tax raise.,2026-05-23
3896,691,943,5,Me civil discussion rise on find.,2026-03-22
3897,1255,594,5,Class different space thousand world traditional foreign admit exactly wear my begin floor.,2025-04-21
3898,1813,57,1,Economy story age identify test claim.,2026-03-22
3899,152,437,4,Question become watch away growth bar.,2026-04-14
3900,960,554,2,So upon cup lawyer west place international pressure new pay condition throw.,2026-03-22
3901,340,14,5,Across on sister majority poor voice economic free inside.,2026-02-28
3902,1771,191,3,White school base stand on he window foreign all large remember.,2026-04-20
3903,1911,823,4,West voice ten available keep from.,2024-10-08
3904,64,55,2,Class everything happen town such TV list writer crime police skin goal.,2026-04-02
3905,1218,835,5,Fall grow that concern herself ready bag person nearly water politics recent.,2026-05-15
3906,1127,507,1,Significant religious couple book end across beautiful.,2025-12-24
3907,44,355,4,Avoid thing ever success choose throughout source forward board through civil you new.,2024-09-25
3908,1189,226,5,Answer adult mean government suggest continue player war.,2026-05-30
3909,56,974,4,Home likely responsibility politics across process line suffer else season sing nor.,2026-05-01
3910,1460,523,5,Nature skill add PM evening responsibility body throw wish.,2026-04-21
3911,96,364,2,Moment food economic future however for action tonight what.,2025-04-14
3912,1845,70,1,Decision child suggest simply national size specific especially.,2024-08-29
3913,1023,751,1,Wait agency society reveal chance her store including where.,2026-05-20
3914,1679,966,5,Up west report hour stage enter unit population garden staff.,2025-11-30
3915,403,69,3,Trouble trip system each black accept despite.,2024-04-29
3916,1162,264,2,Condition close fine get black treat source.,2026-03-01
3917,341,316,3,Group this none fine by guess.,2024-07-09
3918,695,72,2,She north week offer break kitchen see decade size easy very often until.,2026-02-18
3919,1581,922,3,Coach of significant ok cell between size director.,2025-07-26
3920,1044,879,3,Season mother leader approach attack seem author billion full.,2025-06-07
3921,1758,918,2,Game nor hard local right body summer defense.,2025-06-20
3922,327,394,2,Character live account start discussion population partner election shake manage him director behind.,2026-05-19
3923,1349,906,5,Camera around stay yes sort fine space.,2026-06-01
3924,1539,634,3,List process do reflect statement before serve current.,2025-06-25
3925,1393,12,4,Simple action big require wind which.,2024-06-19
3926,869,376,2,List talk move explain car adult mention hand blood size until bank.,2025-04-01
3927,531,756,2,Technology modern stop study news management early after reduce.,2026-05-22
3928,1402,199,4,Far fact relate crime million ever great.,2025-05-02
3929,1526,305,3,Child almost voice couple performance environment.,2024-02-16
3930,456,591,2,Until drive sell among table certain.,2026-04-24
3931,814,435,5,Development sign car policy firm environment local.,2024-10-17
3932,1886,847,5,Low smile where record participant enough she enough base exist generation hot matter.,2025-09-05
3933,456,762,5,She ok safe science consumer treat range knowledge.,2026-02-15
3934,1391,256,2,Issue me create view anything guess recognize at same guy decade either theory.,2025-06-22
3935,1,721,3,Expert almost tend doctor now fine put about herself believe production.,2026-02-06
3936,897,346,5,Later could fact career current impact chair relationship explain.,2025-05-06
3937,1589,588,1,Day box able argue air near a field.,2026-03-22
3938,401,444,2,Community do bill career away himself under hope fear direction according security course.,2024-01-25
3939,195,744,2,Money ago form bed property also.,2026-01-03
3940,1612,938,4,Sign choice and better source country time night power.,2025-09-07
3941,684,398,2,Pass arm product trial treatment staff strategy admit skin course space night.,2025-04-11
3942,711,196,5,Tell whatever event ability voice collection condition house continue.,2026-04-23
3943,1940,752,1,Sister run certain air step political worker.,2024-04-29
3944,1016,516,1,Speech often take guy property tree pick specific reduce make.,2024-12-24
3945,1214,649,3,Spring discover area step who machine business.,2026-02-23
3946,1147,419,5,Religious position all decide star stage positive.,2025-03-20
3947,1189,961,5,Six draw part although even buy president month.,2026-04-17
3948,1644,435,2,Walk argue fish quite too popular agency land doctor national minute.,2025-07-29
3949,776,259,3,Few American may however mission suddenly pull.,2025-08-22
3950,1020,205,1,Suddenly account cost around in seek.,2025-03-23
3951,187,404,4,Her enough because product candidate charge blood interesting two various argue type write.,2025-03-16
3952,1392,985,1,Oil article free will her with team he find place major.,2026-04-29
3953,1520,546,2,Worry performance early knowledge budget there air language per control skill address.,2025-04-19
3954,1526,463,5,Product management necessary need school middle adult.,2026-06-06
3955,365,595,2,Dark including figure today win plant company.,2024-08-26
3956,1479,814,2,Section town Republican consumer talk kid.,2026-02-07
3957,1713,689,1,Suffer give parent add forget middle garden.,2026-03-14
3958,73,867,1,Move me avoid image attention than mean.,2026-03-15
3959,451,523,1,Customer civil involve year field seem despite.,2024-12-25
3960,1656,459,5,Read head offer wrong clear behind any into.,2025-01-04
3961,385,451,5,Deep guess common require bag child main.,2024-12-08
3962,1279,182,5,Green position part rock deep myself follow eight direction police.,2025-12-04
3963,1760,875,5,Act very form stop kitchen card drive animal.,2026-05-25
3964,760,512,1,Despite here maybe reality customer wife own.,2025-11-05
3965,848,648,2,Read benefit produce edge finally relationship front report.,2026-04-20
3966,524,163,2,Now beat theory down range later inside continue dream.,2024-12-24
3967,1349,496,1,Among southern approach drop knowledge spend chair scientist subject director per control technology.,2025-06-22
3968,1642,372,3,Low toward organization feeling wear city car actually just.,2024-09-15
3969,1979,517,3,Important situation suffer effort six home star believe cultural doctor maybe old.,2026-05-11
3970,991,324,1,Miss although save quality law training could team your education option today.,2026-02-23
3971,939,79,1,Against skill summer soon teacher happy my better.,2025-01-27
3972,416,953,1,Popular collection key smile him force.,2026-03-02
3973,224,818,1,Dream board find democratic American expect it kitchen population.,2025-07-06
3974,659,861,4,Foot soon necessary difference property method market.,2025-11-17
3975,1273,331,3,First according open always member kid task side family young full.,2026-04-06
3976,109,614,5,Herself win would follow find evidence arm second worry.,2026-02-21
3977,1977,989,3,Former this news town full think attack.,2025-03-14
3978,546,740,2,Ready report often management study test standard.,2026-03-31
3979,381,277,1,Similar less term operation score never occur woman write toward.,2025-06-27
3980,239,966,5,Clear animal our memory and man movement science hit clear you.,2024-08-08
3981,12,770,2,Local window attention simple line rate program effect worry.,2026-06-04
3982,1965,633,1,Who rise true financial three itself talk live mean American standard.,2025-10-01
3983,1515,953,1,Behavior to rest we modern factor speech campaign sort fund anything quality wife.,2026-03-27
3984,14,353,4,Method business western role happy hope south assume among notice.,2025-02-23
3985,123,727,5,My consider old for feeling manager.,2024-05-07
3986,1131,50,4,Enjoy its question first bar size case eight himself able capital.,2025-08-16
3987,1650,933,3,Deal pick maintain difference major daughter various him win debate current.,2026-01-22
3988,1651,358,5,Tree professor without defense avoid among thing according force throughout approach night run.,2024-02-18
3989,1666,346,5,Glass bad perhaps work result law strategy increase trip night.,2025-10-09
3990,715,711,5,Perform produce girl it doctor necessary reduce.,2024-07-03
3991,125,356,2,Nation husband interview support someone at picture chair travel forget impact.,2024-11-26
3992,392,567,1,Medical wide least close arm test capital.,2025-11-27
3993,640,794,4,Word national develop perform audience eat gas discussion paper.,2025-12-28
3994,174,360,1,Again drug difference occur state remain worker rock trouble interview fly.,2026-04-19
3995,557,755,4,Heavy idea begin industry difficult avoid commercial.,2026-05-10
3996,1242,268,1,Official expert story to hour kind worry forward fire accept guy business article.,2026-03-01
3997,1123,958,2,Happen bag statement turn doctor stop.,2023-08-19
3998,218,826,4,Common office their could leave myself major.,2026-04-18
3999,774,916,4,Forget room indeed picture popular week.,2024-03-23
4000,1950,878,2,More bank health pretty light prevent national president guy like let.,2024-12-28
4001,382,18,2,Story well lawyer yes natural those worry discover environment choose able cultural sure.,2026-01-01
4002,557,1,1,Try media suggest school chance present.,2025-02-05
4003,586,48,3,Official trip hotel seem network bad describe agreement test bank expert offer scene.,2024-12-20
4004,418,905,5,Box service American hot professional fly draw international box side budget.,2024-10-08
4005,1652,136,2,Begin air million there little try else player throughout student difficult need.,2024-05-02
4006,259,682,4,Common themselves everybody its glass window quickly.,2026-04-22
4007,1429,326,3,Firm pass point lawyer dark spend social movement big prove lot amount eye.,2025-11-12
4008,1584,139,2,Throw enter whether decision artist he effort probably.,2025-01-22
4009,1242,547,2,Bag dark eye choose positive provide tough drop mean.,2025-05-22
4010,1770,76,3,Born case likely pick person heavy.,2026-03-26
4011,223,589,2,Article word sort yes make if.,2024-12-11
4012,72,114,5,Sea discussion major home sing maintain moment run city treat nor six size.,2026-03-11
4013,579,812,1,If study for defense rest lose person young middle form anything.,2026-02-03
4014,1596,443,5,Country director attorney especially candidate enough site direction war politics then think dog.,2026-05-28
4015,765,331,1,Activity Mrs specific meeting wish sort clearly find others scientist.,2025-08-26
4016,1982,249,2,If figure event sort response majority myself actually research around interview mouth worry.,2026-05-08
4017,607,661,4,Surface career impact of mean trip such claim fast president.,2025-08-10
4018,1177,340,4,About history car blood very over good statement her.,2026-04-24
4019,811,532,3,Lay establish interview or sea possible include audience join.,2026-05-08
4020,1393,812,5,Right gun item because single eight view practice.,2025-03-15
4021,331,836,2,Minute before those difference low establish development wish evening view smile close.,2024-10-29
4022,382,420,2,Speak ago perhaps while in goal far whether method special quality.,2025-12-26
4023,1682,655,1,The join fight marriage watch provide few manage collection behavior young.,2026-01-01
4024,940,155,4,Performance admit next accept study risk allow each wind piece development summer figure.,2026-01-26
4025,533,158,2,Leg various term learn no tell.,2025-08-12
4026,799,500,1,Share quickly work shake thank rate career media laugh deep politics budget.,2025-08-17
4027,60,81,4,Wait south well trade so color hair floor.,2025-05-20
4028,731,417,1,Nation even television director former prevent training current follow right attack should.,2024-04-30
4029,1745,292,4,Whether lose responsibility accept money provide audience about office cost ten.,2026-05-10
4030,819,572,4,Throw data sound accept team base citizen.,2026-05-28
4031,665,154,2,Continue local note subject fish their government subject.,2025-04-27
4032,1192,718,3,Born city last without view suffer president raise run.,2025-08-25
4033,1947,105,4,Field woman that why animal foreign agreement rich same hot.,2023-10-26
4034,920,614,5,Politics positive worker indeed look blood traditional all.,2025-05-15
4035,1290,992,2,Before yes space class whom television similar be.,2026-05-24
4036,1345,1000,5,Authority structure thing get red ten each hot sometimes fill stay.,2026-02-12
4037,592,126,3,Music to focus response couple today job.,2026-05-08
4038,504,621,1,Lose baby law so believe choose.,2026-04-24
4039,226,762,2,Accept billion son quite purpose visit rate military cultural would along.,2026-05-20
4040,1738,800,5,Hold upon customer behind call agree into brother.,2024-04-11
4041,464,983,2,Group where policy late also product build game site such religious more.,2024-03-01
4042,1558,456,4,Case weight parent apply term above star.,2025-09-27
4043,12,459,5,Else song within marriage court it stand lose.,2026-05-09
4044,1702,609,4,Blood green able old social key finally measure particular value.,2026-06-01
4045,1762,838,3,Condition interview suddenly war score politics force happy where fall daughter space change.,2025-11-30
4046,1282,434,3,Decade resource pay area history suggest position huge summer four benefit onto.,2026-03-06
4047,1156,281,1,Medical prevent whatever tend specific eat certain particular.,2025-11-29
4048,1709,854,1,No only institution large somebody team clearly society wind member.,2024-08-19
4049,1273,583,2,Address above much character miss during send this candidate always occur bed parent.,2026-04-08
4050,284,847,3,Site rise charge least speak traditional modern any what from decade.,2025-06-16
4051,433,163,4,Nature hit structure treat standard physical stop.,2025-11-04
4052,1314,139,4,Simply which mind remain parent during anything health often executive big usually.,2025-12-25
4053,1549,782,1,Process ready low cup product agent action fear general once raise.,2026-03-07
4054,1388,77,3,Manager cover eight yes establish next despite compare couple deal bill past find.,2025-04-16
4055,269,447,1,Thank current test mention two everything win.,2026-05-17
4056,1606,251,4,Sing available away including property son treat attack treat.,2025-10-22
4057,842,533,5,Mouth marriage relate care tend political theory with official.,2026-05-14
4058,53,981,1,House instead series type individual pass yes audience.,2026-04-20
4059,589,719,3,Media throughout respond increase air describe way.,2026-05-07
4060,1564,715,2,Center idea across effort deep sometimes daughter major side add argue again ball.,2024-12-23
4061,559,9,5,Eye whether radio health past method rich interview hold else professional position.,2026-03-20
4062,979,776,5,Health once paper entire treat skin course.,2025-05-21
4063,1271,204,2,Big talk plan truth large health material forward very lead.,2026-03-23
4064,1348,25,2,Less however article physical you knowledge.,2026-05-30
4065,283,578,2,Game walk concern child while I week yeah about under war value game.,2026-04-13
4066,1709,158,5,Individual summer capital agree hold bring allow likely speech admit.,2025-06-06
4067,1418,581,2,Order that listen break modern age husband why pay.,2025-04-23
4068,1654,428,1,Off plant past start learn carry source charge buy already standard TV.,2025-10-07
4069,26,378,3,Sign rather through fine better reason discover stay.,2024-10-08
4070,1473,437,4,Picture image popular attorney dog during probably front back brother.,2026-03-04
4071,65,795,4,Resource imagine form popular option wait participant people generation door.,2026-02-22
4072,242,281,2,Occur home month already practice community class mission house coach particular store loss.,2025-04-16
4073,1054,436,2,Fall determine follow pattern night president entire memory class especially.,2026-05-22
4074,675,995,3,Wrong student avoid skin need pay kid experience my born fire appear.,2025-04-06
4075,1882,352,3,Side three measure near fly although.,2025-01-22
4076,1250,519,5,Executive certainly speech certainly compare no factor charge system become huge certain.,2024-01-11
4077,1543,213,4,Practice answer act history let economic notice run place able road either fall.,2025-06-15
4078,1891,926,4,Better dark customer structure director play old.,2026-05-08
4079,522,978,3,Begin necessary interesting experience group these try.,2026-04-22
4080,362,721,1,Big southern simply fill behind him can police perform at party three.,2025-12-12
4081,1270,923,4,Billion theory five now out yard rise.,2026-04-26
4082,320,900,5,First knowledge such late other ready take.,2026-03-29
4083,389,563,4,Relate action above laugh somebody eat all brother great cause maintain.,2026-06-05
4084,1165,826,5,Gas walk although daughter other increase.,2026-05-24
4085,1248,160,2,Admit technology know data popular exist doctor produce arrive.,2025-02-06
4086,1741,189,2,Trade return exactly action begin whole.,2025-01-25
4087,226,947,3,Skin culture event site top direction every the serious difficult.,2026-01-19
4088,1160,917,3,Page set partner imagine voice box production including wife black without coach center.,2024-12-30
4089,771,817,2,Audience college fire play official against develop short.,2026-04-14
4090,1927,674,5,Ready heavy third show son break city see agent fall be adult.,2026-05-05
4091,1812,398,1,Behavior system expert cup hand series what increase door charge million space.,2026-06-05
4092,292,306,1,Appear industry including natural who authority break politics special site product while.,2025-07-30
4093,156,268,4,True high college former better since.,2026-04-11
4094,824,824,4,Summer window church almost yeah water him focus popular yourself key listen need.,2025-01-26
4095,1930,233,4,Nor off might develop nor evening data.,2026-05-09
4096,881,365,3,Build real money yet develop later start strong east mind provide benefit.,2026-05-15
4097,1265,280,1,Mother third weight recent though off without bill two.,2025-06-20
4098,930,199,4,Natural run production economy similar world.,2025-01-23
4099,384,234,3,Interesting agreement building weight fall yeah action.,2025-07-19
4100,226,136,5,Start buy easy approach member trial big side animal many spend ask news information.,2025-09-01
4101,1255,580,2,Century however meet listen individual here mission talk whatever save degree.,2025-01-23
4102,343,673,4,Several reality culture none administration ok present learn note.,2025-07-12
4103,744,383,1,Which increase foreign start add southern this stock create box leave federal.,2026-03-26
4104,1096,436,4,Dream say majority government if local article huge wind rest.,2026-03-23
4105,301,835,1,Reach hear wonder field skill do recently.,2025-06-20
4106,795,95,5,Knowledge leader appear tough officer loss might move artist growth.,2024-11-28
4107,975,872,2,Value soldier dog each expect anything society threat.,2025-08-06
4108,603,936,5,Seat several hope three usually husband address a.,2024-05-12
4109,363,575,5,Interesting nothing leave idea decide check.,2026-06-06
4110,1335,894,1,Best because star magazine speak rather year newspaper the fall among reduce break.,2025-04-26
4111,279,953,4,Sing present myself yes art check real available day.,2025-09-12
4112,492,165,2,Movie family suggest cultural area group guess key system song media sit.,2025-04-29
4113,999,346,2,Claim heavy manage religious everybody sense remember can everyone yes Republican.,2026-03-25
4114,854,794,1,Myself future almost possible control child weight remain record account agreement.,2026-01-19
4115,986,584,2,Energy save growth collection view series relate standard after sea sing often.,2026-04-15
4116,1757,17,1,Occur win scientist quite enough yourself drug activity.,2026-03-03
4117,712,400,4,Thank allow I leave right fight recently.,2026-01-11
4118,1835,955,4,Office difficult exactly design evidence present need perform make.,2026-04-24
4119,420,787,1,Use test type picture see color push general.,2023-09-14
4120,953,150,3,Very audience management performance another statement perform bag.,2026-04-14
4121,428,489,5,Mention interest onto enough win space data.,2026-04-04
4122,115,18,3,Tend look though information expect doctor brother stay.,2026-04-06
4123,280,425,1,Son name entire crime enjoy themselves action administration suddenly analysis.,2025-01-13
4124,921,621,1,Million since subject war quickly after gun few finally follow.,2026-01-05
4125,1575,110,3,Really husband accept matter into where serious finish newspaper question between.,2025-12-18
4126,1712,333,5,Entire blood ago moment go page look lose.,2024-09-22
4127,1697,956,3,Return end speech order lose visit current least never let strong boy suddenly.,2025-10-28
4128,446,246,1,When or pay water forget design according especially building assume.,2025-12-19
4129,255,954,3,Account level financial shake perform decade plan education them realize table.,2026-02-27
4130,233,57,2,Special receive choose word wait myself morning industry rich.,2026-01-26
4131,1523,769,2,System represent fund specific whatever view get experience service else.,2025-12-12
4132,1677,852,3,Hear man unit ask call television find five message where mean.,2026-01-09
4133,314,819,2,Rock like feeling not give subject decision thing.,2024-12-19
4134,1157,691,2,Drop quite street item under let trade themselves.,2026-05-10
4135,1050,754,3,Win along region thus performance next.,2026-05-12
4136,976,604,3,Purpose public risk source relationship start film week often identify real recognize economic.,2026-02-22
4137,48,835,1,Practice if others expect phone throughout me catch general both military political.,2025-01-21
4138,790,105,1,Suffer sound fish television our pick officer adult.,2026-02-08
4139,643,43,3,Grow there history assume material quickly security establish significant down food.,2025-11-29
4140,1799,464,5,Everyone organization onto treat ok last trade involve there able hard.,2026-06-03
4141,420,954,3,Sister school man community rise size become.,2026-05-28
4142,1643,807,3,Tough door structure much cold total fire prepare plan herself option while debate type.,2026-04-03
4143,1867,321,3,Case this couple talk evidence remember community or however give.,2026-02-08
4144,22,734,3,Think professor similar employee direction action third truth energy whom money process bad.,2025-09-11
4145,1164,936,2,Myself ball growth term lose win or even ask follow.,2026-03-31
4146,1749,504,5,Film American note paper reduce middle image four business nor.,2025-03-18
4147,1132,41,3,Fine cut despite administration student society.,2026-05-31
4148,1853,195,1,Hundred Mrs agreement explain order nice suggest.,2026-06-06
4149,1381,625,2,Nation where news sea between political any.,2026-04-15
4150,1261,936,5,Shoulder miss deal wide attack difference throw able.,2024-08-08
4151,1938,187,4,Language source career man nothing take ability important.,2026-05-20
4152,477,940,2,Seek line season lose help first family.,2026-02-25
4153,524,496,1,Cause six good let attack firm still yeah card why.,2026-03-24
4154,1949,268,5,Forward majority food product social training actually organization shake pressure five.,2026-03-08
4155,1127,969,3,Trial this message wear traditional get because always care either race.,2026-04-12
4156,1346,392,5,Keep woman rule free toward government accept health.,2026-04-02
4157,166,547,5,Little space step fact capital run agreement something cover leg.,2026-05-02
4158,1566,229,2,Order stuff development difference mind official benefit.,2025-10-06
4159,412,305,5,Describe assume character good represent clear.,2025-04-03
4160,713,950,5,Find true also morning like bed late yeah loss man really exist.,2025-09-22
4161,475,595,1,Free business forget none since notice land.,2026-02-21
4162,53,978,2,Push power cold feel those project summer relationship drop more cause.,2026-05-25
4163,1488,14,2,Compare direction green responsibility artist join indeed color national support year president.,2025-09-02
4164,809,631,2,Stock reflect style whatever heart research I.,2026-05-29
4165,565,496,4,Within more vote painting whatever appear if tree could.,2025-09-10
4166,1450,38,5,Player threat after answer hotel discuss loss end involve case enjoy.,2026-04-15
4167,222,769,1,Explain nearly total teacher ago walk sense idea manager.,2026-05-19
4168,434,823,2,Who style recent pay newspaper about event however condition head outside.,2025-01-28
4169,1816,244,1,Can we learn station occur forward stay PM.,2026-05-11
4170,1120,110,5,While possible political still describe small newspaper exist meet have space.,2025-07-10
4171,750,184,4,Article nice professional summer natural risk one recently act member.,2026-05-13
4172,1845,902,5,Western piece avoid could exist anything tax Mrs concern moment.,2023-10-11
4173,345,504,5,Want could fish big expert think thousand trip listen.,2025-03-19
4174,785,246,5,Education stock story throw control bit smile answer popular hope long summer ok.,2026-04-10
4175,48,596,3,Evidence sense child bed while cover medical tonight my.,2024-06-22
4176,1937,991,1,Term call wish letter join modern general attention.,2025-09-28
4177,815,215,1,Example occur sort really population defense eye.,2025-08-01
4178,451,903,2,People why marriage often TV box must successful just.,2025-05-30
4179,1896,58,4,Together seat conference care town better leader local final drive.,2026-04-25
4180,897,767,1,Home degree network hair many open.,2025-06-16
4181,1710,369,5,Interesting first box western reason local dream measure people yet.,2026-05-08
4182,1214,482,2,Home individual ever executive particularly firm him management too suggest.,2026-04-10
4183,49,942,5,Station policy understand several admit line difference stay site.,2024-06-08
4184,1293,870,2,Skin decision blood example science protect however although amount generation other.,2026-05-18
4185,577,164,1,Interest score inside later quickly forget those.,2026-05-01
4186,1783,362,4,Star they truth somebody us sit expect fire side recently.,2026-06-06
4187,1509,877,5,Nor well glass everyone voice receive idea reveal push.,2025-07-02
4188,1117,37,3,Little camera likely institution keep finish whether middle.,2026-06-05
4189,1933,936,1,Agency different seven operation reveal industry.,2024-11-01
4190,924,886,4,Pay real personal well employee for purpose system total and instead prevent.,2025-03-25
4191,1890,404,2,Their know end realize upon allow peace mind able along.,2026-02-05
4192,440,23,3,Center will happy standard sport in citizen budget.,2025-09-02
4193,929,956,5,Boy executive yet citizen maybe someone than.,2025-11-01
4194,262,42,4,Draw west factor stop your reduce national feeling particularly teacher card why.,2025-09-05
4195,128,104,3,Debate dream language a student yet thing go air analysis home.,2025-01-03
4196,97,557,1,Start discover into collection industry series eat state.,2025-12-15
4197,1808,711,5,Market career change scene TV whom certainly citizen.,2024-11-23
4198,1128,146,1,Change really decision receive during cost young task knowledge item change.,2024-02-04
4199,1654,678,5,Wonder nearly save son success audience business staff media realize education like increase.,2026-03-06
4200,1354,622,4,Since have officer guy economic have study end cause performance sell process.,2025-08-31
4201,829,876,3,Level order tonight method audience fear region air arrive tough ever money then.,2026-04-15
4202,1887,693,4,Type present a economy both hour executive policy feeling.,2026-02-04
4203,245,517,1,Woman down risk rule number stay campaign per finish event water walk bag.,2026-03-05
4204,425,963,2,Always kitchen clearly argue spend dinner identify television industry pattern party.,2025-09-03
4205,214,56,2,Magazine eye yourself condition water stage system employee relate quality many contain two.,2026-03-04
4206,1244,214,3,They ball gun program card else this.,2025-05-02
4207,57,686,3,Eat on low lose reason here if bring black strategy success general.,2025-03-28
4208,1008,275,2,Send relationship contain huge family bag experience improve ready water.,2026-01-22
4209,611,697,1,May PM hotel medical thing easy wide matter town industry activity.,2025-07-21
4210,803,290,3,Career deep his stand manager true memory bit.,2025-12-24
4211,951,514,4,Impact system century red democratic fact top everyone.,2025-04-22
4212,1223,80,3,Sign place Congress TV then what.,2024-10-22
4213,1523,955,3,Forward its artist condition record sign.,2026-02-06
4214,646,222,4,Behind group center provide wonder religious sell.,2026-04-29
4215,355,98,3,Range modern street group campaign run Mrs.,2026-02-15
4216,1453,665,1,Garden available great understand American defense admit step out order himself.,2026-02-23
4217,1984,233,3,Reduce generation no theory bar suddenly on stop also either specific environmental.,2026-01-02
4218,154,987,2,Town south until mention its authority until itself public.,2026-03-07
4219,453,985,1,Run down real term mention wind song next benefit.,2025-02-21
4220,1520,331,4,Machine red any yard young mission my explain discuss truth first surface.,2026-04-28
4221,1632,544,1,Wonder agreement reveal consumer happen green learn factor least.,2026-03-10
4222,344,888,3,Trip assume soon better kitchen own.,2025-09-16
4223,696,409,4,History between leg assume plant pressure bad gun.,2025-12-03
4224,1015,855,5,Theory its front letter necessary woman into social project.,2026-03-10
4225,270,234,3,Member simple outside consumer respond difference enjoy begin know.,2025-11-18
4226,1409,795,1,Term argue piece Mrs partner goal fire event.,2026-01-06
4227,1919,245,1,Professor enough rule term strong soon share dog make draw probably front trade.,2026-02-21
4228,1076,229,1,Cold peace join recent cut seven improve water even several find game pressure.,2026-06-01
4229,574,104,1,School number responsibility edge history power to eat produce child fear gas.,2026-06-05
4230,1680,282,4,Main be while bed free raise memory.,2024-12-31
4231,1786,204,5,Future music actually hot plant whom write idea century team check.,2023-12-26
4232,576,875,1,Glass beautiful standard follow five news able.,2024-09-14
4233,106,789,4,Tree class part level plant task.,2025-12-05
4234,609,453,3,Give toward TV rise show consider wish TV force.,2025-11-04
4235,804,699,4,Serve who event ball drop adult billion whole participant.,2025-06-18
4236,773,429,1,He scientist feel because general area along remember dream ground business life.,2025-09-21
4237,1271,79,4,Cause almost fire evening party argue film.,2026-01-26
4238,30,78,2,Whom pull go physical least team.,2025-10-11
4239,1980,819,3,Method add across walk computer better almost idea baby Mr.,2026-02-02
4240,730,785,1,Agent pull point finally none anyone against find road audience.,2026-05-27
4241,1038,615,4,Claim paper medical again heavy shoulder simply whose good ok space point edge.,2025-06-24
4242,365,619,4,Past though party PM clear push recently husband on add high why almost.,2025-12-30
4243,1110,995,4,Memory leg smile without wind institution.,2026-02-25
4244,1393,278,4,Move yard by subject which exactly reach.,2024-08-14
4245,1726,294,1,Under test cultural weight financial good the people sister set.,2025-10-19
4246,705,652,4,Black enter response shoulder expert prepare.,2025-03-31
4247,914,393,5,Establish build shake without easy difficult significant something surface.,2026-04-16
4248,261,190,2,Order between director all write memory sell college action condition.,2026-05-29
4249,1287,970,4,Easy record different town field source production.,2024-06-01
4250,1202,807,2,Approach enjoy soon break past my without.,2025-01-04
4251,1434,884,1,During deep old personal song address worker claim listen lay recognize.,2026-04-14
4252,741,207,1,Current miss number enough air room wait carry foot agency director officer summer.,2024-11-30
4253,1824,317,3,Economy decide protect marriage who study maintain together share grow cold raise response.,2026-02-20
4254,571,554,2,Society step ok special receive thank off late thus friend language here head.,2024-05-14
4255,1427,132,3,Find affect growth anyone under north item must live very space pressure but.,2026-03-12
4256,1328,376,1,Close from real who notice these central north include heart growth.,2026-01-11
4257,1019,546,2,Tv worry commercial military assume sometimes father.,2025-01-30
4258,1540,790,3,Usually herself story state game cold quickly determine consumer.,2026-01-29
4259,101,44,4,Increase fact blood wonder represent among kind relate scene deep.,2024-12-28
4260,1982,30,4,Least detail politics approach growth Mrs rule happen cultural Mr morning real.,2026-06-02
4261,658,621,4,Avoid rest hold each drop life for painting budget opportunity great common win player.,2026-03-14
4262,972,653,4,Gun only look window buy speech class magazine word.,2026-02-11
4263,1243,840,3,Include case claim single teach father total lose argue hard window bar career.,2025-04-19
4264,198,881,4,Possible bring truth policy present will environmental water ask wrong significant.,2026-06-06
4265,58,670,3,Wall suggest growth measure employee own southern term.,2025-08-27
4266,474,554,1,Enter serve Democrat through have contain use free discover kid visit his.,2025-05-30
4267,1608,285,3,Town result especially example pressure allow risk skin simply remember show.,2025-08-01
4268,1928,284,3,Concern leader economic third particularly address price born.,2025-08-06
4269,1997,823,5,Brother Mrs network Mrs again letter include dream.,2025-08-11
4270,1224,796,5,Lawyer stuff reach theory top industry sense range a walk mean.,2025-11-06
4271,1293,954,5,Risk write rest record summer myself edge share conference case during member.,2023-12-01
4272,1322,693,3,Message not specific camera world turn mind region account political.,2026-04-10
4273,425,257,3,Local down himself write fine father structure successful over although.,2024-08-21
4274,1269,9,1,Media area rock design sing ten reach television great.,2025-06-14
4275,1917,830,5,Full theory like economic financial compare career news simply.,2026-03-29
4276,1533,423,2,Seat really left third wide western carry then sit one by six.,2024-02-28
4277,1614,493,1,Face matter well color card name young.,2026-01-18
4278,1701,17,2,Seek tree clear on city ten lose free use majority later table.,2025-08-04
4279,1819,96,3,Chair charge record difficult improve art assume reach collection.,2025-01-18
4280,712,225,2,Next drive off husband yet crime section executive amount politics.,2026-05-14
4281,390,535,3,Seek believe keep cause himself star.,2026-05-08
4282,6,109,5,Less weight impact management rock phone southern institution safe fear.,2026-03-14
4283,388,521,1,Dog with positive cold each field stop whose national.,2025-12-29
4284,1776,69,3,Federal me be stock between determine so new executive worker window look.,2026-01-03
4285,1639,464,2,Heart if south candidate economy reflect.,2025-03-13
4286,1864,610,5,Four pull future end anything role around.,2026-02-10
4287,1070,984,5,Rise account right whatever continue accept behavior late every skin.,2025-09-06
4288,727,827,5,Art surface commercial her sit raise technology notice.,2026-02-25
4289,1561,149,1,Stuff whose student all past sister chance street board.,2025-10-15
4290,872,745,3,Bed toward buy performance fine story to.,2025-08-05
4291,1298,57,1,Seem moment seat item kitchen already suggest in certain benefit including admit wife.,2026-02-26
4292,256,385,1,By such civil enjoy respond east.,2025-04-26
4293,776,853,2,Man office security trip answer evening article store.,2024-05-19
4294,673,19,3,Billion even cut deep campaign consider officer nature happen day nature.,2026-04-01
4295,321,335,2,Trip degree entire fund beat behavior week decade anyone marriage movie.,2026-02-08
4296,270,869,1,Situation wrong mean price all mean smile go doctor.,2024-01-30
4297,1202,773,1,Dog never although campaign education head door.,2024-09-02
4298,1353,345,4,Act appear position important something especially window modern attention.,2024-07-09
4299,557,596,4,Consider reality significant life guess know build particularly investment.,2025-10-09
4300,1509,388,4,Human teach already glass plan safe during better score.,2025-12-25
4301,887,895,3,Pattern act clearly same huge newspaper discussion exactly such stage sense paper always.,2025-02-25
4302,982,312,4,Might read law risk follow myself where away quality follow past apply spend.,2025-03-06
4303,1426,702,2,Eye role table leave fear need fund close choice.,2026-03-01
4304,385,650,4,Produce should describe fire save face agency section.,2025-04-14
4305,1812,937,3,Voice it view here Republican whose quite close ready trouble human heavy close.,2025-08-16
4306,1011,737,2,Perform so report agent deep hour strong bag.,2026-04-06
4307,1085,434,1,Indicate mind rather thousand community some cut continue road people town throw thing every.,2026-03-20
4308,1078,583,3,Ago cut share company media figure school.,2025-08-11
4309,379,983,5,Least person board rich far positive officer forward daughter.,2025-11-30
4310,1322,729,5,But person trade into every stop animal worker sort court despite.,2026-03-21
4311,1351,348,2,Plant to here budget business just specific interesting list end size.,2024-06-14
4312,1423,952,2,Officer bank member seat federal painting sometimes visit door performance.,2026-05-21
4313,1289,499,2,Beat development bill dinner list condition participant show me agent different gun resource.,2026-04-10
4314,1260,744,2,Foot value low fast tend why catch management though quality water.,2024-10-02
4315,280,358,4,Upon language participant enter item general poor.,2025-12-15
4316,565,955,1,Short agree thus order poor source.,2026-06-06
4317,651,867,5,Important among Congress high pattern even born firm.,2024-03-22
4318,434,565,5,Positive year charge wish tend Republican toward respond thought central just.,2025-11-01
4319,926,334,1,Can expect story in tonight suggest recently staff.,2026-03-29
4320,1373,623,5,Result can director coach magazine what east friend.,2026-05-07
4321,1296,475,2,Might activity movement guess fall baby natural consider.,2026-03-23
4322,446,34,2,Threat probably soldier box yet everybody which yeah life news party.,2026-03-31
4323,343,680,4,A cover second be experience hour modern organization head reality perform.,2026-06-06
4324,1072,855,4,Green daughter community picture serious receive stop think.,2024-01-20
4325,546,718,2,Need about detail democratic food up.,2026-03-23
4326,1215,81,1,Any any recently simply reduce man easy there what quality.,2026-04-24
4327,347,855,4,Front stock itself hundred design picture job keep really vote traditional operation college.,2025-07-28
4328,983,364,2,Entire campaign skill country experience mention vote gun.,2026-04-04
4329,951,105,4,Economic store daughter section people compare scientist.,2026-01-03
4330,1040,38,1,Respond our woman lose front politics without world anyone technology style.,2025-08-31
4331,1031,324,4,Represent knowledge down major theory management memory and discussion talk media.,2026-05-17
4332,645,233,5,Memory figure find avoid area practice play such like.,2025-09-07
4333,409,896,3,Without these act dinner should eat move wide here may hotel necessary.,2026-03-05
4334,954,35,3,Maybe ready tell accept realize light everyone next sea history doctor television safe.,2025-12-06
4335,636,684,4,Together throughout site team body spring heavy.,2025-09-23
4336,189,3,4,Him enter job continue audience despite much science position event.,2026-01-13
4337,800,107,4,Lose event newspaper Mrs production what authority fact.,2025-06-18
4338,1854,148,3,Process whether rate federal join mind true approach traditional per manage.,2023-09-25
4339,1575,435,3,Again each culture add history occur serve do walk sign if.,2026-05-20
4340,1833,866,1,College entire commercial story society hour whom American few relationship.,2024-05-24
4341,1201,767,2,Republican hospital heavy away east important blue hold environmental plan rate smile stand.,2026-02-22
4342,458,680,2,Tonight today campaign remember measure medical while fire.,2026-05-15
4343,1840,710,1,Rich market institution game direction ok how than education worry else set half.,2026-03-31
4344,427,524,2,Threat back law film street discover contain growth what meeting start different.,2026-02-15
4345,689,772,1,Behind else remain American probably animal rise natural member country.,2026-01-11
4346,81,288,1,Out record own power least know partner chair mother land.,2026-02-09
4347,1252,508,2,Report interview cup rather relationship control people career economic kitchen.,2026-03-19
4348,1637,137,2,On open easy first ball amount seat.,2026-01-16
4349,1520,901,2,Bank public day modern own cultural reality no occur line either increase medical.,2026-04-02
4350,653,868,1,Cold drop own draw image how.,2026-03-04
4351,524,86,2,Recently kitchen bar glass line customer those line because.,2025-06-15
4352,945,167,2,Natural already oil score middle physical piece.,2026-06-02
4353,1693,627,2,Others near human cell item week become collection mother area wish.,2026-01-05
4354,1518,236,5,Happy parent sense character in provide these recent hospital church arrive job realize.,2025-11-20
4355,1643,210,2,Occur better guy theory hot address Mr.,2024-12-10
4356,733,445,1,Sort party short major price particularly do.,2025-09-27
4357,1807,719,3,Should heart husband personal become again despite.,2026-02-08
4358,1325,688,5,Ok area pretty image discover development response appear view.,2026-05-13
4359,1023,773,3,Capital woman center fire their program recently outside.,2024-07-01
4360,1041,72,5,Front relate skin about by statement.,2026-04-23
4361,525,380,2,Start she growth offer recently interesting positive so tonight.,2026-04-11
4362,122,263,2,Job kitchen answer friend shoulder month class.,2026-05-16
4363,34,966,3,Open likely leader past goal sport dream PM wall article.,2026-03-20
4364,1745,995,4,Together I task enjoy successful into myself could including possible modern.,2025-06-07
4365,1205,91,3,Right production wide step price color activity ahead possible keep.,2026-02-07
4366,470,273,3,State together table investment admit poor cold once later help water.,2025-09-07
4367,1087,790,1,Wait assume talk my money receive lot culture.,2025-10-26
4368,680,610,1,Mean family level trade pull half.,2025-08-09
4369,1331,513,4,Already whether side remain treat president amount.,2026-04-27
4370,672,241,2,Who expect history tax thank direction position daughter into manage age visit.,2026-03-27
4371,346,687,1,Thank tonight professor result degree drug result send may unit team reason career.,2026-05-29
4372,1435,960,1,Tax open response room grow course simple religious how guy center dark federal.,2024-11-19
4373,459,826,5,Reduce meeting those total stay certain item.,2024-11-18
4374,1894,628,1,Nature conference food before these million coach or east though quality water story.,2025-11-15
4375,262,950,2,Partner head pattern religious wall information available however spend.,2026-03-22
4376,1008,72,4,Clearly loss manage quality couple quality.,2026-05-17
4377,1881,466,1,Political although step meeting last face throughout expert term role yard.,2025-10-31
4378,1714,346,2,Rest candidate black can two as boy.,2026-01-10
4379,115,809,2,Head just impact short focus political follow.,2025-04-21
4380,1607,669,2,Skin leg new agreement television magazine onto.,2026-01-22
4381,128,555,1,Behavior law fear present section chair teach.,2025-05-03
4382,1968,12,3,Western project word end campaign suffer argue short surface body very with institution.,2025-05-14
4383,975,49,2,Soldier professional quite marriage our lot front visit various never ball interesting side.,2025-08-15
4384,1631,910,1,Down item rich cultural strategy tax south why stop.,2026-03-21
4385,1040,104,4,Feel able course represent deep media better eight reach high poor interview.,2026-01-07
4386,1118,81,1,Sign drop green room respond through leader.,2026-01-02
4387,861,972,4,Strategy population instead close interview it carry law.,2025-12-06
4388,1770,965,2,Bad dinner message conference develop carry adult leader.,2026-04-03
4389,1744,882,4,Buy open data front term station bed seat identify smile.,2026-05-18
4390,290,101,2,Coach simply computer cost hit center idea great care gun wind.,2024-09-04
4391,1291,136,3,Rather relationship might popular brother story.,2026-02-12
4392,458,116,1,Model recently agreement money evidence wide.,2025-05-04
4393,78,119,5,Talk institution strategy nothing upon pay sound in medical factor.,2025-05-06
4394,1676,140,2,Of sea arm cup contain treatment enough actually expert necessary.,2024-05-29
4395,115,600,1,Chance major appear fact cup become question PM create.,2026-03-10
4396,793,13,1,Wish apply new threat which it.,2025-09-18
4397,679,920,1,Account show great since apply dog together discuss still seem.,2026-05-31
4398,510,808,5,Much watch include street tough kitchen former.,2024-12-15
4399,280,257,5,Figure kitchen population enjoy trial already stock.,2026-03-01
4400,765,999,5,Individual camera he once forget project black mind inside prepare.,2025-12-25
4401,306,373,3,Develop analysis pay section relationship write yes city often answer treatment.,2025-12-07
4402,1189,911,4,Difficult give Democrat laugh water card production arrive song good style mother wear marriage.,2024-10-16
4403,1331,933,1,Type commercial nearly this floor open mission agreement direction president next office.,2026-04-13
4404,1973,45,1,Risk area attention far truth right include care production.,2026-01-18
4405,901,453,2,Send agree daughter present bad house read buy street huge relate.,2026-06-06
4406,1687,826,4,Price beautiful produce high interest public seat sense.,2024-04-04
4407,1873,866,1,List security girl around price race according free really top operation.,2024-04-03
4408,939,826,4,Type continue heart between democratic site easy lose great run.,2025-10-30
4409,475,566,2,Or six west Mrs believe trip effort research class.,2024-09-29
4410,272,323,3,Space knowledge system have score team contain place start agreement into store.,2025-07-20
4411,1313,49,4,Out ready material ok chance song you.,2024-12-25
4412,1982,907,1,Herself fine world let clearly by.,2025-01-12
4413,520,719,5,Left start particularly rather former off opportunity.,2025-04-20
4414,103,472,5,White door forward those high behind suddenly role to attack.,2026-05-01
4415,1350,383,5,Class talk how name necessary the apply seek direction oil me free bar.,2026-02-01
4416,233,422,4,Store lose well our senior too put brother account our end.,2025-05-09
4417,320,905,3,Attorney first four main increase sort cost list activity have exactly sing law.,2026-01-10
4418,1442,838,3,Animal wide manager home four national.,2026-05-05
4419,913,9,2,Maintain general clearly notice paper ago.,2026-01-19
4420,461,581,2,Travel state hand control list through class task friend.,2026-03-02
4421,1583,567,2,Agreement surface away management out hard help shoulder probably ground apply station.,2026-03-23
4422,1422,395,4,Discuss really decision since deal politics money agree total language magazine result.,2024-04-21
4423,1958,180,1,School across science will use southern moment writer.,2025-10-31
4424,1414,582,2,Magazine beyond trade contain rock far place experience.,2025-08-25
4425,381,962,2,Ready agree despite close administration business team drive.,2026-04-23
4426,1719,468,3,Cover interview small get there probably goal pretty economy expert impact indeed cut.,2025-11-19
4427,507,403,1,Oil hospital seat media wide kid free north way.,2026-04-02
4428,327,780,5,Something perform institution paper win Republican anyone management too.,2024-07-01
4429,753,972,1,Two our expert here picture door play school audience mother.,2026-02-21
4430,89,230,4,Beat there environmental name accept beat beyond response guy back chance by.,2024-11-23
4431,1210,854,3,Past game yard senior song agree parent six will.,2026-03-22
4432,761,321,3,Choose visit raise must follow ten ok.,2024-03-26
4433,220,715,1,Customer big yard lot policy become home list edge cost customer a sister.,2024-07-28
4434,483,634,1,Subject single out voice stage local be every report floor.,2026-03-21
4435,1994,888,4,Hour near individual west lot avoid old agency fast show talk.,2025-02-27
4436,453,919,4,Part more perform beautiful live or practice ten take.,2026-05-28
4437,1564,969,1,Computer property enter trial happy spring two support data institution toward song.,2025-12-04
4438,1792,541,3,Page billion could single senior season continue up building have next along.,2025-07-12
4439,121,212,2,Baby behind stay difficult scientist adult.,2025-04-05
4440,156,541,5,Especially coach professor according our never.,2026-04-25
4441,1182,121,1,Usually bring world keep receive idea by back must father environment range type.,2025-01-20
4442,50,495,5,True beyond can executive one tell three.,2025-09-16
4443,996,254,2,Imagine mouth remain there team your movement according hope.,2025-07-23
4444,1448,982,1,Individual deep reach cost drug half human leader method.,2025-02-14
4445,265,634,2,People yeah artist past experience including television probably key.,2026-04-29
4446,877,221,2,Language sell cost everyone argue race song less cut ready party.,2026-02-04
4447,1716,50,1,Structure southern goal paper technology capital situation commercial yes argue into line central.,2025-07-28
4448,1824,774,3,Beautiful again policy people worker few.,2025-10-28
4449,1990,918,1,Music general animal spend fly carry citizen hope song begin improve.,2026-03-28
4450,1708,31,5,Civil American be instead two language others fire expect that bad herself.,2025-08-09
4451,1805,526,1,Century energy over star vote especially owner.,2025-09-11
4452,1274,427,5,Store treat animal sit all better already movement development apply majority actually middle.,2026-05-03
4453,36,69,3,Quality wife care miss old they east.,2025-02-12
4454,1230,742,1,Only theory question art ever spring among last two cut.,2026-02-16
4455,605,677,1,In cut already message traditional pattern.,2026-02-25
4456,1602,134,5,Plant skin college race remain woman western season actually size majority.,2026-02-26
4457,1551,714,4,Push computer happy out describe better more.,2025-04-01
4458,216,69,5,While space like good western put level success.,2025-12-10
4459,1791,696,1,Decade couple final purpose remain minute effect both reduce lawyer bring during.,2024-02-09
4460,633,1,3,Voice performance edge buy method southern we best me none.,2026-04-05
4461,1614,286,3,Beautiful east board own current serve perform set produce believe budget allow respond.,2026-04-24
4462,1175,127,1,Available finally grow sea from cover ten nation bill quite heavy.,2026-03-05
4463,1733,628,2,Ability fund boy manager change possible final action despite national modern myself treatment.,2025-07-12
4464,1656,726,1,Order owner fine education hundred situation one morning catch.,2024-08-04
4465,1256,531,2,Five far cup anything million phone.,2026-03-23
4466,941,23,1,Away instead without some girl often population only.,2026-05-14
4467,583,393,5,Have minute beautiful fear find cup.,2025-09-18
4468,1669,33,2,Important another data heart treat stage practice.,2025-01-06
4469,421,631,4,Stage against project scientist check alone decide month prove newspaper yeah new.,2026-04-24
4470,1039,917,2,Security idea them bag court role too opportunity turn.,2026-03-28
4471,1946,942,5,Back bring subject team edge science later most blue reach.,2026-06-06
4472,1331,661,4,Not leg bar behavior process everyone.,2024-10-25
4473,181,383,2,Figure others memory realize control century attack hospital budget couple grow trade.,2025-08-15
4474,606,406,4,Congress lose public mother movement door against pressure serve.,2024-09-15
4475,130,571,2,Close dog large return court job article factor.,2025-03-02
4476,319,635,1,Institution discover accept field door available.,2025-08-09
4477,634,832,4,Participant card staff appear fire position everybody action mission.,2024-08-09
4478,829,332,4,Itself follow fight be describe animal read sound season.,2026-06-04
4479,967,685,1,Yourself thousand notice again step involve agency time sport away.,2026-04-08
4480,968,807,2,Special success determine rule establish history.,2025-10-27
4481,1956,44,2,Night oil radio its teach police argue.,2026-05-10
4482,664,970,4,Series lose activity ahead about prepare myself buy born system blood condition.,2024-07-08
4483,84,452,2,Particular forget organization past store receive sort religious card.,2026-03-10
4484,1886,113,4,Phone relate soon whole appear language his law effect or.,2026-05-28
4485,1482,815,1,Research base impact impact fine deep through.,2025-01-19
4486,506,84,2,Land lead nature fear tough difficult yard test stage today relationship.,2026-05-28
4487,1227,712,1,Operation themselves politics whose find cut hard chance beyond and itself evidence toward.,2026-04-06
4488,1777,467,4,Use theory task want need show claim financial final control do age sit.,2025-11-01
4489,1936,138,1,Long effort population here stuff color husband.,2026-01-13
4490,125,75,4,Company road yeah history police different pay dream paper.,2024-11-14
4491,933,750,2,Month another plant item bill glass adult heavy bad lot check.,2025-06-24
4492,1101,72,3,Source support cultural month significant visit late three decade finally character college great.,2025-04-09
4493,1511,896,2,Arrive media south task impact doctor eat decade half impact.,2025-09-16
4494,1372,45,4,Help spring specific international amount bed military.,2026-05-05
4495,336,807,2,Year join agree analysis truth quite news.,2025-12-03
4496,1881,811,3,Base nor need leader material car house employee.,2025-11-04
4497,733,282,5,Son bill good make song popular.,2025-09-15
4498,1570,36,1,A finally dark explain technology tree happen.,2025-12-27
4499,1419,878,4,Thus author church woman task certainly father total.,2025-08-15
4500,1531,506,5,Whole article material buy exactly daughter include get effect blood seem south.,2026-04-11
4501,938,676,4,Exist rule cup mention almost quickly.,2026-05-04
4502,1323,413,2,Data other simple score suggest huge.,2026-05-23
4503,981,625,4,Player account worry develop pick hit benefit dark development get official it.,2026-03-25
4504,1490,291,5,Deal federal pretty for ago together sure possible many.,2025-02-28
4505,287,477,3,Finally order stand full those trial run Democrat.,2024-12-29
4506,540,244,4,Somebody authority several certainly chair bring city.,2024-12-25
4507,541,278,2,Data push ten character cause whether gun ready store also four.,2026-05-14
4508,490,831,1,Us during join population indicate skill deep government.,2025-09-30
4509,1559,66,2,Happen husband receive relate first prevent speech space.,2026-04-05
4510,865,10,5,Any rise position stage most administration.,2025-01-14
4511,61,1000,1,Should its news American nation education direction ever eat economic store.,2026-04-18
4512,694,125,2,Keep general store morning compare role.,2024-12-15
4513,325,524,3,Baby seek against oil go trip health tell hope traditional miss side.,2025-09-07
4514,946,143,2,Set memory water bank outside close increase teach wish idea.,2026-05-19
4515,1037,669,5,Hotel reach myself nor still success.,2025-01-21
4516,467,872,2,History occur style former would eat ask left.,2025-12-15
4517,140,321,5,Point one pretty minute idea help may wait.,2025-04-05
4518,526,386,2,Actually each check health try rock major believe couple hold term who.,2025-06-15
4519,1276,191,5,Top space market six food five.,2025-03-02
4520,878,385,1,Name which song spring behavior end already still worry account brother.,2026-01-06
4521,1197,286,4,Worker skin must budget edge price organization use paper figure month across one.,2026-04-29
4522,1252,793,5,Couple other attorney hair manage nation position president.,2024-09-04
4523,1135,3,2,Sense operation guess industry beautiful per example responsibility research everybody.,2026-04-15
4524,1746,326,2,Who against sort view material coach determine how task reveal bill himself.,2025-12-27
4525,1148,847,1,Decide cover employee future interesting theory different recently participant.,2024-12-01
4526,1809,647,5,South main already region need method main tell quality decade stop season.,2025-09-07
4527,1833,760,1,Common thought only white majority free end ready site economy wind.,2026-03-08
4528,1247,20,5,Increase physical agree benefit use trade month success minute ball now away really.,2024-07-18
4529,270,627,2,Anything stuff film set hour but positive follow can day school.,2026-05-22
4530,1802,732,2,Weight happen animal page free nearly deal story nearly central weight open unit class.,2026-05-24
4531,953,134,1,Black it then all me born local choice leave medical many significant possible about.,2026-05-18
4532,530,900,3,These staff local keep course ahead.,2026-04-02
4533,597,394,2,Interesting identify contain risk better notice mind eye Mr scene rest east.,2026-03-22
4534,1245,861,5,Plan thought environment before strategy arrive before nearly hit own before concern.,2026-05-31
4535,154,283,2,Either let receive culture old west involve.,2026-01-14
4536,1129,326,2,Crime money stop money at politics price.,2026-03-09
4537,1006,591,2,Energy population into animal sell group.,2025-08-31
4538,420,597,2,Yourself school ask father during finish one strong hold road three tend relate.,2025-10-19
4539,677,114,2,Soldier amount manager drug second could know rich state worry by collection.,2025-01-03
4540,356,19,4,Charge large public base result heart raise Republican piece director.,2026-03-10
4541,191,164,4,Color turn that seven himself newspaper behind relate wish another throughout baby edge.,2026-04-17
4542,1389,369,1,Best nearly key street worry top past or on world ago.,2026-03-23
4543,1092,205,5,Last free performance rule pressure similar.,2026-05-07
4544,317,11,2,Stand within middle education fall word per happy degree war.,2026-02-01
4545,512,967,3,Front public job century rest throw management notice.,2026-03-16
4546,1519,330,3,Special policy southern your everyone property grow instead.,2024-01-05
4547,1594,963,2,Finish head out into their billion pattern action yard son learn.,2025-05-17
4548,1047,753,2,Religious adult most operation early south become dream sing while knowledge president last.,2026-03-17
4549,1775,730,4,Answer too major skin everything affect easy result whom.,2026-03-02
4550,1223,407,4,Who store cause admit especially form space moment.,2026-05-16
4551,1164,711,5,Book brother vote fine record feeling relationship push whatever maintain education coach support meeting.,2026-04-22
4552,832,474,4,Child also good method water score factor try increase.,2024-12-08
4553,1067,954,5,Worker across avoid moment same role ability garden.,2025-11-07
4554,471,68,2,Century mention thus else story defense or dog health paper nearly theory manager.,2026-04-18
4555,1313,921,1,Above north event table own might already find eight leader result different.,2024-12-27
4556,1806,852,2,Operation idea military fight lot page begin future writer author operation.,2025-05-19
4557,66,323,5,Apply something chance person east alone run past sister image capital north fall.,2024-03-21
4558,1423,17,1,Success occur oil accept local view possible finish sometimes news point.,2026-05-22
4559,141,826,2,Poor determine pay include radio compare senior poor head.,2024-08-04
4560,870,681,2,Mind southern toward wait assume explain.,2024-12-31
4561,584,174,5,Mrs she growth produce strategy thousand make government determine.,2024-06-25
4562,1834,88,3,True involve seek around spend face result.,2025-05-13
4563,680,879,2,Bad pretty admit continue art participant instead painting.,2026-04-20
4564,1763,725,1,Laugh walk maintain majority community represent.,2026-06-05
4565,502,48,5,Whom bit magazine yes science structure program adult some animal technology.,2024-09-04
4566,576,179,2,Natural sign once place best offer.,2025-03-13
4567,1561,519,4,Attorney half increase many affect likely exist learn.,2025-09-06
4568,1977,539,4,Group respond size threat many claim significant ball husband inside admit brother.,2025-04-10
4569,213,313,4,Note wish effort nor head likely likely choose north soon happy.,2026-03-18
4570,1465,471,4,Maintain section per memory sport bring.,2024-07-28
4571,417,701,3,Crime environment summer cultural every population single care exactly fire thought.,2025-09-19
4572,531,729,3,Look simple member list old land wall.,2026-01-17
4573,557,805,1,Development expect serious sign popular animal pass community employee.,2026-01-17
4574,832,393,3,Painting actually pay fight stop fine couple machine traditional positive data special man.,2025-08-22
4575,1609,265,4,Development practice feel southern economic move station significant bit of brother.,2024-03-26
4576,1275,867,4,Personal together control ask figure line push leave particular.,2025-03-13
4577,1969,242,4,Road force try alone quite compare dog.,2025-04-15
4578,1681,60,2,Ever clearly another page thank him action over value star.,2025-04-25
4579,1798,31,3,Win that last agree yet candidate sense alone create however usually.,2025-12-16
4580,215,397,3,Black story reach describe heart business film recently partner he lawyer.,2026-05-06
4581,1342,612,2,Decade piece such alone offer material friend traditional full newspaper.,2025-07-19
4582,746,727,2,Bill can effort authority music arrive Congress force themselves sister will.,2026-06-05
4583,394,219,3,After treat yourself use democratic enter action.,2026-05-30
4584,1586,399,4,Summer increase could miss those through note for notice old company mouth ability.,2025-02-26
4585,1082,60,4,Day carry picture threat entire never ability with.,2024-06-07
4586,1091,548,5,Dinner require environment party sense source view station ok.,2026-01-21
4587,1846,594,3,Machine tree fear water again edge western which job arrive cup blood little.,2026-04-26
4588,1468,999,1,Real too organization anything exactly current career same man act.,2026-02-09
4589,1868,903,2,Out save manager value air remember dark drop assume.,2026-05-26
4590,627,243,1,Skill letter of building may body cover another.,2025-04-16
4591,78,332,1,Heart record hotel create water population probably three.,2026-02-10
4592,1838,983,5,Show couple term staff station word mean situation field leave.,2025-10-19
4593,884,64,3,Center exactly animal way among more Mr computer after once forget new pay.,2026-05-19
4594,1338,261,5,Police wife drop effort quickly event lot allow.,2025-04-22
4595,705,769,2,Fight information hear claim although sea maybe.,2026-04-14
4596,1510,14,1,Figure president they send condition amount.,2026-04-02
4597,1412,571,1,Send nothing opportunity world situation care friend staff because improve somebody trade.,2026-06-01
4598,1,955,4,Director score sit spend level within shoulder push.,2026-06-05
4599,307,454,1,Necessary let ground several throw grow arrive human us environmental.,2023-10-26
4600,1895,481,1,Imagine ago such something degree suggest ask land keep alone clearly.,2026-06-03
4601,397,68,5,Professional join above already throughout laugh store yourself success such.,2026-05-17
4602,1310,364,4,Perhaps voice remember best marriage community scientist police else.,2026-01-21
4603,1466,865,2,Bit almost test five dark field become purpose product need environmental successful generation.,2025-03-03
4604,1971,772,4,Not man you draw tell keep affect action short.,2025-10-29
4605,1307,42,1,Option public send generation view necessary purpose again local coach with.,2026-02-20
4606,460,275,5,Mission poor resource democratic red left reflect enter line health find find president.,2025-05-29
4607,590,271,3,Beyond across power along six determine difficult should bag edge prove.,2026-03-17
4608,1174,70,2,Machine want do individual never defense.,2025-09-28
4609,1868,4,3,Order brother last fish medical laugh item dark future.,2025-09-14
4610,1729,409,1,Special outside win way challenge performance within factor.,2025-11-25
4611,69,551,1,Least these box whose less risk agency.,2023-12-20
4612,577,657,1,Always rule someone rate although base myself.,2026-02-12
4613,685,902,4,Each open wonder adult ahead face during one event power.,2024-04-20
4614,1323,838,3,Involve tell candidate perhaps research heart accept break agreement seek may decide region.,2026-05-24
4615,1993,412,5,Gas man hand allow yes quality top Republican which over central ground.,2025-03-07
4616,873,924,3,Parent job who follow officer time more item western side song weight bring.,2025-05-23
4617,1757,953,4,Real despite start soon threat myself little marriage girl weight.,2025-09-17
4618,1320,136,2,System tell boy read each once create point century enough music push leave.,2026-04-11
4619,1790,413,3,Herself character probably today staff issue have.,2026-02-01
4620,1650,959,2,Industry nation land difficult statement trouble economic soon debate task.,2025-09-08
4621,725,563,1,Eye part after ago job whose billion product itself.,2025-08-09
4622,1103,283,3,Job and become but seem million real choose conference science figure.,2024-11-09
4623,1854,217,5,Rule woman send check agent hair consumer party whose speak budget.,2025-12-20
4624,1038,418,3,Phone receive rest majority recognize use plan current study try teacher set head hour.,2025-12-07
4625,205,524,2,Need third inside education nothing form movement something sea moment matter market body.,2025-12-23
4626,1381,934,2,Safe thing point idea market market fact natural purpose threat air.,2024-08-18
4627,13,666,1,Way many house whom consider people agency.,2025-04-12
4628,1513,476,5,Push feel because exactly economic successful important fill point throughout.,2025-11-27
4629,1999,60,3,View resource never exist reduce charge seven under.,2024-09-10
4630,426,108,5,Ready billion experience popular compare dog firm answer fine.,2024-12-01
4631,1152,325,4,Hot audience environment hour blue baby part discuss half though how.,2024-04-08
4632,1644,870,3,Free other watch field beyond reality.,2024-07-28
4633,25,836,4,Nice structure since ball born appear its wall foreign.,2025-06-02
4634,643,758,3,News new though PM else increase pick put already appear adult.,2026-04-24
4635,1752,187,1,Person measure which argue large large southern born.,2026-05-18
4636,549,551,4,Without front affect age law sometimes nothing practice watch arrive cause.,2025-10-16
4637,1401,879,1,Human my drive budget level speak order sing what accept task rock.,2025-02-04
4638,647,78,1,Seem second institution lose require piece military air.,2024-07-08
4639,1995,401,5,Week within since within sit reason provide yet sister day few.,2025-12-26
4640,707,667,3,Knowledge minute dinner wide success treatment while senior.,2024-06-12
4641,711,304,4,When crime majority teach kid reduce.,2026-03-03
4642,414,588,5,Society person church popular task project enjoy increase arrive decade case hair allow.,2025-11-12
4643,1457,315,5,Play sister simple than teach know responsibility.,2026-03-07
4644,342,803,1,Democratic coach share leg later western top organization defense simply.,2026-05-11
4645,701,158,2,Right trip above attention trip per of east pull individual develop.,2025-07-04
4646,1831,315,3,Industry leg officer public old nothing can create teacher letter.,2025-11-15
4647,1745,925,5,Realize nearly strategy real sort small laugh best fine program.,2025-02-14
4648,1789,249,2,City help church heavy much process base parent expert close bit Mrs sense.,2026-01-13
4649,924,493,5,Of catch kind decision window full level TV of natural individual street.,2026-05-03
4650,1817,795,3,Might own long space phone writer individual what.,2025-02-04
4651,954,555,2,Raise as end while financial near city check.,2026-04-13
4652,653,63,3,Of star sign discuss thank side way among lay method bar.,2026-05-11
4653,1417,744,4,North alone girl religious but thing attack bed.,2026-02-13
4654,1310,468,5,Product contain group system try time difficult those clear future always.,2026-05-26
4655,444,82,4,Through above gas large design summer seat.,2024-09-12
4656,1510,371,5,Three thus one break finally laugh middle.,2025-07-30
4657,1661,142,3,Drive commercial mission half role impact within growth avoid environmental.,2026-04-03
4658,883,165,5,Voice try enjoy school report step ask member media go.,2024-08-09
4659,1113,164,3,Economic government movie any training enough never similar.,2026-01-24
4660,294,779,1,Himself carry remain short hold official by baby color beat top.,2024-08-07
4661,811,135,4,Herself explain new right sure shoulder clearly color child reflect still avoid.,2026-03-17
4662,1983,974,4,Positive short that during mean letter again event.,2026-04-20
4663,516,553,1,Ago glass budget member test itself option note able baby his model.,2026-04-23
4664,593,990,5,Religious individual fire American especially sure week audience method eat.,2024-07-25
4665,260,242,4,Movement oil fact Democrat option social.,2023-12-07
4666,1787,161,5,Particularly chance thousand movie attention join how finish.,2024-08-25
4667,614,846,4,Center eye body measure modern technology operation out police war effect night.,2026-03-25
4668,1348,797,2,People state consider reason hope program seven.,2024-07-05
4669,122,771,1,Series clearly on picture work national.,2025-05-22
4670,530,208,4,Let animal situation sure arm activity company cut protect city light information.,2026-02-15
4671,1584,451,3,Enjoy possible since at artist reveal why give factor.,2026-04-17
4672,612,971,4,Policy artist true impact manager relationship.,2026-05-15
4673,1792,487,3,Almost interesting artist stop husband central test.,2024-02-23
4674,55,263,1,Home education stand relate few last main night go meeting discuss prove.,2026-05-27
4675,106,159,4,Ever though father recognize way authority surface.,2025-08-09
4676,440,345,4,News health ready use operation control all from.,2024-10-02
4677,1986,151,2,Weight per air thank gas pay camera yeah them key work exist.,2025-10-07
4678,1635,400,1,Agent thought special fast usually deal adult newspaper explain.,2025-05-11
4679,470,218,5,School particularly best significant add or herself own admit check student important option.,2023-12-16
4680,1411,849,1,Pay bad manager job institution kitchen why help apply image person fish.,2024-01-07
4681,1853,380,4,Mrs wind our hear discussion sea glass water so listen whose last only.,2026-05-28
4682,1435,113,3,Imagine operation fine various condition until owner poor compare.,2026-05-13
4683,1945,233,5,Indicate discuss generation eat probably within foreign instead forget example lose win stuff.,2026-02-17
4684,542,414,4,Whatever bad new memory report admit trial shoulder person.,2026-02-23
4685,900,780,5,Marriage get write spend perhaps west box challenge administration according.,2026-02-24
4686,461,834,3,Spring suggest which through better deep few seven.,2025-11-19
4687,1311,556,5,Image need day language go together popular.,2025-12-02
4688,1802,451,1,Model present hotel this close another.,2025-04-17
4689,330,578,5,Finally none would affect much tonight throw.,2026-03-26
4690,338,24,3,Oil worker concern also station a certainly dog.,2026-04-26
4691,5,116,3,When by high less employee practice.,2026-03-21
4692,1131,860,3,Why edge no term court behind visit Republican break house new camera.,2024-03-17
4693,1462,67,1,Bit nearly collection million movement under important TV health performance stage thank ago.,2026-04-30
4694,1388,554,4,Way we water staff central attorney morning race cup own here issue.,2025-06-07
4695,814,354,4,There available at new final always consider present approach.,2026-03-04
4696,1555,473,3,Lose security culture community space full guy.,2024-11-17
4697,116,128,1,Design president recent couple safe grow manager agency mission before number direction thing.,2025-01-25
4698,119,189,5,Rather real pay stock seat radio.,2026-03-11
4699,21,599,5,Seem pressure current call whether benefit last.,2026-03-06
4700,1065,106,4,Ask there body entire loss nearly.,2024-08-16
4701,1393,56,2,Certainly TV minute property father relate use including painting apply great.,2026-03-09
4702,1596,871,2,Final unit guy player customer stuff.,2023-12-30
4703,214,128,3,Still right attack wait time stock draw free.,2026-02-01
4704,703,332,5,News store certain budget tax piece right firm popular guess report.,2025-05-05
4705,1853,493,2,Area every can before game behind interest evidence million else southern political first.,2025-02-04
4706,456,283,1,Especially reason central create huge fire.,2025-07-29
4707,1642,192,1,Fund fish oil quality family question modern individual though role explain.,2025-04-13
4708,1550,326,4,Arm few throughout wall themselves stuff myself memory crime particular service tonight adult.,2025-04-07
4709,738,544,1,Them machine join question conference arm white bill boy street page.,2025-11-05
4710,1847,298,4,During mother sell large production seven.,2025-12-31
4711,556,174,1,Religious upon place statement third possible out speech.,2026-02-22
4712,172,290,3,Resource who bring Democrat card usually.,2024-12-06
4713,199,960,1,Among member ability myself character wear my which it her generation.,2024-09-27
4714,31,439,3,Even million baby admit home seat number type.,2026-05-05
4715,149,346,1,Type scene doctor role room strong option tonight world have great often mission.,2026-04-25
4716,1698,292,2,Power property available health join control into follow.,2025-06-07
4717,1715,947,3,Approach I put listen upon before talk blood usually then because southern voice.,2024-12-21
4718,591,958,4,Into property true whom carry resource.,2024-12-18
4719,1064,163,2,Paper security seem fund voice five suggest according.,2023-12-05
4720,284,859,5,Standard reflect century environmental these action participant the.,2025-12-20
4721,1075,639,1,Particular easy amount establish become door without government stock along question player possible.,2026-04-11
4722,953,902,1,Interview tonight assume president card event myself.,2026-03-07
4723,1411,371,5,Up science firm audience key prove military music.,2025-09-20
4724,818,709,3,Letter or tell effect success nor business eye lay but.,2025-12-06
4725,1445,697,3,Land court product camera trip somebody affect than mother exist for current.,2024-03-25
4726,594,727,5,Dinner response bring check never firm experience.,2025-05-13
4727,950,647,4,Whether memory few scene usually member tonight box add make degree field.,2025-08-13
4728,1719,358,4,Play organization theory without relate my identify kind have both mission they people.,2024-01-13
4729,550,173,3,Decision practice chair because administration ready head civil media safe city.,2026-04-04
4730,454,865,1,Federal thought area fear skin my without win pay camera.,2026-04-19
4731,852,504,3,Great TV pay tell model behind fly also.,2025-04-07
4732,1610,532,3,During few dark too sing morning chair sure.,2025-12-01
4733,1209,121,1,Mrs summer impact fall task voice place job.,2025-12-10
4734,92,220,2,Many show it management seem many stage century.,2025-09-10
4735,1780,102,3,Western democratic out something maintain manager realize view worry.,2026-01-07
4736,26,440,2,Early kitchen business tree chance involve put scene fall investment court program.,2026-05-30
4737,384,134,1,Already effect strong certainly relate oil sort them pressure natural.,2025-08-10
4738,1444,921,2,Language seem help sister form assume add your.,2025-12-12
4739,1781,449,2,Discover indicate back theory nearly body.,2025-12-26
4740,151,499,5,Capital interview future week section weight this movie operation.,2025-03-09
4741,1030,836,2,Every all likely boy everything chance above save friend whose administration.,2026-05-26
4742,1186,260,3,Though four sort listen worry whether bill detail beat population.,2024-12-07
4743,878,571,1,Cut good here research wife myself.,2025-09-11
4744,1222,190,2,Send might opportunity what method since make choose certainly.,2024-06-05
4745,373,476,1,Democratic remain bit stage miss growth fear should cell report career sing party.,2025-12-26
4746,151,993,1,Relate early phone home radio respond us body various focus.,2026-05-07
4747,1516,148,1,Writer study forget behavior perhaps line before song she.,2026-03-23
4748,324,302,1,Main into current sea force baby go unit.,2026-06-02
4749,1376,437,1,Kind side to necessary international seem success.,2026-05-16
4750,1135,739,1,Talk risk support as outside power but.,2025-05-21
4751,235,911,1,Fund evening summer than PM prevent successful son free father.,2026-05-21
4752,1961,857,2,Successful ahead dark than far TV perform we sound.,2024-12-21
4753,1820,240,4,Executive between school still machine theory meeting at.,2023-10-13
4754,1245,476,5,Table bad face fly foot high six.,2026-02-22
4755,443,971,2,Husband turn build development plan phone south item final already why management operation.,2023-09-09
4756,1783,911,3,Compare we value check later employee east crime himself.,2024-03-03
4757,87,758,3,Bed economy oil certain better person without.,2025-12-22
4758,1849,795,1,Fine throughout summer which because model article push finish.,2024-10-21
4759,607,521,1,Cold hotel cell return population term mother response any.,2025-05-23
4760,309,852,2,Evening according population write few stock candidate western animal fill situation loss.,2025-11-29
4761,33,765,5,Beat child film southern continue figure store music choose.,2025-03-22
4762,993,853,1,Debate seat thank water red significant thank many evidence.,2026-01-17
4763,1486,382,3,Hospital model city table wrong smile better leg term whom.,2025-04-16
4764,157,336,1,Suggest when shake carry table growth.,2025-06-08
4765,1019,42,4,Expect make win action alone score example discover.,2026-02-17
4766,1033,374,1,Prepare interesting hospital action administration first woman family relate.,2026-05-21
4767,1724,576,1,Same able morning billion responsibility carry.,2026-01-26
4768,1053,495,2,Democratic trip policy woman including information each recognize wall power wrong.,2023-12-15
4769,98,43,4,Would his wall together process central financial glass fund need be machine information.,2025-10-21
4770,243,199,2,Nor change hundred idea watch provide at near become physical both.,2026-01-27
4771,1547,209,4,Network whether among present probably continue onto smile at anyone serious carry also.,2024-02-14
4772,272,412,2,Thousand high day situation event certain near man.,2026-03-02
4773,428,700,3,Lay agreement address white my edge property guess government all.,2024-02-24
4774,824,979,3,President fact myself bill government relate member member already media test such media common.,2025-10-19
4775,163,203,4,Bag simply easy field computer speak section yard factor for could current.,2025-10-12
4776,1843,341,3,Skin popular time administration sister simple.,2026-03-19
4777,413,402,2,Respond fill scientist authority heart follow indeed heavy.,2026-04-11
4778,1270,100,5,His have whose difference these half field culture tend.,2026-03-22
4779,660,102,5,Bag new night cause will recently.,2025-12-24
4780,871,964,2,Summer cut question share special black including recognize good audience crime audience necessary.,2026-02-24
4781,1634,51,3,From establish before writer establish itself ball source task.,2025-02-21
4782,1395,174,1,Might agent win but record including.,2024-01-02
4783,1095,804,1,Machine cup campaign cultural force through poor play high include reason firm fall.,2026-03-30
4784,504,997,2,Wish activity network and thought how.,2025-04-01
4785,436,204,5,According next determine have evening one begin others blue walk.,2025-06-09
4786,1801,732,5,Many because camera among newspaper candidate move coach like within president across hospital.,2025-11-28
4787,101,877,4,Threat heart stage under charge need democratic same.,2025-12-31
4788,219,147,4,Either threat heavy with put college tree.,2024-01-25
4789,1543,117,5,Drive exist stage three individual suffer hard tell politics factor born.,2026-05-23
4790,816,915,2,Decide notice attack history understand learn street office.,2025-11-30
4791,333,539,4,Receive cut boy nor young may.,2025-08-30
4792,924,333,2,Financial effect seat contain hit allow.,2025-10-13
4793,1178,815,1,Term avoid difficult its some support hard she machine long six.,2026-03-17
4794,137,36,3,Less it health top art several affect catch huge add style.,2026-04-25
4795,701,776,4,Data author less hope despite sense play save vote would every hot involve.,2024-05-24
4796,1989,731,1,Coach world character feel view within mission method though read economic.,2025-12-28
4797,313,102,1,Member take mind cost have owner view.,2026-03-12
4798,1290,116,3,Dream example artist candidate under low father operation us letter performance land.,2024-08-17
4799,824,789,2,Prepare their imagine situation would process money back me current close series father.,2026-06-06
4800,1550,664,2,Loss themselves happen issue benefit investment.,2026-02-28
4801,6,608,2,Others among everyone listen have attention its opportunity audience pick audience most against.,2026-04-03
4802,1372,610,1,Strategy few field continue at may spring amount.,2025-09-05
4803,262,359,4,Two step note staff film change wind usually low.,2026-06-02
4804,1542,160,1,With themselves for kitchen foot offer work skin race any half threat.,2025-12-11
4805,213,910,2,Eat agreement accept create look article paper ground skin.,2026-04-13
4806,581,68,1,Agree where point act position everything.,2026-01-23
4807,10,90,3,Federal almost inside last middle executive including scene personal hair them peace.,2026-03-22
4808,1347,805,4,Inside situation wish material skill young long kitchen see add throughout either medical.,2025-11-01
4809,897,901,2,Outside into collection more hit result significant against start region tonight.,2025-09-25
4810,618,220,5,Could sort bad future exist religious whatever specific actually although.,2026-05-23
4811,962,275,3,Campaign number world treatment speech Congress I force himself television physical night.,2026-06-05
4812,270,361,5,Others soon type everyone collection garden individual summer.,2025-01-23
4813,879,697,5,Write history positive party situation sometimes boy thought may growth want film summer.,2025-09-10
4814,1622,751,3,Air form land traditional whose environmental.,2024-03-01
4815,1996,32,5,Kind but market middle apply reach standard eat ok throughout if.,2026-04-17
4816,1864,684,5,Interview season fund home himself coach though.,2026-04-29
4817,1256,477,5,Born once trial mind across law rock page anyone of strong bag.,2025-11-14
4818,1251,115,1,To loss city kind her word debate red learn ability everyone.,2025-07-20
4819,69,324,4,Beat brother home modern store live per may.,2026-01-10
4820,1043,17,1,Be action fear soon itself wide person agency people history choose anyone.,2026-02-18
4821,145,145,3,Place partner population some while join not position in change effect word range.,2024-09-11
4822,837,242,3,There pretty expert radio late act.,2025-09-28
4823,1324,983,1,Treatment thing power feel able type.,2025-05-10
4824,127,399,5,Until court wind outside military tell.,2025-09-30
4825,1871,594,3,Pretty north computer method tonight old exist focus.,2024-01-11
4826,1961,34,3,Believe structure democratic single store magazine possible benefit less six son.,2025-04-28
4827,1975,289,3,Us glass sort mention drive somebody center cup stand level.,2025-11-28
4828,82,832,5,Performance the money argue people admit area head discuss sister spring little.,2025-09-10
4829,762,505,4,Describe three issue management whatever all.,2025-11-26
4830,1619,558,3,Even he lot area suggest past book.,2025-11-08
4831,1864,386,3,Security himself occur individual report all occur.,2024-04-02
4832,1724,421,3,Bar result often local natural guy.,2025-12-15
4833,715,445,3,Live health painting thought value act industry.,2025-03-17
4834,1709,108,4,Challenge court factor behind against hope as executive piece.,2026-05-01
4835,752,936,5,Sort beyond list hair face southern beyond speak guess rule beyond side model.,2025-07-11
4836,226,945,4,Quality notice although maintain modern pressure.,2026-04-23
4837,531,443,4,Any let learn country cover important claim place why field stay.,2025-09-05
4838,91,841,1,Quality thousand can more nation certain ball arrive section relate ago information travel.,2025-06-27
4839,504,323,4,Happen project individual phone what skin finish true as international partner stay agent.,2026-04-10
4840,1909,199,5,Daughter there cause pressure land economy boy should education sport front.,2026-02-25
4841,1445,542,5,Her game view cut at run soon pressure less worry.,2026-05-17
4842,1442,905,1,Artist back firm hold color newspaper environmental page indicate use.,2025-06-19
4843,277,842,5,They wife outside decide important quite hope bit pick.,2024-07-22
4844,1009,133,4,Sound cover American page kitchen run ever rather leave serve song employee.,2026-05-24
4845,66,582,2,Case art dark option enter recent the.,2023-12-31
4846,1045,856,2,Theory late then charge when field job water culture drop different this blood.,2024-12-26
4847,1747,847,2,Me growth once almost miss fact sign.,2025-05-16
4848,196,342,2,Former thought people cost particular really player true television.,2026-05-20
4849,167,560,4,Medical fast station have real senior indeed series tax.,2024-07-28
4850,889,779,1,Decade respond edge next husband level.,2025-03-10
4851,687,445,1,Detail Mr pattern never there hand.,2025-06-23
4852,1793,16,4,Investment election suddenly say training personal.,2026-05-01
4853,1935,116,1,Place institution happen around need on sport scene compare black meeting ten research.,2024-11-08
4854,1049,664,4,Recognize person simple economy management man play lawyer with continue.,2026-03-11
4855,1673,690,5,Speech probably central ball spring power true policy allow study gun.,2026-03-05
4856,1488,933,5,Include join place over suddenly child second professional laugh because rest loss.,2026-05-13
4857,563,25,1,Be us thing its family there traditional most then him.,2026-01-18
4858,495,436,4,Entire live purpose stand office even network agree mind law alone somebody.,2024-07-12
4859,1905,869,2,Anything offer a may cost deal federal resource computer color time start bed.,2026-02-28
4860,1634,830,2,Investment record seem try manage area anything different this region drug happen citizen.,2026-06-06
4861,1325,874,1,Note society bring explain ground stand clear again ability growth same.,2025-11-15
4862,1839,192,4,History section voice especially main world radio also game itself understand even our.,2025-10-04
4863,1532,595,4,Upon trial moment federal sometimes medical various.,2023-11-06
4864,1457,207,4,Power cause defense theory box visit food decide manage heart manager individual.,2024-12-15
4865,1696,736,5,Skin project either design goal care.,2025-10-02
4866,1000,583,4,Able road expect produce reach page.,2026-05-23
4867,1395,336,2,Wonder recently wear national suggest still investment question hand every why crime.,2025-10-11
4868,554,627,3,Middle hard seven provide sing forward involve type prepare before keep.,2025-08-29
4869,435,841,2,Over charge same assume quite one see never area gun move research poor.,2026-01-28
4870,1702,489,4,Least about I clearly decision community nothing sometimes former enter able.,2026-06-05
4871,1342,824,2,Explain their party company surface receive little this.,2026-03-16
4872,1116,388,2,College college under month represent easy certain increase agree push prepare.,2026-04-01
4873,336,230,2,Happy send analysis personal last partner hear under indeed green too inside artist.,2025-12-08
4874,858,744,4,Shake relate serious various measure campaign until Democrat resource actually.,2026-04-14
4875,905,818,1,Indicate behind watch certain son my building former not close mouth oil should.,2026-01-11
4876,1372,834,1,Something subject pressure why theory involve month they source fast area.,2025-12-27
4877,196,996,3,He oil special speech serious simple soldier foreign born season.,2025-10-25
4878,1204,824,2,Management thought share only may green describe fly economy arm and.,2025-03-14
4879,539,928,3,Executive south loss upon maybe easy thought hotel six spring new somebody.,2026-03-17
4880,806,41,5,Girl who officer soldier condition drive establish debate some approach never.,2026-04-18
4881,699,809,3,Grow group four loss nature show almost think product mind.,2024-03-06
4882,1999,850,2,Up reality as couple try instead.,2026-04-29
4883,378,659,2,Finish player capital responsibility finish public night season off speech break ahead.,2025-08-24
4884,1139,193,1,That factor image above order arrive strategy term former once real.,2024-08-01
4885,42,253,5,Case voice whole reduce system hope today wrong next.,2025-05-21
4886,1195,787,5,Dog season prove color indicate style second.,2025-06-13
4887,505,953,3,Community identify theory while reveal sit.,2026-02-02
4888,1596,389,3,Scientist rest which order hold stop issue serious simply student order project.,2024-04-04
4889,739,209,4,Painting white behavior choice eat example security spring she leg.,2026-04-25
4890,1560,524,4,Court dream stock student will understand north deep stock friend finally risk.,2023-11-07
4891,249,329,5,Expect form perhaps owner data agent offer program.,2026-03-11
4892,358,466,4,Ground data manager explain feeling house inside.,2024-11-19
4893,1770,185,4,Push in office black other air impact air box letter artist.,2026-02-06
4894,1545,377,3,Last live few agreement manager outside return blue chance head find actually compare.,2026-04-22
4895,698,445,1,Lead middle his ground significant government training claim thought serve hear.,2025-05-10
4896,127,595,2,Successful resource environment travel against theory nearly over.,2025-12-14
4897,686,994,4,Education approach coach time particular month personal.,2025-03-17
4898,1215,955,2,Because point huge stuff much national hour painting table foot likely figure collection.,2026-02-11
4899,1753,35,1,Become entire fund respond produce business positive area husband.,2024-11-03
4900,672,690,4,Plan cut soon billion create light stock whether stage interview office daughter.,2024-10-17
4901,916,644,5,Society area others road offer door serve official near.,2026-02-23
4902,729,47,4,Job score believe make gas city activity few school.,2026-06-04
4903,1609,610,5,Hard speech contain material involve age plant point PM piece religious day.,2025-12-14
4904,1569,394,5,Particular short together chance speech officer program manage note compare always.,2024-05-14
4905,703,666,5,Affect quite leave reflect magazine could place street increase year through culture.,2025-12-31
4906,269,618,2,Seven raise safe beautiful he staff plant.,2025-11-30
4907,615,18,2,Past fire unit that agency begin.,2024-10-06
4908,459,110,1,World most right single fear center ability able property because either describe.,2025-10-07
4909,1076,329,4,Condition rule size free music medical table.,2026-04-24
4910,1989,820,1,Add group study nothing election south particularly anyone surface role mother.,2025-06-24
4911,261,423,5,If me animal do whole traditional science doctor.,2026-03-10
4912,1842,328,4,School consider if daughter education during or top cell year collection because.,2025-10-11
4913,1329,421,5,True especially say discover such respond.,2024-07-10
4914,871,214,4,Machine table smile sing other least speech human create and official computer.,2024-12-26
4915,219,171,5,Tend light trouble serious everything office whose.,2025-11-19
4916,1941,617,2,Speech painting involve I agency less answer cup ready them.,2026-05-06
4917,826,659,2,Place college different firm level rich number each.,2026-02-27
4918,104,860,4,College wish religious five drug movie tax effect between.,2026-03-03
4919,1528,573,4,Fly thank nor enter not explain someone expect million mission remain.,2024-08-12
4920,262,230,3,Cell born training real act single idea.,2025-09-19
4921,1147,912,2,Though expert address save team safe.,2024-08-30
4922,256,377,2,Lot capital maybe forward buy future see concern speak film benefit.,2026-05-08
4923,43,19,1,Role authority mother job sell north environmental century lot produce.,2025-02-23
4924,1252,925,3,Life interest one during anyone stop.,2026-02-23
4925,1245,82,1,Knowledge voice base level house provide lose action race.,2025-10-21
4926,1591,756,3,Body under mind significant music painting physical rule purpose head image.,2026-05-01
4927,1069,758,1,World recently field different central information street same before member religious system response.,2024-12-13
4928,35,954,2,Prevent relate amount possible fear still practice step.,2024-05-13
4929,508,348,3,Building population and management range have loss pull run.,2024-07-07
4930,546,50,4,Republican how other role allow station.,2025-07-13
4931,543,359,3,Finally north large resource especially adult product your share of morning once.,2025-08-03
4932,858,971,2,Middle majority onto health perform sense.,2026-02-19
4933,754,187,1,Politics executive hand measure grow year successful project it improve.,2025-07-19
4934,1425,657,3,Board career bar worker character return never seven state high.,2026-05-18
4935,1575,588,2,Take fact us partner clearly thought director around field their protect raise begin.,2026-04-12
4936,403,662,2,Police together miss capital now avoid study religious dark agent.,2026-02-27
4937,1064,599,2,City network simple point form drive possible whose consumer career seem wear.,2025-11-14
4938,1725,914,4,Forward over continue focus direction among far dream couple.,2025-10-02
4939,1121,809,3,Can class less partner play east choice.,2024-03-28
4940,1237,401,4,Federal five between suggest try moment less some various third young want sit student.,2025-12-13
4941,1569,676,2,Job final court usually seem close.,2026-06-06
4942,1253,737,2,Outside tree agency free story organization oil spend meet human cultural fall.,2026-05-02
4943,845,657,3,Beat experience central their commercial range beat mean.,2024-07-09
4944,450,868,3,Prepare what seem tell leave next hand concern.,2025-06-26
4945,1716,641,4,Admit carry wear Congress only small instead various behavior poor mission which standard.,2024-04-29
4946,153,40,5,Full couple nature structure politics card company shake effort within level call.,2025-06-21
4947,1709,145,3,Keep across worker similar ball maintain miss easy begin clearly.,2026-05-04
4948,566,41,2,Record home next hope manager say.,2026-04-26
4949,1319,41,1,System likely possible thus type field site never story back husband rule.,2026-05-19
4950,301,8,3,Positive word begin ball attention his should board purpose this common represent.,2024-10-07
4951,150,635,4,Summer part forget truth claim factor.,2026-02-02
4952,102,460,3,Little it true ago she effort commercial player top.,2026-04-25
4953,1453,14,2,World office behind offer way case eight event hand care develop issue.,2024-04-02
4954,1669,538,1,Note then man low until quickly large.,2026-02-01
4955,1244,466,2,Thus ask him especially hot get husband a president today cold second.,2025-01-30
4956,1307,11,4,Need represent rock woman run others citizen size know suggest have economic.,2026-02-07
4957,1486,90,3,Mention realize fall management ahead kind weight.,2026-02-13
4958,1587,685,1,Boy production today risk make help buy continue travel center.,2025-06-07
4959,1901,210,5,Human push certain parent treatment process.,2026-05-31
4960,162,676,2,But only investment television particular break meet herself yourself join.,2025-02-25
4961,382,109,4,Recent my church less hundred seven education available during.,2026-05-28
4962,631,79,1,Operation process pretty agree wide management child.,2024-06-09
4963,426,459,5,Agent admit offer kid go continue Mrs table him memory travel.,2025-08-03
4964,617,213,4,Project discover she Congress first or product you away.,2026-06-05
4965,1825,233,2,Several like reveal bag lay though.,2025-07-31
4966,1435,593,1,Research since weight him all list successful consumer window ball job.,2025-11-11
4967,811,118,5,Center agent protect amount water believe.,2025-08-25
4968,1514,148,4,Adult six create after deal actually music animal.,2025-04-22
4969,234,161,4,This effect easy marriage capital position condition.,2025-08-26
4970,442,287,2,Bring country of century threat skill skin statement moment scene push whether high.,2026-05-26
4971,1246,381,5,Agree admit what between suddenly mother recognize plan.,2025-03-05
4972,1930,961,5,Their wide poor focus black health majority PM day property crime.,2026-05-30
4973,1141,317,5,Old much create feeling character hair others beat item start.,2026-01-04
4974,1398,377,2,Recognize address loss player range within.,2026-05-31
4975,776,731,5,See open involve visit six article heavy time medical find table.,2026-05-19
4976,628,580,5,Imagine hear Democrat strategy glass along.,2024-01-09
4977,999,33,1,Deal family oil early factor research.,2024-09-30
4978,1162,211,5,Section voice fear left hand scientist few though night drug fly.,2026-04-07
4979,490,765,3,Success field start source political alone window.,2025-10-10
4980,296,613,4,Structure design always agree themselves floor day hospital such.,2025-12-14
4981,1394,679,4,Window lead among answer choice military stock.,2025-12-14
4982,11,590,5,Attention old address might activity store.,2026-04-23
4983,947,466,4,Night long business explain amount player week sign safe PM water let.,2025-05-15
4984,192,16,5,Gun rise public her ago property road tough that court next century back.,2025-12-23
4985,1143,496,2,Capital allow indicate artist model impact and.,2025-05-06
4986,878,862,3,Beautiful seem firm wrong exactly through not government yet.,2025-01-03
4987,1851,446,1,Choice challenge player late scene during help single institution administration.,2026-05-10
4988,1809,425,4,Light manage parent bill ever he responsibility.,2025-09-27
4989,505,127,2,Apply entire even own side poor fire skin approach man.,2024-02-20
4990,1631,85,1,Already economy onto now plan take season sign hour time glass.,2025-11-28
4991,87,794,5,Make many clear on again position ground meet whom high.,2025-02-08
4992,517,453,2,Teacher big result firm nothing public big.,2024-10-12
4993,136,150,1,Effect physical stand sometimes section member nor serve program under democratic example you.,2026-05-11
4994,1185,665,2,Maintain central he cell air market.,2025-09-28
4995,1406,121,3,Something arrive respond get operation carry choice.,2025-09-20
4996,1186,492,2,Fact memory produce music administration allow.,2026-04-11
4997,1429,800,1,Book somebody year course affect early kitchen produce.,2026-04-10
4998,256,855,2,Week one drive month return focus well seem summer wind.,2025-10-30
4999,833,686,5,Support world item character source go protect stay he ready general.,2026-03-21
5000,1659,377,3,Development skin again behavior democratic though sense various too run.,2024-11-03
5001,307,546,1,Hold action show item card party buy never area modern as environmental.,2024-10-23
5002,106,591,4,Easy defense seem throw tend wall continue film sing.,2025-05-18
5003,1884,933,1,Letter sea teacher source data glass case.,2025-07-19
5004,1255,417,5,At culture politics time result we.,2024-10-23
5005,1029,240,2,Rest visit challenge history hope skill friend.,2025-02-10
5006,344,708,1,Hand the pay job particularly support standard production seek floor.,2026-06-06
5007,98,333,4,Bed Mrs book draw fast toward stand stand authority option.,2025-04-16
5008,746,379,2,Remember figure operation evening sister change school source sure even store father.,2026-04-26
5009,704,471,3,Animal body door consider cup long anyone whole.,2025-11-13
5010,1683,819,3,Player development light performance voice although yes far.,2023-10-12
5011,1696,64,4,Town physical town would interview production.,2024-11-27
5012,1900,368,4,Condition step so live dinner example campaign matter kid carry occur forward game.,2025-07-01
5013,146,744,1,Difference indicate everyone during attorney vote type require can conference society institution.,2026-01-25
5014,792,783,1,Sea bag black say media including ever spend.,2025-02-03
5015,1949,603,4,Fund time rather authority believe nothing.,2025-10-21
5016,1450,85,4,Thousand only place cultural floor care early source get push effect.,2025-12-27
5017,601,884,2,We many dream child identify class during paper guy call cold.,2026-04-07
5018,368,895,3,Itself appear shoulder medical course free understand rock.,2024-11-29
5019,828,737,3,Well allow citizen author bank movie receive conference give race type.,2026-01-28
5020,1242,253,3,Research large person hit true model project write word.,2024-01-10
5021,67,814,4,Garden woman movement off push pass somebody share through reduce save him.,2025-08-27
5022,1204,21,5,Represent size big well officer agency.,2024-10-07
5023,668,742,1,Continue figure start industry condition hundred I serious young.,2025-03-13
5024,1447,193,5,Again couple huge consider your both one his walk commercial.,2025-10-13
5025,1135,686,1,Store past above when eight deal senior often.,2026-03-17
5026,67,60,5,Fire trip just away situation president outside safe church.,2025-10-28
5027,548,915,2,Play fast baby network political him now prevent western increase similar public citizen.,2026-01-10
5028,812,134,2,Buy but none international fund floor to third yard second its.,2025-12-08
5029,104,30,5,During station son little whom until measure science memory whether of.,2026-02-01
5030,360,55,2,Old tax police work natural stand image add.,2024-05-04
5031,1371,286,1,Street dinner player job behind and add side.,2025-11-20
5032,1968,253,2,Stand less create wear window guess price hair start radio.,2026-03-24
5033,890,335,2,Less possible shoulder time dog its skill worry research explain several special area.,2024-05-21
5034,1943,357,3,Only quality political forget notice social sure Congress.,2024-08-01
5035,1013,892,2,Represent have know mind those American research culture.,2026-02-15
5036,1954,428,2,Meet stay edge side heart first require until specific budget physical.,2024-03-25
5037,1240,125,2,Charge take responsibility wait figure control goal necessary.,2026-05-21
5038,573,506,3,Notice position participant effect enjoy foot allow.,2026-01-01
5039,1597,546,1,Level pick situation without accept south eight seem rich.,2025-07-02
5040,1432,731,2,Relate executive size popular wind produce heart join else kitchen.,2026-06-02
5041,833,993,5,Attention enjoy trade somebody top war of age serious talk radio.,2026-05-23
5042,962,208,2,President health church believe stay some nature teach stuff cause.,2025-03-06
5043,933,924,1,Matter ready treat knowledge ahead bar.,2026-04-19
5044,739,631,1,Able policy for myself factor off enough federal.,2026-04-12
5045,408,877,2,Here stay candidate could really already throughout story beyond eye authority development card.,2026-06-06
5046,943,514,3,Picture yes close herself water boy case.,2025-07-29
5047,490,883,2,All job year everybody free his interest out what street me reach.,2025-05-05
5048,1063,967,1,Level east that Republican across rate care something open major.,2026-04-01
5049,631,602,2,Final international whole impact star ground my example design wait about how.,2026-01-30
5050,1094,481,3,Summer summer responsibility young some probably task public loss understand product.,2026-01-01
5051,533,425,2,Most girl career real develop once inside policy over garden.,2024-05-15
5052,906,180,3,Ok song agent Democrat people wonder production soon computer work tax available front.,2026-02-28
5053,1436,116,5,Nothing forward station majority piece although issue today.,2026-03-05
5054,1081,573,1,Personal occur role style cut crime reflect available interview service baby dark car.,2025-09-24
5055,874,429,1,Support deep car once may certainly material.,2026-01-16
5056,1849,295,1,Return author military employee window hospital daughter like response few hospital.,2026-05-13
5057,737,816,4,Water song approach particular couple health low hotel magazine ability.,2026-03-31
5058,718,378,1,Again treatment scene move five field gun wear be base manager rest.,2025-12-21
5059,1930,824,1,City try together contain boy generation worker staff figure green have admit.,2025-09-07
5060,931,610,3,Into choose century suggest generation no hard every resource own then far page training.,2026-02-27
5061,930,110,3,Statement describe avoid expert standard up.,2025-12-07
5062,1521,312,1,Water choice relate team unit he begin race first population during visit a.,2025-02-26
5063,184,976,5,Positive various option phone anything sign thousand power commercial me.,2026-03-08
5064,1436,780,2,Table road whose water time eat service no past I none.,2025-05-19
5065,761,158,5,Mind detail stuff trial great card she inside travel sometimes or personal upon.,2026-01-10
5066,1322,567,3,Main soon quite board moment friend marriage court gun better radio radio away.,2026-03-23
5067,623,622,2,Near finally science individual offer thought at.,2025-01-14
5068,247,921,2,Rich machine improve between perhaps hospital pick general officer begin task.,2026-05-08
5069,1967,135,1,Part enter six hundred through according station wide step study court.,2025-09-10
5070,1661,166,4,Eat Republican girl six girl shake great film treat customer.,2025-05-07
5071,1966,932,2,Town for car myself choose effect offer report that information better.,2025-09-19
5072,419,879,5,Full high military husband cost pick.,2025-03-20
5073,704,121,5,Parent late side rock should with start.,2026-01-28
5074,23,406,2,Big party run population leave simply follow mission modern.,2025-02-14
5075,1195,987,2,Bit upon century same place civil play.,2026-05-06
5076,545,283,4,Note office other old music style job sea.,2026-05-03
5077,1809,56,3,Month include practice film ball discover.,2026-04-27
5078,460,766,4,Senior factor according summer truth report.,2025-09-02
5079,3,351,1,Happen economy report grow election production likely.,2025-07-08
5080,1250,446,3,Most how establish whose boy behind major figure inside cut fight main whole.,2026-05-31
5081,1681,998,2,Special happy discover Republican news test fill class culture political.,2024-08-01
5082,1679,800,3,Dark generation build ahead quite all news plant oil surface station.,2026-06-06
5083,689,812,2,National buy offer religious at true television Congress people sit.,2026-01-05
5084,186,404,5,Network establish thought enjoy few health official glass most particular sure drop.,2026-06-04
5085,1327,944,1,Sense wear build name decision let.,2026-05-28
5086,1504,766,1,Blood any pull could rate no.,2025-10-28
5087,1923,730,1,Break get resource among trial fast present offer cause tend term.,2025-10-06
5088,631,30,3,Above position participant week according image specific dinner information see.,2026-02-25
5089,14,508,3,Over little difficult quality election doctor new hot.,2024-11-18
5090,534,400,2,Quite want product new couple none food seat word southern walk think.,2026-02-04
5091,660,386,4,Before smile box great thank now.,2026-01-28
5092,1676,989,5,Late brother great eight father ground unit week spend.,2026-03-10
5093,579,708,5,Seem across debate rate field know message letter blue usually.,2026-01-10
5094,1076,470,5,Sure condition gas break little data thousand trade court.,2025-06-29
5095,1712,825,1,Save effort price goal knowledge our old available stop say.,2026-06-05
5096,490,683,5,Air avoid himself painting right require news statement.,2026-04-02
5097,1019,100,5,Say general rich company artist six agent leave always.,2026-01-16
5098,1197,180,2,Suffer your record apply mouth space three soon.,2024-08-22
5099,1790,500,3,Apply despite eight least peace growth effect third big administration.,2026-04-27
5100,87,669,4,Foreign deal police would white something imagine.,2025-09-04
5101,637,958,3,Several enter central son least employee artist provide Democrat beat author.,2026-01-03
5102,1131,953,3,Media age check think street year across carry.,2025-01-16
5103,1034,611,3,Long pick each return whom scene small surface.,2025-08-19
5104,1866,17,1,Bad character condition laugh fish senior.,2025-07-10
5105,50,948,5,Likely such true call in scene child buy end join every.,2025-07-27
5106,1082,638,3,Ok education inside edge feeling people whose represent treatment.,2026-02-24
5107,28,764,1,Force station just police agency hour company plan follow each past blood.,2025-06-26
5108,283,257,2,Throw down soon brother single see summer instead window enter nearly.,2025-02-25
5109,985,649,3,Message hear kid born land wide risk.,2025-08-27
5110,758,759,2,Thing like anyone stock specific leader hospital.,2026-05-11
5111,352,762,5,Trouble actually professional test coach race hold clear upon employee professor.,2025-04-27
5112,772,893,1,Nature explain happen ok dog try adult police father meet.,2026-04-05
5113,923,278,5,Seem next do continue will brother project person benefit though father.,2025-12-23
5114,920,200,2,Eye identify find middle benefit computer both and light specific.,2025-11-02
5115,289,834,3,Attorney generation eye star high table already important wish throw.,2026-01-04
5116,1146,456,4,Face product plan produce tree last carry suggest let reality pick memory program.,2024-08-13
5117,431,283,4,Out project statement me plant or example charge plan by worry college until.,2025-10-22
5118,1988,622,2,Others product rise game range film though conference explain you apply activity quality.,2026-05-25
5119,1504,966,2,Employee mind parent example run century behavior end enter inside ago.,2026-04-14
5120,1252,226,2,Official against current if bank before cover book appear.,2024-01-10
5121,1985,416,5,Finish nice owner why final send quickly from be happy official.,2025-10-02
5122,1753,417,4,Employee energy debate final either church.,2026-04-27
5123,1034,699,5,Thank western professional ask agreement economy size politics.,2026-05-15
5124,1236,469,4,Light participant let know kind against hard trial view.,2026-06-05
5125,1325,574,2,Reach last call how risk interest with south in manager chance ahead off.,2025-04-04
5126,725,104,2,Compare course subject share challenge indicate have second pressure foreign issue if.,2026-02-25
5127,1100,653,5,Amount table wish total yourself few wind poor similar cup air forget.,2025-09-03
5128,99,387,5,New term party perhaps build community lot admit.,2025-09-09
5129,460,163,4,Six production another practice tend identify me.,2026-06-06
5130,1503,224,5,Represent world painting question appear improve clearly this billion claim beautiful base.,2024-02-05
5131,1619,266,3,Attention investment consider move team fly news war whose itself entire author social.,2025-12-31
5132,1407,224,5,Can one memory space contain piece open bit than send gas various sing.,2025-05-14
5133,1771,61,2,Visit news fast ball article draw forward adult easy little serious stop.,2025-07-07
5134,409,299,5,Himself evidence himself family not control group accept table almost artist fine senior.,2025-12-21
5135,1358,18,2,Leg reason beat husband back realize listen quickly small simple suddenly support.,2025-01-26
5136,31,381,5,Food create song lot television shake memory page election feel way truth.,2025-05-15
5137,704,320,3,Kid impact full eye trade seven visit.,2025-11-28
5138,20,961,1,Mouth join there at sort toward unit box miss.,2026-05-15
5139,860,113,5,Explain director defense vote picture quality story difference.,2025-09-19
5140,344,483,1,Best reach life try bring per pick.,2025-09-01
5141,1806,16,1,Reach your amount power half yet ground move.,2026-04-08
5142,122,297,2,To body picture husband life today.,2025-06-12
5143,1254,635,4,Letter modern receive tonight increase do maybe challenge.,2025-05-27
5144,1570,430,4,And shoulder hot whom himself pass whether think color many.,2025-06-17
5145,1518,803,2,Power recently hope some understand everything common way summer Mrs seek.,2024-12-01
5146,1130,926,2,Suffer help worker organization much exactly quite including place toward off.,2024-02-10
5147,1256,600,4,Role suffer radio exactly structure idea purpose skin free nor particularly painting store.,2025-05-06
5148,727,394,4,She team south reflect line among figure on quickly.,2026-04-22
5149,128,866,3,Brother eight hour class college entire she sister type matter.,2025-04-09
5150,1942,434,5,Evidence father close personal huge wonder best TV.,2025-02-27
5151,580,705,1,Appear many system study just foot pressure program anything check pattern expect.,2025-11-01
5152,1564,874,1,Man market church crime knowledge green.,2024-12-19
5153,755,735,2,Majority sense view region third matter kind.,2025-07-21
5154,1345,524,3,Arrive laugh stuff vote risk little all than away research business teacher.,2025-05-07
5155,675,390,4,Receive magazine human research bill cold voice understand.,2025-11-29
5156,337,13,2,Maybe question consider part piece loss make attention significant.,2025-08-02
5157,147,296,1,Improve to message but soon although brother argue business.,2026-01-04
5158,1940,330,5,Fact close of within baby hour soldier them after exactly machine opportunity.,2025-12-26
5159,978,65,5,Assume why dinner so ever early seven movement fall difficult several between.,2025-12-07
5160,426,744,4,Game phone north small boy tonight it agency dog south.,2024-08-11
5161,1255,871,5,Measure avoid always produce school occur visit that.,2026-03-08
5162,1533,363,4,Something animal tax huge these activity second method.,2025-02-25
5163,166,569,1,Listen social big book research begin still American together than.,2026-03-09
5164,1796,558,4,Everybody set oil school image purpose water himself.,2026-03-16
5165,1240,749,4,Imagine money yes campaign share pass detail none staff.,2026-03-23
5166,569,795,5,Space discover down key prevent gas challenge father body including.,2026-01-05
5167,362,591,2,Do community central commercial rate fly or serious collection yet nature such.,2025-08-08
5168,1284,243,3,Base product amount bit very case so subject consumer trip successful various.,2026-03-21
5169,563,187,1,Huge worry wind evidence step player among magazine their discussion feel receive page.,2026-04-15
5170,1245,802,3,Loss own there east indicate face they time now.,2025-07-25
5171,221,990,3,Ten girl east father current quality central reason.,2023-11-02
5172,1393,430,2,But reveal party act chance sea draw.,2026-05-04
5173,1465,278,5,Talk serious international Republican role theory large tree particularly.,2024-09-25
5174,221,949,3,Sort room pick church reach out adult small daughter determine act image.,2025-06-22
5175,1625,723,5,White able popular community hope peace wear back center behavior can interesting remain.,2024-04-24
5176,1350,592,5,Peace rich back and myself line discover team need various country return message.,2025-03-28
5177,228,803,2,Determine start cause order life oil poor without data.,2025-06-03
5178,1618,482,5,Place while our model market other continue.,2026-04-18
5179,1316,165,4,Natural customer travel product everyone result event recently home.,2026-06-06
5180,1152,343,3,Health time region drive plan finally message star case operation either.,2025-12-05
5181,262,15,3,Expert clear behind degree family professor build.,2026-04-17
5182,1075,143,4,Car attack practice hold fine how strong child piece here.,2026-02-12
5183,1320,255,3,Century simple board side discover memory month increase house federal single.,2025-07-23
5184,48,775,5,Machine remember fact speak crime training itself week never alone nation.,2025-11-26
5185,1619,627,2,Apply offer agreement realize PM follow identify peace so beyond market.,2024-07-23
5186,116,534,1,Cause or year hope stage authority degree thought language word measure early.,2025-08-13
5187,227,769,2,Family drop type prove experience system employee work plant level land morning along.,2026-04-11
5188,101,694,2,Affect science everyone us avoid number.,2025-10-30
5189,327,951,1,And write instead show student guy worker.,2025-09-10
5190,194,836,5,Detail truth big avoid someone reveal pull treat contain while something.,2026-04-05
5191,812,3,3,Thousand data those real others pattern.,2026-02-14
5192,629,694,1,Activity control customer new age art present notice half civil put raise edge.,2026-03-03
5193,1588,40,3,Doctor join how account under difficult into person able analysis our base analysis.,2026-05-11
5194,935,952,1,Cup baby sense coach too book before artist occur ten house onto season indicate.,2025-01-27
5195,265,300,5,Window because seat doctor remember upon chair.,2025-01-22
5196,1064,758,5,Best sea similar now finally pattern individual foot hair item notice policy.,2026-05-29
5197,1223,741,3,Computer admit whose would trial rise purpose conference.,2024-09-29
5198,466,68,5,Forward green page rate their author miss positive professional almost despite identify.,2026-04-23
5199,1751,276,2,Clear boy place there five explain debate me plant.,2026-04-27
5200,289,339,4,Hospital enter fish sister attack himself film husband.,2025-09-19
5201,881,759,3,Produce add shoulder professional institution father community physical.,2025-06-22
5202,523,130,3,Why system question student term to sure along production.,2026-05-03
5203,853,271,5,Center speech explain husband need fall.,2026-06-01
5204,1205,870,5,More economic why run heavy for glass health catch artist face stay.,2024-06-24
5205,189,773,5,Exist there experience drop Democrat far suddenly provide assume spend on.,2024-08-10
5206,584,547,5,Strong west hair understand billion tonight worry wonder truth.,2026-04-03
5207,244,674,2,Network along certain bag believe cut guy.,2026-04-21
5208,210,452,3,Nothing product company beautiful small western sort drug.,2024-07-15
5209,1422,369,2,Section film half learn hit fine apply.,2025-12-26
5210,1746,494,4,Very record machine too another fish system within.,2025-12-10
5211,184,797,4,Party much agency rate something ten occur future hear.,2025-12-07
5212,228,774,5,Movie analysis specific collection customer live prove.,2026-03-04
5213,1028,617,5,Offer item mean from mention admit treatment nation front.,2026-04-23
5214,1187,642,1,Per call interesting entire administration blue green light.,2026-05-27
5215,317,687,4,Player still author serve note defense behavior western federal keep situation development need.,2024-12-08
5216,546,275,5,Better TV Congress also southern particularly all want such.,2025-11-02
5217,836,721,1,Particular early cold car beat common role ago hear.,2026-04-15
5218,1855,623,2,Million effort per check many hit trouble they.,2025-11-22
5219,554,232,4,Standard record ok end rather laugh argue bank myself ever final news garden.,2025-05-23
5220,1605,991,1,Almost evidence perform picture government rise rate.,2026-04-01
5221,5,783,4,Response reduce only miss term herself here focus health seek.,2025-04-25
5222,1393,731,1,Yet bit director energy court claim decision fill investment ball nice.,2024-08-23
5223,375,724,2,Before institution voice traditional enter open win decade media last wrong.,2025-07-16
5224,528,113,4,Green character nor rock measure magazine our something civil activity.,2025-03-21
5225,588,386,1,Quickly state woman or reveal play huge.,2026-04-03
5226,1009,390,5,Throughout rest statement him guy less line happy score make military foot task.,2026-02-05
5227,1843,888,4,Surface project order most tonight value actually evidence quite still employee still close.,2025-11-19
5228,1779,821,4,Third vote true poor evening consider occur.,2026-04-25
5229,750,606,5,Only fill lay step theory institution group his brother build five be.,2026-04-03
5230,1745,437,2,Day parent fast care candidate as pressure relate outside market reduce matter worker.,2026-01-15
5231,1165,334,3,Admit blood physical state interesting certainly ask general window.,2025-06-20
5232,722,589,5,Guess still change force in ready beyond make though drug.,2024-08-18
5233,248,937,3,Prevent behind prove feel off suffer according ground word say action add bed.,2024-06-22
5234,1785,710,4,Clearly consumer consider star visit especially better most account into.,2024-08-06
5235,74,211,2,Personal understand fill ok recognize nature run positive since.,2024-01-03
5236,93,953,3,Simple election area again where on news toward treatment hospital ever I at.,2026-03-05
5237,1758,384,2,Leave support leader goal focus policy about small learn west clear quality figure.,2025-05-21
5238,975,634,4,Relate present little boy boy appear open population crime along technology eat recent.,2026-04-27
5239,1519,59,5,Trade adult meet series specific want raise improve month against most.,2026-02-03
5240,1553,357,2,Special cause store into hair bit field result by.,2025-07-02
5241,155,384,1,Top shoulder include throw represent environmental Congress field less simply.,2025-01-03
5242,1755,37,4,Rise between improve without itself alone meet.,2026-04-13
5243,688,622,3,Play interesting close such see factor address.,2026-04-09
5244,232,130,4,Believe hope state issue condition gas instead design I green nearly fill.,2024-02-09
5245,789,342,4,Recent lay throughout figure newspaper respond prepare note.,2026-05-04
5246,662,302,1,How perform everyone treatment develop another skill which.,2025-01-23
5247,707,55,1,Reflect particularly early generation represent place nothing clear purpose.,2026-05-06
5248,146,829,1,Book oil third manage sing laugh half.,2026-03-10
5249,1402,81,3,Analysis certain participant relate author interview local whom.,2026-04-12
5250,325,249,3,Kid top chance along sense available whose.,2026-05-23
5251,1339,349,5,Air themselves accept cultural field relate record whose.,2025-04-27
5252,582,371,5,Whole candidate others phone wife provide of big else.,2024-05-12
5253,688,830,5,Blood information remain some black key onto practice hear every do own eat.,2025-09-16
5254,842,786,5,Yourself never personal one modern sport fill loss.,2026-03-04
5255,1750,314,5,Stand smile plan kitchen fact side impact anything like baby.,2024-12-16
5256,227,98,4,Question turn side compare again record require up more brother garden identify.,2026-05-14
5257,333,430,3,Add discover hotel prepare source improve American enough understand Mr.,2026-06-03
5258,96,640,4,Example stock street along boy top into tough nation space and herself.,2026-01-02
5259,87,248,4,Adult order you billion career trade.,2025-11-27
5260,1382,841,4,Situation decide clear buy free we without great early next discuss catch.,2024-06-23
5261,306,61,5,Face industry kitchen hospital ground young body summer strong contain stand sure.,2026-03-11
5262,586,243,5,Customer magazine let decide on fine modern manage rock thousand happen consider.,2025-05-19
5263,1484,41,5,Finish become because history local friend himself church personal interview.,2026-04-05
5264,270,851,5,Economic after amount magazine majority language we.,2026-06-04
5265,504,168,2,Able hot loss turn local scientist hot which.,2024-03-26
5266,609,337,2,Follow play one something he purpose.,2025-12-04
5267,764,85,3,Quite may administration contain it camera official be leg it.,2025-04-06
5268,1628,397,5,Third fill player stage rather soon across together our company people.,2024-12-01
5269,1812,324,1,Professional continue agreement never movie speech alone effort senior.,2025-11-12
5270,88,6,1,Oil subject hand time staff way together throw must bed ok.,2026-02-12
5271,1223,634,5,Best us kid structure these campaign down blue expect name.,2026-05-18
5272,1079,579,4,During start operation crime population TV heavy continue fact determine deep not.,2025-04-30
5273,747,208,2,Media customer throughout dinner condition mind result policy pull trial soldier bit.,2024-01-12
5274,1112,255,1,Answer she front first card rule hour thus ground work my.,2025-03-16
5275,794,860,1,American himself author system action miss.,2025-01-20
5276,1844,681,2,Bit finally near watch with poor create maintain.,2026-03-27
5277,1991,944,3,Strong wish people age thought sport relationship rock hour.,2026-06-04
5278,1087,981,3,Authority grow show possible through democratic.,2026-04-12
5279,1263,691,1,Stand deep hundred leave lay play event.,2024-12-09
5280,317,440,3,Say enter beat rule miss available.,2026-01-22
5281,1387,472,3,Artist issue professor entire right war message dark daughter into.,2026-02-17
5282,477,878,2,Business middle mention friend seat worker same peace his staff senior us responsibility.,2025-06-29
5283,843,424,4,Run ability stock I live great democratic nature office face water.,2025-11-20
5284,575,179,4,Talk must American different away without.,2026-06-03
5285,803,299,4,Develop ready still source talk skin.,2026-01-27
5286,1073,864,2,Would season list college way eight commercial image risk.,2026-04-13
5287,1494,871,2,Believe now summer specific somebody city.,2025-12-13
5288,987,773,1,Garden girl fine religious good benefit soldier animal safe business public.,2025-09-19
5289,36,933,3,Pay hear fill direction head sport several when data bad despite former modern.,2024-03-04
5290,1133,167,2,Guess affect green push soon by seat east return.,2024-04-11
5291,1926,475,4,Few leave these institution believe position ability do style only.,2026-03-27
5292,921,599,4,Court opportunity century say management sense mission board than consumer stock how.,2026-05-16
5293,1989,774,5,National dinner personal modern bring cup it move address lay.,2023-09-19
5294,284,709,2,Be affect dog feel step west detail law.,2025-11-08
5295,410,116,2,Walk their officer order loss nor production general ball move race senior pull.,2024-12-16
5296,1202,930,2,Result old billion wall size person.,2026-04-19
5297,692,445,1,Remain foot first hand tax development short pretty break old.,2025-10-30
5298,728,269,5,Size resource Mrs drop several past message daughter series computer scene.,2026-02-11
5299,1209,911,4,Reduce production knowledge to total fast per education power question next.,2025-01-06
5300,1657,673,5,Space remember success morning really line inside much out new two police service cause.,2025-01-09
5301,419,425,2,Military research major series none affect leader floor go.,2025-07-26
5302,509,305,3,Imagine economic term his far fear.,2024-05-22
5303,334,897,1,True reality name voice newspaper field firm.,2026-03-01
5304,1598,948,2,Black likely center ok start authority those society even.,2026-02-25
5305,154,86,4,Million lead character feeling itself operation red popular citizen there student forward system.,2024-12-14
5306,794,368,3,Senior build senior make traditional hour thus fact.,2025-12-17
5307,1998,956,3,For approach at focus energy structure leg four drop very mouth mean collection tough.,2026-05-11
5308,855,912,5,Evidence religious forget purpose lot wall series information pay above huge image.,2026-01-17
5309,391,395,5,Nice they different no even five.,2024-11-08
5310,1899,908,4,Institution ability teach meet throw school their mouth.,2025-06-22
5311,1475,264,4,Political sit record rate read its find memory worry little room think.,2024-06-15
5312,1327,814,4,Hear career rule carry old pattern be many the kitchen foreign.,2026-04-22
5313,325,57,1,Paper other believe that civil rule.,2026-01-06
5314,3,711,1,Leader often rather case edge it building.,2026-05-07
5315,1199,91,2,Trouble him begin blue should today PM kitchen east difference kid question drug.,2024-09-16
5316,575,959,1,Cut yard many know generation sound.,2026-05-26
5317,1822,522,1,Center stay notice trouble include same trade world process school.,2026-05-06
5318,1670,416,3,Serve inside line under new federal seven glass.,2024-03-20
5319,464,854,3,Draw serious the it national daughter loss.,2025-09-20
5320,863,592,4,Politics safe job their describe return line environment court soldier join process.,2025-05-04
5321,607,810,1,Mention building hot spring purpose close theory condition someone customer team.,2026-03-24
5322,1882,938,3,Air side space there meeting bank walk.,2025-03-07
5323,1426,377,5,Thus say teacher rate receive worry listen material those.,2026-05-17
5324,542,676,1,Stand else central answer want similar.,2026-04-19
5325,1722,217,3,Station large why summer type my and exactly skin.,2026-03-10
5326,385,850,4,Politics inside job apply commercial door eat.,2025-04-17
5327,1005,181,4,Chair west agreement budget continue herself heavy.,2026-04-12
5328,1330,517,3,Fast audience according range base agency financial wind.,2026-06-05
5329,1732,987,3,Wish rock why business lay should several reality long last person improve including.,2026-05-04
5330,1171,957,2,Society movement far choose mind identify growth by why.,2026-05-18
5331,1302,323,2,Company far western forward senior baby seem raise key ahead live buy any.,2025-12-12
5332,892,298,5,Affect discover his development with rather network car else dog could product blue part.,2024-12-23
5333,1679,364,1,Cause despite recent answer two kind resource.,2026-04-03
5334,1504,878,2,Hot little capital together family answer always test use daughter.,2025-07-19
5335,1997,73,3,Bag short improve best growth response.,2024-06-23
5336,1504,156,3,Level social five term husband city pick he network hope project.,2024-11-27
5337,1418,103,3,Popular style wish add yes base last.,2024-12-19
5338,968,157,5,Drive most attack easy clear movement fill recently partner major.,2025-12-15
5339,1523,292,5,Treatment lay remember today conference party.,2025-11-20
5340,8,187,4,Decision head according strategy child very machine travel describe nature blue enter up.,2024-06-29
5341,411,31,5,Wind strong man out tough purpose next maybe local.,2025-07-02
5342,371,792,1,Lay we central no south fight mouth practice remain so.,2025-03-30
5343,1570,736,2,Understand significant college discussion important interest race late land meeting.,2026-04-28
5344,687,564,4,Your too season brother task next with amount home north nature group.,2025-02-01
5345,483,174,5,Available body others eight sing type make sport choose wait step lawyer.,2025-12-22
5346,1148,476,5,Later may music traditional effort form home step second road whose win.,2025-09-14
5347,741,109,1,Degree rich their meeting house down upon need represent statement happen as southern.,2025-11-28
5348,484,152,1,Beautiful between cup team send south sing threat budget same.,2026-05-11
5349,678,949,2,Hand care similar management couple public white its.,2026-05-12
5350,84,565,1,Response trip than school ok region ten everyone foot defense fear.,2025-01-16
5351,306,616,1,Staff range kid gun so any staff media body claim see.,2024-11-30
5352,96,3,1,Before behavior provide way table sing foreign fast leader good teach.,2025-01-03
5353,654,636,4,Woman easy school along professional carry property number night four.,2025-05-19
5354,1593,844,1,Key behavior whose already week return notice manage experience fish only.,2026-06-05
5355,1311,687,2,Boy view him director always same.,2024-02-09
5356,1961,517,3,Network own recently hospital type institution.,2024-04-27
5357,1051,773,4,Nature lead understand father news cold.,2026-04-25
5358,872,863,2,Offer the order talk as fire.,2025-05-13
5359,467,117,5,View down couple end your born study stuff four travel financial.,2024-01-02
5360,1378,379,2,However represent teacher hundred situation seat.,2026-04-09
5361,138,182,5,Building result go program region understand state require decision.,2025-12-05
5362,1554,237,5,Know perform perform would letter drive a least fish new dog.,2026-01-10
5363,1697,150,1,Popular building close perhaps address movie same.,2025-09-01
5364,846,492,5,Story build order because my leg then.,2025-06-30
5365,1777,945,1,Major sell performance sometimes surface some.,2025-12-18
5366,612,993,4,Hotel main drop consumer possible doctor less fire significant seek top smile.,2024-08-16
5367,900,679,3,Enjoy ever admit recent together rise example scientist information arrive set suddenly time.,2024-09-19
5368,272,124,2,Yeah southern nature capital personal Republican community through require exactly position person rise.,2025-08-19
5369,1584,573,3,Score smile Mr nearly someone already building cause fund establish power.,2024-09-18
5370,1775,308,2,Quite win PM agree ask station debate pass north movement lose.,2023-12-14
5371,896,588,3,One hold speak project street house.,2026-05-24
5372,823,77,3,Ever behavior institution these student cause small never institution.,2026-05-13
5373,435,888,2,Parent still key think Democrat increase pay house east relationship east.,2024-11-29
5374,835,568,2,Deal hold big letter population eight push mind stop at defense prepare artist.,2026-05-05
5375,382,11,3,Defense something ten tree part people Mrs issue.,2025-11-30
5376,1807,442,1,Cut kitchen tend shoulder what reflect century attack.,2024-06-22
5377,788,173,2,Law believe today fact garden paper how focus from pressure.,2023-09-22
5378,1769,189,2,Write better prepare through side level base phone this each recent.,2024-10-29
5379,886,126,5,Evidence magazine challenge born represent shoulder resource oil drop bed training they.,2025-08-28
5380,1864,558,3,Situation maybe argue left bank debate property while somebody customer concern film talk.,2025-12-21
5381,1906,522,1,Little oil energy three nice pay off keep argue discover.,2026-05-27
5382,1364,917,3,Race benefit red film success sport four catch.,2024-12-26
5383,536,350,2,Station boy meet low item idea behind forward relationship appear improve anyone.,2026-02-19
5384,1714,492,4,Summer into quite cell Mr eat tax.,2026-05-26
5385,1608,170,3,Argue first matter late pass week her explain moment.,2025-06-17
5386,73,132,3,Career attorney wonder for on care tree choice cause game often.,2025-12-25
5387,508,151,5,Lead to oil standard sure worry.,2026-01-09
5388,1011,934,4,Room certain any put kid environmental.,2025-09-24
5389,876,390,5,Community order project together money one officer act sing class.,2024-11-04
5390,1492,795,2,Often represent although race middle take understand similar rich since news.,2025-04-10
5391,308,69,4,Particularly which religious use mission play sound traditional respond.,2026-03-19
5392,1096,641,3,Assume tend room relationship them perform address run Mrs simple attention budget.,2024-07-08
5393,109,293,5,Fast quite central sound put standard.,2025-03-15
5394,412,389,2,About training kind could history enough different history approach.,2025-06-29
5395,1432,173,2,Movie film smile example grow something why else PM.,2025-09-20
5396,1533,260,4,Skin miss position stop with board catch including trial attention.,2025-10-26
5397,916,811,2,Ask I remain this toward himself head prepare.,2026-02-25
5398,1619,1000,1,Wide lay risk along general rather man break live ability.,2026-05-27
5399,991,628,2,Everyone too industry partner significant least.,2025-11-22
5400,1572,712,5,State eat piece station despite middle save can somebody top.,2025-12-11
5401,1054,956,3,Cause carry call public quickly difficult than course fact.,2026-03-10
5402,1024,639,5,Lawyer major high than people law better force gas television course worry.,2026-02-16
5403,481,633,1,Food task player big foot job.,2025-05-18
5404,302,128,4,Suddenly think just second organization thing whether enough foot subject speech other president.,2026-05-20
5405,1839,922,5,Write trouble hand often heart whose why team once pretty whatever.,2025-05-06
5406,383,340,4,Dream stage color effect seek blue fast protect central budget.,2025-01-16
5407,112,459,2,Have war then account kind store might.,2026-04-22
5408,1101,780,1,Figure road almost win accept blue region.,2025-03-06
5409,1552,588,2,Company lawyer song network eight use.,2026-03-31
5410,709,876,1,On movie concern military ask blue keep relate stage.,2025-07-09
5411,1016,337,1,Report early response color cut entire both near bad meeting kid board later.,2026-05-28
5412,1532,124,5,Her receive level maybe scene term open me last short fish hard.,2026-04-21
5413,75,807,1,Society hot resource down suggest kitchen other task.,2025-12-13
5414,1578,731,5,My house billion accept believe ten.,2025-06-11
5415,76,701,3,Difficult create ahead how difference believe land success Democrat even outside.,2026-05-01
5416,1587,193,2,Foot response summer land product quality serious buy later commercial.,2024-04-17
5417,1594,656,5,Source skill wonder your executive against part some campaign fly real.,2025-01-05
5418,1548,621,1,Treat road agent police for southern necessary clear.,2026-02-19
5419,1161,469,2,Personal expert service explain item mind contain treatment career cut daughter research.,2025-12-06
5420,1104,453,4,Dark next car even always analysis away cell reality process machine too.,2026-05-18
5421,877,319,4,Dog natural threat executive culture left sense finally treatment thousand.,2024-06-23
5422,1555,343,4,Agent quickly answer professor interesting leader.,2025-05-25
5423,1659,642,4,After first this something color indicate story stay occur until enjoy plan few.,2026-04-08
5424,1354,614,5,Source field radio air talk us involve peace foot stock court part.,2023-12-21
5425,1605,174,2,Along forget teacher be operation month recently care energy capital.,2026-01-19
5426,1908,923,3,Method remember the age stage event set of keep wall writer.,2024-03-13
5427,1099,346,3,Where federal grow teacher learn always you cover probably former.,2025-02-16
5428,1623,912,2,Know federal doctor relate husband own some decide how hit.,2026-04-17
5429,1692,352,2,Weight contain machine call nature while him seek pull.,2026-03-26
5430,1963,955,2,Scene exist detail claim reach assume data life mission check meeting.,2025-04-01
5431,1114,935,2,Data thus recent rate school structure find against miss.,2025-08-16
5432,1594,805,5,Open save practice difference claim social.,2025-01-31
5433,678,890,5,Product order result student mission believe land station other design follow live.,2025-10-15
5434,498,862,2,Action reason chair new hold series feeling mission realize worker pay should.,2025-06-21
5435,830,17,4,Middle behavior next eat day civil movement throughout your should these list head.,2025-11-01
5436,550,457,2,Address affect perhaps market head side stop value firm detail he.,2026-03-23
5437,683,84,2,Sport perform world allow tax mission other across great sea show wind.,2026-05-23
5438,1324,574,2,Hot might moment all least must member.,2026-05-18
5439,1489,890,5,Especially ahead treatment measure culture bar sit share do still.,2026-01-11
5440,1367,106,3,Through same source could task wind or owner.,2025-05-16
5441,312,601,1,Prepare daughter six city need avoid financial task talk about from.,2026-04-26
5442,418,437,4,Miss her reason evening imagine because stock.,2025-11-18
5443,25,908,2,During figure suffer pressure a region south since TV.,2026-05-24
5444,1460,231,2,Day never travel inside class like next design than land already structure fill.,2025-11-18
5445,1447,513,3,Stock hit push ability wear figure big house authority way attack.,2026-05-10
5446,1245,505,2,Explain line than matter which young because read image.,2026-01-17
5447,767,812,4,Player style family board program action.,2025-03-27
5448,1776,589,5,Interesting letter head anything issue husband off sound fight rise health.,2026-02-07
5449,1572,54,5,Community before industry especially level heart necessary shoulder medical national fill different resource.,2025-05-30
5450,121,508,5,Really add yourself outside age choice consumer morning born note growth.,2025-03-03
5451,1360,141,5,White garden important direction wind politics.,2025-04-25
5452,403,868,3,Defense campaign explain million prepare approach.,2025-02-14
5453,1037,150,3,Ground only mission reveal night thought direction push.,2025-12-04
5454,890,237,3,Hit have remember government pattern play upon raise race education you.,2025-08-27
5455,1948,850,1,Course answer huge buy turn address.,2024-11-20
5456,1436,731,1,Nature choose stage protect deep case down camera standard within report open skill.,2024-07-05
5457,1018,506,5,Find us data foot glass deep indeed soon policy support professional improve.,2024-02-19
5458,1799,793,5,Whole rich leader turn kind game prevent have decade goal have forward base.,2024-08-27
5459,1266,399,4,Worker heavy experience night education society suddenly table lose try data religious form.,2026-05-28
5460,1143,539,4,Church like improve soon build environmental life maintain.,2025-09-09
5461,96,554,2,Result cause travel continue politics anyone he bad dinner clearly.,2026-03-10
5462,876,736,2,Although so fly company girl thought impact.,2026-04-14
5463,1189,781,1,Voice yeah analysis writer with religious occur worry feeling create.,2025-12-26
5464,1267,678,1,Enjoy development opportunity create moment different conference book might firm.,2025-01-16
5465,789,563,4,Air page break news military machine.,2025-08-23
5466,653,519,4,Benefit claim boy shoulder half upon method born management people site so.,2024-04-21
5467,410,525,2,Spring education each natural subject work too that show hair idea.,2025-09-27
5468,1180,830,2,Subject kid it discover edge grow away per too population.,2026-06-06
5469,607,999,2,Where television kitchen they whether teach central hope agreement have argue.,2024-05-18
5470,757,900,4,Matter hair since military think process without large.,2026-04-09
5471,133,857,4,Strong simple two move performance indeed.,2026-06-06
5472,1239,168,4,Impact always owner rest national then study religious set chair.,2026-04-26
5473,1609,971,2,Television most second particular age cost hospital message.,2024-10-19
5474,1163,344,1,However save number compare film hot far organization allow give about that interesting.,2024-10-19
5475,250,818,4,Occur control power discussion tax cup world local.,2026-03-25
5476,1895,961,3,Board store parent owner also shoulder history she.,2024-08-23
5477,1879,695,5,Onto prove might seem evening central responsibility family ability officer.,2025-09-28
5478,1852,705,5,Everybody film same program southern miss career.,2026-03-08
5479,629,47,2,Put avoid everybody store sport weight could difference that reduce page style.,2026-01-02
5480,1174,732,5,Father well use school only strong continue give last old always.,2025-05-20
5481,1872,826,4,On current she well might understand cup according ready most.,2024-12-08
5482,81,731,1,Challenge perhaps pressure kitchen job skin professor scientist book try practice state thus.,2025-12-14
5483,613,461,1,Scene particularly same condition race big everything training.,2026-04-10
5484,743,455,2,Seat candidate recent compare similar the per.,2025-05-08
5485,1438,343,2,Allow artist near evidence field help between continue window scientist magazine.,2026-02-26
5486,1003,636,4,As east central task identify anything particularly woman top popular again deep.,2025-09-13
5487,832,881,1,Few thus change look senior research without former buy.,2024-11-16
5488,237,735,5,Turn employee song score will record white help new boy example affect since.,2024-05-27
5489,1417,481,4,Anyone according billion political hair always community.,2024-05-13
5490,1490,207,2,Total big focus go usually agree require senior last during old already.,2026-02-08
5491,1989,326,5,History soldier become performance environmental tree help subject front.,2024-07-03
5492,1718,273,3,Laugh discussion traditional center most book beautiful force else know some personal away.,2025-12-13
5493,1238,121,5,Animal behavior sense religious understand have per little anything.,2025-08-24
5494,663,686,4,Raise water car development style necessary build describe whose cause decade like affect.,2026-02-11
5495,818,765,3,Stock rock thus interest present out pressure.,2026-05-12
5496,1500,353,1,Morning wait mouth director indeed thought send with former run.,2026-05-19
5497,503,83,5,You best activity technology no authority past.,2025-09-06
5498,382,640,4,Weight four movement key box lot forward move program country.,2026-05-12
5499,54,666,1,Can authority view marriage billion officer research however share list then.,2025-06-19
5500,308,859,1,Consumer fall industry seven management thus same with something same wrong among remember.,2026-04-03
5501,489,351,5,Agent need card head west or energy still.,2025-06-05
5502,547,945,1,Compare poor human call her nice how wrong.,2025-05-24
5503,183,562,2,War safe fact seven onto forget everything.,2026-05-13
5504,1992,727,3,Style exactly machine hard especially leave force care idea.,2023-08-06
5505,1422,897,2,Great education method kitchen third machine into collection budget away turn explain else.,2026-04-12
5506,1505,148,5,Language detail among glass wait sense.,2026-01-19
5507,556,692,3,Perform a add out many middle environment walk.,2025-09-10
5508,1663,134,2,Film season south himself perform style our affect yeah later.,2024-12-21
5509,1613,50,4,Once bit test next some range nature.,2025-05-04
5510,163,290,3,Soldier past item those simple certainly alone possible environmental.,2026-02-17
5511,443,228,5,Option way step garden truth live.,2024-04-04
5512,2000,110,3,Boy road similar under strategy fight wide bring join edge watch late possible.,2026-02-19
5513,1836,853,1,Book military become sea car create commercial artist computer.,2026-02-22
5514,359,604,1,Bed quite traditional understand just wrong identify difference after account.,2024-03-21
5515,829,643,5,Side seat admit early want word customer establish adult exactly receive tough away.,2026-03-07
5516,934,169,1,Majority mind one reveal friend foot time employee face nothing simply.,2025-10-15
5517,1309,813,5,Kind as entire herself tend check official within special sometimes practice difference.,2026-05-09
5518,1909,701,2,Stay purpose education religious could no series write skin religious reveal others general.,2025-05-04
5519,564,636,1,Put employee plant difficult thank today run step drug news social.,2026-05-02
5520,1702,397,1,Surface just summer item recent hope behind.,2026-05-17
5521,1825,849,4,Each two hold scene research month enough candidate onto check situation.,2025-11-18
5522,384,815,4,Civil billion sit TV place open nor.,2024-12-14
5523,800,869,4,Wife dark quality trial reach heavy which local view among show power.,2025-05-01
5524,68,714,3,Pattern weight customer around these of black recently buy pretty really.,2024-06-04
5525,1703,981,1,Couple they size agent consumer hit customer hotel class should.,2024-11-28
5526,536,722,1,Foreign wear foot body film well difference situation model notice.,2026-05-08
5527,821,179,5,Many play live necessary town important always.,2026-06-06
5528,1458,656,3,Western world agency particularly other character themselves increase.,2025-08-27
5529,1902,472,3,Rise agree early become their couple one condition give risk since successful.,2025-12-28
5530,1390,890,4,Walk buy action ahead money spend different level daughter high campaign on.,2026-05-17
5531,637,37,1,Career born yeah air recognize Mrs.,2025-11-19
5532,1939,911,3,Second letter address west because scientist move environment look although that its explain.,2026-04-22
5533,1779,665,5,Peace certain memory until drop beat operation party firm ok by he price.,2026-02-01
5534,703,992,5,Remember somebody what off herself available wide such idea share.,2025-08-16
5535,508,979,5,Cell wonder how decision piece focus truth young crime management shoulder difference whole.,2025-05-23
5536,1624,388,3,Rich treat pattern gas reduce professor have put.,2026-06-02
5537,1445,936,4,Forward near manager look letter item one production fish prove.,2026-02-01
5538,970,563,4,Strategy now science we term kind.,2026-01-13
5539,1100,889,3,Summer development benefit society assume discover.,2026-05-25
5540,288,656,4,Vote else role sometimes rather usually read she identify.,2026-05-06
5541,673,914,2,Form easy learn cause sell how.,2026-05-12
5542,994,712,5,Worry risk old sound himself we important lay factor with paper.,2026-01-05
5543,350,421,5,East human space arm use art skill challenge still great low similar measure.,2026-04-16
5544,1748,719,3,Together range certain cup whether hair past go.,2025-05-30
5545,1585,496,4,Close whether kid to today at.,2026-05-24
5546,1086,445,4,Run question already sister to best within other hold administration light bit democratic.,2026-03-12
5547,1049,738,3,Read site same concern sense middle.,2026-03-29
5548,533,58,4,After step out voice seven its agree beautiful down day.,2026-03-26
5549,475,742,5,Staff possible fly against admit decision yourself eat race short various.,2025-05-13
5550,1557,117,4,Involve make manager stay whatever perform prepare.,2026-03-05
5551,291,322,5,Clearly decision inside newspaper reveal assume hotel myself and nation bar.,2026-05-03
5552,686,883,1,Around day rule choose consider throw manager because news expect might.,2025-05-13
5553,186,678,2,Traditional positive source record gas than would somebody film.,2024-03-14
5554,494,150,1,Scientist result how land dinner teach outside half.,2026-01-15
5555,435,714,1,Rich five attorney identify especially many ten.,2024-09-02
5556,976,303,2,In summer author general writer develop reason likely reality rate doctor.,2025-07-24
5557,179,477,3,People base series social next near few take artist sign.,2025-06-04
5558,1632,905,2,Serious doctor star test want like hand down court compare.,2026-01-24
5559,53,5,3,Office keep hour grow form save white author face song.,2026-03-16
5560,290,986,1,Major available according back bed by knowledge half choose language.,2026-03-11
5561,1329,292,4,By send true few meeting history assume democratic report likely service station.,2026-05-16
5562,895,471,2,Set lay simple late century civil own mention.,2025-08-05
5563,71,16,2,Miss picture series begin explain baby beautiful product because concern ever.,2024-11-01
5564,399,491,2,Return space response phone challenge history travel food recently process follow from.,2026-01-26
5565,1041,196,2,Group region possible usually food Democrat.,2025-10-31
5566,1233,570,2,Kitchen your trip writer computer put yourself hundred work.,2026-01-28
5567,689,239,4,Play carry result senior have few too summer be property win.,2026-03-02
5568,1626,343,5,Be ask us improve she manage.,2025-05-29
5569,1386,556,5,Statement image rate bit decision cut case yes.,2025-12-21
5570,1163,654,2,Office whatever eye state may education per although window lead.,2025-09-13
5571,1570,607,3,Discuss property I any ago safe.,2026-06-05
5572,54,843,4,Field man visit stand easy environmental partner pressure difference member.,2026-05-13
5573,1789,13,3,Baby stay former performance dog wait early herself.,2025-12-19
5574,176,241,2,Direction look bill yeah stock these minute position relationship stuff.,2025-10-13
5575,688,273,4,Draw money compare father then husband.,2025-12-08
5576,308,831,3,Or common road parent child all day.,2025-07-29
5577,662,133,5,Large result information out event watch one note firm end move understand floor.,2025-01-21
5578,1020,577,1,Purpose yourself ten without spring occur.,2026-01-25
5579,1253,992,1,Son paper maybe woman alone clearly.,2024-12-21
5580,1079,552,1,Degree less page budget base party minute.,2026-01-20
5581,1052,923,5,Boy send general the yes move large large tell table.,2026-05-19
5582,1592,921,1,Themselves visit surface whose leg account.,2025-10-18
5583,444,365,3,Various here director expert paper half born computer particular.,2026-03-13
5584,925,612,1,Need attack view figure conference officer too bed tonight bar.,2025-03-25
5585,1855,568,5,His finish baby argue though stay.,2025-10-25
5586,1300,19,3,Floor else white service Democrat course summer show yourself rather difficult prevent skill.,2025-04-16
5587,1903,579,4,Buy record option method general above pressure our candidate responsibility student water should.,2025-11-24
5588,1377,592,2,Director left attention up mind cause admit voice seem computer.,2026-01-06
5589,1483,262,3,Both know cause even line southern interview.,2025-12-29
5590,1033,424,5,Fear drive city prove door who miss boy according bring first.,2025-08-03
5591,1140,86,1,Where yeah magazine matter college then someone mission between blue level team.,2025-11-24
5592,1098,419,2,Area beautiful office always name look anyone state today sister assume about sound.,2025-01-02
5593,411,490,4,Hot support north management other purpose thought.,2026-01-23
5594,1909,657,3,Machine others buy owner resource under chair to.,2025-03-22
5595,258,687,3,Add all fear court agree history wind.,2024-12-27
5596,1156,2,2,To difficult admit more kind difficult president perhaps wall strong.,2025-04-16
5597,1092,851,4,Upon right despite despite number middle amount key wide.,2025-10-19
5598,1319,742,3,Hit second available concern one relate arrive line best ready over decade must.,2024-02-27
5599,920,178,2,Ball will gas apply ok base either several campaign himself such news.,2026-02-25
5600,1248,309,1,Individual and see she than information food.,2026-01-15
5601,406,798,1,Act attack trouble behavior low use.,2026-05-25
5602,1655,762,4,Floor capital poor six kid wish.,2026-06-05
5603,104,544,4,Music him many she will stop possible authority watch.,2026-05-17
5604,1252,300,3,Show accept court consumer table control.,2026-04-23
5605,851,2,1,Role food or arm under bank television everyone level nothing.,2026-03-06
5606,912,296,5,Bag project choose choice piece information team away.,2026-06-02
5607,154,504,4,Difficult already of hundred score doctor shake class health evening cover TV stand.,2025-08-09
5608,693,810,4,Image put friend develop tonight north mention stay school edge as.,2024-08-01
5609,404,881,3,Hundred institution recognize officer develop economic away scientist cold past challenge else environmental.,2024-05-31
5610,1882,294,5,Rate nor bank fear hundred opportunity only describe south.,2026-02-20
5611,1754,439,3,Among some others despite like decide.,2026-01-02
5612,1311,19,3,Recent street little theory pick turn.,2026-03-19
5613,512,931,1,Four cover fight station experience market child great from job high treat.,2024-11-06
5614,1006,318,2,And me necessary current reach some.,2024-08-28
5615,1260,517,1,Fast agreement these management enough one truth market standard mission above.,2026-05-10
5616,1841,748,1,Sort top administration five stay where serve owner many hear civil receive.,2023-10-02
5617,1309,4,4,Despite language natural glass society section range behind religious fight agreement right environmental.,2026-01-21
5618,1489,656,2,Mother throughout raise officer speech toward hair long.,2026-05-08
5619,1232,425,4,Would player learn college against space player land.,2025-10-02
5620,1674,32,1,Mrs throw player well stand product seem project hope run offer hit.,2026-02-03
5621,1998,421,2,Increase leader then particularly bank agent Republican office their.,2026-06-05
5622,510,1000,1,Camera building read remember risk window those.,2023-07-11
5623,731,246,4,Health away race former mission purpose early side along rather true read.,2025-03-01
5624,1846,633,2,Surface scene able nothing Congress tree discover manage career.,2026-03-26
5625,355,945,5,Born avoid service star rock would Congress effort place develop apply.,2025-03-03
5626,720,820,1,Especially win push around although around quickly game feel door production right cause.,2025-01-02
5627,1757,765,4,Amount black station new discuss take nothing push left catch process.,2026-02-04
5628,1167,417,5,Company fire soon audience week arrive.,2025-12-14
5629,95,112,1,Prove positive bag recent last mouth threat choose argue charge recently hair.,2024-02-28
5630,1254,508,2,Third artist defense change thing tell trouble guy skill without method.,2025-09-29
5631,670,30,2,Event want agree image whole pick my resource stop third two particular chair story.,2025-10-31
5632,961,906,2,Everybody cultural plan long success list.,2025-12-25
5633,963,859,1,Capital mother must future win out discussion.,2026-03-22
5634,1258,970,5,Response space ball next conference recognize.,2025-08-08
5635,172,645,3,State sister American catch whatever discuss tell wonder.,2025-11-12
5636,999,302,3,Great general foot industry as man result control music start get phone sing.,2025-10-12
5637,1827,948,2,Big hospital picture after more management hold budget fund listen work history.,2026-05-03
5638,1216,497,4,Career should trial early list quickly race investment consider soldier.,2025-06-27
5639,1443,933,5,Anything best wind air nation walk arm a scientist.,2025-11-17
5640,238,820,2,Ten me through look argue step rise place several voice share.,2025-06-23
5641,704,267,5,Least building buy single system space form control executive group type.,2025-08-13
5642,51,154,2,Product matter decision the marriage model heavy even degree sister friend with necessary.,2026-02-24
5643,274,917,3,Between skin expert play yes toward stock nothing.,2025-12-06
5644,354,754,2,Piece age all thing main cause push how involve run believe.,2025-08-12
5645,1681,317,1,Direction middle person successful color sport religious loss market report power show according age.,2026-01-30
5646,464,908,2,Make agent agent maintain trip bit test tend toward news until others certainly.,2024-09-23
5647,933,857,3,Wrong available down leader mind perhaps service couple green fine.,2026-05-19
5648,1661,361,3,Human bring marriage although yard various finally record win despite.,2025-06-13
5649,1198,857,1,Voice along Republican how without pay vote force national.,2026-04-23
5650,1530,136,2,Physical head learn reflect relate serve require audience just because three.,2026-04-05
5651,1761,961,5,Anything student miss traditional include option body hit impact decide section church.,2025-01-24
5652,260,760,1,Effect red institution enjoy school across.,2026-04-02
5653,1346,180,4,Nation like traditional cut north cultural.,2025-01-12
5654,84,635,3,Magazine tax front attorney office themselves tonight.,2025-08-06
5655,1341,933,2,Figure actually exactly wonder third necessary charge modern others nation smile.,2026-01-23
5656,1058,258,4,Maintain local could performance maintain during stock foreign discussion mission actually instead perhaps.,2026-06-01
5657,1877,153,2,Speak others eight our own buy itself.,2026-05-25
5658,997,334,1,Far include account moment age office modern.,2025-10-28
5659,694,792,5,Who single entire idea describe run live customer.,2026-04-29
5660,1387,252,1,Yet purpose type reveal a better hair.,2026-05-14
5661,1170,312,3,New key true relate little employee election realize manage.,2024-08-31
5662,393,956,5,Policy leg green should high question environment always subject.,2025-01-15
5663,75,234,5,Growth level article cell of west money these mouth policy.,2026-03-16
5664,1766,379,4,Particularly bed end member hair director region.,2026-02-28
5665,966,392,2,Interesting fear of exist top school boy guess foot build factor dinner.,2026-04-19
5666,1671,476,1,Situation amount take style represent million site ready strong.,2026-04-30
5667,1735,918,2,Full attack necessary clear remain really take phone author message peace decision spend.,2026-06-03
5668,427,578,5,Deep car big method hair peace meet agreement official hard miss.,2024-12-07
5669,360,724,2,Describe charge miss quite term road fill culture.,2023-09-13
5670,1289,32,3,Capital book design will finish some six.,2026-03-06
5671,1581,124,2,Once system model name among tonight.,2026-05-07
5672,230,41,1,Worry chance president audience degree watch I less.,2025-05-11
5673,1275,956,3,Answer involve generation radio go hundred us agreement training threat some fight paper.,2025-06-18
5674,424,818,1,Kind however especially small money eight adult talk reality show perhaps.,2026-05-21
5675,812,108,4,Chair necessary page treat station save position.,2026-03-25
5676,1396,445,1,National coach speech I culture since.,2026-01-07
5677,590,593,2,Much up point public identify thank commercial sport.,2025-11-24
5678,390,564,3,Agent once reason plant force trouble particularly.,2025-05-16
5679,1132,529,4,Training include skill capital face wear show church dog.,2025-02-02
5680,743,570,4,Mind range heart challenge financial later feel.,2026-02-14
5681,682,832,1,Leave commercial hotel prove while story nice.,2024-05-08
5682,1300,889,4,Condition share successful north could realize these course it.,2025-08-10
5683,941,844,5,Go shake have fine foreign college management.,2025-10-01
5684,719,786,4,Focus even story attack probably author.,2025-11-23
5685,1996,389,2,Product poor several much accept democratic brother put create team almost.,2025-12-26
5686,758,118,3,Career something subject sound with piece assume.,2024-10-29
5687,137,786,2,Long that allow film state worker.,2024-03-20
5688,34,783,4,Pull administration seven any daughter bit.,2025-02-05
5689,887,986,4,Represent card old everybody administration experience.,2026-01-17
5690,779,399,4,Mouth role create son former red.,2025-01-29
5691,238,88,2,Field board court movement appear type west inside single.,2025-01-31
5692,670,798,1,Provide at name size expert loss doctor same reflect buy campaign already final.,2026-04-22
5693,477,842,1,Stock computer partner edge resource generation election for decision reflect human.,2025-08-18
5694,969,321,2,Rich south man she dark sea number two.,2026-05-30
5695,811,164,2,Positive shoulder however present floor rest visit look create Mrs standard if structure.,2024-05-19
5696,69,52,3,Where now such news road bed continue life movie size.,2026-05-26
5697,1842,55,2,Color enough energy pattern maybe large per.,2026-04-29
5698,1726,579,3,Development push rest green gas sure time body party professor nice large cold young.,2026-05-25
5699,1671,868,2,Culture guess forget attack perform without true news win edge look picture debate.,2026-04-26
5700,1461,799,2,Each deep wide wish school rate behavior thing economic a.,2026-03-01
5701,1885,616,3,Thank purpose according Democrat act enough.,2025-04-12
5702,1022,867,2,Raise write prevent card information reflect local.,2025-07-19
5703,1068,285,4,Treatment there speech bed gas interest shoulder analysis decision century fight trouble book.,2025-12-14
5704,320,50,3,Specific it word later money whole citizen notice.,2026-03-15
5705,1446,416,1,Car staff least argue exist clearly consider.,2025-03-08
5706,529,201,2,Increase simple democratic finish left should why recently.,2026-02-08
5707,422,185,2,Avoid lead kid mission country eight.,2026-02-19
5708,1557,565,3,Why which according many program share generation pull difficult mouth century sure.,2025-09-18
5709,982,273,1,Cause reason Congress nothing perhaps have value article wait conference blood appear financial.,2025-11-28
5710,605,523,5,Thought wear tell home music could especially run.,2026-05-22
5711,796,227,2,Machine rate tough up drive late provide heart concern current.,2026-02-08
5712,1307,652,4,Provide do contain good increase leave officer page.,2024-04-29
5713,1199,390,4,Road above region suggest grow suffer face career somebody continue quality player.,2025-10-06
5714,1291,245,5,Up visit four father unit say evidence whether religious tough floor.,2025-08-18
5715,448,352,2,Admit almost collection your audience any force.,2026-02-12
5716,1000,573,1,Might doctor star him leader his party anyone turn or tend hospital north.,2025-10-27
5717,1738,265,4,General exactly structure much who site.,2025-09-16
5718,1998,816,4,North never share situation likely sport hotel.,2025-08-26
5719,1999,283,5,Always carry foreign agreement player free.,2025-01-31
5720,1799,178,4,Follow little everything director charge concern.,2026-05-05
5721,909,977,4,Interest son specific list plant people realize eat for really with.,2025-05-07
5722,1026,323,4,Business growth carry they care loss hundred identify manager economic.,2026-01-13
5723,966,237,2,Cut Mr water suffer hot federal happen page student dog finish treat.,2026-05-13
5724,100,855,5,Sometimes painting budget beat institution beat network group seat which item.,2026-02-01
5725,1389,797,1,Economic since cup dream into ever politics believe box speak personal what.,2026-02-01
5726,317,533,2,Measure his you cost second affect probably.,2025-03-23
5727,85,431,5,Right character wind recognize weight partner walk college food should.,2025-09-16
5728,1690,214,5,Force test true ability local that skill.,2025-11-11
5729,1989,514,3,Or ball Mr before create him.,2025-12-19
5730,855,553,4,Allow note line glass executive thousand family religious less quite exactly health.,2026-03-24
5731,1729,721,3,Score guy rise agency eye evidence.,2024-08-02
5732,456,832,1,Spend fund name power chance beat stand.,2026-04-08
5733,674,564,5,Whom lead probably side clearly condition argue poor community without growth huge increase.,2024-12-05
5734,528,996,4,Clearly concern drug which throw add contain word modern.,2026-05-21
5735,1283,284,1,Memory operation because resource bad public weight discuss model never generation page.,2026-01-26
5736,1743,680,3,Choice lay force first call how sure hour.,2025-02-04
5737,1215,279,4,High level environmental house nature ahead information build together scene floor impact.,2025-08-09
5738,1423,722,5,Wish send away but between leader music fight fund anything commercial heavy fast.,2025-09-01
5739,1064,505,4,Recognize this pretty heart tax necessary pass song.,2024-02-04
5740,232,183,5,Shake example buy suffer moment Mr value.,2026-03-24
5741,690,987,5,Likely when more give forget pretty two mention.,2025-12-29
5742,1856,901,3,Less bill floor ball pay hear responsibility pretty home least.,2025-02-02
5743,1216,24,4,Court heart education city black others nearly.,2026-01-17
5744,1232,788,5,Doctor just interest life natural admit treat arm outside.,2026-06-06
5745,155,608,4,Weight election conference second west standard go analysis PM write.,2026-02-22
5746,229,503,1,Sit table language particular Republican visit fact.,2025-10-05
5747,991,993,5,Physical care democratic nothing enough moment newspaper.,2025-07-20
5748,1321,48,1,Exist second single ago behavior where author measure short.,2024-11-10
5749,993,718,1,Able by list whom read exist might end spring in capital share.,2023-10-06
5750,399,462,1,Watch agent to late threat possible film another mention month arm.,2026-04-17
5751,7,710,1,Water officer figure join each hear mother.,2025-08-10
5752,631,448,5,Activity receive man wonder agent sense above.,2026-04-21
5753,898,260,4,Past source resource knowledge member the wall.,2026-02-04
5754,381,373,4,Couple at during painting color traditional according challenge.,2026-05-07
5755,928,392,4,Measure officer media somebody training somebody nature today evening professor take.,2026-04-26
5756,229,133,2,Realize skill yard support blood research stuff a.,2025-08-23
5757,186,876,1,Close its a attack break south at blood agree between guess line.,2026-03-18
5758,622,535,4,Catch figure show writer name during long check subject.,2025-05-20
5759,1417,626,5,History mouth choice whom voice according boy.,2025-04-18
5760,744,515,4,Rise federal according believe able scene table trouble action hit magazine.,2026-03-05
5761,1770,112,4,Staff subject list father yard sense PM avoid assume leave.,2026-02-23
5762,93,320,4,Low people wall could opportunity entire indeed.,2025-10-28
5763,166,582,5,Much class brother probably drive a reality Republican attention.,2025-02-14
5764,1988,956,5,Direction order too president public defense best can national too.,2024-11-21
5765,77,614,5,Tonight realize beautiful effort else involve.,2023-11-27
5766,1576,85,1,Candidate artist reveal though radio perhaps else popular thousand work dark.,2025-02-23
5767,1823,38,1,Success including summer window animal simple change set.,2025-12-27
5768,508,258,2,Crime position concern guy while our its score father require forget remember until.,2025-09-12
5769,1216,755,1,Teacher program fish professor institution check anyone expert.,2025-12-07
5770,678,293,3,Turn different between commercial kitchen avoid avoid population address actually deep stage me.,2026-02-10
5771,1606,672,5,Base woman well together discuss book remain provide relationship study give government.,2024-12-05
5772,1967,641,3,Production police serious statement fill here.,2025-03-02
5773,990,130,2,Score use your next pass easy enjoy he skin along voice.,2025-10-24
5774,1418,20,5,Threat camera the particularly again increase decision bit side apply each.,2025-10-10
5775,693,348,3,People main building new Mrs set arrive maintain.,2026-01-23
5776,1279,451,1,Company decision myself important seek so history.,2026-01-09
5777,1075,811,5,Base name amount try during fast collection issue rise suffer picture itself customer.,2025-03-12
5778,1079,584,3,Could person be follow never skill admit too paper against relate spend.,2025-04-23
5779,189,283,5,Much relate here something project ability loss low music left total.,2025-06-13
5780,1343,208,4,Respond hair four discuss before machine practice including modern none act floor development.,2025-10-29
5781,1614,819,5,Seven race edge break anyone about owner.,2025-12-29
5782,358,75,5,Trial sure suddenly focus increase boy push rise seven left catch know.,2025-12-10
5783,635,893,3,Let relationship style president scientist help doctor word rule use item stock report.,2026-03-14
5784,1713,189,1,Ok wish hit article personal tough third seven partner green claim issue kitchen.,2025-09-10
5785,467,205,5,Pass town bring it company high customer fill drive around window.,2026-05-03
5786,1116,413,2,Economy government local word arrive she decision miss chair old their office.,2026-01-05
5787,1104,889,1,Speech raise allow idea near within indeed rate.,2026-05-05
5788,726,882,4,Animal song choice bar performance natural case enjoy region lot stage cup raise ball.,2025-04-11
5789,1214,295,2,Attorney candidate across movement information people throughout.,2026-01-21
5790,1848,55,4,Action together build blood tend now.,2026-01-02
5791,1856,877,2,Man cold perform allow piece particular local.,2023-12-24
5792,1144,382,5,Professional song catch exist Mrs apply just law occur.,2026-01-20
5793,56,577,5,Yard of structure six contain discussion always.,2025-03-03
5794,401,812,1,Candidate read life various throughout necessary market.,2026-01-21
5795,1422,518,5,Specific economy serious assume then soon professor million her.,2025-06-16
5796,172,973,2,Provide before spend poor low street especially level available memory every someone.,2024-08-19
5797,1882,387,2,Personal blood road both list you board power however way.,2025-03-04
5798,782,644,5,Standard source reflect sign officer page.,2025-07-17
5799,223,435,4,Kid feel position many sense film.,2026-01-03
5800,649,40,4,A director professor consider at arrive someone.,2025-03-17
5801,1262,422,5,No discuss suddenly back somebody point notice decide career cause.,2026-02-07
5802,562,717,1,Husband very a win reflect onto give rule interesting want.,2026-05-24
5803,1005,262,3,Stop town animal true sit at half stand.,2026-06-03
5804,2000,497,3,Think couple news buy front realize.,2025-12-23
5805,280,340,4,Decision show leg police mention effect serve here arrive major image.,2026-05-30
5806,23,242,5,Water development property black fast available all fast energy explain television.,2026-05-12
5807,1665,533,5,Difficult difficult owner experience late important then.,2026-03-06
5808,1022,38,5,But foreign action leave could western many floor effort third fact.,2026-04-09
5809,1756,677,1,Huge visit provide approach strong machine.,2025-11-25
5810,650,392,5,Perhaps prepare voice usually sign support middle coach young.,2025-12-25
5811,1891,994,5,Eye way perhaps blood blood down white whose before.,2026-03-29
5812,1044,493,1,Beautiful dog find itself bank single ahead society.,2026-03-10
5813,1510,23,4,Page including concern network situation dinner section feeling raise plant worry or.,2025-09-09
5814,1853,924,1,Help window reflect alone behavior seek then.,2025-08-08
5815,1253,371,5,Seek feeling although rise lawyer author long arrive treatment.,2026-01-23
5816,942,380,5,Sea hour new name eye last.,2026-04-07
5817,1958,621,4,Level move door poor kitchen level.,2026-03-25
5818,447,911,1,Quickly ready appear marriage each from western fund she thousand perhaps.,2026-01-04
5819,1475,160,3,White might land authority or leg population camera this.,2024-12-05
5820,20,497,3,Attention current later social goal memory effort become focus.,2025-07-06
5821,867,467,3,Fish product not story enter money doctor order argue economy health.,2025-12-08
5822,1945,572,1,All fill week develop knowledge result huge win house support brother.,2026-06-05
5823,1873,512,3,Behind resource until address tough past media.,2025-12-31
5824,65,266,2,Attention message create evening baby plan modern civil big send southern skin former foot.,2025-03-22
5825,654,468,5,Fund daughter economy argue design little by not.,2026-06-05
5826,71,78,4,Back certainly month recent method consider those cut ever level whom.,2025-12-15
5827,666,170,1,Or religious require bill film player knowledge.,2025-01-11
5828,439,590,1,International human something stuff deal choose process another.,2026-03-18
5829,172,634,1,Group around talk reveal study success same hand tough its.,2025-10-27
5830,174,977,4,Opportunity wide late federal challenge attorney provide.,2026-02-12
5831,382,291,1,Benefit his training deep tell those job center democratic audience money.,2025-09-13
5832,1904,307,2,Successful interview dark city future game event human loss anything appear story total.,2026-05-28
5833,679,265,5,Particularly social game child although eye next director unit energy.,2024-09-29
5834,450,916,2,Evening usually like model force yourself beyond.,2025-10-07
5835,1590,476,1,Issue reveal want help boy bag rule simple.,2026-03-21
5836,821,770,1,Type though attack myself expect he church minute candidate scientist eye.,2026-06-05
5837,241,189,4,Those likely white reveal station argue world rest room important.,2026-04-19
5838,81,762,4,Source story product less theory ago material near.,2025-05-22
5839,354,150,4,Development mind term its able night point need too produce.,2026-03-07
5840,652,448,4,Just drive mouth always range break perhaps hit offer space around.,2024-12-20
5841,1542,824,4,Former ago add organization speech community street discover.,2025-12-20
5842,55,714,3,Provide number thus nothing worry first.,2025-05-14
5843,1209,694,1,Top contain discuss ever expect way speak shoulder company.,2026-01-25
5844,191,914,1,Wrong shoulder house relationship treatment agent two night great involve.,2025-10-16
5845,165,233,4,Raise with attack force very example.,2025-11-14
5846,1008,680,2,Staff side walk major step develop vote hair stock join could less want.,2026-02-16
5847,1922,922,1,Audience practice soon back data event assume more light certain unit.,2025-12-22
5848,1643,570,1,Plan put keep more pull couple various important.,2026-03-14
5849,1744,69,3,Spend mouth including TV stuff seem medical body fact avoid with green yet.,2026-02-28
5850,552,313,2,Class tax fire speech relate man happen father state contain point.,2026-01-26
5851,1164,747,1,Hour important will real couple another as join poor.,2026-03-28
5852,247,53,1,Whatever certainly cell include open base.,2025-02-03
5853,487,625,3,Peace lose many successful together ready physical deal old partner from.,2025-03-28
5854,431,623,4,Though so forward site decision staff commercial floor operation.,2023-12-24
5855,22,216,2,Room concern support strong thus own.,2026-04-05
5856,234,885,4,Popular magazine speak toward voice include card.,2024-01-12
5857,552,655,3,Cup visit Congress receive enter make on.,2026-02-28
5858,812,288,5,Under effect strong chance animal human describe style.,2024-05-26
5859,1911,362,2,Discussion rule market toward value least under its need.,2025-09-24
5860,1749,439,2,See nation area summer decide wall range agreement and wait unit seat skill.,2025-10-07
5861,1600,279,4,Ever true let eight may manage might close or recent list place.,2024-06-11
5862,149,539,4,Stop other although sign us thought audience field politics act never resource.,2025-08-11
5863,1803,770,3,Occur lose threat doctor guy middle perform avoid different five majority far.,2026-05-13
5864,676,124,2,Recently consumer by character central condition we less soon structure carry article.,2025-11-29
5865,1641,505,2,Consumer decision hit through by method official certain above before.,2024-09-19
5866,680,487,2,Politics teach house stock specific girl look raise property.,2025-07-27
5867,124,339,3,Leave line media allow value return ago would wonder almost half song.,2025-09-14
5868,333,818,5,Mouth over site society determine less together travel speech nature guess mention.,2024-03-17
5869,802,262,2,Response specific media common understand forward attack they election card big himself.,2025-07-08
5870,1389,392,5,On science decade defense former certain suffer religious create stock.,2025-02-11
5871,909,784,5,Toward though key raise over half.,2025-01-24
5872,83,88,5,Choice soon available approach we various land build.,2025-02-18
5873,1755,378,4,Practice sit apply almost meet never one school alone majority Mrs.,2025-04-20
5874,1846,750,3,Guess second task after around yourself management cut network ok enjoy fish hot.,2025-12-09
5875,1276,823,3,Almost whose animal dream friend own thank the administration.,2025-10-11
5876,464,698,3,Turn exactly magazine daughter information ground able this through north option kind.,2026-04-07
5877,1551,999,1,Stop Mrs crime enjoy oil how.,2024-08-06
5878,1284,985,3,Laugh lawyer truth skin white garden for.,2026-05-09
5879,1855,298,5,Listen choose low environmental compare image specific rather worker assume management build.,2025-06-20
5880,1622,105,4,Threat near religious front when above board.,2026-01-06
5881,1874,11,4,Break else social item clear section black receive.,2025-10-07
5882,1688,990,2,Week reflect really yes policy half writer oil teacher try Mr unit.,2024-07-22
5883,1220,331,4,Well pretty thing relationship coach just say attack writer trip land.,2025-07-14
5884,1536,982,1,Quite center street line data administration page white make affect manager site report.,2023-09-23
5885,1824,486,4,Better include clear writer outside strategy news if eight boy seek but state.,2025-10-09
5886,595,498,5,For car commercial price everything four democratic bit once argue water discussion.,2024-11-27
5887,385,283,2,Feel increase seek when side sport above choose represent agency wonder own.,2024-08-26
5888,1661,557,3,Accept occur receive program bank night month time bit lose.,2024-07-15
5889,1830,938,1,Risk radio current film may region player PM magazine degree collection product.,2024-02-11
5890,1281,980,1,Accept wide she national time set data north.,2026-02-25
5891,1352,328,1,Study article might eat growth car once entire special yeah between line.,2025-10-02
5892,1278,773,1,Often someone since make successful choice manage home guess.,2025-05-11
5893,105,440,2,Gas from stuff main yourself so similar skin cover production.,2026-05-10
5894,906,496,4,Today arm meet expect yeah more.,2024-09-13
5895,1186,976,5,Figure get strong anything despite couple again.,2025-08-07
5896,800,53,2,Ok large memory couple career type have street air.,2025-07-27
5897,294,605,3,Dog field yet anything stock listen magazine grow recognize Congress write member somebody.,2024-09-07
5898,992,234,3,Along my likely although care financial itself several.,2025-12-16
5899,126,96,2,City say my wear popular relate good painting hold center share he.,2026-02-18
5900,1781,782,5,Bill son person standard drop fact ability attorney subject shoulder career ok.,2026-03-14
5901,1478,276,3,Example of include window at skill government fill.,2026-02-27
5902,1478,855,4,Together rate government these reveal explain.,2025-09-06
5903,1638,103,1,Husband discover nature drug hope later nature difference.,2025-04-02
5904,577,41,2,Late customer not appear opportunity great.,2025-02-02
5905,223,429,2,Action option knowledge executive woman impact next long where responsibility cost.,2026-05-22
5906,1089,330,3,Hear cell ten knowledge teach color.,2026-04-20
5907,1684,636,2,Church smile here data purpose home himself east whose hotel.,2024-06-26
5908,694,585,2,American central account within class bar garden perform hour appear number.,2026-02-14
5909,921,642,3,Put reality travel material hear of citizen energy federal.,2026-05-08
5910,1092,561,1,Career church east stage question cover sister eat down agency provide assume.,2025-09-20
5911,452,56,3,Leader drop similar east his coach institution she already hair population hard which.,2025-08-14
5912,1248,789,4,Guess technology picture ever play dinner child.,2025-03-20
5913,1524,333,2,International common fish power so although.,2025-04-02
5914,666,946,5,Require audience show treat writer another get compare group.,2026-03-09
5915,1406,449,5,People friend although sister brother better score way go site simple something.,2024-09-15
5916,1047,853,4,Student specific Congress officer family oil career your create old actually create reason.,2024-09-24
5917,837,997,1,Year rest hold customer their interesting.,2026-04-11
5918,1588,122,1,White most practice mean sell use trip anything with.,2026-03-30
5919,987,236,1,Along hospital science administration represent party these power director which simply.,2026-02-10
5920,1888,128,1,Right when investment poor eye special bed understand president church.,2026-01-17
5921,1251,945,4,Of yeah research data instead tax seat arm gun.,2025-02-03
5922,439,96,4,Safe guess news both hope cost walk get contain able.,2025-08-22
5923,233,442,4,Describe specific cell another eye south along number thousand sometimes.,2026-02-25
5924,522,652,5,Machine three understand eye father ask project.,2023-09-20
5925,1533,362,2,Point now easy late compare arrive prevent center source my.,2026-04-27
5926,451,112,3,Lot three their goal after change.,2026-01-24
5927,1128,237,5,Something international knowledge different sure talk turn teacher this.,2026-03-23
5928,1444,84,3,Truth beyond public whose southern tonight left radio information simple south support.,2025-10-12
5929,1053,374,4,Six everything bag go develop not loss would later item senior southern spend themselves.,2025-08-21
5930,1458,238,3,Protect rock job woman management bank myself success his approach history point.,2024-01-25
5931,18,527,2,Value soon tough official receive discussion beyond.,2025-04-16
5932,21,303,2,Significant physical deal born analysis adult.,2026-05-24
5933,338,608,4,Clearly meeting have cold own use that some.,2025-01-13
5934,1055,971,5,Decision alone operation buy threat mouth.,2025-12-09
5935,249,102,1,Situation which hotel will dark growth away goal value future will very kid.,2025-06-25
5936,641,848,3,Who at agreement such war effect pretty short father official.,2025-12-08
5937,79,863,3,Pretty mention fall despite movement you specific method field social.,2025-02-01
5938,334,692,2,Several see personal unit both toward color either whatever similar any apply per.,2025-07-19
5939,1827,81,1,Economy same seek military form none quickly oil.,2026-03-15
5940,666,92,2,Determine develop break else off imagine deal house authority term agree dog.,2026-02-18
5941,1311,347,2,Career million me say we main front.,2025-10-18
5942,1211,44,2,Difference investment feeling significant energy sound tough effort contain foreign foot check.,2025-11-18
5943,1534,298,2,Bed first goal red knowledge learn memory compare.,2025-10-17
5944,590,676,1,Them stage change end probably she you behavior.,2024-09-24
5945,1966,61,5,Reason around almost it increase reveal movement have of perform Republican western.,2026-05-01
5946,280,498,4,Feel war boy just Mrs recently establish probably return which goal.,2025-11-15
5947,1396,604,3,Set option high nice move run.,2025-08-20
5948,969,778,5,Each there another control catch thousand same court life determine.,2024-08-15
5949,112,858,3,Company attention stuff area operation return miss sign best rise.,2025-08-04
5950,1700,904,3,Through suggest after only happen kitchen lay close.,2024-04-07
5951,1563,893,5,Step nature politics near laugh really heavy consumer.,2026-05-20
5952,1380,237,1,Else reason close management later fast center support hit.,2025-01-25
5953,1363,201,1,Must ten military throughout newspaper house.,2025-10-04
5954,1963,490,3,Cultural worry fight nation economy election war large business easy gun road young.,2026-02-17
5955,838,822,1,Low home determine image might old himself.,2025-04-21
5956,230,942,5,That son believe realize evidence recently.,2025-10-27
5957,227,772,3,Out attorney line popular act only.,2025-11-29
5958,1708,898,2,Top member bill side modern table street keep newspaper assume.,2025-02-24
5959,1341,401,1,Rather five investment within in apply month professor.,2026-05-28
5960,445,98,1,Task tax rich law political part decade become.,2025-08-26
5961,945,115,1,Evening treat treatment fire environment factor this now strategy couple interest.,2024-07-30
5962,304,502,5,Bad law suggest left loss example family black campaign hotel his left form.,2025-09-06
5963,1420,800,5,Glass beat support daughter generation peace send imagine.,2026-05-29
5964,466,118,2,Soon west several affect draw operation personal probably.,2024-09-18
5965,1518,279,5,Learn speech affect town building some teacher successful amount responsibility.,2026-05-07
5966,376,331,1,Early of least now address meeting treatment perhaps tax respond follow evening.,2025-07-29
5967,893,482,2,Himself nation big involve join dinner guess I.,2026-03-06
5968,1321,220,2,Then interview nation sister stand alone.,2026-04-17
5969,437,715,3,Eight mention oil civil wonder live shake.,2025-04-07
5970,579,770,1,Conference point eye piece man leader.,2025-04-01
5971,692,952,3,Appear poor inside where spend speak measure.,2024-05-12
5972,163,523,1,Course miss home hope war anyone year low.,2025-07-16
5973,1961,977,5,Special lawyer continue magazine finish say now knowledge Democrat.,2026-01-16
5974,1095,160,5,Moment if know production business big student too.,2026-03-19
5975,936,897,2,Already identify marriage arrive table guy measure.,2025-09-27
5976,1379,311,4,Four final hotel generation imagine range rich politics tell so assume.,2025-09-19
5977,1567,346,2,Across main scene sort during marriage player.,2024-05-22
5978,879,787,4,May music other voice address sport catch theory painting break test force.,2024-11-26
5979,1185,256,2,Just expert however hit we data quickly military always attack.,2026-05-01
5980,840,171,3,Staff visit you possible front a tonight crime upon skill player.,2026-03-16
5981,727,190,2,Mention finish citizen need tough question.,2025-09-24
5982,1455,902,5,Sport blood different yet day interview early along.,2026-06-01
5983,1115,206,1,Third although lay kind president compare wind just debate.,2025-06-22
5984,179,931,1,Various dog end tell process foot culture.,2023-08-10
5985,440,950,5,Her degree best about fill camera card guess example from though house role.,2026-04-16
5986,426,933,3,Democratic media sound democratic career decision where family degree soldier indeed effect several.,2025-05-30
5987,1300,183,2,Defense drop offer rather dream commercial drive hold about once whom clear wait.,2025-12-26
5988,191,763,1,None child lay the most many vote election citizen go finish quickly culture.,2026-05-17
5989,1446,261,1,Operation father by less turn consider.,2025-05-06
5990,1085,467,2,Radio great include though recently former move.,2025-09-12
5991,132,566,1,Air author yet such serve visit environment structure third especially prepare exactly matter.,2026-05-07
5992,748,569,5,Sister certain drop different care training drive dark easy fact.,2026-02-28
5993,195,616,5,View southern possible specific entire write sit.,2024-12-08
5994,712,923,4,Reach seem family run south citizen oil her unit book indicate compare.,2025-05-25
5995,1210,884,1,Effort seem part sell choice food effect much.,2024-06-04
5996,243,132,4,Water people pull far prove according hand first half.,2026-04-08
5997,1989,973,5,I difficult sell wonder husband claim arrive.,2024-11-20
5998,595,157,5,Director low available answer significant blue.,2026-03-11
5999,1888,112,5,Allow whatever book into sea quickly thought late huge happen.,2026-03-10
6000,503,546,4,Seek receive risk crime seem run also song keep society range level.,2025-04-01
6001,43,917,2,Guess dinner special phone cut claim then.,2024-10-17
6002,1448,416,4,Big as ten stage however result room.,2024-12-03
6003,118,420,5,Morning more simply year idea seek analysis bar.,2026-05-12
6004,1289,67,4,That common very collection subject behind find what operation season song structure.,2023-09-20
6005,967,659,2,Collection man data score attack response least.,2024-06-12
6006,1772,942,5,Manage option Republican any claim keep fact service.,2025-12-29
6007,1741,100,1,Way issue successful action poor why per total data.,2024-08-18
6008,1467,126,5,Because community cover card use own reveal seem once another.,2026-05-10
6009,1694,362,5,Perhaps bag ago charge admit painting determine body of this road strong.,2026-05-15
6010,557,142,3,Themselves rule result this for law view ten.,2025-02-09
6011,1046,753,1,Measure political experience put fact owner.,2026-04-13
6012,762,204,3,Avoid realize week fish audience get seem action really evening person price hundred.,2024-04-03
6013,1465,839,5,Do prevent line candidate herself as ahead rest seek wife threat party together.,2026-03-06
6014,636,633,3,Case trade participant may space consider voice ten provide drop if seven describe.,2026-05-23
6015,1877,640,4,Necessary clear weight in some eat kid drop.,2026-03-28
6016,1664,133,5,Out agency pattern those there story recognize.,2023-12-25
6017,1035,694,4,Table wife maybe drop court rest live.,2026-01-23
6018,519,211,4,Fear win detail either again economy.,2025-09-03
6019,687,420,2,Listen piece must still strategy some common structure form before.,2026-03-08
6020,303,383,4,Center money phone drop painting way produce clearly even water be west central.,2026-05-07
6021,1382,33,1,Likely play front thing almost activity season.,2026-01-08
6022,843,492,1,Back view along indeed such fall no decide over.,2025-02-24
6023,1668,865,4,Present first consumer list image attention letter fall remain age fly market.,2024-11-18
6024,1411,758,3,Three mission task enter necessary ten word decade against cup rise.,2025-08-05
6025,292,119,5,Meet hour still first opportunity medical picture morning heart will strong hour than.,2025-10-13
6026,1869,428,5,Threat than on group already meeting child voice campaign close huge.,2025-04-02
6027,24,715,2,Partner situation Congress than industry also ask whatever.,2026-01-04
6028,1730,306,4,Program take dream forward anyone me eight offer.,2026-02-04
6029,528,661,3,Support find firm lay size it team trade one.,2026-03-09
6030,1441,960,1,Two treat word like evidence first claim court tonight work language president.,2026-05-05
6031,1176,466,4,Seem crime life because article deep deep him bad.,2025-10-23
6032,1637,885,4,Relationship floor maintain live her wonder.,2026-03-22
6033,1487,384,4,Company human agreement factor white art seat trip market market should personal.,2026-03-20
6034,855,611,4,Single once drop easy wonder available perhaps.,2026-05-01
6035,729,73,1,Wind world respond poor east look.,2025-06-22
6036,659,857,5,On deep just work eight right box particular summer he.,2026-02-14
6037,396,878,3,Give member others increase price left throughout continue strategy organization policy fact table.,2024-07-29
6038,310,829,2,Expert home school spring better piece for late music cause.,2026-01-04
6039,179,803,2,Member drug outside write sign school other material.,2024-12-24
6040,638,409,4,Concern charge trade field resource second yeah small city until it.,2026-05-12
6041,806,557,3,Major best either degree law strong across up difference might world age policy.,2025-08-12
6042,501,685,2,Even benefit door the real beyond from marriage quality others thing.,2025-05-25
6043,72,545,1,Necessary sound none heart early security hundred pull product institution personal worry wrong.,2025-04-02
6044,451,169,2,Personal finish everything step conference left million.,2025-12-28
6045,766,243,5,Meet pass international early material buy similar low green glass.,2026-05-30
6046,95,196,5,Officer citizen set by effect produce star president business record listen only toward.,2025-05-06
6047,280,999,1,Space near always hundred senior ground building board floor drop ability realize president.,2024-05-04
6048,1039,365,3,Speech close performance forget represent anyone hundred lawyer Congress simple.,2025-04-02
6049,211,790,5,Treatment him hundred pull animal billion write mother.,2026-04-09
6050,883,872,4,Alone technology difficult day toward international meeting pull spend.,2024-10-25
6051,787,639,4,Brother away world court statement high moment prevent home test debate.,2026-05-12
6052,799,852,1,Book care hit name significant most current heart.,2026-01-17
6053,317,973,4,Memory whatever those floor himself season she upon of pick.,2025-09-11
6054,669,896,3,Character manager listen close process professor carry though cultural approach.,2024-08-26
6055,1063,470,3,Fire dream perform because identify consider.,2025-01-21
6056,1763,576,1,House ground happen catch outside technology ok late.,2026-04-28
6057,139,202,1,Region car traditional industry writer student send consumer.,2024-07-17
6058,1575,666,2,Brother teacher remain gas involve power.,2026-03-04
6059,1659,399,1,Student cell writer available key truth third place because somebody sure.,2026-01-16
6060,466,73,2,Pretty oil someone nice candidate evening scientist.,2026-05-01
6061,140,204,5,A president film its actually prevent where second eight particular window watch.,2025-12-18
6062,1971,151,4,War authority people rule dog attention civil together partner something kind.,2026-01-22
6063,626,430,3,Resource thought finally word wait yes simply military situation table modern he against.,2025-04-08
6064,1831,495,4,Coach none perhaps structure happen son south fear opportunity fall billion clearly.,2024-12-18
6065,728,682,4,Within now future open magazine conference candidate understand party him attack after old.,2025-02-18
6066,308,504,3,Same attorney trial there poor political reduce last role always discuss administration.,2026-03-29
6067,1826,73,2,Right that sense seven but catch make better.,2026-05-14
6068,1124,299,5,International beat technology music daughter measure election kid.,2025-11-11
6069,77,214,3,Who over sing some why week recent officer stay.,2025-12-23
6070,1235,475,4,Character difficult surface risk simply enter consider beyond practice.,2026-01-07
6071,1765,941,4,Need tree year together phone kitchen.,2025-06-20
6072,345,561,4,Indeed ok toward can pressure budget.,2026-03-13
6073,1858,409,1,Ability travel hold firm civil election relate another.,2024-10-11
6074,961,72,1,Compare fire collection amount bill natural benefit.,2026-04-04
6075,839,14,5,Week ten admit red on she anyone usually.,2026-05-24
6076,1452,98,4,However water believe system yeah body employee.,2026-02-19
6077,601,395,2,Dark may west onto its choice vote purpose official.,2025-12-31
6078,560,410,5,Near team offer performance perhaps summer million work society.,2026-05-27
6079,1769,935,2,Anyone lot game grow find simply apply enough.,2024-05-07
6080,860,382,5,Decision author sell question arrive fish billion tree risk game attorney.,2024-12-17
6081,1626,650,2,Mouth exist research able scene boy name so now someone.,2024-03-24
6082,660,325,4,Area identify collection heavy middle feeling social everything very again dog whose.,2025-06-29
6083,985,258,1,Issue will really nice seem third gun.,2025-10-25
6084,754,467,3,North really alone one rich thousand dinner son safe international two member officer television.,2025-12-26
6085,1457,47,1,Usually difference community reality sing nothing.,2024-09-26
6086,1250,536,2,Themselves better with law would low feel sea.,2026-01-29
6087,1259,736,4,Media listen world finally meet with produce quickly can.,2025-11-22
6088,1411,666,4,Amount which international mind know training when hospital force should game down.,2026-04-30
6089,482,116,5,Chair traditional picture director religious difficult I.,2025-09-10
6090,1199,758,5,Might first somebody cultural goal space church shake computer thank leave.,2024-08-31
6091,1662,106,1,Beyond drop computer rise significant shake.,2026-01-29
6092,1467,207,3,Team ready over doctor live article.,2026-03-28
6093,1533,476,4,Kind democratic citizen east something rather.,2023-12-21
6094,243,152,1,Level discover table economy significant cell.,2025-02-20
6095,643,895,1,Tree article anything herself enter might or respond third.,2026-02-10
6096,1884,611,2,Issue economic nor sport today painting why leave.,2026-02-12
6097,1999,582,4,Small model true central wait heavy tend ahead social section success.,2024-06-09
6098,1318,217,3,Evening education even soldier standard stand break evidence in business wind.,2026-01-18
6099,279,540,2,School hotel clear TV each few.,2026-03-30
6100,686,509,4,Focus avoid themselves develop yes really read ahead character throw cold control.,2024-04-25
6101,44,694,5,Power use receive kind fight once firm whole five.,2025-05-02
6102,1613,733,1,Everyone special stop general turn experience compare its service.,2025-11-19
6103,342,180,4,Follow produce either member race treat knowledge firm identify west local room despite.,2025-09-27
6104,1124,187,3,Section be near collection home far would.,2025-06-23
6105,912,596,4,Military wish expect rest strategy material poor approach stock evidence power.,2025-06-18
6106,1347,260,4,Field suggest arrive between consider rock however team wide woman speech.,2025-08-09
6107,49,714,2,Attention sport weight throughout sometimes use several lawyer low.,2025-12-01
6108,1756,61,1,Daughter machine daughter traditional company option risk low.,2026-03-25
6109,1987,22,2,Eight address build western scene say skill vote treat forget up bed.,2026-01-21
6110,180,697,5,Try respond treat stop career but look for.,2026-05-28
6111,1003,777,3,Organization page focus down machine moment large probably TV yourself catch most.,2025-11-05
6112,284,756,3,Challenge trip position short too through high these level up time increase.,2026-04-11
6113,752,526,2,For quality through water miss eat factor particular town customer away order.,2025-02-26
6114,1273,46,3,Eight international red today science board money economy buy range government task dream.,2026-05-05
6115,1966,803,2,Hair treat daughter without goal practice executive item themselves various peace happen become.,2023-08-31
6116,661,778,3,Run young beautiful program usually audience deal memory.,2026-02-06
6117,945,387,1,Animal it democratic politics begin plan cell.,2026-06-06
6118,1922,384,4,Night risk individual down visit glass.,2025-12-18
6119,1374,947,5,Full city you my paper save claim general interview body.,2026-02-13
6120,1840,222,5,Lose husband gun ability more know open matter report must be.,2024-12-21
6121,88,188,2,They so consumer television back relate effect especially reflect market.,2025-08-08
6122,1254,746,4,Though challenge yourself final these right month young.,2025-03-14
6123,255,388,3,Lay bill prepare book administration poor down we raise national character everything.,2024-12-19
6124,1178,198,5,Red main process ready western send.,2026-01-18
6125,1819,487,5,Drug call source hope knowledge work require sure.,2025-09-18
6126,1523,380,5,Star start watch section challenge sort.,2025-02-08
6127,37,111,3,Answer instead yourself trade power everything wrong something decision.,2026-06-04
6128,1410,148,1,Sister how we example prove southern.,2024-02-18
6129,462,422,1,Send spend owner property physical develop effort.,2025-03-20
6130,1084,988,2,Lot effort pattern want small maintain police yes.,2025-11-28
6131,1840,954,3,Military interesting more couple sister tell.,2025-08-08
6132,469,84,5,Book each meet executive structure color.,2024-12-11
6133,723,953,2,Impact live reality whose camera table key letter fine assume.,2026-05-21
6134,1166,218,1,Physical allow significant section pass few sell performance.,2025-10-22
6135,912,249,1,Very three drive character night box laugh behind control single arm anything garden.,2026-06-05
6136,694,652,4,Learn participant ball data likely itself film early stay forget blood physical father.,2024-09-29
6137,900,97,4,Common education training too buy charge interview their seem.,2026-05-29
6138,1854,322,5,Any either husband suggest news throughout position dream should few determine receive add.,2024-06-08
6139,1588,949,1,Speech its range quickly because information south party get investment.,2025-06-11
6140,943,121,3,Animal treatment wife nothing store between reality rather.,2025-10-29
6141,1140,197,1,Anything value participant activity whether focus.,2024-12-21
6142,849,891,2,Face ask road crime hour rich yard.,2025-12-19
6143,1470,440,4,Threat wear our bag claim indeed program clearly company conference reveal most knowledge.,2025-01-08
6144,519,723,3,Knowledge ten peace article idea to make activity article quite alone assume.,2024-11-25
6145,1085,834,2,Position information can open level sing coach military painting leave.,2026-05-20
6146,1266,419,4,Source church how stand miss business.,2026-05-26
6147,765,225,1,Practice conference decade police hundred goal and trial enter understand.,2025-08-06
6148,1327,878,3,Stock reflect create example case respond president know election.,2025-12-13
6149,1485,827,5,Idea mouth media pass throughout half month modern dream economy garden radio relate provide.,2026-05-20
6150,658,314,5,Anything join without gas item specific feeling common when hit must world budget.,2024-06-26
6151,740,386,3,Exactly type argue learn on we program lawyer.,2026-04-10
6152,1816,528,1,Civil kind deal gas travel challenge state you so.,2025-09-02
6153,1020,804,3,Last modern early out station arm read consumer.,2025-08-10
6154,1229,628,5,Myself involve traditional gun hour short.,2025-05-31
6155,35,160,1,Culture them consider those toward past clear point usually cause.,2026-05-23
6156,1981,729,2,Should rule my marriage year only again throughout once financial argue hospital.,2025-01-29
6157,1947,342,5,Weight local occur partner lawyer measure provide road trip national red start offer.,2026-05-18
6158,1398,330,4,Special subject goal article long anything.,2026-05-30
6159,1687,682,4,Actually cause her better deal account all.,2026-03-16
6160,1917,850,5,Interest finally white material the authority recent note finish speak that.,2026-05-26
6161,656,181,5,Reveal range eye list main foreign yard per keep everyone back.,2025-10-09
6162,276,579,2,Person none government star enter national then.,2026-01-06
6163,1487,306,3,Help sound clear act official Mr green team education then keep everything.,2025-12-05
6164,1442,196,2,Important station seat ahead grow control officer to.,2025-11-11
6165,703,151,4,Matter gun game energy world model.,2025-08-26
6166,1092,976,3,Fact only itself free decide base dark rather serious thought vote break answer.,2025-06-06
6167,1364,573,2,Party air indeed try voice character short sort family seat.,2026-01-25
6168,112,865,4,Cell animal chance new feeling hair low.,2024-02-05
6169,1390,670,4,Per officer throughout day operation save shoulder another.,2026-01-17
6170,1652,516,1,Community admit quite keep step particular beautiful build make.,2025-08-05
6171,633,819,1,Hot despite new situation detail first.,2026-06-04
6172,910,320,1,And analysis interesting economy who direction fine country hand trip.,2025-12-17
6173,844,586,3,Term hundred much billion before by hard threat.,2026-04-07
6174,1258,539,1,Care deal within seek every finish beat.,2025-10-07
6175,1419,496,2,Name into bank page field class grow since nice less option hot two.,2026-06-02
6176,137,722,3,Quality character why customer fast once phone white effort phone want in.,2025-02-09
6177,1940,167,2,Realize issue design help article kid everybody.,2025-10-04
6178,861,773,5,Left because hundred now month baby.,2026-05-16
6179,818,58,2,Compare run hospital site listen deal quite world cover music sure experience.,2026-04-13
6180,1692,915,4,Cut ask process responsibility authority east approach.,2025-07-04
6181,635,2,5,Former around sing deep health again day.,2026-02-14
6182,658,162,2,So stage answer tend down education pretty.,2026-01-03
6183,179,884,5,Wind cell write term movie ball.,2025-12-17
6184,1212,629,3,Man different exist result through number whole.,2026-05-16
6185,320,636,3,Add close nice commercial not move statement into.,2023-11-30
6186,178,388,1,Trial grow process would similar sort camera from policy exactly work.,2024-07-18
6187,1509,621,3,Tell factor every record ball church number top whatever pass card.,2026-01-26
6188,736,602,2,Year wrong people meeting sense surface professional.,2025-12-02
6189,465,10,1,Matter toward there catch skill piece management music reflect perhaps.,2026-06-05
6190,694,236,1,Speak eye toward finish two remember.,2026-04-16
6191,1066,3,2,Heart from wind information mind question.,2026-03-30
6192,1252,74,4,Change girl president black research brother young.,2023-11-30
6193,1393,486,1,Work huge baby process purpose fire reduce know magazine Republican hand process former.,2025-02-21
6194,1621,715,2,Popular until far hold minute church case number see common light.,2024-10-12
6195,1259,209,5,Senior full edge many for set move learn this price.,2026-05-19
6196,973,949,1,South ten run necessary toward mean.,2026-05-31
6197,1207,951,1,Wife sound himself fire people than.,2026-01-17
6198,1698,12,4,Act great really leader that part citizen enter without lay bill.,2025-09-06
6199,19,162,5,Center central and until development happen follow behind.,2026-06-05
6200,1743,529,1,Rise price together leave future garden.,2025-01-23
6201,820,4,4,Painting analysis keep question system exactly fund good realize understand well person.,2026-01-10
6202,653,467,1,Capital marriage realize think serve how conference describe similar fish window class.,2026-01-03
6203,82,912,4,Value spend enjoy everybody outside morning phone though garden behavior store share coach.,2026-02-27
6204,727,812,4,Human everyone forward might continue action enter television pay south seem least painting.,2026-01-03
6205,718,676,4,Technology public agency minute see simple institution situation production.,2026-05-18
6206,669,876,5,Opportunity pretty while operation ago up improve look challenge stand leg knowledge seven.,2024-01-01
6207,697,355,5,Memory use career discover sit activity general including thought add his Mr spring.,2026-04-07
6208,1335,177,3,Decision offer part management coach benefit.,2026-04-20
6209,1568,522,3,Money natural movement energy job recognize ball price girl side forget which.,2026-02-27
6210,1977,366,3,Air likely federal prevent radio pay consumer be modern.,2026-03-26
6211,1253,118,5,Control involve defense necessary ability wonder remain knowledge.,2026-05-07
6212,1265,29,3,Design coach rich test Democrat itself.,2024-12-27
6213,770,106,3,Here sea beyond chance set send agreement red chance oil public response.,2025-08-21
6214,161,905,5,Usually each evidence family guy reduce sea cold leader.,2025-09-29
6215,1457,177,5,Reveal record size her school machine despite old none today partner beat lose.,2024-11-29
6216,333,534,2,Work expert very admit until explain.,2026-05-10
6217,190,676,5,Or despite kitchen never administration purpose education professional civil.,2025-04-02
6218,1123,208,2,Before response treatment around Congress house American claim.,2025-05-21
6219,442,671,3,Step time with walk line speech line hold hospital produce form stand.,2025-01-17
6220,1449,792,2,Above station research big top guess beautiful security leader.,2026-02-15
6221,83,647,1,Degree trial international word high leader situation film goal act the throw.,2025-04-29
6222,616,365,5,Wind several model free charge support former be activity kid.,2024-04-18
6223,935,557,4,Ball increase surface avoid score speak against see candidate.,2025-02-05
6224,487,709,2,Together attention station alone kitchen read western evidence see.,2025-07-22
6225,1821,766,4,Woman fire anything animal last attention.,2026-04-25
6226,510,288,1,Not decade growth quickly hot business almost create late live line.,2025-11-30
6227,1482,858,4,Summer score dream baby tell now.,2026-05-09
6228,151,468,3,Capital live although responsibility challenge week our drop.,2026-03-01
6229,108,446,1,Own board grow have could production rich.,2026-04-26
6230,482,33,3,Involve agency serve sea night across win.,2026-03-07
6231,705,289,3,Worker control between knowledge follow national body international yard maybe age natural music.,2025-04-10
6232,1583,288,1,Consider open fall over approach recent physical sit century send.,2026-02-26
6233,921,177,1,Field first themselves seek among star from main better from.,2026-02-27
6234,1059,164,3,Direction others strong during significant today approach left.,2025-10-04
6235,1392,274,3,Onto thousand character have kind here machine interest have key building cut.,2026-03-05
6236,259,537,2,Ago but firm current as lead between future just.,2024-06-15
6237,828,218,1,Make find even ask catch whom manage threat relationship vote.,2026-04-07
6238,145,26,5,Analysis near soon report expert better term focus investment school particular.,2024-03-26
6239,763,15,1,Strong exist this house hit production prepare education claim.,2025-03-07
6240,448,177,1,Long reflect prove each hair significant.,2024-08-17
6241,1402,692,2,Surface perhaps my television letter quality can sure.,2025-09-14
6242,1379,934,1,For chance national rate partner century good write represent race draw bring force.,2026-03-10
6243,247,822,4,Right series country town movement artist if it group.,2026-01-26
6244,816,859,3,Serious after unit fear lay smile campaign realize film more debate effect.,2024-07-01
6245,1696,949,4,Sound million anyone many both meeting medical.,2026-03-02
6246,588,305,5,Try summer test push charge his enough.,2024-10-02
6247,1351,524,3,Decision system lot Democrat decide view but instead girl minute general audience.,2026-01-05
6248,1314,84,2,War citizen cover travel night painting teacher.,2026-03-24
6249,702,694,3,Green my else billion society suddenly change direction break open.,2024-07-06
6250,865,782,3,Same push as prove language power include.,2025-04-22
6251,597,265,4,Rather sport possible sing gas teacher question push detail stock social.,2025-05-22
6252,1805,542,2,Establish word today first fall company evidence another art camera point voice reduce.,2025-07-30
6253,1827,19,1,Quite of plan peace certain main against buy TV.,2026-03-15
6254,57,158,5,Hold cultural media scientist vote any benefit.,2025-06-24
6255,934,554,1,Owner feeling late financial yard property second watch writer view push cold reach.,2026-05-22
6256,1374,408,5,Staff participant only low point strategy into fall other Republican.,2024-03-21
6257,1578,102,1,Open article process use teacher economy care community garden reveal pass capital.,2023-12-29
6258,1183,907,5,Third food million present today stop.,2026-05-11
6259,1991,495,4,Care religious property page nature record present responsibility institution nature mouth save.,2026-05-30
6260,527,870,3,Raise shake learn woman bill thing.,2024-12-14
6261,993,115,4,Home become far throughout reason for partner for dream system magazine business take goal.,2024-10-07
6262,977,846,5,Story billion member to relationship watch from research daughter trial campaign.,2024-09-03
6263,1662,678,5,Our pull director tax hundred agree.,2025-12-03
6264,1087,241,4,Picture laugh kind these defense agreement decide.,2025-12-29
6265,1216,606,1,Good method easy right suffer find yard service offer.,2026-06-04
6266,502,335,1,Even western grow win quality speech tonight sister.,2025-12-18
6267,1453,602,1,Language entire hit dog yard matter fine rate weight city reveal.,2026-02-18
6268,1065,790,5,Realize research television top institution happy wish general also perform safe.,2025-12-09
6269,262,186,5,Great book perform local close couple former can during.,2024-06-17
6270,539,570,5,Garden exist bring good become piece third himself affect.,2026-05-03
6271,965,717,1,Culture suffer local mother heart father debate campaign family window.,2025-10-06
6272,1265,978,4,Their wonder alone magazine agreement catch pattern sound sell you season possible sense.,2026-03-30
6273,1886,801,1,World much piece practice station century floor rate drive.,2024-06-15
6274,1904,217,2,Move guess out if Mrs smile sometimes phone home however.,2025-05-14
6275,660,722,1,Sport box later you these difficult country.,2026-03-12
6276,1227,518,4,Mission why room office road no there conference everyone.,2026-02-12
6277,1656,397,2,Create item service occur fast protect.,2025-04-14
6278,1538,970,3,Station and name player leave heart.,2025-02-27
6279,461,31,5,Relate represent hot natural table ten program friend easy.,2026-02-22
6280,741,150,5,Leg nice go decision computer similar family.,2024-09-07
6281,310,315,5,Already station direction environmental eat foot visit learn girl term policy.,2025-07-13
6282,1963,888,4,Important cup store kid establish author always thus protect responsibility party market.,2024-08-18
6283,1327,130,1,Hotel difference police human candidate as interesting unit company garden style.,2025-08-27
6284,1527,906,4,Side development beat list report both its beyond concern boy here activity.,2025-06-24
6285,1404,465,5,Expert find fund enter their move represent.,2025-03-21
6286,1198,90,5,Teach can begin evening join prove financial service know prepare reduce real imagine.,2025-10-30
6287,16,423,2,Job majority ready court name themselves.,2026-05-06
6288,817,259,4,Only discuss yes economic reflect dream choice.,2025-10-14
6289,793,113,5,Vote president see know itself news professional after range.,2026-06-03
6290,496,829,5,Strategy realize let per gas treatment.,2025-02-04
6291,1155,507,3,Old cell billion game nothing sound.,2026-05-03
6292,8,199,4,Scientist build across Democrat somebody world national quality memory.,2026-05-14
6293,953,702,5,Security in middle own mouth gun choice evidence Republican hit.,2026-03-22
6294,759,17,1,Different skin I learn some close always make loss process prevent would.,2025-10-08
6295,121,73,5,Activity upon social tend describe unit rest party subject must edge.,2025-06-21
6296,789,680,4,Quite appear debate laugh special picture moment alone.,2026-05-16
6297,855,660,3,Always hear science kid event company.,2026-06-06
6298,1419,888,3,Field heart find woman front them city.,2026-01-15
6299,837,166,5,After quite make government eat agree hold.,2025-04-20
6300,1137,56,5,Current someone image argue list face space.,2026-01-23
6301,1717,8,2,Word series box common test lose something threat institution.,2025-03-27
6302,785,931,1,Than bed yes environmental edge enter theory decide describe term.,2025-07-23
6303,975,883,3,Maybe guess computer along main blue guy question.,2025-06-18
6304,351,532,3,Community tree sing room receive main.,2025-11-17
6305,1116,582,4,Drive computer stand which past sure road pass smile field interview drop lot.,2025-07-18
6306,716,844,3,Spend could level could far hand stuff agent hit be lawyer interview develop speech.,2025-12-15
6307,760,286,3,Pick thought suggest down ball quality live then sport scene economy son maintain.,2026-05-31
6308,1067,747,5,Threat respond charge true nothing door bed second hospital level tonight.,2026-04-25
6309,861,161,1,Film generation almost ask rate country which inside respond TV decade.,2026-02-24
6310,847,123,4,Scientist collection may especially seat daughter report child customer war necessary mean player.,2026-04-09
6311,1135,46,1,Either reach behavior person yard value view too each.,2026-01-04
6312,1330,355,2,Per leg central book sort attention value song feeling claim throw American political.,2025-08-31
6313,337,525,2,Its attack claim soldier community summer those born community raise.,2026-02-23
6314,887,929,1,In business much site cultural my body.,2026-05-13
6315,528,305,4,Then half box feel name reason form list concern.,2025-09-23
6316,1829,412,5,Company bag down everybody guy every.,2024-08-22
6317,235,635,1,Head garden sense effort he doctor dog seem explain research hotel again language mean.,2026-05-22
6318,519,760,2,Animal message mention consumer through here age build second lay.,2025-05-22
6319,1126,281,1,Either front concern just the card clearly model whose research spring look.,2026-02-18
6320,1047,587,2,Wide only value including rate middle second sometimes start official.,2025-07-29
6321,1816,773,4,Character discussion reduce it catch character blue forward fish rest a.,2026-05-22
6322,1646,951,5,Full explain science wind body book assume.,2024-08-21
6323,1045,709,1,Head same more finish hair sit sort.,2025-12-17
6324,1310,362,2,Choose dream Mrs ask figure office leg above.,2026-04-26
6325,477,653,3,Result project nor side experience less fight next value child.,2024-10-18
6326,568,910,3,Manager heart safe professional town tough wish first around appear large design.,2026-04-08
6327,1300,272,1,Hard threat government standard big big general family white.,2026-05-09
6328,1113,216,2,Recognize area dream team standard easy board medical involve.,2024-03-08
6329,1962,898,4,Exist which wear just point baby.,2026-05-20
6330,126,521,2,They property region service certain simply will decade someone race story during large.,2024-09-01
6331,79,100,3,Hundred involve without our hand art conference anything.,2025-03-17
6332,1000,513,3,Seat economic serve security miss vote attorney.,2026-05-09
6333,879,293,2,Benefit wish consider up institution figure.,2025-08-27
6334,1248,475,3,Now appear create style really look.,2025-09-22
6335,127,38,1,Rich what describe at month scientist front.,2025-01-31
6336,1171,741,5,None tree from various tonight project cost responsibility suffer painting cost.,2025-02-09
6337,1811,830,2,Until war statement unit candidate quality.,2024-12-13
6338,1299,924,5,He attention politics radio during police want position least suffer pattern.,2025-01-18
6339,1863,956,4,Leg citizen tend party night cost surface magazine base church process do factor.,2026-05-19
6340,720,791,2,Yes establish feeling of wonder enter speech admit.,2025-04-15
6341,1481,777,5,According attack size thought morning yeah.,2024-10-26
6342,1865,812,5,Hotel campaign bank son democratic politics face table form purpose.,2024-10-09
6343,79,851,2,Hair serious me candidate return including find first medical specific.,2025-08-28
6344,253,579,5,Under structure box better short together test.,2025-09-07
6345,520,974,1,Which call professional face write idea that tough.,2025-02-13
6346,1604,444,4,Case tend deep difference accept establish age daughter bag upon real strong.,2026-05-27
6347,1583,524,2,High recent light main know yeah you explain.,2025-04-30
6348,1298,176,5,Doctor address thank first if news not important amount position price.,2025-04-11
6349,213,999,3,Example under voice guy so tend you lead require board whose board executive.,2026-03-03
6350,725,696,3,Southern idea sometimes check difficult husband.,2025-02-12
6351,583,188,2,Military relate little hundred stock produce wish general get stage know piece question.,2026-05-20
6352,505,798,1,Condition pattern whose only act write without point free.,2026-04-25
6353,324,27,3,Color such across still chair may newspaper affect body identify difficult decade western.,2025-06-22
6354,1687,700,2,Born likely manager in away responsibility finally.,2024-09-26
6355,1712,745,5,Student cover one music something performance well stage yeah tonight.,2026-03-16
6356,937,756,3,It set professor fund strategy economic body executive paper.,2026-01-28
6357,53,498,4,Mother term include already about bill day kind anyone would hear hundred everybody.,2024-11-15
6358,1340,795,1,Only thousand difference interview fish send economy city thus or let.,2025-01-07
6359,1342,459,1,Certainly consumer method professional oil spend discover will financial major.,2026-03-20
6360,1294,747,5,Choose effort network campaign second partner see for each total suddenly decade.,2026-02-09
6361,1492,640,1,While story technology economic tax sister health.,2026-02-24
6362,1830,343,1,Measure mother already finally north money wide last why.,2026-05-14
6363,850,801,2,Some significant discover require into smile like property.,2025-11-10
6364,786,349,4,Media social step collection blood environmental decade information bed.,2024-11-17
6365,292,225,3,Simple happy thought kind picture why thought run inside because agree left note.,2025-06-05
6366,652,40,1,Risk suggest arrive cut so decide what you market success agree sing the.,2024-05-27
6367,794,836,4,Century life term service art mission next law degree TV often.,2025-06-20
6368,268,3,2,Wish wind various effect create west.,2026-02-09
6369,211,696,5,Authority everyone catch event fill already stock have value leader.,2025-04-07
6370,223,479,2,Need with enough education ever medical practice serious discussion executive.,2026-02-19
6371,617,416,2,Yard hit group look style later suffer.,2024-04-10
6372,1408,69,1,Those organization out contain factor indicate imagine.,2025-06-09
6373,1294,310,1,Easy speech now trouble early claim better force price might company else.,2026-01-03
6374,819,556,4,When national nor future situation pull make there force economic enjoy.,2025-02-10
6375,271,49,3,Against huge effort seem present training cause.,2026-04-25
6376,883,415,1,Never economic building compare dinner would cost claim.,2024-06-03
6377,1083,934,5,Collection trip leg single free again.,2026-03-08
6378,1291,443,1,Goal security job give degree day keep century into partner tonight hour.,2025-11-03
6379,35,133,1,Ball every season east Republican building.,2025-09-29
6380,434,555,1,Field security employee piece have wear suggest feeling.,2025-12-18
6381,1392,369,4,Experience in system investment difficult put method road production.,2026-04-16
6382,68,516,5,Particular try hand truth building shake place maintain the first ten energy her.,2026-02-23
6383,468,764,3,Newspaper agreement sell guess report now near.,2026-03-29
6384,1119,772,5,Spring degree administration south into institution offer response source.,2026-06-03
6385,1537,228,4,Later yes anyone prepare religious president exactly.,2025-02-21
6386,861,508,2,Push relate rate art soldier education matter sell follow first upon paper.,2025-12-15
6387,429,591,3,Middle others turn state provide same become school big us.,2025-07-29
6388,558,84,5,Short scientist understand election need low human growth decide work pass son point.,2025-09-16
6389,627,401,2,Risk final idea of size real.,2024-05-01
6390,1380,789,1,Do program want carry his worry source teach history care medical.,2025-10-20
6391,1758,396,1,Team under professor rich behavior that mean group north power director.,2025-02-17
6392,1256,418,5,People civil wait drop statement talk more standard show.,2025-02-14
6393,1044,141,4,Smile water ahead teacher rule even region trade purpose.,2024-12-02
6394,1612,9,2,Great finish evidence type nor fast her house professor.,2026-05-13
6395,1166,348,2,Should human close couple stock particularly start environment this.,2024-11-17
6396,1860,317,1,Strategy within middle as hear nearly alone sign account after word.,2025-03-05
6397,195,614,3,Project method decade sense resource rather say gun.,2025-04-25
6398,673,897,5,Back stay increase important treatment staff.,2024-12-15
6399,1277,114,5,Notice she week available structure of politics although significant.,2026-03-16
6400,1377,917,5,History year store her paper meet.,2026-03-05
6401,697,579,3,Itself agent good well wall save big.,2025-11-30
6402,285,195,3,Common management would attack institution special yourself ability.,2026-06-05
6403,545,517,3,Receive force listen military yet energy let yourself high reach maintain third want participant.,2025-08-10
6404,344,825,1,Look into TV police money key.,2025-10-16
6405,842,709,1,Resource truth most why hotel Democrat work past scientist.,2026-06-04
6406,1730,653,4,Understand provide give factor include guess.,2024-10-21
6407,777,195,4,When sort material federal name push world road idea live consumer same range.,2026-05-28
6408,173,617,5,Choose blood way organization it purpose door.,2025-11-28
6409,302,501,4,Less risk imagine animal finally level pick especially spring order song collection.,2025-11-08
6410,1247,64,1,Gun recognize know gun apply change democratic may commercial keep.,2025-11-14
6411,1726,354,2,Early cost positive leader increase whatever movie down eye off black.,2025-12-13
6412,1528,376,4,Despite her if increase image require myself set plan try your ahead another.,2026-05-09
6413,406,213,1,Step positive still become senior within fast down outside over spend.,2026-03-14
6414,1229,130,5,Month ten increase others such company it to former.,2025-03-05
6415,575,526,1,Southern long animal cup world reduce born anyone walk.,2026-05-27
6416,49,61,1,Avoid growth glass night debate risk top report sense us throughout.,2025-02-03
6417,1844,953,2,Course under author fish fine benefit west view claim from.,2026-05-09
6418,980,153,3,He four structure land phone apply.,2024-10-15
6419,178,720,1,Whole although personal senior sense ten also play.,2025-11-28
6420,1091,359,5,Deep scientist price our sense second person second.,2025-09-09
6421,1521,886,4,Remain issue forward top hot door lot law.,2026-03-13
6422,1134,3,1,Together identify report medical remember yet serve crime material positive white.,2025-09-14
6423,474,189,4,Suddenly scene look close miss product risk me reveal free.,2024-07-24
6424,584,871,3,Individual front else after per season suddenly.,2026-05-11
6425,46,231,5,Enough learn move hundred half sense time in page former television.,2025-12-26
6426,1578,433,5,Officer project reduce along now feeling tell tonight bank minute.,2025-03-14
6427,1559,110,3,Establish budget simple very as feel.,2026-02-12
6428,883,555,1,Record meeting sister education sea activity full audience he.,2025-08-30
6429,83,687,3,Enjoy pretty standard great popular open want teach soon indeed piece sing.,2024-09-20
6430,1749,144,3,Admit before church know wrong social rule hour policy late.,2025-05-22
6431,901,415,5,Special draw bank word large nor accept effort including need senior.,2024-01-02
6432,1947,844,5,Plan season life also company through over.,2026-01-08
6433,840,45,3,Her yet act mention exactly thank fly reality.,2026-06-04
6434,694,778,4,Herself son day own turn produce what goal through political exactly.,2025-09-16
6435,1094,906,2,Country quite there resource arrive war than sometimes raise challenge.,2025-07-13
6436,1436,912,4,Claim my evidence beat because despite.,2026-02-02
6437,6,65,3,Cold west practice growth sign center often as shoulder charge citizen.,2025-12-29
6438,946,677,5,Minute stuff affect painting girl bed significant include win yeah write off near.,2025-04-19
6439,931,899,4,Price while see grow moment perhaps job be late.,2026-01-03
6440,1347,856,2,Middle before there wish interview with important single whatever.,2025-10-20
6441,1345,813,1,Effect consider somebody feel issue heart time question many case scientist executive hard.,2025-02-24
6442,1726,318,4,Moment strong lot claim town follow bring weight attack example result.,2026-05-09
6443,1458,161,4,Ready enter big rule its yet notice.,2025-02-27
6444,1771,699,5,Property answer close line ready hour move.,2025-03-02
6445,1927,939,1,Quality low top house because behind process nature military recent meeting.,2024-09-17
6446,360,219,4,Candidate offer herself and bag have set suffer without nation nor score industry.,2024-02-26
6447,1273,584,3,Shoulder water term old maintain newspaper seek grow recognize language large.,2024-01-29
6448,1328,2,4,Argue and candidate interview those condition.,2026-04-06
6449,1861,261,2,Himself glass course increase economic ask control to others Republican dream save.,2025-07-14
6450,1542,676,1,Account cut term number there establish president case.,2026-05-01
6451,916,11,1,Actually view hold four event kind citizen.,2024-10-10
6452,1475,457,1,Admit party road I paper garden create imagine beyond realize.,2024-05-06
6453,32,675,2,Actually week successful professional heavy poor part teacher too police.,2026-05-25
6454,1095,268,2,Seem program section month her summer just act major culture hear involve.,2025-03-31
6455,224,843,5,Project political process course heavy property training their laugh clear.,2025-03-17
6456,398,142,2,Recently throw seven exactly later garden whatever event pretty.,2026-05-13
6457,1665,539,5,Specific stop laugh American product out mother from enter.,2026-05-04
6458,1615,18,2,Easy science total lot free defense amount play someone red view customer.,2025-03-04
6459,99,316,3,Among up focus budget soon ok position even state team.,2025-09-26
6460,1427,758,5,Represent wide anyone price include new whether even management lead.,2026-02-02
6461,856,864,1,Join member himself create defense among try.,2026-06-05
6462,941,91,2,Position such notice medical happen phone little investment simply compare major board side.,2025-09-05
6463,1015,998,2,Because democratic market central animal whether stand which expert list ahead place.,2025-10-28
6464,51,649,2,Sometimes job I respond safe power.,2025-10-06
6465,1097,928,3,Book measure girl sign green answer best war.,2026-03-22
6466,271,954,5,Rest line specific approach indeed especially protect significant page manage.,2026-01-10
6467,1769,391,3,Easy heavy area until including source recent cause president result.,2024-06-27
6468,497,112,2,Job dark among would feel worker letter decision down.,2026-05-31
6469,234,290,2,Find chance large short brother play job have perhaps song.,2025-06-28
6470,1004,835,3,Close goal economic there five degree character report.,2026-02-18
6471,442,272,5,Give kitchen four eat great ok PM.,2026-01-15
6472,96,627,1,Tough consumer what agency various with real close partner.,2025-09-27
6473,814,823,1,During mission according pattern catch apply born speak guess sense summer practice million.,2025-04-23
6474,948,850,4,Believe protect go throughout indicate PM area game as.,2026-02-27
6475,1004,949,3,Product significant open board dinner wide religious exist consider dog.,2026-04-03
6476,940,808,2,Sea left me instead among adult citizen benefit course pick again.,2025-09-21
6477,460,455,4,Theory offer message role take itself media break seat must ball.,2026-06-02
6478,1954,732,5,Contain mission common drive moment hundred offer often.,2025-01-16
6479,839,435,3,Way such without door ok skill store attack public.,2025-11-24
6480,1706,978,3,Forget civil development specific side recently everything improve.,2025-05-11
6481,522,217,2,Fine public look team dinner fire.,2026-04-08
6482,347,935,5,Security big great writer dark chance drop value back thought which fact.,2025-12-12
6483,122,567,1,Federal soon spend relate into add drug pass outside simple risk through push.,2026-02-02
6484,289,782,1,White reduce picture certain nature possible.,2026-01-23
6485,623,998,1,Political thousand serious democratic fast international people wish.,2025-04-12
6486,1893,123,4,Far green people lawyer last design night prevent focus trouble.,2024-10-16
6487,1572,329,3,Need author series lot team piece fast clear quickly half require sister.,2024-08-31
6488,251,568,1,Wear American level day street discover design threat book up anything end.,2026-05-11
6489,625,34,3,Fire reality executive me imagine member yeah represent culture.,2026-05-06
6490,951,210,3,Goal assume race manage majority because someone.,2024-06-04
6491,1742,647,5,Development avoid new current TV seek herself nothing letter deep why fire.,2025-04-09
6492,1984,229,2,Their read season minute it service such suffer three security ask.,2025-03-23
6493,588,742,4,North night culture nature threat ask your former agency nearly.,2024-10-28
6494,1968,148,5,Likely prepare tell include adult future.,2026-05-09
6495,1945,500,4,College fly value wait national nothing partner democratic.,2025-12-09
6496,1177,687,1,Like get much we couple his section.,2026-03-12
6497,1292,676,2,Join local all nor often simply meet show official laugh.,2025-11-08
6498,736,311,5,Course cover strong push tax while.,2025-02-27
6499,1582,429,4,Film sense dog sell quickly try among their.,2026-04-19
6500,1817,812,4,Step character character three eat race room.,2025-09-23
6501,831,844,3,Write sense list much skill plant station.,2025-07-07
6502,505,612,5,Less else finally range forward continue next have provide rise trip kitchen.,2025-09-13
6503,1612,540,1,Economy involve course follow though step debate century people here sport follow find.,2026-05-28
6504,1051,409,3,Analysis actually join read even stay focus great expect you community contain.,2024-08-23
6505,639,819,5,Collection we issue trouble star run and PM indeed nothing reach act property.,2025-10-25
6506,1871,984,1,Budget choice president career senior long sometimes source article.,2026-05-12
6507,1641,520,2,Left radio usually happen something mind defense law.,2025-12-09
6508,1934,448,5,Itself study coach data cultural low source arrive her offer answer recognize.,2025-07-30
6509,269,56,3,He wait word word eye resource.,2025-04-06
6510,1267,697,1,See how grow one military as group rest defense lay imagine get.,2024-08-26
6511,33,575,2,Picture particular create wind west big democratic opportunity bed become view.,2026-04-28
6512,1160,275,3,Beyond food sometimes itself detail allow own religious.,2026-04-14
6513,876,980,5,Truth keep various through place affect read improve.,2025-07-03
6514,258,568,4,Production wear rate dinner court argue fire live.,2025-07-11
6515,890,982,4,Positive action station part next direction pull western.,2026-03-24
6516,409,435,4,Single audience account thank tell draw within television specific money much.,2026-04-20
6517,212,832,3,Purpose allow politics investment wall personal career remain back.,2025-09-03
6518,375,304,5,Far sort my decade task team report.,2026-01-29
6519,635,85,5,Tax sure wish chair Democrat toward talk young very ever year each individual.,2025-07-04
6520,1365,855,5,Old close describe small food threat onto throughout present.,2026-02-06
6521,738,102,4,After hour century stuff poor card program another protect let figure.,2025-02-21
6522,636,687,2,Sing analysis outside person determine manage stuff concern knowledge with over and research network.,2026-04-27
6523,1113,817,5,Establish same want building note guy station remember able body say fund.,2026-01-13
6524,1049,862,1,Knowledge accept scientist watch else difficult black bill within gas ahead plan he.,2023-09-27
6525,1962,435,5,Police size generation back six statement town pretty feeling pull kitchen.,2026-05-10
6526,1580,82,5,Ground million arm member name pick a suffer attention phone region role.,2025-08-04
6527,866,3,3,Second staff blue fear east decision huge contain fund evidence money theory.,2025-01-25
6528,1541,717,4,College not moment hundred draw speak.,2024-08-10
6529,1260,384,1,Inside official item this increase successful argue apply military.,2025-12-12
6530,664,704,5,Position interesting out system simply a call.,2025-10-27
6531,339,992,2,Responsibility whose prepare anything church firm knowledge early southern none institution where record.,2026-05-29
6532,948,907,1,Interesting case significant federal analysis agreement glass where relationship best.,2026-01-20
6533,1322,730,5,Realize would share chair mean past fine.,2025-12-28
6534,1980,824,1,Civil quality culture together head response from thought family people treat.,2025-05-30
6535,754,370,3,Imagine letter process serve team month money kitchen affect station PM west land.,2026-01-18
6536,1729,222,4,Recently follow stuff court deal everybody TV available.,2025-11-11
6537,715,745,4,Stuff hard cultural because military opportunity ahead upon rest chance half party.,2023-12-25
6538,1607,765,3,Later continue wide already certainly nice today difference.,2024-10-22
6539,1654,599,2,Must save loss answer cover public central fast next daughter yes.,2026-05-03
6540,1320,223,4,Type mention society kitchen sign people choice close then summer both.,2026-01-02
6541,666,653,4,Dream rather official join owner style why fear relate bring tell difference.,2026-01-16
6542,723,615,1,You two politics as edge throw soldier especially firm series any society born.,2025-08-16
6543,1156,616,1,Interest current entire single major candidate remember you not save just rather almost.,2026-03-11
6544,705,326,4,Drop go much truth example smile strong back.,2025-08-25
6545,770,222,2,Each national task role they land themselves cell ground Mrs.,2026-06-02
6546,1327,173,3,Should fight him adult senior true street so while effect air.,2024-10-25
6547,707,902,3,His physical risk organization face exist eat truth again effort.,2024-04-19
6548,921,931,5,Natural economic hair stop table play ask wish hospital need those central imagine.,2025-09-27
6549,1512,594,2,Join fall choice sure try just industry.,2025-06-21
6550,1319,895,4,Only of score with newspaper training executive specific top where.,2024-06-25
6551,837,416,5,Others reach worry picture face far rule subject.,2025-02-05
6552,122,139,1,Especially second finish during prepare near around recently but staff play positive but.,2026-02-10
6553,1221,241,3,Left cup indeed certain those big north feeling hear loss for improve.,2026-01-17
6554,637,353,4,Tonight most hand and exactly cell station true.,2025-09-05
6555,1058,545,2,Support result cold law job training hit important.,2024-01-22
6556,345,968,1,Card election interview city gun specific country series beyond together any water prevent.,2025-03-10
6557,164,25,5,Important I evening so write room before experience treat traditional involve explain.,2026-04-05
6558,1394,615,1,Fund baby camera less himself board end establish.,2026-06-06
6559,1100,705,5,See also until without have city thousand organization suddenly when box.,2026-02-10
6560,295,534,1,Student perhaps leg window amount recognize authority leader no but human.,2025-06-26
6561,211,919,1,Although they radio better way hear key.,2026-05-25
6562,821,44,2,Black crime approach interest conference little federal find end kitchen.,2024-12-24
6563,591,53,2,Some if tend within foot together.,2025-10-11
6564,1430,861,5,Rock option make every recent build.,2025-05-13
6565,926,606,1,Fear probably value ready interesting friend chair issue likely raise reflect.,2026-05-22
6566,556,512,2,Affect help top result but thing night market.,2026-06-03
6567,813,840,5,Be resource she pay such decade.,2026-03-26
6568,531,437,5,The feel board professor sure speech.,2025-10-22
6569,492,431,4,Receive day whom soon quality one when ability mouth.,2026-03-24
6570,455,578,5,Attention tree whose part when third leave create.,2026-05-10
6571,877,820,5,Evening fast window window daughter see before.,2024-07-05
6572,1035,405,2,Owner cold clear focus memory agree likely they include look.,2026-03-21
6573,1017,983,5,Low plan everyone allow build man heart doctor impact worry interesting task.,2025-08-13
6574,1435,742,2,Spend including program look statement bad low sister.,2026-05-13
6575,1746,846,1,Need source receive serve nothing population simple like process case fast.,2025-11-15
6576,637,887,5,Commercial key window our myself ball use trip inside they.,2024-08-11
6577,883,618,5,Conference baby join painting as behavior deep start next account step field.,2026-04-21
6578,1327,336,4,Lay her million everybody stay together central moment glass civil stop measure.,2025-02-04
6579,244,962,4,Prevent happen number shake fund wrong also them drop line hand character treat.,2025-12-12
6580,655,695,4,Side tax lot white notice according.,2026-04-18
6581,1362,442,5,If mind common scene set defense one follow director.,2026-04-11
6582,1552,651,2,Stage price change particular positive class.,2025-06-13
6583,400,384,5,Store near face boy themselves his thought many safe.,2026-01-20
6584,721,519,2,Believe argue arrive should record cultural instead clear author toward use.,2026-03-22
6585,1765,497,3,Watch skill guess create mission into.,2026-02-05
6586,1871,665,5,Market beyond across character great wife because take risk policy people shoulder there.,2025-04-27
6587,1243,104,4,Use offer contain possible floor in whether choice.,2025-11-08
6588,494,834,5,Speak job garden tough pressure three of fast success offer memory consumer table.,2025-07-17
6589,1279,847,1,Nearly floor surface expert throw under.,2026-01-28
6590,308,565,5,Couple across off wife appear follow how computer term once professor so line.,2024-08-11
6591,903,572,2,Manager own car professor cell record decade study.,2024-08-22
6592,687,928,2,Claim down structure day two of later degree account sing item.,2025-01-21
6593,1343,627,3,State seat campaign national level wait film per.,2025-08-31
6594,1011,92,1,Put hit spring try region think language.,2024-06-11
6595,1388,609,4,Resource level police recognize American individual production wide local tonight final.,2026-04-30
6596,584,208,3,Name area act girl by three daughter doctor.,2023-11-11
6597,1572,385,4,Young board similar anything city table brother.,2023-12-02
6598,620,334,4,Enjoy country traditional suffer every town.,2026-04-04
6599,1695,11,3,Majority important our southern woman box.,2026-05-11
6600,809,380,2,Enjoy Congress amount church trade act anything option end decade give serve film.,2024-10-16
6601,1908,387,4,Serious where word something any trial these into investment remember air source sometimes.,2024-10-04
6602,1177,825,4,Crime key thought country young thought agency until reveal prevent eye.,2025-10-08
6603,1792,896,3,Art store father whom still enough establish history year.,2026-04-10
6604,1828,997,5,Doctor wear region glass late enter say poor.,2025-12-28
6605,221,678,5,Pressure role people believe feel young fast order where.,2026-03-09
6606,1262,85,1,Just full visit similar single challenge fund born.,2025-10-22
6607,808,260,3,Position people service law assume smile after treat garden.,2025-07-06
6608,1228,58,2,Always lay middle determine sound control few light agent call.,2026-05-27
6609,1405,173,3,Enter threat minute us could wish.,2025-06-25
6610,867,847,5,Mean lay claim pass environment serve teacher inside general around religious.,2026-05-08
6611,1839,634,1,Music table you either news television anyone finish drop and west.,2026-05-10
6612,1327,180,5,Entire very contain all crime realize any generation.,2024-01-09
6613,1390,387,5,Four performance view news term thus prevent that character school.,2024-05-23
6614,1419,983,5,Fast another thousand his kind gas.,2025-02-06
6615,377,862,2,Nearly line American check serious see bar party worker lot end together whose.,2025-10-19
6616,1432,58,1,Place vote war reflect speech travel hope.,2026-06-04
6617,1911,671,5,Authority answer every else with some.,2024-03-24
6618,1677,693,4,Student human north world kid save quality hope truth possible arrive relate.,2025-07-21
6619,1705,921,4,Air democratic little senior upon appear now consumer.,2026-05-28
6620,380,953,5,Recognize main manager may feeling chance rise.,2025-06-29
6621,787,300,1,Level street condition different later section economy.,2026-03-30
6622,220,130,4,Whatever member water environmental require project none good report peace week.,2026-04-05
6623,1954,214,4,May sure himself agent leader message debate manager keep environmental.,2025-11-20
6624,88,805,1,Seat environment open which last food able open.,2026-04-08
6625,618,10,1,Music table artist daughter old if.,2025-12-13
6626,1999,835,1,But card child more citizen relate.,2026-05-24
6627,936,31,2,Region ready professor mean bring about food this message will manager house.,2026-04-26
6628,782,137,1,Product actually vote interest garden free cause keep still.,2025-11-16
6629,1084,272,1,Well administration design popular forward brother enough expert trial year must policy.,2025-05-30
6630,1220,330,3,Least over message edge Mrs one morning against for.,2025-09-17
6631,1421,199,4,White visit official evidence wide common could.,2025-02-08
6632,982,844,2,Production finally bill citizen race national economy.,2026-04-07
6633,1264,641,5,State event second be job there range understand station together.,2025-06-07
6634,1288,184,5,Music them movie total nearly fill thousand hair nature ball partner fast whom.,2025-08-29
6635,934,255,5,Fast between result suffer which middle artist foot power enjoy letter data support.,2026-06-06
6636,1705,51,3,Sure it collection education hair brother they government everyone nor purpose suffer your.,2025-10-13
6637,313,781,1,Specific sister Mr send employee game all law price.,2025-05-26
6638,8,87,2,History start left life article wide drop early rest heart scene house.,2025-11-11
6639,1845,273,3,Across book I system situation lot list happy player.,2025-01-12
6640,211,827,2,Police material something physical according across much low tree writer wife.,2024-12-20
6641,784,623,2,Democratic cup fast none matter foreign investment.,2026-06-01
6642,477,698,5,Within protect president sign daughter have quality the should record visit.,2023-09-18
6643,1472,475,3,Member smile leg each whatever majority.,2026-01-13
6644,492,775,5,Arrive somebody wrong face wide range meet.,2026-01-26
6645,1749,346,4,Trade person hold form clear discover health add.,2025-02-24
6646,645,779,1,Production board think across nature also short fish which weight foot turn teacher.,2024-10-23
6647,244,735,5,Beautiful effort activity conference natural direction husband central plant.,2025-10-29
6648,1077,754,4,Decade official crime Congress as sport add remain executive could white machine I.,2026-03-28
6649,1438,774,2,Improve quality her factor though bad.,2026-01-18
6650,162,74,2,Sign plan describe great evidence theory exist.,2026-05-04
6651,1163,22,5,Sit six experience guess protect low world minute dream.,2025-10-26
6652,593,586,1,Off door significant treat degree Mrs threat day.,2026-03-24
6653,554,101,1,Can create station American product across successful force.,2025-03-04
6654,930,783,3,Help read space act building place.,2025-09-12
6655,1853,877,2,Board carry Congress and entire rate huge.,2025-08-22
6656,80,814,4,Foot coach despite look reason break religious different establish assume.,2026-01-30
6657,1609,115,4,Resource tree far worker keep than TV oil product use staff.,2026-04-24
6658,66,634,3,Star person participant better tonight traditional include official budget.,2026-01-27
6659,1498,424,1,Cell color article still along high with million by recently serve ability.,2026-06-06
6660,100,676,3,But no away forward country candidate.,2024-11-27
6661,1881,43,2,Growth risk her hand two medical.,2025-08-09
6662,1415,624,4,Life again after we million none change state.,2025-01-22
6663,1118,802,2,Case section thank play challenge forward bed fly yes later ability take example.,2026-02-05
6664,1929,868,1,Hope summer onto cause plan low second role.,2025-02-05
6665,1898,786,4,Treat hold hold maintain situation data edge soldier the realize admit let she.,2026-05-01
6666,191,260,1,Push beyond soon theory kid fear question contain beyond.,2026-04-10
6667,1609,139,3,Week possible official time day west go himself necessary hope ten community.,2026-03-04
6668,575,846,2,Guess child process focus all thank strong teach relationship tonight professional officer.,2025-02-17
6669,364,891,4,Develop ready way chance here physical set but open.,2026-03-04
6670,1350,178,2,Wonder travel get appear long including agreement knowledge its image family heart.,2026-05-11
6671,1321,839,5,Lead avoid trial price billion serve hit between skill religious exactly.,2025-06-20
6672,1051,884,4,Note friend wonder do major six total.,2026-01-24
6673,870,108,4,Student discover both great rate none bring must blue young include.,2024-01-31
6674,1742,746,4,Hold ten paper son long natural.,2026-06-04
6675,892,520,2,Great alone relate arrive teach despite skin whom.,2026-04-15
6676,1454,118,4,Pick couple impact recent son determine upon market state find table.,2025-12-26
6677,535,244,5,Herself spring pick there head know why identify gas.,2026-05-20
6678,1853,478,3,Religious price TV inside again for test concern.,2026-05-03
6679,1211,397,3,Work night option tend place idea throughout western or during heart join next.,2025-11-18
6680,1378,718,2,Entire record sort have turn effect through question east.,2024-11-25
6681,864,98,4,Thank television order though sing could stay face.,2026-04-25
6682,607,708,5,Throw to why person across though represent subject crime official change interesting.,2025-08-04
6683,774,40,2,Theory become already section everyone activity she television community then get.,2024-09-23
6684,1441,390,1,Question about structure pick huge red high include.,2025-11-14
6685,1302,590,2,Employee ability partner outside keep like management ground because trip least.,2024-04-20
6686,898,44,2,Market page lead continue look word.,2026-04-01
6687,1325,467,3,Feeling that red dark similar case ahead administration.,2024-10-17
6688,1707,612,5,Involve do doctor they avoid age base heart law fish national his treatment.,2026-04-09
6689,724,412,4,Hope term bank gun various already employee dark home man push risk writer.,2024-02-23
6690,1624,423,1,Son oil left significant form cut wear little.,2025-02-24
6691,1288,331,3,Ever artist minute chance picture suffer environmental number result.,2025-03-20
6692,1149,384,5,Sea consider short into nearly series family make risk produce discussion.,2026-02-07
6693,1571,23,2,Success address hit support since certain really.,2025-03-29
6694,1171,325,1,Energy race these medical late present scientist.,2025-12-16
6695,1350,372,1,Instead present total build method style happy.,2026-02-18
6696,1925,773,3,Base still indicate be allow six.,2026-01-04
6697,1620,976,4,Newspaper politics medical certain relationship reflect whole assume.,2025-10-17
6698,301,132,2,Stop before dark yard movement article charge seek either.,2025-11-21
6699,1205,527,4,Value speak during its sing evidence.,2025-09-13
6700,60,689,5,Right identify discover song tend character nature treatment.,2026-02-07
6701,1171,19,1,Close score wrong owner capital cover other.,2026-05-12
6702,422,496,1,Approach discover street decide know garden maybe stand specific recent.,2026-05-14
6703,373,173,4,Result police act bit foreign realize specific.,2026-03-15
6704,58,213,5,He of such consumer pass operation him them.,2025-06-26
6705,1891,426,3,Picture north trade stand week such impact other ahead business home to reduce.,2025-12-05
6706,884,757,2,Play behind now race little partner also out.,2026-03-04
6707,61,490,3,Trial shake much property everything writer reveal stuff contain family.,2026-02-16
6708,590,926,3,Conference us later follow enter modern discuss very lose.,2026-01-31
6709,1169,720,5,Perform pay but town education six.,2025-02-23
6710,623,604,2,Enjoy sing control black executive station money.,2024-02-23
6711,1478,185,4,Role student billion seem toward ready stand indicate find green model such appear foot.,2026-05-05
6712,1902,665,4,Nearly region order bad give its bring seek notice.,2026-02-04
6713,903,566,1,Toward alone both past cold occur establish religious friend until.,2026-05-07
6714,1070,555,1,Specific activity exactly sing part attention administration country growth really foreign.,2026-04-24
6715,1149,495,2,Light follow discuss they government decision range letter still employee president bit.,2026-03-10
6716,1965,831,3,Within commercial that performance window color however three central politics work.,2025-11-28
6717,323,338,5,Support heart indicate ground financial before option.,2025-12-08
6718,1848,242,5,Visit often bed beautiful create fact.,2024-03-20
6719,987,152,1,Including along open environmental give visit production cover she night former family.,2024-06-26
6720,481,434,2,Whose water push Republican movie and fund.,2025-04-21
6721,133,527,4,Other media central between dinner challenge fund so.,2026-05-25
6722,690,190,4,Billion them face professional rock effect.,2024-12-06
6723,922,307,5,Modern production take develop price job action large tell each little able national.,2025-12-20
6724,1519,198,5,Debate fill learn perhaps young every believe majority clearly article.,2026-04-20
6725,1377,14,1,Group stage final a along growth Republican very candidate edge.,2026-03-09
6726,289,814,4,Common soon power indicate music drop sure who color huge open.,2024-07-18
6727,1681,600,4,Dog continue hospital speak success cause join.,2025-05-20
6728,1038,166,5,Wind allow form before take exist long financial walk region success beat.,2026-04-21
6729,820,938,2,Line if nearly ten everything citizen history really situation money ahead.,2026-03-24
6730,664,870,4,Future think minute health person idea skill best let question development.,2026-05-19
6731,946,380,2,Fear little sister successful head health season room half enter skill former.,2025-06-24
6732,566,976,5,Government single lead kind natural sound your down listen table.,2026-03-17
6733,152,396,4,Adult bit girl choose peace story opportunity present true remember explain.,2026-02-06
6734,99,661,1,Truth risk beyond then community final finish.,2025-08-28
6735,258,105,5,New senior marriage lose me smile bed maintain success perform.,2025-01-13
6736,86,86,5,Son like exactly space western collection analysis blue thought drive than read.,2025-02-09
6737,794,269,5,Term scene picture mean yard sing whose wall prepare.,2025-01-15
6738,1453,558,1,Call money early south office magazine around.,2024-06-14
6739,39,659,5,Good attack remain argue western full nature party especially art raise.,2026-03-07
6740,1963,736,1,Argue affect within true party allow state mention music entire interview where.,2025-09-16
6741,780,973,5,Cup mouth environment choose high over set set.,2026-03-13
6742,1796,29,2,Term place ball lose right report leg yet only easy daughter.,2023-07-13
6743,874,796,2,Property tax industry debate over high tree child watch case.,2025-02-07
6744,749,800,1,Common knowledge same hundred fire might language short lose man.,2025-03-10
6745,1693,855,2,Amount consider fact certainly commercial most.,2025-06-01
6746,47,591,1,Big particular tree leader factor strong treat answer water article it she.,2025-08-28
6747,410,175,2,Quite issue fly example whole strong guess them your pull answer low.,2026-03-30
6748,527,321,5,Fly sign rock movie your audience including born thing site thing.,2023-09-28
6749,1057,826,5,Civil evening resource hear marriage scene several close manage air street add red.,2025-12-24
6750,1524,847,4,Work different none enjoy say response yes father dog yourself debate.,2026-03-05
6751,1656,107,3,Deep century state capital trouble economic pay do quickly thought then north.,2025-10-10
6752,1543,660,2,Beautiful listen top sure prove value network today why debate.,2025-07-24
6753,1363,121,4,Water quickly operation floor instead firm.,2025-12-30
6754,240,802,1,Best what Democrat scientist three future out actually best senior ability.,2025-05-09
6755,72,268,2,Throughout now structure sport who common fear more down debate today crime different.,2026-04-10
6756,891,656,3,Bad wish expert sit machine reality.,2026-05-27
6757,1455,172,4,Local church number long whole section during seven.,2025-06-21
6758,310,856,2,Bring wide remember enjoy talk growth moment her.,2026-04-12
6759,1452,952,5,Start myself not air study mention.,2025-06-14
6760,1374,874,2,Machine body six rich fight fight common.,2026-01-25
6761,799,983,5,Standard whole employee back sign stage final ball.,2024-02-05
6762,42,899,5,Thus sing represent very think stock.,2025-04-02
6763,1167,560,2,Factor off TV contain way big alone always inside which particular major.,2024-12-15
6764,611,724,3,Anyone far strong side number issue line tell eye foreign.,2025-12-30
6765,514,351,2,Physical author finish one couple reality every notice report big.,2026-04-21
6766,1435,520,3,Discuss source east pressure piece financial campaign air herself computer financial identify.,2025-09-16
6767,1696,584,2,Seven interview training community state environment system start memory many century machine mention.,2026-03-23
6768,277,747,1,Ability try sea choice dinner peace money describe quickly under anything.,2025-08-02
6769,119,28,3,Yeah ago the doctor military film job it voice music call condition.,2026-03-27
6770,503,11,5,Answer others second season work there challenge image a cell.,2025-07-27
6771,1809,507,5,Because table seven price sister best space organization film site.,2024-09-18
6772,202,673,2,Much focus cause Democrat those month view image main wait instead.,2026-01-05
6773,974,746,4,Worker defense remain enjoy there ok process recognize almost quickly town face.,2025-10-18
6774,591,952,5,South business cost day myself my how body officer school.,2025-04-27
6775,1646,823,1,Individual season president growth forward pattern probably service seat notice second student.,2025-11-19
6776,423,129,5,Message maintain listen year play especially agree continue.,2026-02-06
6777,2000,259,5,Put then sure last phone small account five probably.,2025-12-09
6778,1168,67,3,They industry goal suggest beautiful reveal majority husband.,2026-02-18
6779,1621,177,3,Increase behind morning several amount worker little prevent race so prevent per.,2025-11-29
6780,500,503,2,Task floor challenge down sister Republican about condition might consider.,2024-08-10
6781,223,79,2,Bank thing appear per produce clearly half environment poor professional.,2026-05-22
6782,546,43,1,Cut bring seem pass another yes something better management tough side cause may.,2026-04-25
6783,1055,830,1,Agreement wife window enough future alone.,2026-05-12
6784,1985,903,4,Treat word protect stop evening cut real opportunity environment marriage people network man.,2026-01-15
6785,224,67,3,Whose here without bring believe find check quality address.,2026-04-30
6786,131,273,3,Front world win their agreement because hand like color century minute nice music.,2025-09-27
6787,739,803,1,Either artist drug up art head reality herself dark again economic like end.,2025-12-04
6788,223,898,2,Term bed realize ground bad with relate serve.,2025-11-07
6789,900,911,3,Body blue minute score final amount black road ago bar.,2025-10-28
6790,1663,928,5,Other give season read half little year leg fill.,2026-06-06
6791,178,908,2,Could shoulder right institution they every including work international push appear way performance.,2025-05-07
6792,1678,339,4,Sound born never property protect after age nearly lot recently.,2026-02-26
6793,962,82,1,Last arrive his size these product.,2026-06-05
6794,1354,785,4,Against finish defense story might none lay offer.,2025-09-19
6795,1575,12,2,Finally will food seek including exactly.,2025-11-23
6796,1284,417,1,Interview heart night evening response responsibility not organization manage word soldier at.,2026-05-08
6797,836,497,3,Best speak we open war police piece.,2026-03-14
6798,1387,187,1,Reduce city war image chance high.,2025-01-06
6799,1214,90,1,While only describe draw trade ground wait want alone catch item court.,2023-10-24
6800,610,99,4,Child require across hair spring history.,2025-09-27
6801,672,320,5,Score identify day dark mention development kitchen air summer film party.,2026-06-01
6802,502,465,2,Song market mention bank indeed relate military safe while happy note.,2026-01-29
6803,403,918,5,Record concern best why clearly end himself.,2025-02-28
6804,509,963,2,Product leader some certainly draw if else rather near with mission.,2024-04-03
6805,1696,610,3,Painting white than great simply add peace spend establish assume food really sing.,2025-11-08
6806,234,445,5,Last learn technology program under himself alone outside woman better throughout.,2026-04-29
6807,193,393,3,Six ground fire present great quickly medical such national its.,2025-11-30
6808,1956,602,4,Recognize financial try kitchen thought sure remember same data entire scene low newspaper.,2024-10-29
6809,1560,720,2,Know more you thus but fund occur quality decade.,2025-10-24
6810,683,716,2,Mission box write a information sell health throughout condition bill public understand him.,2025-07-25
6811,894,11,2,Sea school player interesting address much perhaps town before staff score trade.,2026-01-19
6812,1603,77,5,Art involve program practice majority scientist church.,2026-04-27
6813,1176,858,4,Everyone send fast opportunity since response force throw financial under dark.,2026-04-29
6814,199,358,3,Money social beyond peace administration article main vote many very police simple pattern.,2025-06-01
6815,591,164,2,Month seek figure billion shake management mention focus letter operation through.,2025-08-07
6816,1388,742,4,Discuss safe likely know collection record month late claim how early consider.,2025-10-09
6817,252,558,1,Continue as letter nation this would clear live just morning get station economy share.,2026-03-23
6818,468,319,5,Off whether budget hotel include oil which.,2025-04-18
6819,1156,320,1,Family course city physical kind professional any several three give again the another.,2026-03-30
6820,698,340,1,From total so want and fire knowledge experience rich seem morning economic.,2025-12-13
6821,1958,771,5,Since sit war none ball scientist close find.,2026-03-28
6822,1974,490,4,Model her interest western activity wear step may.,2025-10-06
6823,34,398,2,Charge per which both clearly show fire risk.,2026-04-25
6824,360,877,3,Dark drug cup opportunity thing manager have wide project itself trouble focus national.,2025-05-19
6825,1805,829,5,Development information use clearly leg cut not.,2024-03-18
6826,536,340,5,Happy simply hear agent issue question nature sing tree.,2025-02-26
6827,1785,976,5,Mission available the training future land class score politics my message whether.,2025-06-27
6828,1096,755,3,Evidence he something game military above remember.,2026-05-29
6829,764,67,3,Go feeling energy partner a president voice realize.,2025-01-15
6830,1986,773,1,Road church everything ball shoulder way parent.,2024-03-19
6831,1835,17,2,Rule hour difference blood sport point policy his leader similar rise join.,2025-02-08
6832,416,50,2,Traditional create name letter thousand state heart series.,2025-09-14
6833,1625,454,1,Family say Mrs whether collection team.,2026-05-05
6834,1883,912,2,For important own glass feeling yet deal.,2025-10-29
6835,1054,543,4,Themselves coach name offer reach shake sister of any who wide seat.,2025-06-03
6836,155,215,2,Despite white others morning change forward situation message attorney.,2025-11-23
6837,168,143,2,Without major stand data baby admit.,2026-03-20
6838,1512,794,2,Low report five amount the action baby southern can whatever or.,2026-05-03
6839,1026,375,4,Soon either sea mention author spring.,2024-08-25
6840,1051,243,5,Purpose appear occur decision care onto.,2025-06-06
6841,500,532,5,Serious might interest leave score your message star sense scientist organization join in.,2026-04-09
6842,1920,672,2,Head audience box century clearly true class where whose force record live behavior.,2026-01-06
6843,887,16,2,Throughout throw effect mention maybe shoulder.,2025-03-19
6844,436,627,2,Car ball choose prevent today treatment onto positive top foreign year.,2026-03-29
6845,208,348,4,Class ahead center market piece loss seem positive.,2026-04-06
6846,1802,675,4,Girl old picture listen seem among.,2025-12-19
6847,1390,55,5,Economic challenge surface nearly guess thus only.,2026-05-05
6848,744,43,1,Plan cup any listen fight Mr prove although inside.,2026-01-07
6849,923,182,3,Adult movie only enough that between Democrat attorney analysis various usually list himself.,2025-12-19
6850,1068,550,5,Something meeting throw also top general.,2026-03-18
6851,577,660,3,Speech buy section century address natural task though cell and.,2023-12-25
6852,301,31,1,Stuff again goal institution create structure include.,2025-11-22
6853,1681,511,3,Mean quality candidate several spend town responsibility call seven available.,2026-04-03
6854,1342,488,5,Nation management hit include within in several buy town whose card own.,2025-12-25
6855,1886,894,4,Outside life concern wife teach appear fast near heavy magazine court.,2026-05-05
6856,1109,578,5,Home here suggest which follow story letter prove.,2025-06-24
6857,185,555,4,Collection manage spend article property world amount goal four much air drive something.,2026-01-24
6858,1710,158,3,Child land real officer worry miss avoid price.,2025-12-03
6859,971,193,1,Near number similar teach citizen effect daughter.,2025-10-08
6860,495,9,4,Modern cup pressure appear Congress partner note get young ahead old trade.,2026-04-20
6861,1606,835,2,Tree open people threat table year eight across crime TV either quite.,2026-05-26
6862,1246,40,3,Life treat rest affect organization deep media sign home necessary up spend.,2025-12-10
6863,923,282,5,Boy skin well poor space activity career rest arrive year husband herself develop.,2023-09-30
6864,1147,167,5,Ball site positive early mission education voice turn company at hundred field.,2025-10-26
6865,1703,403,1,Scene performance low significant property your often.,2025-08-01
6866,770,984,4,Third yet score more site game worker share everybody help treatment person.,2025-10-08
6867,1379,60,4,Imagine anything Mrs own then here.,2026-05-15
6868,1521,866,5,Despite station around industry real expect long short heart pretty quite whole price.,2026-05-29
6869,1059,655,1,Month public there answer significant class common.,2026-03-20
6870,1760,422,5,List position cut camera give house prove world season consumer expert model.,2026-02-21
6871,872,973,4,Rock painting speech general so summer everything spring.,2026-04-09
6872,733,814,5,Couple make carry take be specific.,2025-08-02
6873,1758,202,5,Alone road staff explain hot true win here.,2025-10-24
6874,1520,494,5,Drive forward scientist partner market person free dinner question bed whom onto how.,2026-05-30
6875,126,101,2,Check either sign education front someone fight prepare society fact spend poor want.,2025-11-21
6876,780,192,4,Enter religious hair hard order pay manage describe among use study body.,2023-12-21
6877,1164,123,5,Deal others themselves white drug series side look bar drug admit.,2025-04-21
6878,1357,461,2,Everything world place traditional box several central fly strong state they.,2024-09-05
6879,362,295,4,Prove beyond alone rule kind system technology season pressure.,2025-01-03
6880,1451,232,5,Crime above daughter cell so modern marriage.,2025-12-25
6881,365,560,5,Kitchen somebody sister seem they weight spend wife material important involve.,2026-05-25
6882,1616,694,4,Discuss time agree economic really movement because left move easy war final.,2025-04-28
6883,487,538,4,Top nothing soldier live stand Mr choice not hold quickly.,2025-08-07
6884,1143,753,3,Sometimes word series finish main morning.,2026-01-01
6885,664,492,2,Often peace third our small tough make allow expect.,2025-12-16
6886,1015,843,1,Nor last suffer career serve car cold after region huge.,2026-01-26
6887,896,964,1,He purpose evidence civil religious role culture serious very cause it decide.,2025-08-26
6888,1569,497,3,Consumer movie operation table treatment agreement use lay challenge candidate.,2026-01-05
6889,1677,263,4,One hour respond trouble friend thing range this give.,2025-05-03
6890,68,42,4,Best rule each upon somebody financial situation off design own near line fire.,2025-01-25
6891,892,648,4,Memory everything simple heavy yeah shake hospital again crime consumer spring.,2024-11-21
6892,704,516,4,Describe movie man stuff white attorney lose stuff director really.,2025-12-03
6893,1859,98,4,Whether minute almost up next shake realize open page everything.,2026-03-12
6894,725,534,3,Computer reduce beat institution eat list majority.,2026-04-03
6895,1859,880,4,Action including generation likely daughter able free believe garden help say system.,2026-06-02
6896,400,952,4,Station bar mean kid believe major.,2024-05-26
6897,1386,54,4,Well decide author church east situation represent market think end rock work you.,2026-05-05
6898,377,657,4,Power green rather history growth nature involve against himself miss likely by including.,2025-04-30
6899,663,192,5,Visit drop card exist who reflect account along story break sound president social.,2026-05-02
6900,1710,891,4,Its clear available able direction realize wide different.,2025-11-09
6901,1788,121,1,Discussion class tax hotel where appear however big that report plant election.,2025-10-26
6902,1015,165,3,Huge here woman thing entire attention believe cover scene good build.,2025-05-24
6903,1893,364,2,Affect explain second citizen medical community price seem.,2025-06-03
6904,1886,808,1,View front do hundred trial area risk.,2026-03-21
6905,1847,950,1,Sell matter foreign commercial without city should town finish together wait.,2025-10-25
6906,942,640,2,Exactly say issue along challenge share from decide.,2025-12-14
6907,880,130,2,Boy significant century style situation force account begin.,2025-11-01
6908,159,399,5,They rule other activity whether message line difficult.,2026-04-20
6909,1811,972,2,About left beyond with various street spend some member by.,2026-06-06
6910,521,111,5,Return surface represent agreement role political site relate.,2026-05-14
6911,891,459,1,Food anything point research total smile store.,2026-05-29
6912,1468,647,3,Question same share common may sound.,2025-04-20
6913,1039,505,4,Realize government someone rule use fund scientist physical whom travel again concern watch.,2025-09-03
6914,244,180,3,Process tend treatment late establish purpose space.,2025-07-24
6915,1822,918,5,Success hard important hospital interview herself pull we join long goal statement.,2023-12-25
6916,436,740,2,Visit month go suffer community let might student new certainly candidate cover organization.,2025-01-14
6917,593,300,2,Media most lawyer even maintain rest west size effort life.,2025-05-07
6918,66,202,5,Present section short listen cost marriage beautiful each old traditional task.,2026-04-30
6919,617,195,2,Better husband tend piece they they city good indeed officer.,2026-03-02
6920,544,382,2,Theory store bank medical sound trip.,2025-06-20
6921,658,472,1,Alone door for interview the government country live page economic since economic leader.,2026-01-18
6922,773,568,3,Win inside there production hold close including us.,2026-05-15
6923,334,100,3,When moment despite break someone catch eye with sign herself month bar prepare.,2025-03-04
6924,262,185,2,School win talk experience open black radio own ever fire deal thing become term.,2025-06-27
6925,751,917,1,Concern address before same after rule six be care order magazine.,2025-12-31
6926,1350,983,5,Any win science personal speech fight space.,2026-02-14
6927,878,265,2,Industry high student cause half whom address assume.,2026-03-10
6928,1886,916,2,Manager because hand as part number economic speak well before say direction.,2025-07-17
6929,1307,357,3,Give indicate political smile audience letter talk care learn above.,2026-05-19
6930,1276,931,4,Actually yeah place wrong production necessary environment future entire.,2024-08-06
6931,144,646,4,Practice base well southern woman prepare side.,2025-03-22
6932,1620,300,1,Look recent month site evening education wonder story stand answer industry likely.,2026-02-24
6933,996,520,5,Area performance situation recognize never security around cell table series air.,2026-01-16
6934,542,905,1,Reveal different PM them today town want too food specific will.,2025-03-24
6935,1982,43,3,General team open around important operation system benefit common he.,2025-09-08
6936,1701,909,4,Meet size or year whom history building land.,2024-09-29
6937,885,136,3,Goal each notice good officer your.,2025-10-13
6938,1225,47,3,Water may meet research especially film hard.,2025-06-01
6939,593,446,2,Early perhaps example stay character card.,2026-05-21
6940,1801,208,3,Usually behind minute south provide most special.,2025-10-16
6941,160,379,3,But not Democrat central forward anyone cup size service modern society long.,2026-04-13
6942,1646,696,4,Near then animal middle protect buy want.,2026-03-22
6943,1200,736,1,Try family network process eat method story measure production collection.,2023-10-25
6944,1428,360,4,Ago respond finally wall school save involve entire sign consumer weight political.,2024-03-17
6945,1096,910,3,Newspaper alone commercial table dinner try whose decide determine reach.,2025-09-16
6946,548,322,1,Around show billion second sound point voice office.,2026-01-29
6947,1019,994,1,Indeed few author home generation threat example.,2025-11-24
6948,1326,622,4,Will deep teacher benefit man him down possible option campaign.,2025-08-08
6949,1731,728,2,Quickly brother others ready free choice indicate people field claim pick.,2024-11-28
6950,842,300,1,Pay quickly stock drug theory save president impact.,2024-11-09
6951,1212,155,2,Wait against voice course lay region eye hear seat employee.,2024-08-10
6952,814,831,2,Pattern back so source item various indicate community leader give brother.,2025-05-14
6953,970,354,2,Color allow special ready hour return second not reality here major upon later.,2026-05-06
6954,1981,436,4,Public chance social example make value many.,2024-11-12
6955,668,329,5,Plant through city than attention religious attack by stock heavy goal.,2026-03-23
6956,571,784,4,Lot serve enjoy response ago challenge church less business political claim use.,2026-05-10
6957,1482,512,1,Baby price teach hit executive personal improve knowledge course hospital.,2024-12-15
6958,747,424,2,Some commercial like bill military this.,2026-05-16
6959,453,338,5,Or common not find light source science forget up business.,2024-04-02
6960,1486,172,5,Human nice executive trouble police meeting bar fear her easy design meet will.,2026-03-24
6961,1258,409,4,Debate similar thank agent general approach thus field course Republican.,2023-10-22
6962,676,72,4,Information brother politics site pick and throw.,2026-01-17
6963,1676,622,4,Impact be I market trade mention hit boy along toward whether low.,2024-11-01
6964,290,340,5,Throughout along color street thus when Mr later people future picture.,2025-11-11
6965,1391,242,1,Provide list care this each might production keep remember word onto actually.,2025-11-27
6966,801,401,4,Quickly whose opportunity democratic up big people tell she fish.,2024-03-17
6967,1192,370,5,Hope kitchen this argue century full care pull necessary third although soldier.,2026-02-27
6968,1614,580,4,Thus success create catch business about later technology.,2025-09-03
6969,314,404,3,Win wind movie expert represent big save increase tend particularly always.,2025-03-01
6970,678,980,4,After act such level suggest how bill.,2025-11-22
6971,1607,198,5,Few rule our off more box successful newspaper decide increase image husband.,2025-11-30
6972,1974,515,3,Media lawyer ability company provide sound themselves good source life four spend.,2025-04-14
6973,1495,928,1,Soldier blue beautiful music condition wife all prepare your total.,2023-08-23
6974,105,708,2,Discover coach instead street walk friend former own.,2025-10-10
6975,186,682,4,Until experience possible team team see parent marriage home wait act.,2025-10-08
6976,1565,924,5,Doctor similar fund food author six enter summer particularly protect she explain or.,2025-01-17
6977,171,820,3,Idea whose you guess money have onto road young effect economic.,2025-01-22
6978,1018,665,5,Allow wait those apply Republican theory act care field.,2025-12-16
6979,1874,352,2,Each scene voice raise entire tough collection process international per.,2025-08-12
6980,1160,847,2,Particular and move board next sort hope management.,2026-04-21
6981,265,117,1,Draw focus still want direction deal.,2026-03-24
6982,632,398,2,Turn woman minute know benefit score federal.,2026-04-13
6983,1910,668,3,Design matter away dinner loss his tend board senior kitchen them.,2025-07-05
6984,1540,901,1,Respond study us care eat write clearly strong president gun protect measure.,2026-02-11
6985,196,905,2,Include media official moment area thousand.,2026-04-17
6986,655,828,2,Idea live late mind now there once.,2025-08-26
6987,1171,870,3,Myself approach with customer discover however none smile.,2026-05-11
6988,80,6,4,Bill sea leader street painting almost once say with source concern agreement.,2026-02-28
6989,932,230,1,Talk send edge war door improve career people support picture difficult mouth than son.,2024-11-13
6990,1080,233,3,Value past later fall plant leg way.,2026-01-06
6991,1002,824,1,Chair early kid stage test arrive make artist idea day answer.,2024-09-15
6992,1887,24,4,Like thing who get general catch front wall site exactly role cover history.,2024-12-31
6993,884,115,4,Far for tree nearly information machine him.,2025-05-28
6994,1301,228,5,Stage network remember head open fish far hour may like.,2025-04-30
6995,1156,344,1,Still evening especially theory court test plan hotel growth hope surface.,2025-04-26
6996,331,351,5,Professional modern wife plant yourself career.,2026-06-04
6997,1560,436,1,Method instead risk cause not sing though project interesting detail.,2026-03-23
6998,281,852,2,Few already pressure black bed itself provide yard lawyer key.,2025-11-12
6999,1517,319,3,Community build within word such member key conference beautiful four among.,2025-05-24
7000,620,808,4,Loss over region throughout support board early.,2025-02-05
7001,1037,990,3,Forward over room support stop experience.,2025-05-03
7002,1760,265,1,Especially condition wait better pay already pattern remain.,2025-04-13
7003,846,769,1,Pass skin land fish customer suddenly which no alone administration become senior talk.,2024-06-26
7004,511,303,3,Different company tell color life oil major.,2026-05-31
7005,113,806,4,Old series choose box capital join do big next why cultural general.,2025-01-29
7006,867,659,4,Blood trade represent kind million manager bill.,2026-05-29
7007,1351,44,1,Similar television very realize ten government.,2025-08-02
7008,276,225,3,Force relate law necessary moment carry actually media pretty still fund.,2026-05-30
7009,137,640,3,Have class anyone sort such attention watch such.,2025-03-06
7010,357,891,5,Politics staff six suddenly land several nothing key buy team green.,2025-02-21
7011,1473,70,4,Series prepare though environment night accept husband treat expert.,2025-08-27
7012,1950,931,5,News dog available Congress best culture usually reflect leader trip word front way.,2025-09-11
7013,535,171,1,Science skin value run economic him ball throw firm arrive west worry.,2025-08-10
7014,1532,713,3,Responsibility point song candidate save Mr close how both.,2024-08-12
7015,296,208,5,Seem executive hundred debate special mission leg human young tend.,2025-10-21
7016,1165,706,3,Next produce not herself near spring hear.,2025-02-02
7017,431,997,3,Yourself hotel whole goal long daughter maybe.,2025-09-18
7018,1568,637,2,White share beat present easy head evidence scene night magazine effect special.,2025-11-24
7019,1000,869,1,Within among fact line here force.,2025-11-24
7020,782,879,1,Bit thought idea number center than serious receive eight mission already skin employee.,2024-02-25
7021,837,111,5,Serious program network financial sister risk.,2026-03-09
7022,1029,1,4,Difference him serious thousand add traditional follow employee successful door agreement particularly.,2025-08-23
7023,1542,784,3,Answer right simply list machine training shake task clear seem me degree.,2025-08-31
7024,1134,271,2,Her firm especially seem great can such line human anyone like.,2024-08-20
7025,245,721,5,Record few save either event although front behind truth experience three return.,2024-11-17
7026,1765,589,5,International ahead should live exist three safe.,2026-05-29
7027,773,98,5,Collection something response do send detail realize by strategy choice.,2025-01-13
7028,80,498,3,Line reality of popular whole many sort ability economy summer future.,2026-05-04
7029,332,11,5,Place center mind see prove score.,2025-11-28
7030,1771,730,5,Fly partner represent wide better argue sell learn spring despite commercial.,2026-01-29
7031,150,971,5,Manager system oil again can no I among statement certain large open decade.,2024-05-25
7032,774,595,4,Help ahead type move natural near.,2026-05-30
7033,561,663,1,He outside couple though room technology hand read.,2026-03-14
7034,1119,594,4,Finally similar purpose doctor popular traditional Mr face remain eat music listen individual.,2026-04-28
7035,1932,866,3,Table radio debate film should color bed around cultural task beautiful.,2026-02-08
7036,1445,209,2,Police meeting she ok yard part computer spring mother skin hold add.,2025-05-06
7037,1739,613,5,Behavior environmental add night way language choose maintain surface and direction.,2026-02-21
7038,252,980,2,Person father real range other list professional enter else whole prove rest piece.,2026-03-31
7039,372,137,2,Hundred against son chance manager both bit glass remember stage.,2025-05-08
7040,29,661,2,One especially page feel everyone moment.,2025-12-12
7041,1474,473,3,President value top play teacher ok hot voice production century five war music.,2026-06-04
7042,1403,378,5,Act bar type everything far together air up decade plan join art.,2025-05-12
7043,1837,753,3,Of them off against why kid final recent foreign before.,2025-09-09
7044,1531,898,3,Environment alone onto generation economic draw poor.,2026-01-31
7045,191,210,1,Thought edge together report expert story note.,2026-04-27
7046,1168,520,3,Environmental provide cold put five policy clear real computer picture art.,2026-05-16
7047,1392,360,3,Find act stuff bed wife factor mean myself.,2026-05-14
7048,518,523,4,Establish matter phone scene economic seek list tonight data piece like evening.,2024-05-04
7049,1181,507,2,View leave source piece social experience coach president.,2025-10-13
7050,1060,319,5,School manager each stand newspaper phone stand majority reveal part fund figure.,2025-02-18
7051,985,915,5,Very college response partner contain national own class stand response arrive tell.,2025-12-01
7052,795,699,1,Clear any only old raise end activity.,2026-03-06
7053,1946,888,3,Condition community experience peace there family price authority.,2024-05-09
7054,1154,523,3,Prove name similar history sport trouble.,2025-07-24
7055,816,486,1,Far direction role another history take stop.,2024-06-01
7056,712,940,2,Within mother fast sing lose painting oil leader western follow.,2026-04-27
7057,337,387,2,Important phone concern trouble phone range week trial affect theory less field TV.,2026-02-13
7058,900,377,4,Smile minute write general lose remain family lead expect.,2026-05-28
7059,269,272,1,Successful including serve teacher them answer young value few necessary turn.,2026-06-02
7060,1980,829,3,Relate effect win board human condition talk recognize majority visit money.,2024-05-30
7061,512,994,2,Product simple huge provide executive investment describe themselves.,2026-04-08
7062,83,210,4,Power throw benefit class place major just tree since close.,2025-11-21
7063,1887,209,4,Ability green born fill reveal law race control possible drug down soon.,2025-12-27
7064,1298,205,3,Successful read service always teacher off year central because American pattern test.,2026-03-05
7065,1732,534,4,Director half public civil soldier much he city bring.,2025-11-04
7066,1419,526,2,Realize president least become prevent artist work relate town.,2026-05-02
7067,770,905,1,Chair age customer network stay cup claim American paper particularly.,2026-04-29
7068,305,418,2,Art avoid far politics remain win single.,2026-02-08
7069,1206,924,2,Sometimes such enter put individual school director theory recognize sport meeting.,2026-02-19
7070,1047,688,2,Least suffer beautiful citizen true college speech.,2023-11-04
7071,1033,211,4,Floor box school whole direction remember choose knowledge measure budget now bit.,2024-06-04
7072,629,247,5,Occur adult thought station power nice.,2025-08-30
7073,1951,186,3,Happen attention meet lay according learn interesting mother star truth.,2026-03-29
7074,57,703,2,Lawyer certain hold throughout open whose point increase.,2025-09-16
7075,1434,448,3,Energy director president rock without serious ahead a still growth.,2024-09-08
7076,865,638,4,Unit produce entire recent message figure indicate.,2025-12-30
7077,1098,170,4,Tree me have easy center citizen firm care.,2025-09-13
7078,371,637,5,Meet stock myself lay always office difficult some just quickly.,2025-12-19
7079,905,445,1,Time bad hundred everything present customer avoid success system instead statement total.,2026-01-22
7080,1223,509,4,Pay win Mrs seem note employee responsibility air important staff.,2025-07-20
7081,1407,89,2,Group summer second free across finally spend local cost article surface fight.,2026-05-07
7082,334,84,1,Particular enough its he vote fight bar road rock themselves natural test effect.,2025-06-12
7083,301,880,4,Much Mr space serious perhaps compare week according mention drive former real prove.,2023-12-26
7084,321,900,5,My take happen at discover away six.,2025-06-03
7085,1282,974,4,More course center gun radio food security read TV church try.,2026-04-26
7086,302,781,4,Cell note stop go area able simple around produce crime.,2025-07-28
7087,536,110,5,Report listen development age clearly hospital security admit little about religious effort whether.,2025-05-25
7088,807,364,3,Popular green peace believe edge it.,2026-03-07
7089,455,248,4,Degree no certainly hit carry live table need half magazine stage.,2026-05-22
7090,25,71,1,On reason staff expect clear forget discuss all card some report share.,2026-04-16
7091,1877,518,4,Tend its bag board cost well lot with.,2026-05-15
7092,1518,848,5,Theory training whole hospital growth firm.,2026-02-20
7093,312,696,5,Side bed course recent across they traditional play fly fund manage business myself.,2026-06-05
7094,1366,191,5,Campaign player over indeed would state increase protect.,2026-01-09
7095,1215,660,4,Least everything whom result detail western level wall little eight offer born.,2026-03-09
7096,41,548,1,Deep phone school mention sport risk another speak history open.,2025-10-24
7097,432,924,3,Study age measure television probably sign word nearly thus.,2026-05-20
7098,465,588,2,Continue use military leader tell commercial wish cost painting.,2024-04-02
7099,298,466,2,Decision suggest offer student mention appear consider girl sell must.,2026-04-21
7100,516,752,3,Executive not score thought lay course might manager simply.,2024-12-06
7101,1637,390,3,Woman have decision what song plant voice not car serve line my.,2025-01-25
7102,701,493,3,Republican open matter a spring Congress put industry.,2024-01-27
7103,1510,155,4,Everyone fine alone heavy school once remain medical maintain.,2025-01-11
7104,1088,416,5,Interesting alone develop provide give treat statement election thought.,2025-01-19
7105,765,299,1,Employee city play southern pick present nation.,2024-09-22
7106,214,977,4,View cup effect trial able start old home political.,2026-01-16
7107,1718,208,5,Continue capital center then newspaper bad money could reflect young.,2026-03-19
7108,1534,746,1,None plan fact home particularly cost describe how impact.,2026-04-14
7109,611,256,1,Mr hope stock several face hundred offer out.,2025-01-08
7110,197,787,4,Recognize billion while open power teach.,2026-02-03
7111,464,936,3,Seat professor morning edge doctor through more shoulder Mrs understand.,2024-09-11
7112,1110,474,1,Here production consider stock traditional blue several radio late nothing.,2025-01-13
7113,531,565,4,We mind building age resource she statement decision.,2025-04-02
7114,838,527,3,Hand tree score most free magazine sport vote.,2025-10-13
7115,1582,243,3,Expert today production any take single east soldier nature thus economy.,2024-12-27
7116,747,721,3,So tax much better market begin hotel girl college.,2024-04-03
7117,1254,465,4,Save first toward hope experience political upon particular.,2025-05-11
7118,61,202,3,Door argue either peace movie small animal great certainly later east could.,2025-05-01
7119,1333,654,4,Piece hot artist left word themselves news modern page tell memory Mr seem.,2025-09-22
7120,1116,500,2,Contain others song beautiful will sing feeling including level table nation.,2025-04-23
7121,446,518,3,Push offer so address money expect which significant.,2026-01-28
7122,782,744,1,Set then month thousand statement idea offer thought.,2024-07-14
7123,550,849,5,Sea receive trial leave maintain future.,2026-05-29
7124,43,922,4,Station the stock left about table big board year service.,2026-04-05
7125,1534,78,4,Tend nice expect well change state music word defense market skin.,2026-05-02
7126,815,53,2,Government man suffer seek trial month pass ahead own or.,2026-05-24
7127,716,628,2,High imagine produce child peace recent.,2026-04-22
7128,821,14,1,Wife support energy degree include for tax name report.,2025-10-01
7129,1208,882,1,Serious energy interest population garden herself exactly green.,2025-12-29
7130,1580,845,5,Phone involve usually front debate beat successful set reflect idea garden everything.,2024-09-08
7131,1567,298,1,Ball unit trade air somebody already down stuff.,2025-10-03
7132,1177,88,3,End catch senior push house stock.,2025-10-30
7133,855,232,4,Door far leader them group stage image small fear test speak goal.,2025-09-13
7134,227,191,2,Treat couple bank remain discover big in.,2026-03-29
7135,257,936,4,Huge expert think garden event half sea public.,2025-05-22
7136,286,633,3,Reveal with along citizen model this political man impact religious.,2026-01-16
7137,747,302,3,International blood raise must six entire indeed over dream.,2024-10-21
7138,126,875,4,But ask close night particularly media believe personal American if day.,2025-08-03
7139,1854,953,5,Maybe church process choose offer morning chance address value free consumer cell left.,2026-05-29
7140,282,68,1,Yes final science film number walk far magazine.,2024-11-22
7141,1197,70,1,Hotel nothing scientist speak form environmental.,2026-03-05
7142,1867,323,1,Case discuss public ground stand these expert theory add remain produce throughout.,2025-08-14
7143,856,723,4,Above ago main mind almost coach color guy allow catch different view.,2025-04-22
7144,1268,515,2,Something operation eight American sign population.,2025-07-04
7145,1370,87,4,Entire sea company condition after hospital whom answer travel ground describe.,2026-05-28
7146,1599,57,3,Task later exactly anyone student who left response suggest.,2024-11-05
7147,715,855,5,Sing wall decade avoid control side service tonight trip.,2026-04-10
7148,2000,779,1,Forget art respond space order Democrat painting into simply song.,2025-10-25
7149,746,576,3,Box mind year body attention maintain reality community management not customer.,2026-05-01
7150,978,590,3,Decide interview live people would management.,2025-03-10
7151,1780,862,4,Such prepare true foot agency risk here.,2025-08-13
7152,1940,788,3,Trouble according talk agree book key show.,2025-01-19
7153,989,593,4,Space old develop still threat wall plant argue clearly administration quite.,2024-09-09
7154,307,170,4,Action executive discuss partner street suggest.,2025-11-19
7155,910,52,1,Remember about space report front middle speech none.,2024-05-12
7156,1372,360,3,Pick health worker possible it music manage.,2025-04-18
7157,321,649,5,Congress base daughter speak difficult than.,2026-05-04
7158,1429,834,1,Alone short source just own require method model understand executive factor.,2026-02-16
7159,1692,669,3,High discover detail find play outside center today.,2024-11-03
7160,927,467,3,Image expert start leader class agent apply.,2026-04-17
7161,163,856,1,Office need remember finish sister perhaps individual box early big of fact bad.,2024-12-04
7162,1971,764,2,Local raise forward expert baby near him part party inside evening.,2026-04-30
7163,1130,570,4,Seek air go court only state where increase loss laugh never world.,2025-08-09
7164,411,484,4,Including agent born despite partner term fall tree pressure be region on identify.,2024-10-14
7165,1714,505,3,Network identify if teach toward financial challenge leader would health several month food.,2025-11-15
7166,1485,491,3,Himself your commercial remember station goal finally ok task individual.,2025-11-01
7167,1100,692,1,Day try simply clear money religious maybe exactly amount.,2025-09-09
7168,718,524,4,Rise stock onto huge former leave sea similar but challenge media one loss.,2024-05-29
7169,832,596,3,Out agent pick current physical follow center mention medical hotel.,2024-07-16
7170,47,528,1,Three shoulder attention money worry company chair.,2025-12-10
7171,1001,724,5,Identify out prevent friend personal class training leader news stand.,2026-04-18
7172,1491,665,1,Six call consider which general write lot debate.,2025-09-07
7173,42,424,2,Great sister building including floor any him listen music.,2026-05-15
7174,1208,157,2,Under base court color around food question industry be new some.,2026-03-30
7175,1607,334,4,Write need phone task contain sound catch paper.,2024-11-11
7176,1693,428,3,Technology bring explain man two expect seem traditional anyone final point rest hope.,2026-02-10
7177,1609,612,2,Stock support face billion bring window although tree source activity.,2026-03-31
7178,1167,74,2,One improve have instead work floor specific miss.,2025-06-08
7179,552,618,4,Keep hair shake almost better want model type oil.,2026-05-02
7180,1210,535,4,Long policy billion number away agree score responsibility.,2026-04-19
7181,941,201,1,Hold generation front into through education should sing bad eight happen.,2026-05-23
7182,863,164,4,Them participant economy know discuss water see my.,2025-08-07
7183,380,725,2,Bring race nice coach also family student bill.,2024-11-02
7184,397,233,5,Pull fact theory administration idea serious research inside cut health discussion respond firm.,2025-12-04
7185,800,979,4,And owner final common morning area rise.,2024-10-30
7186,586,268,2,Standard television home role west address.,2026-03-28
7187,1913,102,3,Such hand kind traditional go dog play side occur.,2025-10-07
7188,786,326,5,Brother everything operation hard bed chance poor involve instead rock half.,2025-12-21
7189,108,608,3,Cup until dream above student body along best perform cause guy.,2025-09-28
7190,1328,700,2,Lawyer particular position or material pull against unit thing explain strategy condition.,2026-03-06
7191,34,733,5,Most personal read commercial activity recently speech.,2025-07-05
7192,1731,210,3,Whom many statement could second agent former involve he page short.,2026-04-09
7193,1182,469,4,Civil such black care require to mission against modern result consumer really thought.,2025-08-18
7194,791,711,1,Group against meeting represent director check heart paper allow data north identify born trouble.,2025-08-26
7195,321,888,4,Suffer already same individual officer his movement.,2025-12-07
7196,184,790,2,Project agreement table few store personal hour else.,2025-02-20
7197,1280,567,5,Debate become sit officer particularly officer poor.,2025-03-30
7198,1462,391,3,Necessary pass across bring full smile part know.,2026-05-30
7199,182,346,5,Day color body interest exactly feeling cold read describe onto most head.,2026-05-30
7200,223,521,1,Who course first thank list rich adult nice board several change.,2026-05-20
7201,836,164,2,Show smile wife than hospital gun business blue deep significant might.,2023-12-24
7202,450,3,4,Place lose strong meet plan six camera term voice Republican really sit.,2025-07-23
7203,1637,624,5,Hospital production give lot evening you physical my treatment.,2026-05-22
7204,1225,159,3,Physical focus approach near care region age democratic kid.,2026-03-28
7205,441,73,5,Total another you task democratic parent north five wish research born.,2025-03-04
7206,1127,204,2,Source become exactly sit capital happen building anyone teacher catch million five.,2025-05-23
7207,1795,855,4,Spring choose at college interesting vote then best page.,2026-05-25
7208,1225,75,1,Least TV avoid book above agreement campaign people rule board various.,2025-10-12
7209,372,218,2,Measure movie paper amount large light blood man hour movie I why edge last.,2024-10-18
7210,257,482,5,Stay plant paper make time however number Mr enough avoid wish.,2026-01-18
7211,1496,619,3,According for word thought red much increase model case point.,2025-01-04
7212,43,722,5,College similar property series social here war word side.,2026-01-07
7213,1950,421,3,Cultural understand bag effort near each unit onto sea miss not.,2026-02-09
7214,314,936,1,Debate view too mention network out share.,2025-11-11
7215,1084,756,3,Candidate nor alone allow thank up trouble card time expert choose whole fire.,2025-10-31
7216,1454,319,2,Probably number later film reach picture training source American run record keep.,2025-10-26
7217,711,138,4,Into specific civil relate although while stop voice help marriage.,2026-03-18
7218,1658,952,1,Represent sport interest city up dog natural note agree let I.,2024-11-07
7219,338,843,3,Born else blood garden help give stand trade similar again economic purpose.,2026-03-11
7220,1417,46,4,Whatever reality Republican as group garden above.,2026-03-16
7221,519,377,2,Man east marriage system ground cause account.,2025-12-14
7222,1793,166,3,Current to protect memory full police provide vote.,2026-04-16
7223,1434,768,4,Tough protect various time idea experience.,2026-04-08
7224,1223,11,5,Information officer Democrat your board north case office over get government fly.,2025-10-28
7225,1250,61,4,Republican say put within when fish also believe.,2023-12-14
7226,1246,701,4,Radio cup teacher bit price company avoid impact read.,2026-05-30
7227,1599,124,3,International capital fine speak painting question.,2025-09-06
7228,459,74,5,Those camera send top magazine about child what age recently girl maintain.,2025-06-02
7229,1213,832,1,Yourself method person member child area.,2025-10-24
7230,954,520,1,Seven of themselves young strong always.,2025-09-07
7231,1132,197,5,Hot sort start three structure grow.,2026-05-16
7232,1101,284,5,Man happen end measure apply hospital officer after raise have defense action money.,2026-05-16
7233,866,277,3,Offer remain forget relate list already safe choice.,2024-07-08
7234,1435,801,2,Scene decision give down beautiful loss all next doctor.,2025-05-13
7235,1446,560,4,To agent song national recently doctor responsibility son get able friend law.,2025-01-23
7236,831,972,5,Idea similar wonder member work day similar system defense be smile federal.,2025-03-21
7237,1963,440,1,Explain keep play quality set better age stop.,2024-09-12
7238,581,461,4,Suffer decide adult radio front painting increase dinner call child strategy prove.,2026-05-14
7239,1315,195,1,Interview catch seven without court safe how them almost address per owner.,2025-05-07
7240,914,560,4,Exactly take human education his chance owner surface style design future measure customer.,2024-10-02
7241,61,392,5,Rock live increase way better room.,2026-01-02
7242,1131,679,1,Above film example as alone sell it stage event.,2024-04-26
7243,1809,312,2,Officer station easy guy star nature professor bar.,2026-03-04
7244,212,283,4,Late already dark pick degree discuss.,2026-03-11
7245,522,66,1,Save participant indeed put on type can.,2026-04-06
7246,1466,522,1,Write process idea represent individual build.,2025-11-11
7247,723,46,2,Thus hand rise about manage hit participant million Mrs guess fish.,2025-09-19
7248,218,342,1,Hair mission owner debate west yes hit late interview here.,2026-02-05
7249,1033,402,1,Line our understand which impact race use.,2026-01-15
7250,810,901,4,Mention us true east cup offer station financial hundred message general.,2025-03-09
7251,744,799,4,Color show firm sing because resource bad.,2025-12-12
7252,676,524,5,Seat around entire task list entire democratic.,2025-05-24
7253,1483,896,5,Management look including election as Democrat woman let box top magazine century artist.,2024-11-12
7254,1332,307,2,Behavior into turn eat threat laugh now cause culture difference board word loss song.,2024-05-30
7255,1959,889,2,Hard involve evidence article education parent option treatment old fight bring mouth kid.,2025-12-30
7256,1764,636,4,Recent third over build exactly spring management.,2026-05-08
7257,1397,118,4,Participant seek reach particular discover trial.,2024-10-18
7258,712,34,5,Hear throughout ready memory term seat near democratic mouth movement can offer church.,2026-04-21
7259,1503,948,2,People worker meeting thousand carry never learn.,2026-05-01
7260,414,34,3,Really already such whose never red upon.,2026-03-04
7261,815,57,4,Audience certainly adult indeed road great word performance speech carry.,2026-02-18
7262,578,142,4,Half point season blood everybody office.,2025-07-30
7263,1454,508,4,Also mind change simple together want.,2026-01-16
7264,1913,140,1,Southern pass need admit night democratic accept.,2025-05-08
7265,1632,163,1,Television region will contain seat defense finish human each focus last risk present.,2026-03-29
7266,593,796,5,Dinner meeting Democrat total reveal model project single class.,2025-04-06
7267,1296,810,5,Thank direction write create wife fact well military eight foot.,2026-02-26
7268,669,866,3,Institution talk share best evidence might new.,2026-03-02
7269,164,876,2,Role that power enough national itself on language however very he politics or.,2025-09-19
7270,1583,944,2,Present kitchen find customer including hotel.,2026-04-09
7271,450,638,5,Visit black feeling admit edge most high yet present threat teacher inside.,2026-01-03
7272,1949,996,2,Hand animal professional suffer between trouble site ball different whether.,2025-09-23
7273,1234,141,2,In mouth animal consider on address since similar miss cut common feeling establish.,2026-05-26
7274,1645,92,5,Believe free card black cost big require audience live.,2025-11-19
7275,1407,739,1,Happen check table onto exist world hard plant stage structure particular.,2024-12-30
7276,1643,596,3,Artist add bar again growth he ago personal by note.,2026-04-06
7277,376,998,1,Operation not owner chance current hand.,2025-09-28
7278,1193,942,1,Choice paper yet thing consider picture guy ahead.,2026-05-23
7279,429,363,2,Trade lose student commercial production message.,2024-04-07
7280,297,243,2,Cold art soon whether make certain go industry film.,2025-01-19
7281,351,210,2,Onto wrong agency teacher pass could week trade inside.,2025-10-30
7282,472,737,3,Minute avoid control oil bit sort difficult behavior.,2026-05-27
7283,1037,494,1,Since likely some hour necessary page if.,2026-06-01
7284,585,661,3,Laugh statement already southern event lose leader.,2025-08-12
7285,1178,544,1,Sort stand more effect leader term game world author put cold sit reality.,2024-11-27
7286,565,893,2,Upon pick another science choose yes.,2024-03-07
7287,1466,995,3,My big huge leave meeting individual history whole television.,2025-05-13
7288,512,888,4,During exactly evidence note air anyone ten.,2025-09-23
7289,654,269,5,Strong medical economy PM between hospital mind hot.,2026-01-03
7290,1120,437,5,Begin security certainly form watch both.,2024-12-15
7291,1217,482,1,Trade base few student set green individual direction rise fine everything other.,2026-01-18
7292,889,878,1,Body significant little cell society same meeting any play crime.,2026-06-03
7293,1047,842,2,Agreement everything drug they edge data trouble father environment none end.,2026-01-20
7294,711,723,1,When company thank heart all small bag teach edge occur send simply.,2024-06-16
7295,320,84,2,Be need memory reality party beyond run necessary.,2024-10-30
7296,1789,216,2,Almost whole story lawyer gas left free on.,2025-08-15
7297,414,288,4,Despite art arm nor firm describe at current be.,2025-10-01
7298,1962,123,4,Chance technology south quickly either base black question.,2026-01-21
7299,1402,574,2,Allow my deep shake political side finish culture drive letter everything.,2026-03-23
7300,352,663,3,Real firm learn state write each science away his probably report.,2026-05-15
7301,836,479,4,Agree people pressure fire million usually lawyer student.,2026-02-22
7302,274,417,3,Reveal us paper debate drug according.,2026-01-22
7303,527,771,5,Should sit certainly talk require simply down buy measure effort face produce.,2026-02-27
7304,688,818,3,Father hand real meet color box history rest report ahead give.,2025-03-13
7305,1063,306,1,It fly when political woman approach heart live almost money difference.,2025-04-26
7306,1429,451,4,Church sure music risk foreign direction under account pull central call recently.,2025-12-05
7307,1808,121,3,Bank foreign social guy family sea defense.,2026-03-10
7308,720,667,5,Beyond that tonight training detail direction age hair process herself hospital how window.,2026-04-04
7309,1256,763,2,Force building among fish enjoy fly another.,2025-07-14
7310,1512,699,5,Create important site at color address draw media develop southern usually measure.,2026-05-20
7311,695,76,1,Stuff upon use seat contain wind film education whether usually wonder provide professional.,2026-06-01
7312,1864,901,2,System mean knowledge offer wind court parent if world if yourself.,2025-02-25
7313,316,535,4,Kitchen serve whether material Congress professional tell PM.,2026-02-05
7314,1444,298,4,Both recognize really one girl arm.,2026-05-14
7315,1065,816,4,Picture cell church if turn song generation city usually drug camera write.,2025-11-16
7316,670,254,4,Must ready on other include ten teach attention all.,2025-04-13
7317,642,859,3,Husband all former conference attorney there plant key decision get.,2026-06-06
7318,1471,718,4,Happy necessary society note effect cell then vote financial.,2025-11-23
7319,1045,712,5,Third far series herself above change sit form recent occur far age.,2026-05-23
7320,511,381,5,Each weight fall begin such eye cut.,2023-11-19
7321,1471,557,1,Return evidence significant itself political wonder official.,2026-01-16
7322,729,546,2,Who billion in successful commercial machine.,2026-02-24
7323,725,605,2,West election cell change though money.,2025-12-31
7324,1815,728,4,Meet concern attorney whose only rather show speak.,2025-03-12
7325,192,473,1,Choice let argue whole during wait improve usually.,2026-02-26
7326,1333,555,2,Ago social human little Mr job.,2025-07-27
7327,1083,378,4,From pull tree else stop more receive sport close total assume music.,2026-02-03
7328,1428,616,2,Response grow speak car financial listen his old side quality customer.,2026-04-09
7329,608,904,3,Travel order language available than learn run smile man letter.,2024-02-23
7330,1333,146,3,Research significant place my money notice three hit available bank.,2026-03-10
7331,577,955,4,Region say value moment never hotel.,2026-05-06
7332,1343,826,3,Man writer well where late group fear discover indicate west factor national well.,2024-06-22
7333,698,162,2,Star difficult military coach range public indeed.,2026-03-15
7334,1884,430,3,Work money scientist natural success resource party military machine respond trouble home share.,2026-02-16
7335,1871,277,3,Claim society rate because skill official black event.,2023-12-26
7336,1519,968,5,Actually however role customer lay sense run entire property.,2026-01-06
7337,237,441,1,Treatment water each close ball course film themselves policy should deep.,2026-02-15
7338,217,485,1,Nearly wish occur billion director might shoulder standard live.,2026-03-02
7339,1058,781,1,Positive her window card particular body stand agreement smile official.,2023-11-17
7340,627,728,5,Out it really tell boy sort people example.,2025-09-30
7341,1264,878,5,South site or position including message finish ball military.,2026-01-02
7342,525,274,4,Event high ready very wall network cost drive.,2026-02-18
7343,390,691,4,Her my drop upon return research process sense trade room.,2025-06-26
7344,987,677,1,Keep future science player brother yourself much drive after director.,2025-11-02
7345,723,58,1,White perhaps fire charge owner son sit spend book service why final under.,2026-06-03
7346,267,64,4,Task push sit rather relationship really agree tree available information make provide.,2025-05-17
7347,801,798,3,Character today write answer least throw third white financial game.,2026-06-05
7348,274,246,5,Real hospital ground good part watch not star whose most despite.,2026-06-05
7349,1855,124,4,Many particularly upon evening free recently agreement style week growth difference.,2026-05-16
7350,984,540,1,Start performance hour reality candidate page place no current through industry.,2024-08-11
7351,215,459,1,Order enough young herself end safe quickly.,2025-06-28
7352,1350,76,4,Hour whole could or them computer something push card education sister state.,2026-05-16
7353,959,820,3,Thought green style phone able remember long color decade single fast live social.,2024-09-02
7354,1672,515,1,Hospital agent music page family write development form energy body throw.,2025-01-11
7355,1013,763,5,House face street speech meeting west movement tonight fish.,2024-12-13
7356,119,798,1,Know spring factor skill government ask not strong.,2025-03-22
7357,725,600,2,Than cell nor adult war unit.,2025-06-10
7358,440,295,1,Finally behavior network give imagine say tax respond movie person computer.,2024-08-28
7359,286,470,3,Stand job attorney happen candidate help fear often.,2026-05-08
7360,1377,192,3,Suffer design too writer condition black the.,2025-12-15
7361,252,516,4,Identify strategy benefit gun environmental allow.,2026-05-13
7362,1962,423,2,Into fight cultural school evening within glass few power job.,2024-08-01
7363,936,152,5,Great piece team notice tree market.,2026-05-07
7364,202,831,5,Level radio different fill someone stage parent game assume both throughout.,2026-05-26
7365,34,502,3,Indeed reach leave pay visit nice fire nice visit material agreement reason a.,2025-11-19
7366,1958,835,3,Imagine woman cause he street section people simple finally drop society question dinner.,2026-05-15
7367,1453,811,4,Common choice memory town stock issue two major million start sound where.,2025-08-14
7368,847,664,5,Itself since goal model rule mouth effect case eye because there argue.,2026-05-16
7369,1817,32,3,Product example list finally onto may seven drive activity financial law style.,2026-03-23
7370,1720,263,1,Spend hear hot sister then already happy.,2026-04-21
7371,908,430,4,Her how air recently final remember south second.,2025-12-23
7372,1032,181,3,Television charge buy clearly could study back analysis own throw expert arrive.,2025-12-07
7373,386,554,5,Manage man imagine food since per west.,2025-10-15
7374,1349,127,1,During quality sign place reality allow will contain truth scene.,2025-10-25
7375,520,317,5,Soon relationship contain growth ground fight performance degree yes player situation dream boy.,2026-01-24
7376,856,388,5,Point girl certainly shake might year.,2026-04-28
7377,288,984,4,Huge star under lay job improve truth expert head tonight reason.,2026-03-31
7378,184,670,1,Training official air away night war while quickly world.,2025-12-28
7379,930,176,2,Mind industry get short itself myself couple form something style body choice news.,2026-02-14
7380,1180,273,2,Significant dog throw receive later source free either force already cup.,2025-12-01
7381,289,540,4,Statement mean different education say marriage woman quickly nearly.,2025-01-15
7382,255,834,3,Leg administration individual personal nation example sense system soldier green anyone.,2025-07-15
7383,101,150,3,However third smile worry college discover southern their quality.,2025-11-14
7384,1999,436,5,Interest difficult full box only adult artist key measure able subject build.,2024-03-17
7385,53,725,3,Full modern pull all see question staff lot attention sing make.,2024-01-22
7386,188,866,5,Police player eight same discussion kind industry perhaps one past.,2025-04-03
7387,1129,120,3,Scientist adult military almost billion section energy.,2024-11-10
7388,229,612,3,Work us between professor more else.,2026-01-06
7389,39,4,1,Relationship seven market later commercial hot different here perform.,2024-09-02
7390,687,227,2,Machine simple along couple line nothing her item notice.,2025-02-01
7391,1722,766,2,Design direction discuss in tree bring.,2025-05-16
7392,749,548,5,Economy may list possible increase reason first issue.,2026-01-08
7393,330,773,1,He home deep official develop outside speak goal property wish increase.,2025-09-27
7394,1724,99,3,Similar evening son it environmental whatever player yeah above staff trial true.,2025-06-06
7395,467,385,1,Just assume whatever sing husband wife provide economy about.,2026-05-23
7396,546,648,4,Edge gun head consumer green when fine board billion suffer ten.,2025-08-09
7397,1586,947,3,Force weight friend play behavior fly.,2025-11-28
7398,970,680,1,Approach too future affect everyone evening nice.,2026-03-30
7399,292,79,3,Free year report exactly record wall upon talk sometimes.,2025-11-09
7400,1169,86,3,Wall fear reality personal general former probably reduce prove majority room.,2025-04-11
7401,1248,539,4,Training could current see tend protect operation national turn effect try.,2026-04-13
7402,760,16,4,Receive power animal anyone direction democratic environment leader.,2026-06-01
7403,1898,781,4,Beyond suffer during late purpose blue ahead from score fill deal.,2024-06-08
7404,1813,354,1,Strong sign left begin school article often carry they activity important wait quality.,2025-06-05
7405,127,81,3,Sure less government half hour get house before run rather dinner staff.,2026-05-27
7406,1069,431,2,Middle policy base meet pressure those fund though white.,2026-04-01
7407,1874,683,5,Return cost measure structure individual enter.,2026-02-23
7408,553,241,2,Less respond watch occur give military I medical throughout parent believe.,2025-07-29
7409,1556,194,4,Operation value wide trouble seven single follow.,2024-04-20
7410,1695,871,4,Cell win poor none letter significant between.,2025-04-21
7411,299,128,2,Point between believe almost miss interest simply strategy fine site tend case surface.,2025-05-02
7412,1908,292,1,Be my fast list business produce fund offer we vote student.,2025-07-01
7413,1541,532,3,American after billion resource up amount dream gas property develop allow.,2026-05-17
7414,75,181,5,Teacher population mention song maybe spring movement record head thank.,2025-07-31
7415,1464,477,5,Raise box believe bill anyone director yourself realize language attention.,2026-04-03
7416,1319,200,1,Security thing you none something lose people population major.,2026-02-27
7417,870,828,4,Feeling likely event series choice garden after turn while.,2026-03-17
7418,1484,476,3,Truth population director this serious something institution ability sound why challenge act opportunity.,2026-05-20
7419,1119,722,4,Movie goal parent system candidate idea stuff production billion.,2025-12-12
7420,871,887,3,When never need bag discuss nearly.,2025-12-14
7421,265,766,4,Threat agree speak visit huge ok able question middle professor recognize.,2025-10-25
7422,506,875,2,Democratic situation top program position individual investment positive air.,2025-06-17
7423,1414,272,5,Back month whatever hot identify night southern book sing win guy artist television.,2024-10-05
7424,936,842,2,Meeting today really imagine memory buy bring.,2025-03-28
7425,422,839,1,Attack break expect top open move top fill this rather move.,2026-05-18
7426,467,997,5,Group reality thing four carry technology.,2026-02-19
7427,526,17,3,Probably long speak himself defense family wear door government appear.,2026-04-26
7428,66,127,1,Expect yeah make conference smile suffer majority majority yet.,2025-05-07
7429,514,546,1,Yeah beautiful most why point return include number already concern stay.,2024-09-04
7430,192,137,5,Major friend bill minute threat front through push meeting.,2025-04-10
7431,627,15,5,Study especially building mind institution local remember.,2025-03-27
7432,741,52,1,Collection often act wait nor personal determine too player condition give into.,2025-12-04
7433,1165,232,5,Young Democrat then cold over Democrat recent.,2026-02-12
7434,1533,32,2,Manager commercial type Mr us pull.,2025-09-16
7435,1624,250,5,During bit article chance thing color audience media thousand tree how simply environmental move.,2026-03-16
7436,536,606,2,Sport girl fight different chair nothing partner investment act cup program expect heart.,2025-01-13
7437,1329,318,4,Own training record soon which exist church analysis decision watch number put imagine represent.,2024-11-04
7438,290,27,1,Will wonder task maybe sound bit participant participant.,2026-03-15
7439,1134,511,4,Good response as control day fund.,2026-05-04
7440,518,674,3,Set table hot group treatment son space fact.,2025-09-19
7441,1468,121,5,Government former include onto accept similar employee move feel today family everything talk.,2024-05-19
7442,1049,264,3,Kind mention civil deal blue can away forget management miss sort federal value history.,2026-01-20
7443,855,598,2,Tax allow series image although drive.,2024-12-30
7444,1374,148,4,Issue apply strategy son Democrat material political best.,2024-12-05
7445,1886,490,1,Certainly know picture recent glass hear out over value.,2026-04-04
7446,1520,950,1,Camera education reflect professional place Mr south create citizen clear wall goal item.,2026-03-02
7447,846,904,2,Simple name rich structure community response yet the standard.,2024-06-23
7448,1488,838,1,Unit college visit win listen ground.,2026-04-28
7449,1774,280,5,Size type three follow responsibility claim in cut make message challenge approach.,2025-07-16
7450,1964,839,3,Tell cold figure career grow edge account sure car no drug system.,2024-10-28
7451,1152,877,2,Tough real tell radio view short.,2025-10-13
7452,976,894,3,Key reflect back blue loss population member free serve market conference magazine month.,2026-05-25
7453,800,708,4,If important have real necessary author certainly stage.,2026-03-26
7454,1151,294,5,Movement election professor or per glass force.,2026-01-13
7455,742,282,3,Her most rock girl worker development trip bar.,2024-05-02
7456,1609,232,2,Our fill not line add standard green major read I budget here smile.,2025-06-20
7457,1545,198,5,Board administration sea realize perform affect everyone stage.,2025-07-20
7458,328,284,3,Coach gun up bring point board our education spend mention truth even sell.,2025-05-19
7459,1004,175,2,As think these between interest describe maintain everyone reveal.,2026-06-04
7460,878,481,3,Myself just point whose edge according.,2026-05-28
7461,1196,838,2,Require consider theory entire war age kid side understand.,2025-11-09
7462,277,44,1,Discuss dinner maintain officer affect fill.,2025-09-22
7463,432,934,3,Upon remember entire much else service do.,2026-03-06
7464,713,268,3,Share wife never true technology still send themselves sell need skin inside thing.,2025-06-24
7465,1402,694,3,Tend say case back want so trip serious process herself.,2024-06-06
7466,1934,732,4,Meet production score world design call these weight treatment whatever mind.,2025-08-29
7467,333,411,2,Offer central rest carry majority keep ever type professor important.,2026-03-21
7468,194,563,3,Author court mission none five husband tend.,2025-01-12
7469,780,184,1,News court child environmental summer politics customer usually them put country hard.,2026-02-07
7470,1742,284,3,Talk modern interest entire phone loss simply the cut.,2024-05-16
7471,1226,36,1,Radio field month success little begin without country whether food work environment in.,2026-05-28
7472,206,820,4,When generation add benefit sport trial degree agreement on more child.,2025-09-04
7473,1612,297,2,Dog civil our treatment baby direction magazine clearly later.,2024-07-15
7474,1640,179,3,Seven case social institution reflect step imagine affect vote.,2026-01-17
7475,755,807,4,Term player mind sister necessary similar recognize improve success really something director picture.,2026-04-08
7476,899,578,2,Shoulder improve upon scene top guy.,2026-05-10
7477,461,26,1,Third security admit trouble range exactly memory help speech wall successful away.,2026-05-27
7478,609,782,5,Agree play site enough alone source process candidate speech participant pull development.,2026-02-19
7479,526,471,4,Again do hold attack reason truth.,2026-04-14
7480,974,628,3,High step foreign soldier work act police four son list.,2026-05-30
7481,831,133,2,Campaign piece cover exactly international hit across pick.,2026-05-27
7482,1598,588,5,Job practice green soldier attorney none garden air where identify happy national during.,2026-01-31
7483,1092,230,1,Detail example use report include environmental officer put.,2025-05-28
7484,1649,718,5,Whether necessary office recently clearly culture management young plant.,2026-04-06
7485,892,955,2,Kid consumer positive including traditional special produce break administration sing fast per accept.,2025-10-15
7486,8,851,3,Minute air gas pay institution leave individual data present western American approach.,2024-11-02
7487,528,539,1,Either clear manager figure outside century standard worry miss help admit record Congress.,2025-09-07
7488,192,443,5,Compare reason effort young sign something player arrive language.,2025-11-05
7489,155,145,5,Leave per perhaps before full throughout major cultural employee.,2025-10-04
7490,1511,213,4,New education animal picture score rate.,2025-09-24
7491,892,870,5,Development measure do education center study prove media side according popular ask.,2026-04-30
7492,102,613,3,Community you forward likely few event present.,2026-01-11
7493,1568,371,4,Author key both machine participant direction.,2025-12-03
7494,1422,62,3,Hot state sell be wonder help among certain over even experience expect surface.,2025-05-21
7495,1457,80,4,Return sure tree say decide remain must.,2026-04-19
7496,741,165,1,Produce short near heavy low view air hear official always.,2025-06-03
7497,1481,634,1,Others present small carry at former close both in partner interview car sell argue.,2025-09-30
7498,1188,617,4,Station father ahead whether discover bag between maybe force.,2026-05-09
7499,585,751,1,Recognize partner on beautiful baby result market least dark fine water us.,2026-04-30
7500,494,891,2,Modern mission always huge eat painting officer full feeling may.,2026-05-24
7501,1829,350,1,Region draw bank memory economic benefit deep experience.,2026-04-23
7502,1667,914,1,Different sell my rock idea type security nearly response little life.,2025-04-29
7503,1051,261,1,Set growth buy body drop art still why international mean age establish decide such.,2025-07-07
7504,1306,301,5,Form cultural federal style drive trip floor husband fly class point occur.,2025-09-14
7505,1701,970,3,Series audience receive discover activity former notice.,2025-02-26
7506,1215,364,1,Personal take home change lot cold particularly someone information.,2025-04-17
7507,1261,75,2,Structure real figure color chair lay child skin study whatever government.,2026-01-29
7508,1164,819,4,Single future project oil someone if look professor work.,2025-04-30
7509,1509,717,4,At about for relate sound indeed clear represent.,2026-02-14
7510,5,874,3,Important tell according five either soon describe must.,2025-06-06
7511,1456,378,1,Reduce sell event series relate manager movie drive.,2025-01-12
7512,666,469,4,Color listen onto score put talk teach likely thing computer run condition court.,2025-08-13
7513,515,599,2,Choose education trip practice else bill against ok general agency.,2025-02-06
7514,241,150,1,One prove back office minute shake former suggest cost.,2026-05-12
7515,1493,91,3,Debate none answer fact often institution draw able.,2025-12-11
7516,1466,7,2,Ball film than their close senior before type have population car direction decade.,2024-07-03
7517,784,996,5,Identify read born entire past animal for religious player subject.,2025-01-29
7518,110,980,1,Room ball send forward say before small walk town future something.,2025-04-03
7519,192,914,3,American manage race street skin star new nice free become compare.,2026-03-18
7520,42,757,4,Professor lawyer color grow capital character television space rest.,2025-08-07
7521,1342,721,4,Foreign every always add production cost poor speech campaign heart the under.,2026-05-21
7522,1743,237,1,Operation pull whatever worry simple become little computer customer.,2024-02-04
7523,1033,538,4,Same shake eye we ago both rate eat voice should.,2025-09-22
7524,445,437,4,Fear movie experience development back oil go miss food.,2025-11-26
7525,82,191,2,National away seat support traditional offer write go family less condition generation ever.,2026-06-06
7526,1782,41,2,Enjoy place model out fear woman cell.,2024-04-22
7527,1271,158,3,Interest produce teacher themselves improve own tell day record expert who safe phone.,2024-03-23
7528,386,980,5,Prove house tree yet great expect his director significant book once hundred concern.,2025-08-28
7529,1284,824,5,Visit price treat degree impact west none.,2026-05-21
7530,1856,931,1,Enjoy executive note understand write man whom can similar.,2026-01-23
7531,942,927,1,Event effort chance me fire hit.,2026-06-02
7532,1794,967,2,Fall manager live think from threat whose individual member reach.,2024-05-14
7533,1253,534,3,Agent up behind keep treat national politics better cause my plan human place.,2026-03-31
7534,1188,759,2,Figure who yes performance TV everything former president eye thank condition.,2025-04-14
7535,1886,219,1,Firm look will everyone I production material body.,2025-07-19
7536,944,965,1,Note ground second network certain college civil.,2025-08-28
7537,324,392,3,Ask argue stop first hospital industry.,2026-04-08
7538,1118,107,2,Feel deal check suffer amount food use red forward fly series write.,2025-12-11
7539,748,840,5,Happen education than than she president inside hand great follow finally doctor.,2025-10-01
7540,109,936,3,Reality house everybody certain memory walk.,2026-05-29
7541,694,264,4,Serious order stop his site country whatever.,2025-12-19
7542,1363,164,2,Significant describe across conference enjoy language leave pick entire two system participant.,2024-12-19
7543,1736,320,1,Wife necessary account generation meeting spend outside itself hand ball share everyone least.,2025-04-29
7544,1648,15,3,Likely allow development Mr industry wait.,2023-09-25
7545,433,214,2,Money tend age away such population name case capital.,2025-12-22
7546,357,826,1,Country plant space vote until it those consumer property value ten politics arrive.,2025-05-21
7547,1061,913,4,Ten else the economic heart plan nothing meet son production blood ball.,2025-10-29
7548,1441,669,4,Down office give camera hair reason than could most item question deal.,2025-08-20
7549,1696,650,5,Kind mean daughter simply sport popular recently without raise religious.,2025-11-29
7550,1341,22,3,Explain relationship ahead figure skin music point quality then.,2026-04-30
7551,851,139,1,Standard director over none open measure new program.,2025-09-25
7552,1749,937,5,Determine audience history adult heavy summer worry financial together administration training work hit.,2025-09-26
7553,839,942,3,Federal catch begin discover these we nearly yes pull value.,2024-12-14
7554,1242,220,4,Story middle improve finally ever avoid specific.,2025-11-18
7555,271,971,3,Or above difficult bring budget watch item look think.,2026-05-16
7556,720,682,5,Gun maintain million cup word able similar certainly role forget food second effort.,2026-03-26
7557,744,241,4,Night century name beyond consumer often politics item once issue chair left person.,2026-03-22
7558,1830,159,1,Wall effort prove sort past point music.,2024-06-06
7559,1120,487,3,Century possible experience your there become trouble point out rock choose student.,2026-04-09
7560,444,824,1,Size friend TV language type growth attorney across five.,2026-04-03
7561,1624,676,4,Each marriage performance candidate test fish able find huge usually eat nation story.,2023-10-27
7562,1272,112,3,Memory herself place population responsibility sure early pull or plant oil room.,2025-12-23
7563,977,919,2,Current budget high soldier effect couple.,2026-06-06
7564,501,180,4,Amount pattern several smile include because.,2025-01-04
7565,252,595,4,Main practice card effect dark feel hotel.,2025-01-30
7566,36,13,1,Require knowledge position book charge behavior art.,2026-01-27
7567,1747,723,4,Turn indeed degree people past officer break true evidence pretty letter man affect.,2025-05-05
7568,1994,2,5,I drop by everything type cell.,2025-02-19
7569,1931,745,5,Page pattern bit knowledge church black window stay season leave marriage.,2025-03-21
7570,420,803,4,Build must practice government us guy live time sell admit quite too.,2026-02-01
7571,1829,921,2,Find small party pull inside act last partner lay.,2026-05-14
7572,1463,981,5,Grow education low artist push office.,2025-06-30
7573,1064,168,1,Manager this him at pay election tend bill inside.,2026-02-16
7574,1194,943,1,Respond sell interview religious really bank.,2025-08-06
7575,559,476,5,Record simple table husband season talk government break.,2025-09-18
7576,1811,330,2,Gas staff reflect heavy trip success.,2026-04-07
7577,332,568,1,Less force every stuff similar save anything create start society parent give.,2026-01-20
7578,1971,580,4,Skill international check image rise power claim top conference.,2025-07-08
7579,1719,295,2,Billion music recognize heart wonder worry fly base.,2025-12-25
7580,182,410,1,Ahead dog land blood five me capital.,2026-04-21
7581,495,910,4,Effort smile seven either member television customer cold last through finally.,2025-09-23
7582,1527,233,5,Bit cause reality several stock movie bag at east sing finish.,2026-05-09
7583,1593,521,1,What poor happy half home born lose pull risk form.,2026-04-22
7584,811,625,3,Material dog collection drug road room arm attack.,2024-02-05
7585,908,63,5,Sign exactly describe real maybe quality professional away throughout enter community.,2026-04-23
7586,1035,456,4,View away front executive candidate part candidate.,2026-06-06
7587,1296,696,3,Region minute very notice it by.,2025-04-21
7588,1991,407,5,Finally poor left already want back stop.,2025-11-29
7589,629,138,3,Scientist shoulder fast work they short fish speech beyond office threat.,2024-07-28
7590,1753,954,3,Popular account per although important thank about hospital manage occur set seem.,2025-09-09
7591,1348,394,1,Claim take identify respond analysis sport good.,2026-01-03
7592,1008,927,3,Positive sea science tax allow bit possible best hot possible.,2025-11-26
7593,1436,317,2,Sit score two anything idea line then.,2025-09-06
7594,371,945,1,Success citizen positive order population important southern.,2025-04-10
7595,511,519,3,Start want yard stay Republican those culture.,2026-01-30
7596,879,796,2,Hospital past body girl kitchen short risk yard interest past pick on group.,2026-02-13
7597,197,546,1,Name card budget hour place once.,2026-04-05
7598,311,239,1,Research entire me ability investment how doctor investment debate race success.,2024-12-03
7599,1288,493,1,Price space goal research me late.,2026-01-05
7600,645,52,3,Here ok impact campaign live pattern while.,2026-06-02
7601,1238,365,2,Tv military share shake least occur song management free network.,2024-06-27
7602,551,53,3,Hope fight minute cost add step that style sound yourself.,2026-05-15
7603,1818,696,2,Feeling ability guess news almost choice civil appear collection southern loss attention down however.,2024-10-25
7604,1623,962,2,Card key build enough strategy happen piece test on majority.,2025-01-03
7605,798,790,1,Ago cover those threat story now occur good lot town rule soldier.,2025-10-11
7606,1303,323,2,Loss sure us tend process candidate argue.,2025-12-28
7607,394,762,2,Station no great hit every clearly color material table.,2026-04-26
7608,1200,591,3,Any again outside fall product card board environment.,2026-05-27
7609,25,78,4,Whether under grow start mouth respond place help far.,2026-05-16
7610,988,323,2,Really paper nor young through move citizen marriage indicate.,2026-03-28
7611,1606,547,3,Close art indeed rule smile from in hold five.,2026-03-28
7612,523,545,5,Including interest in politics itself old rest note end later.,2026-04-20
7613,691,103,1,Car doctor market face hotel least among occur according head.,2024-11-20
7614,1650,269,5,Help young art line value role door Congress blood range research upon order.,2025-11-23
7615,517,705,5,Inside skill hour too do very.,2025-05-02
7616,1038,918,2,Mrs more including draw every theory voice election bad region.,2026-03-12
7617,772,349,5,Tree worker then wonder fly boy second choose.,2025-03-07
7618,1841,956,3,Watch free recently candidate practice remember produce relate food practice share guess certainly.,2026-02-07
7619,1852,550,5,Where here follow father lead action maintain night size tax serious thus.,2026-01-15
7620,1900,132,3,Deal blue audience poor door discussion west goal party read news machine value.,2024-08-09
7621,524,114,5,Ability bit ready summer stand letter house light heart indicate measure new call.,2025-06-16
7622,795,291,4,About individual executive economic so indicate sometimes down kid there media two.,2026-03-13
7623,1793,946,5,Include also local trade board next mission beautiful lead party for.,2026-04-10
7624,1375,264,4,Management health cut none character worry pressure.,2024-06-19
7625,650,878,3,Too reflect mission school seat now.,2025-09-10
7626,1571,321,4,Left stop according then cut voice case street guess growth value camera decade.,2026-02-05
7627,251,290,2,Find memory people gun plant clearly middle black decade.,2026-06-05
7628,416,8,5,Artist require dinner specific draw player wrong.,2026-05-10
7629,394,858,4,Call early medical whatever serious identify determine whose poor.,2025-09-30
7630,1888,973,2,Skin recently give community life wear foreign nor.,2026-06-06
7631,1489,519,3,Test that senior finish world support.,2025-07-16
7632,1160,128,4,War picture discuss me old alone back realize crime.,2026-03-30
7633,296,314,4,Tonight good make among everyone door.,2024-09-13
7634,714,951,5,Direction step out break stuff fish now base trouble wear television health.,2025-09-16
7635,1331,402,5,Pass laugh less girl record smile significant across yes send.,2026-05-19
7636,468,639,5,Success song evidence per nothing yeah live wall nothing try.,2026-05-08
7637,743,354,2,Economic eat building seven research decade fine behind visit none huge style drop answer.,2026-02-28
7638,1985,131,5,Cultural management who pull before occur lay field occur write.,2025-05-22
7639,1664,758,5,When send generation owner it prepare education.,2025-07-08
7640,1163,32,4,Up meet peace financial suggest onto unit lose main contain me account individual.,2026-05-30
7641,340,795,3,As close explain ahead already girl marriage catch million.,2025-04-22
7642,5,620,1,Change general executive age almost must.,2026-01-26
7643,1956,202,2,Impact explain catch woman subject phone around president finally radio.,2025-07-27
7644,1859,137,1,Name three start situation you worry machine only ready together wall its.,2026-03-04
7645,937,194,1,Entire threat station yes cell air agreement consider military play option throughout.,2025-11-09
7646,237,774,4,Perhaps another rather trade player plant treat arm with.,2026-02-03
7647,944,608,3,Data sometimes half according present onto probably cell foot court marriage keep.,2024-12-08
7648,157,728,3,Bed finish actually TV have himself pay level upon two letter always either.,2026-02-20
7649,1581,20,1,Around upon to increase cut shoulder house general.,2025-03-17
7650,1275,113,5,Job fall public their seat enough line political take.,2026-04-22
7651,557,304,3,Check heavy save society sound off once.,2026-06-06
7652,1542,929,4,Design international window conference staff own wife.,2025-11-19
7653,1268,282,3,Both home professor forget hold yourself there increase change often team suddenly impact.,2026-06-05
7654,1609,107,3,Most per defense speak especially if project carry police between fine.,2025-02-15
7655,1553,712,4,Lose protect great coach lot feeling affect range tonight baby next development.,2025-02-19
7656,1136,14,4,Leg our baby court few toward keep film story old guess.,2026-02-11
7657,1240,55,5,Team way national budget tree about court.,2025-11-12
7658,1604,26,5,Visit military eat address successful talk or Mr why.,2025-11-01
7659,616,715,5,Speech performance almost vote grow risk alone assume year sister.,2025-12-07
7660,1600,775,2,Edge eat address model task head woman design social nor family large.,2026-02-23
7661,392,208,5,Although news lot deep keep act above project large Republican boy.,2025-12-07
7662,1958,523,4,Generation moment cut important wall night year cost where let huge tonight.,2025-05-26
7663,639,854,5,Million rock because quality decision necessary.,2026-04-12
7664,1042,934,5,Organization human small inside dog understand attention cover security theory personal reveal table.,2026-05-06
7665,543,823,4,Explain catch determine the spend mission.,2026-05-04
7666,177,913,2,Course central voice subject sister however civil someone phone hit risk present as.,2024-02-26
7667,1873,703,4,Read especially certain pull agreement seat.,2025-09-07
7668,1190,544,1,Movie woman somebody position audience growth some form or talk.,2025-04-12
7669,482,857,1,Piece central thus home own really smile green group support.,2026-05-08
7670,360,827,1,Similar artist later west force dark rest finally.,2025-11-02
7671,1641,76,5,Somebody nation discussion every local occur third.,2026-04-23
7672,284,438,3,Visit there which wish us protect during on cover.,2026-01-20
7673,663,236,3,Management while what always mean cause finish help force indicate.,2026-06-06
7674,1408,759,2,Can man within course event occur we four response bank phone.,2024-09-01
7675,1677,245,1,Over admit woman exist create thousand quickly firm offer reduce.,2025-11-24
7676,1055,991,2,Open son computer present similar fine.,2025-05-22
7677,1055,887,5,Fear arm record perform sometimes energy.,2024-12-20
7678,1384,456,3,Send child eight low test magazine reflect have political.,2025-05-14
7679,1345,480,3,Party rate subject yard community play bit day value.,2026-06-03
7680,452,275,5,After once mind letter both from any commercial.,2024-03-09
7681,463,228,1,Community election government down defense yet meeting student chair administration how company.,2026-03-08
7682,1501,436,2,Audience fund garden federal war writer state end traditional.,2025-11-29
7683,1705,109,2,His pass long moment day network watch company current physical whose western question.,2024-09-16
7684,1938,905,5,Century trade tree your then myself.,2025-07-29
7685,1425,100,1,Employee send four rate whether they each around room already attention.,2026-04-17
7686,1869,333,2,Card treatment assume act deep current property save successful house.,2024-07-16
7687,701,522,1,Within article visit increase be instead have similar professional notice each hair.,2025-11-14
7688,1720,606,5,Particular thus seat recognize nation president exist.,2026-04-02
7689,1598,760,1,Radio town my alone support conference sit anything stock.,2024-12-26
7690,26,476,5,Church number also now election appear event hospital cut through get.,2026-06-01
7691,1861,217,1,Huge investment former standard sometimes camera knowledge attention record we.,2023-10-30
7692,356,581,2,Break claim modern process site reflect discussion account reach put peace certain ready entire.,2026-06-05
7693,1106,116,2,Friend measure edge rich operation there able marriage.,2026-04-28
7694,1193,255,5,Two reflect any guess through usually artist tend.,2026-02-02
7695,1430,493,4,Lose in collection wear look what analysis measure send religious.,2026-03-04
7696,1298,390,2,Business room candidate crime piece month get.,2026-05-28
7697,633,55,4,Other sign system I modern after defense source heavy little seat us control.,2026-04-05
7698,1659,864,2,Building probably system bar network north usually campaign yeah.,2025-09-24
7699,837,57,2,Later be somebody right behavior letter return indicate another possible anything magazine.,2026-05-31
7700,834,961,4,Responsibility near environment factor much western.,2025-10-12
7701,1690,998,3,Rock education next blue approach wide side us energy article.,2026-03-10
7702,1482,241,1,Officer fly ago let eye store.,2025-08-21
7703,1167,729,5,Seat enough cup ability bill them bank community go as.,2026-05-25
7704,343,218,3,Old six strategy street season reveal.,2024-12-12
7705,1004,396,1,Provide sea fly here become lot order serve inside great prevent.,2026-05-11
7706,1203,350,4,Figure contain personal each south style girl Democrat senior.,2026-02-19
7707,282,675,3,Deal other military seat tonight task level walk sense.,2024-08-19
7708,1440,641,1,Hotel claim return realize treat at because close hold role try ability free.,2025-11-18
7709,1795,706,4,Maybe indicate also real but paper east.,2025-11-22
7710,1326,939,4,Probably spend money check fill subject.,2025-02-24
7711,487,844,5,By media show middle occur relationship partner black.,2026-05-07
7712,1983,690,2,Watch run present necessary discussion unit.,2026-03-24
7713,1738,761,5,Sometimes development watch yard why account cut mean.,2026-06-02
7714,745,700,1,Themselves single each knowledge country according low upon.,2026-01-22
7715,1998,725,2,Animal trip drop argue operation hundred yes our.,2025-08-22
7716,1010,236,1,Score top work four fear Democrat hope property defense.,2026-04-13
7717,474,747,1,Reduce daughter and station standard task.,2025-06-28
7718,1111,531,2,Worry not everyone maintain security movement join.,2026-04-14
7719,1894,226,1,Answer particularly task spend now soon prove make live whether light tax.,2025-10-28
7720,1766,830,1,Baby know fear likely shake billion organization shoulder with.,2024-01-04
7721,1910,76,5,Fight audience her with realize visit organization.,2024-12-15
7722,1796,737,1,Loss people my I population series structure event.,2026-03-02
7723,1188,695,1,Benefit understand establish age floor offer personal possible pull.,2023-08-04
7724,910,14,5,Federal low game happen year become century sport high Congress.,2025-08-08
7725,162,799,3,Maintain trial contain national culture piece.,2026-05-15
7726,112,743,5,Impact production generation agreement such born process short.,2024-07-31
7727,648,120,1,Current partner clearly whatever surface such sense little together color glass answer.,2024-03-10
7728,394,9,2,General participant general country to green.,2025-08-20
7729,852,141,2,Want amount feeling enough history happen few way so.,2025-05-12
7730,876,81,1,World address decade chance rest hold cultural letter decision.,2026-01-07
7731,1920,578,4,North natural bank people picture bed improve upon medical alone military.,2025-02-07
7732,1685,345,3,She door stock how process remain also here measure win far.,2026-04-20
7733,245,929,2,Suffer future upon on message another person.,2026-05-03
7734,743,951,4,Century way affect kind herself among treatment woman.,2025-07-11
7735,358,194,2,Forward foot age reality enter consumer.,2024-09-08
7736,54,180,3,Ever behind occur cost difficult job.,2026-04-20
7737,1475,379,4,Plan off rate election especially shake.,2024-08-17
7738,187,435,3,Manager consumer concern once tough from enough military just.,2026-05-18
7739,5,482,1,Card thousand positive tax by exist response traditional play event.,2026-04-06
7740,399,439,2,Mission just fall name whom home million trip.,2024-08-29
7741,1007,685,2,Owner morning impact rule box little organization expert almost stay.,2025-01-20
7742,39,484,2,Game example push apply agency move dog key hand late trade technology music.,2026-01-30
7743,1413,603,1,Newspaper deal perform tend food marriage.,2024-10-14
7744,433,613,5,Couple together quite writer make their interesting western best.,2025-12-21
7745,1135,564,3,Along occur professor yard law executive cold child big watch laugh.,2025-10-02
7746,1167,875,1,City million officer actually glass light opportunity color last court.,2024-03-14
7747,1411,323,1,Raise organization amount present law star.,2026-06-05
7748,1517,425,4,Your detail college thousand reveal production large.,2023-11-21
7749,1792,278,4,Morning leg sure reveal west my condition animal avoid really.,2024-04-30
7750,1944,880,3,Deep help interest none successful during parent population might tree accept.,2025-05-19
7751,1156,453,1,Life participant simple they else word camera too also.,2026-02-12
7752,1406,474,4,Result about long plan source cause play per look under hundred be group.,2025-02-22
7753,506,731,2,Term trip until drug reflect him.,2024-09-11
7754,1456,737,4,Care fast human last site water certainly cell.,2025-11-16
7755,1890,65,5,Next billion girl major avoid change level budget low arrive.,2025-12-01
7756,1977,47,2,Thing recognize surface from series speak soon cup improve must would it.,2025-04-25
7757,488,75,5,Player old kind though country hear wife likely.,2024-10-04
7758,390,810,5,White bank threat matter sign generation.,2023-08-25
7759,1972,248,5,Staff writer it hour various agency.,2026-05-13
7760,806,436,5,Least trip sign Congress those recently model.,2025-10-20
7761,1127,450,3,Require key free more show hand watch reflect teach protect.,2025-03-02
7762,341,643,5,Challenge try word down rich great life stand.,2024-08-08
7763,761,997,3,Long hard week between cup war across no perform number.,2026-05-11
7764,600,439,5,War section protect drug remain protect eye task position a especially memory for.,2025-03-30
7765,1529,754,4,Add administration call then kitchen might top cell not.,2024-05-19
7766,1783,71,2,Use suffer through begin bill heavy.,2025-12-13
7767,935,767,3,Push fine begin economy significant move.,2026-05-13
7768,1499,475,5,Position stay thank beyond size set seek up strong push simple public.,2024-11-04
7769,1051,837,1,Good interest too yeah ago ball real industry by behavior action.,2026-01-04
7770,543,897,5,Dark source company their field best it whatever value actually necessary.,2023-12-31
7771,1726,974,3,Artist democratic civil sometimes pressure Mrs base once life.,2026-04-18
7772,1137,777,2,Morning mention forward we could analysis result ago follow cup.,2025-09-02
7773,369,48,5,Social shake leave training contain young on mouth suddenly.,2026-02-15
7774,1636,771,2,Together machine suggest anything it Mrs act.,2026-05-11
7775,1122,206,2,Positive candidate area large more anything that here outside.,2025-10-23
7776,1014,200,1,Work generation until four fight next leave approach mention total computer deal maybe.,2026-05-25
7777,743,92,2,Citizen second whether condition the example visit throughout top.,2026-06-05
7778,956,257,5,Economic majority employee scientist buy director parent.,2025-02-27
7779,599,135,1,Professor baby statement player poor unit writer prepare work as finish possible develop.,2023-12-14
7780,1477,127,1,Just community amount research specific me both will unit theory have market.,2024-10-31
7781,1314,326,1,Clear data any result miss environmental investment.,2025-11-11
7782,862,27,1,Hold think eat cut physical guy exist energy including professional former baby.,2025-09-03
7783,42,224,4,Approach or reach big through thought law part course avoid staff air.,2025-09-15
7784,1264,901,1,Mr old hundred dark discussion drive message deep exactly.,2026-03-10
7785,1331,952,3,Chance stand might standard meet suddenly worker.,2024-03-22
7786,1591,986,5,Idea before very fear myself list tonight director.,2025-07-02
7787,1219,414,4,Ball team huge floor if and real dream democratic husband.,2024-11-07
7788,1063,114,3,Structure bank so memory expert bed local increase record top build usually imagine.,2025-06-06
7789,1421,450,5,Eye yes serious fire claim rich account debate politics thousand behind.,2026-03-14
7790,625,772,1,Tell conference talk model statement under property per.,2025-09-18
7791,662,837,5,All whose black trouble be debate for seat as stand throughout reflect front.,2026-05-11
7792,486,238,5,Where hundred writer give result challenge idea son plan ask face.,2025-05-17
7793,296,746,2,Anyone structure our between consider early within head.,2026-05-27
7794,1210,677,2,Most action Republican left son change either these form.,2026-05-01
7795,851,333,5,Once give plan capital media avoid difference.,2025-01-12
7796,1537,506,2,Go number road another office sense matter seven understand.,2026-05-08
7797,1645,556,5,Father modern natural politics along season practice.,2024-09-20
7798,273,964,1,Class view too skill process watch where network.,2026-05-24
7799,137,97,3,Grow list play rule war water read produce start movement statement.,2026-04-12
7800,1974,925,2,Car agency run quality full nearly identify career various task indicate generation word occur.,2025-09-01
7801,1400,288,2,Argue deal him floor party personal tough young popular by.,2025-10-14
7802,1412,482,5,Decision nor white set mission crime relate.,2024-07-09
7803,1972,734,2,Allow suddenly within mind different professor administration adult short word stop.,2023-09-12
7804,866,286,4,He instead open plan leader me across.,2024-08-20
7805,754,167,1,You yard color often everybody would sell tough evening.,2026-05-24
7806,116,805,1,Pressure friend yes TV young toward popular size official local indicate represent from.,2025-05-19
7807,1108,741,4,Person key she program book prepare.,2026-01-31
7808,1556,769,3,Still more drive age form especially.,2026-06-06
7809,1263,614,4,Serious sometimes lay poor grow hair worry Mrs entire study identify.,2024-06-08
7810,462,830,3,Parent even military let what family ask.,2026-04-27
7811,150,84,3,Factor air if brother however from control describe take risk main high.,2026-03-29
7812,987,451,1,The turn show though understand only entire long.,2023-10-14
7813,1178,943,4,Few student movement beat enter activity arrive five set charge.,2024-08-17
7814,464,48,4,Protect voice full fear leave establish this itself clear.,2024-11-02
7815,1557,576,3,Probably look nature wide they yet arrive inside figure visit capital.,2025-10-10
7816,982,919,3,Grow cold seek under with door crime article medical.,2026-04-18
7817,408,491,3,Allow hear finish rich analysis together their.,2026-04-15
7818,463,317,4,Themselves into produce model pay song accept natural TV such record hold.,2024-03-27
7819,1608,916,2,Determine hard face sit than eat begin read cultural.,2025-02-21
7820,620,636,1,Big million against past field fight task last.,2024-05-28
7821,1423,516,3,Feeling key get fly movie miss.,2026-01-27
7822,1582,551,3,Memory anything herself then later art stage scene least step item employee wrong.,2025-07-31
7823,902,703,1,Few fund already side fear national girl.,2024-10-07
7824,36,774,5,Should our politics bring film station third usually.,2024-07-06
7825,1667,361,3,Affect field success record even race hope debate good whatever so.,2025-10-02
7826,1460,981,4,Often growth and bag owner about southern grow meet past who task onto.,2025-02-15
7827,78,993,1,Lot guy why wear those probably best two room reflect property sense.,2026-04-03
7828,1893,783,1,Line investment then station improve knowledge figure price quality.,2024-06-06
7829,1146,116,5,Would what spend staff total instead lawyer idea its himself.,2025-11-24
7830,1033,694,2,Head pass deal factor true reason.,2025-03-18
7831,989,90,2,Than hope show draw sure mission involve over again.,2025-03-29
7832,975,275,1,Usually maintain act common knowledge mother ability standard result level black American finally.,2025-05-16
7833,1760,650,2,Practice church both southern option performance eye himself risk here feel.,2025-09-14
7834,1824,847,1,Various per not political keep top two smile show become.,2026-01-15
7835,127,213,4,Grow yourself administration ability radio exist play director individual adult control.,2026-04-12
7836,1501,456,2,Travel buy room three amount mother federal.,2025-10-08
7837,499,897,4,Usually lose body along lay letter piece the computer tonight politics.,2024-03-29
7838,138,843,2,Pull various race interview with key way after fill cause put.,2025-06-06
7839,1923,125,5,Require spend research officer cell girl even song true mean.,2025-06-28
7840,738,125,3,Well minute issue pressure decide others baby better ability actually occur rich well.,2025-01-15
7841,693,843,4,Daughter possible power attention thus lose south like claim.,2026-05-03
7842,48,970,5,Order enough dark candidate share development keep fish message short collection whether.,2024-10-31
7843,1417,173,5,Case social watch fish participant service until assume teach create again laugh.,2026-02-20
7844,715,931,3,Cultural wait finish player operation smile source impact fill born author.,2025-09-20
7845,791,369,1,Rest significant sell chance brother career Mr exist popular.,2026-03-13
7846,1612,668,3,Fear teacher improve provide believe avoid next age campaign street power.,2026-02-13
7847,1373,337,4,Choice same show law take floor report quickly man.,2026-05-27
7848,120,679,2,Return listen card couple forward yourself meet listen agree discussion gun thousand imagine.,2026-05-06
7849,884,981,5,Good alone marriage well start attorney another serious nearly usually morning.,2025-01-10
7850,1915,140,5,Where believe develop cover western national school education might.,2026-05-17
7851,413,97,5,Seem down group world unit avoid debate parent.,2025-07-01
7852,1026,217,1,Again always toward how school sister huge institution daughter activity response.,2026-04-09
7853,316,197,3,Through board half couple past after lose again.,2025-03-19
7854,1205,315,5,Notice everybody people hand it ground method page again.,2025-09-25
7855,838,856,4,Bed respond good course or federal.,2026-02-02
7856,711,395,5,Top rich individual training order rather various my.,2025-03-31
7857,1975,500,1,Deep quite near treat daughter consider similar none onto foot purpose rich young.,2026-01-30
7858,713,557,3,Hair American law difference compare leg color experience.,2026-02-11
7859,1328,721,3,Possible course five say check actually late small.,2024-09-30
7860,674,310,3,Seat material power citizen nearly itself yet.,2025-09-08
7861,722,144,1,Good shake too must form design if will.,2025-11-21
7862,1852,803,5,Ten test be drug investment tree position not this traditional doctor herself.,2026-04-06
7863,982,768,1,Choice place item who blood deep.,2025-11-03
7864,764,484,4,For send wish newspaper act name analysis heavy past interest.,2026-05-31
7865,1288,248,1,Red direction per sense security view any.,2026-03-02
7866,239,48,5,Treatment will each price task simple.,2025-06-03
7867,18,805,5,Focus plan child of and side technology.,2025-06-07
7868,360,873,2,Probably good fund state player defense top gun relate.,2026-01-14
7869,902,548,5,Choice hair should staff include technology set.,2025-11-13
7870,1069,441,4,Treatment see couple perform effort process employee upon.,2026-05-18
7871,448,289,4,Within religious wall small drive land deep gun every view race fear however.,2024-04-16
7872,1058,578,2,Power range event mention series state two me shake purpose head book.,2026-04-24
7873,1716,449,5,Around control west very society tonight.,2025-11-14
7874,1926,525,5,Either consider success serious truth inside.,2025-03-03
7875,8,150,1,Give collection key citizen result arm scientist theory understand including.,2025-05-26
7876,1642,168,1,Certainly opportunity become sit stuff air yourself white consider.,2025-03-13
7877,760,765,5,Myself without no west trouble cold blue event probably manager.,2025-12-12
7878,98,81,5,Ok something nearly edge large leave job finally build live season.,2025-07-10
7879,1615,893,4,Available hold office politics special season protect anyone generation line once.,2025-12-15
7880,1873,110,1,Old keep majority usually practice because Mr wind toward market.,2024-09-12
7881,1428,484,5,Coach process add show serious training nice pressure success ahead else might kid.,2025-12-20
7882,709,625,1,Industry door light respond must commercial program federal.,2024-02-01
7883,1394,114,5,Gun various media sure win skin heavy sea.,2024-08-12
7884,612,28,3,Term authority conference field reduce mother always.,2024-01-07
7885,182,476,1,Position truth alone some if conference very yet group blue discussion must left.,2025-04-05
7886,247,104,4,Relate sign hear recent PM show.,2024-12-22
7887,1296,947,1,My his something other job easy customer name.,2026-02-16
7888,419,448,4,Six run point beyond where capital.,2025-10-27
7889,273,255,4,Budget near though must hour somebody treatment economy already.,2025-12-17
7890,77,2,1,Time firm offer base program agree family artist may.,2026-05-13
7891,1009,686,2,Need study choice particularly tax already only serve clear thing.,2026-05-17
7892,463,19,4,This part capital wait six drop positive third dream agent work need power.,2025-09-28
7893,127,531,5,Better hundred administration reach example interview.,2025-11-16
7894,721,339,2,Her rise front necessary hard opportunity machine opportunity but information write away even.,2026-05-07
7895,1879,691,5,Within along vote marriage Mrs able lead.,2025-06-06
7896,1763,40,1,Plant network upon sing day another manager majority hot heart American address trip.,2026-04-04
7897,1492,112,3,Eye explain find president lay man reflect.,2025-04-13
7898,434,532,1,Officer artist cold approach should dinner partner company reflect.,2026-04-07
7899,773,202,3,Art between organization standard remain computer.,2025-10-23
7900,1196,64,3,Time executive never firm sing admit travel.,2025-04-29
7901,757,199,3,Decision pressure study reflect agreement school human fall others strong open customer above.,2025-10-24
7902,548,264,3,Value year especially receive argue herself still paper perform mission.,2025-03-27
7903,86,564,1,Fear exist discover unit song find admit sure to support teacher many brother.,2026-01-18
7904,1224,838,2,Name human size staff plant consumer music thing.,2025-09-03
7905,1882,224,4,Recently true myself sure why despite blood pretty dog.,2026-03-25
7906,1920,667,1,Moment view item ready know think system magazine art show not.,2024-05-12
7907,624,395,2,Rock defense think recently future house security car wait realize executive win.,2024-06-02
7908,25,503,2,Crime official remain read high experience structure effort development artist may happen lay.,2026-04-28
7909,113,171,2,Manage ability could alone section image.,2024-12-19
7910,1024,763,5,Behavior customer that last site church provide age only go.,2026-02-02
7911,1151,877,5,Ago appear least boy share firm he.,2025-11-18
7912,181,427,2,Tax he nation information challenge thousand school wonder suffer store.,2026-02-25
7913,305,996,2,Animal soldier who physical his let red employee public at weight.,2026-03-03
7914,179,990,5,Senior beat would manage reflect thus international appear real.,2025-11-11
7915,253,422,3,Beyond different again strategy television garden teacher.,2026-03-05
7916,582,254,5,Community plant debate cultural card woman expect community perform property special.,2025-09-03
7917,1936,814,3,Her current from administration Mrs theory her single make affect likely board.,2026-04-08
7918,1754,368,2,Technology drug until cell central also possible.,2026-06-04
7919,1353,77,2,Total ball behind sound thing class language feeling scientist still.,2025-11-15
7920,1509,757,3,Job not you increase expect participant never worry someone particular.,2026-02-12
7921,364,886,3,Into talk beat say for news front particular until purpose energy.,2025-12-05
7922,449,975,3,Central note there manage positive he point where meet very citizen green serve.,2025-12-07
7923,296,929,4,Role adult technology Republican detail place record newspaper similar future performance provide remain.,2025-05-09
7924,391,724,5,Control any Mr toward enter cultural available put of those huge land.,2026-05-07
7925,1327,739,1,Sign hold wear raise kind although week mention consider.,2025-02-05
7926,219,305,4,Family similar one baby successful join onto mouth surface day teacher.,2026-04-23
7927,1044,926,5,Site simply democratic population room travel Congress they establish home matter inside break.,2026-04-10
7928,62,174,4,Administration age mouth month public case religious.,2025-07-28
7929,1570,558,5,Indeed manage service law rise cold share without think.,2026-04-23
7930,611,299,4,He yes step address road impact condition move.,2026-02-11
7931,132,139,3,Green pass whole like instead arm mission push accept water hand foreign think.,2025-08-27
7932,277,410,1,Eye magazine somebody sing live plant.,2025-07-17
7933,1768,325,3,Item season door resource value level manage carry foot add.,2025-03-09
7934,929,661,5,Eye detail again until service spring.,2025-09-03
7935,48,608,1,Risk more away professor child grow indeed ready add nearly cut gun water.,2026-02-23
7936,1048,20,1,Drive say study year officer bad address glass term central short people though.,2025-10-22
7937,1905,595,1,Rate physical because first phone its.,2025-09-05
7938,1876,571,5,Cold lose suddenly political sort agreement herself fear.,2026-02-02
7939,601,19,2,Material current ability article field kitchen memory front subject.,2023-12-26
7940,79,451,5,Option foreign level must nor six say standard.,2026-02-02
7941,1725,371,2,Add course onto catch different result bill health.,2026-02-09
7942,434,336,3,Six couple within son throw camera various everything push between without threat size finally.,2025-03-02
7943,1966,454,5,Process hard bit information hot soldier for.,2026-02-17
7944,1729,484,4,While dog too social term whether newspaper skin lawyer require customer cause decide.,2026-01-20
7945,727,465,5,Theory risk fast large finish through fund network with natural already.,2026-02-20
7946,57,665,4,Almost type box garden good evening last.,2025-05-02
7947,93,875,4,Culture friend bad building expert understand again build small which them.,2025-08-05
7948,1494,266,1,Fill perform degree skill take certain else.,2026-06-03
7949,1420,437,4,Morning summer event green during energy leader game pressure party effort.,2025-04-19
7950,216,31,4,Call us beautiful she all power.,2026-06-06
7951,654,910,1,Rather lay wait worker worry wife down ask miss challenge.,2026-04-23
7952,549,547,3,Room happy rock base carry less morning even table answer kitchen establish.,2025-08-26
7953,757,512,1,Others country walk trial sing various throughout address and remember process field write.,2026-05-22
7954,1277,659,2,Every suffer black charge food reflect beat.,2026-06-04
7955,558,416,2,Writer would identify radio the from those field.,2026-04-05
7956,227,63,3,Play thing security body lose side at good job lawyer drop.,2025-01-19
7957,1081,293,5,Enter contain present way forward bit positive drive water church concern.,2026-03-28
7958,1914,941,2,Over difficult commercial heavy choose beyond.,2024-11-13
7959,509,927,2,Relationship by home nearly visit agent wish small.,2024-04-10
7960,1313,855,2,Stuff degree response through manage foreign read.,2026-06-03
7961,711,81,4,Himself you total person scientist recently hear first would start hot such.,2025-07-29
7962,12,824,1,Choose past after name different call live argue main pretty eat.,2026-05-14
7963,1563,284,2,Present age notice almost water week firm hotel top look let single.,2026-06-05
7964,1501,656,2,Material order fear foreign account another practice positive carry expect building.,2025-11-09
7965,841,780,4,Business phone dog process ready life perhaps head.,2025-02-15
7966,1948,140,4,Big ever no seem main toward operation couple budget.,2026-02-18
7967,1294,75,3,Just measure easy father think image charge.,2025-09-28
7968,1083,933,5,Quality stuff until source fire approach artist owner toward.,2024-10-23
7969,1028,75,2,Course page music determine section least bank similar talk news.,2023-11-23
7970,939,999,4,Form drop create guy could rich friend war out blood bring occur light.,2025-10-30
7971,1011,960,4,Able make design require realize outside camera really.,2024-02-01
7972,900,394,2,Send develop through discussion dog discussion speak evening street still situation western.,2024-11-26
7973,774,810,3,Consider more knowledge success peace hope force idea lawyer.,2025-12-20
7974,616,792,3,Five choose day clearly color treatment not nearly industry.,2026-05-30
7975,665,887,1,Same defense build wish positive behavior behavior law ahead.,2025-11-06
7976,1502,806,2,Visit that first nature add imagine opportunity someone seek total.,2026-05-03
7977,1670,152,5,Year argue evening yes religious movement former employee their.,2025-12-24
7978,1461,876,4,Our notice upon million different necessary along support day hospital set crime future.,2025-05-28
7979,837,779,2,Money turn teach go recent four street bill.,2023-12-25
7980,1349,27,1,Recognize organization present hand network number property.,2025-10-03
7981,1727,317,2,Speak matter Congress again against might would stuff teacher government get church step.,2026-04-12
7982,1771,678,1,Middle cell rich quality suggest they affect professor minute business fish.,2024-11-29
7983,620,805,5,Wall help maybe window service final act fund long mother speak.,2026-04-21
7984,422,173,1,Garden kind campaign staff keep building.,2026-02-26
7985,475,33,3,Her push value another discover car best coach suddenly history society.,2026-04-03
7986,1816,60,2,Coach range store former third agent interesting.,2026-04-22
7987,300,135,3,Control because turn culture decade past pretty body against whole consumer.,2025-07-03
7988,1926,810,5,Quality benefit whatever base community drop mind blood.,2025-04-14
7989,967,218,2,Rate interest rich such long you thousand meeting science.,2025-12-05
7990,686,75,4,Country pretty individual never man against fact official image.,2026-05-30
7991,1475,586,4,Debate nice side music move scientist natural.,2025-05-27
7992,1509,203,5,Law happen hope series total woman less for.,2024-10-14
7993,1017,235,1,Soldier feeling us common cold go might law week wife several trip.,2025-03-03
7994,1068,573,3,Prepare rock behind young occur care process with me natural upon.,2026-05-10
7995,1609,353,5,Significant industry commercial serious American cause.,2025-05-26
7996,893,478,3,Green or consumer fish eye author region agreement across.,2026-03-27
7997,1061,856,2,Laugh away investment American science nearly kind prove economic three.,2026-04-14
7998,1658,770,4,Write which list skin economic all new sign war.,2026-04-21
7999,1658,538,4,Customer toward even truth road politics energy hospital specific might nice for safe.,2026-05-17
8000,795,67,5,Range ground way career life close.,2026-03-24
8001,373,627,5,All think civil cup stay do society.,2026-04-16
8002,1642,495,5,Process hard support yeah example TV exist including cost front name through common.,2026-04-21
8003,750,4,5,Moment friend far final what quickly food these government hear.,2023-09-08
8004,1872,601,2,Wind very moment cell one behind light.,2025-10-17
8005,607,68,2,General reach Mr as impact lawyer senior send inside leg.,2023-12-05
8006,1553,939,5,Personal pull someone out affect evidence certainly walk.,2024-10-30
8007,641,718,3,Song pick officer and give year partner.,2025-11-05
8008,930,293,5,Character live style minute statement major white positive.,2026-04-04
8009,732,73,5,Every letter movie support third study as maintain stock garden have today.,2025-01-15
8010,1505,523,2,Fire budget tell style represent adult gas continue watch activity focus themselves instead.,2024-12-02
8011,906,657,2,However big guy explain senior live future second.,2025-08-25
8012,914,89,2,Public item general current interest project will home high budget account approach write.,2024-12-31
8013,1375,482,1,Physical interest television administration through left yourself join small could become.,2026-03-02
8014,1398,290,1,And view care of let near son.,2026-01-27
8015,1514,633,5,Attack me church seem structure rate.,2025-08-28
8016,1051,135,2,Officer parent boy serious science worker pretty color best firm resource me.,2025-06-28
8017,521,69,3,Night government paper final skin least number number.,2026-01-14
8018,1541,824,3,Senior tonight force building program letter.,2025-08-11
8019,907,514,1,Act number thank behavior writer thus task from summer wonder trouble.,2024-11-04
8020,786,745,1,Technology heavy those create resource his trade.,2025-09-19
8021,1102,169,2,Staff end store think size their draw plant ready president theory share cup.,2025-09-30
8022,1633,719,3,Car federal whatever interesting which over model office.,2025-06-29
8023,1424,927,2,Place thing family rich whether through gun.,2026-05-18
8024,1728,178,2,Director mouth star break public much share doctor over coach factor figure.,2026-03-28
8025,404,293,5,Management goal then industry watch around they energy rich difference.,2026-06-02
8026,1892,114,3,Goal religious bag world party policy pattern PM whole.,2024-08-04
8027,927,667,1,Employee none remember company own head security.,2025-08-20
8028,1673,950,1,Party onto game carry determine group parent month seek sit sign news report.,2025-06-09
8029,989,915,4,Task east respond appear recent drug organization moment.,2026-05-11
8030,1773,161,5,Theory career today pattern affect glass.,2026-03-29
8031,1996,225,1,Treat kind hundred sit hot candidate cultural no less enough science.,2024-05-13
8032,1903,333,2,Case these hospital performance center pick young.,2024-03-06
8033,1776,762,3,Lose scientist rate force into serious let daughter evidence pattern.,2026-04-16
8034,1924,38,5,Somebody sing choice war second candidate necessary.,2026-03-27
8035,512,106,1,Less likely smile main certain way voice my race.,2025-05-03
8036,1978,563,3,Offer position first story enjoy significant security hotel always over.,2024-05-04
8037,1762,674,4,Care ago task serious government herself simply he benefit specific firm.,2025-03-13
8038,198,882,5,Quickly watch party specific compare meet great entire major act future particularly what black.,2026-05-04
8039,1045,864,1,Few lawyer light since project return rise.,2025-03-08
8040,1343,93,1,Against time myself buy once east.,2024-11-06
8041,483,926,1,Near model exist strategy matter stock water great.,2025-08-24
8042,260,892,5,Spring finally worker summer lead model support detail.,2025-08-19
8043,1725,750,5,Purpose heavy natural hope brother war.,2024-06-11
8044,1223,958,3,They lead ready here type daughter big kitchen street relationship exactly government remain.,2026-01-28
8045,175,667,2,Thought skin no act administration during significant including case most.,2025-04-02
8046,33,458,2,Society east development likely response such.,2026-06-02
8047,1115,475,2,Almost large measure anyone current evening help.,2025-06-07
8048,1439,687,4,Certainly position occur never middle argue another.,2025-11-29
8049,30,851,2,This away different investment coach reflect improve particularly.,2025-12-06
8050,1262,135,1,Though worker operation win down right.,2025-09-29
8051,1026,498,2,Street use always view since skill long play.,2024-12-08
8052,147,788,1,Degree though natural return though true buy admit draw later operation spend purpose.,2026-02-04
8053,8,201,5,Central long bag fast fight plan run.,2025-02-20
8054,1896,917,1,Service avoid drug picture modern serious hear.,2026-02-09
8055,1405,4,5,Party life trip follow coach them know call water field.,2025-10-07
8056,1923,517,3,Teach forget ok us next more difference body practice know far position phone.,2026-03-10
8057,938,655,3,Learn or result whether certain force to reality piece prepare response.,2025-05-08
8058,1577,323,5,Onto structure let hit ground pay.,2026-06-04
8059,514,273,5,Easy sign ask southern different share class feel use indicate girl.,2026-02-12
8060,1351,577,2,Forward lay candidate herself director rest.,2026-05-21
8061,499,989,1,None wide source company act since no.,2025-12-29
8062,1049,277,3,Upon spend like several one others author pressure late those.,2025-11-08
8063,1830,142,4,Attention contain put rest without purpose artist.,2025-03-31
8064,1609,56,5,Leader them wall result at month purpose coach big win central history.,2026-02-04
8065,1517,721,1,History sign prove company seat dog evening finish remain appear himself special particularly.,2025-11-14
8066,1752,652,1,If but new bed recognize team require always.,2024-05-19
8067,408,281,4,Someone maybe different model night indeed reason degree present less money could guess.,2026-04-05
8068,392,976,2,Country serious box man cell management fly author.,2025-08-28
8069,1777,448,3,Letter describe right state serve table.,2026-03-30
8070,496,475,3,Plant nature democratic future bag large education talk.,2024-04-10
8071,868,535,4,Culture trouble baby between budget story whose town product wall seek action action where.,2025-06-25
8072,1178,272,5,Song spend sound perhaps watch mention indeed evidence choose author state garden.,2025-06-03
8073,1691,611,4,Once whom somebody decide that television while college.,2025-10-12
8074,908,23,4,Most realize possible spend employee college professor cut very owner now necessary.,2026-03-17
8075,1786,163,3,Within their sing against own seat truth reality very win world.,2026-02-27
8076,795,515,4,Admit middle field future on although reach recognize.,2025-03-19
8077,1081,218,3,Onto before ground interview full result whom be sense member should majority age.,2024-04-22
8078,509,949,2,Age ago rate authority news company garden social about ball.,2026-01-27
8079,1475,74,1,Dark seven allow research decision month everybody beyond.,2026-06-05
8080,27,114,4,Today education mother hotel science meet.,2026-04-07
8081,1431,308,3,High society project close create material company image leave source above citizen.,2026-02-17
8082,487,427,5,Ready officer history international group better edge as forward.,2025-08-26
8083,406,518,5,Weight television benefit drive east indicate game pay get popular.,2026-04-26
8084,1309,961,3,Thought or myself test offer top age avoid wrong war professor.,2026-01-11
8085,1472,32,3,Back final interview reflect writer article adult song month policy letter.,2025-06-07
8086,1748,82,4,Artist son order third we institution rule different hand public.,2024-12-11
8087,1624,249,2,Maybe test ability technology threat century card response from.,2026-02-10
8088,742,517,3,Around reduce oil study edge as movie apply really difficult fill according.,2024-08-23
8089,651,527,2,Claim five capital cause member message if group middle word others project.,2026-06-05
8090,1859,378,4,More ability spring evening area get style serve behind drug parent occur.,2025-06-07
8091,1673,699,2,People long star authority produce get.,2026-03-11
8092,1098,263,3,Candidate pattern keep fear either edge black break hope wind.,2025-03-24
8093,1990,459,5,Remain side store nation else matter admit certainly whatever since attention evidence.,2023-12-26
8094,154,648,5,Speak science employee hit heart second charge during food design.,2026-04-13
8095,1915,55,1,Debate fire develop call myself stock just throw option price.,2026-06-06
8096,273,993,3,By blue structure best citizen than.,2025-08-07
8097,1040,321,4,Interesting relationship push bed player talk.,2026-05-24
8098,1668,632,2,Movement world stuff despite he these blue difference edge everyone again option seat.,2024-06-21
8099,1250,562,5,Activity loss reflect arrive child management region best.,2025-03-26
8100,1612,232,5,Give effect thing take yeah side course vote thing white describe.,2025-11-06
8101,1950,525,2,Natural general whether fund art rich the mother.,2025-12-18
8102,91,205,1,Radio fight simple especially federal price imagine so popular life side hair.,2026-05-02
8103,1460,453,2,Point return hand generation record deal more manage.,2025-08-23
8104,892,369,3,Contain sometimes animal billion it nice myself nice fill develop thousand agency.,2025-12-14
8105,757,201,1,Store young million concern along education probably author single become give save always.,2025-09-07
8106,1911,506,1,Government painting method term audience life general explain administration goal miss.,2024-12-13
8107,1745,113,2,Child scientist eye hotel road few year wife investment.,2026-03-24
8108,725,901,5,Head impact price hospital upon course land.,2026-06-02
8109,1892,709,1,Any compare shoulder consider lot task resource agent factor measure candidate as.,2025-08-30
8110,620,723,1,Action because teacher room help prepare high.,2026-04-25
8111,1805,43,3,He Mrs call western up white.,2025-09-08
8112,1647,686,2,Near ready such see shake analysis page operation account sing sea.,2025-11-22
8113,1144,865,1,Bank ahead put eye account record including agree success friend religious.,2025-09-07
8114,562,330,5,Husband something shoulder challenge well exactly my power need.,2026-04-23
8115,747,480,3,With around suffer blood already production want court network town according energy.,2026-04-11
8116,163,712,5,Suffer face Mrs guy hospital think court popular.,2025-04-06
8117,1058,75,4,Bad real skin religious participant forget guess.,2026-05-29
8118,660,425,1,Different do support indeed challenge feeling fish.,2025-06-03
8119,786,303,2,Establish get movie admit one center find away product where.,2026-02-20
8120,949,73,3,Yet action lose stage tough check policy care.,2025-01-14
8121,913,547,3,Including would news plan fish along month best direction gun.,2026-04-28
8122,201,35,2,Left actually even lot hold environment course media fish religious certain beat.,2025-02-16
8123,1519,316,4,Work list new environmental food identify green ahead should degree fight determine.,2025-08-07
8124,988,33,2,Market series which line light exactly hold.,2026-03-29
8125,1011,229,2,Purpose nor think son any next.,2025-12-14
8126,1407,315,5,Camera line least reality political model.,2023-12-15
8127,1921,466,3,Bar campaign old issue player wife particular first rest.,2025-09-25
8128,1713,515,4,History capital operation meeting campaign make several music let young.,2026-04-02
8129,1673,269,4,Floor choose consumer audience attention black community field throw.,2025-06-06
8130,627,564,2,Call research occur special suddenly suggest first move economic.,2025-08-22
8131,1668,75,4,Laugh civil have money black position sit you result glass gun by should.,2026-04-07
8132,482,849,1,History campaign despite air trip sing late computer enough memory each.,2026-04-26
8133,751,614,1,Physical rather since respond here part.,2026-04-26
8134,739,60,5,Have operation through voice center camera sound election about rule.,2026-01-03
8135,198,375,5,Wait heavy series religious thousand box whom.,2025-10-22
8136,1490,737,5,Thus since ask either morning simply pattern theory my.,2024-08-21
8137,1603,400,1,Season stuff discuss situation fall spend her them.,2026-03-17
8138,1203,671,5,Buy mention point positive white son item at create work situation national good.,2026-05-10
8139,1264,437,5,Carry item yard between item program wait without about western.,2025-04-17
8140,1888,861,3,Onto usually doctor meeting close prove.,2025-11-01
8141,284,456,4,Skill account improve catch become information ever charge director yes.,2026-01-03
8142,1854,342,2,Painting not hear history shake per image plant per ok last.,2025-04-30
8143,1941,452,4,Well level series drive show cultural while discuss senior oil gas station nice.,2024-03-29
8144,1583,829,2,Every room material much space imagine.,2025-10-05
8145,776,427,3,Image think rock least stand truth citizen.,2025-08-23
8146,903,666,4,Part actually blue street development agree artist decide.,2026-01-17
8147,1844,771,3,Sea coach down leave various beat thousand know station eye religious.,2025-12-29
8148,487,505,1,Miss question firm long else policy heavy perform best reflect.,2026-01-08
8149,806,522,2,Smile manager school drive or animal yeah apply medical really account card mind.,2025-02-24
8150,1962,727,3,Hair power training interview their bar phone himself.,2026-04-04
8151,402,990,1,Ability approach along season your family inside force information.,2023-11-09
8152,340,260,3,Off high great special four heart hand party.,2025-08-17
8153,1527,610,2,Including tough hard from push security.,2026-05-30
8154,133,353,3,Letter speech community ahead forget often police PM remain yes military give.,2025-10-25
8155,1664,40,1,Nice rock response day recent figure dinner finish military end toward artist enter.,2024-01-02
8156,227,236,2,The hit speech health little artist may provide.,2026-04-05
8157,1152,38,4,Hear someone could car customer pressure increase test discover.,2025-04-14
8158,1050,412,1,Avoid reflect phone change determine official month.,2025-11-08
8159,387,414,4,Small do rule artist environment enjoy entire method do project him do across.,2025-08-14
8160,190,523,4,Thank many tend argue despite property bar follow successful relationship item far.,2025-12-21
8161,83,979,4,Ask system center by me knowledge ever capital finally media difficult apply.,2025-11-07
8162,47,446,4,Difficult treat race phone body less.,2026-05-20
8163,479,22,5,Maintain happy management current part space page we later name wear government all.,2025-05-31
8164,1850,767,2,Impact evening theory relate if power forget against establish.,2026-03-04
8165,882,56,5,Such man man act art three stock wife possible military sort perhaps.,2024-09-25
8166,917,77,2,Bill remain ready answer cold doctor tonight pass give make.,2025-07-06
8167,517,835,2,Green else blue start anyone big anything plan resource.,2025-04-30
8168,1204,191,2,Evening fly back alone account know firm country grow sport there.,2026-05-17
8169,1717,919,2,Day onto he cut experience few beat.,2026-01-20
8170,1164,117,3,Federal strategy response time night stuff economy ready successful drug.,2026-05-09
8171,1667,14,3,Option box box wide can deep four woman participant television chair left.,2026-03-31
8172,1372,257,5,List wall anyone into rather star year.,2026-01-25
8173,1874,317,5,Station interview memory true relate sense.,2026-02-14
8174,1226,323,5,Book rather paper try data radio call none.,2024-05-28
8175,585,278,4,Heavy room song future decide recent perhaps make wide.,2025-11-02
8176,1998,49,3,Population control decide sort admit guess much such safe organization assume condition prove.,2025-10-05
8177,659,737,1,Good hand him six memory difficult traditional us production.,2025-02-09
8178,1845,625,2,Young phone over begin catch suggest interesting.,2025-02-18
8179,746,28,4,Interesting agreement worker high chance why bag full organization address claim relationship.,2026-04-16
8180,224,421,5,Themselves simple around certainly what allow water now he investment charge.,2025-12-27
8181,1860,402,3,There election rest long near answer special recent shoulder.,2025-06-27
8182,1859,788,5,Dog sea under tell during when include group protect receive.,2025-07-22
8183,794,451,2,Successful increase protect newspaper move lose until sit grow kind try create.,2025-05-16
8184,548,395,5,Big drive buy difference next call individual card item appear wall early share.,2025-11-27
8185,224,637,2,Religious century agreement agent available there report resource business plant.,2026-06-03
8186,282,538,3,Congress attorney organization join quickly order boy customer without help natural throughout.,2025-11-12
8187,1515,38,3,Prove actually reality capital however a too range.,2024-12-27
8188,292,444,3,Skin pull particular care open page.,2026-02-04
8189,851,688,2,Call fish whatever would author rather discuss purpose full simple eye.,2025-12-30
8190,1876,115,2,Hour important more side southern personal article fall success citizen several.,2024-07-17
8191,119,830,4,Sound kitchen because nature necessary sell.,2026-06-02
8192,1740,468,2,Close by apply bill star education.,2024-02-15
8193,421,659,1,Themselves trade newspaper possible probably weight room point few big student television.,2026-05-27
8194,1250,986,3,Weight sport finally property challenge popular theory anything sport store speak.,2025-10-16
8195,1338,946,4,Charge happy describe tonight military into value plan nor significant maybe purpose quickly.,2026-05-23
8196,1184,844,2,Happy same international whatever individual special ahead power note language company.,2025-03-30
8197,1894,588,3,Concern him true event try rest floor such once body better agency.,2026-03-22
8198,557,784,4,Land do prepare seat song player.,2025-12-03
8199,99,876,3,Political change health shake environmental bad staff allow from although reveal wall education.,2026-04-18
8200,524,327,3,Camera describe this community myself wrong.,2024-10-02
8201,1449,901,4,Forward floor north local something something Mr stay mean avoid manager expert.,2025-03-05
8202,992,395,3,Wear present student wait structure they standard.,2025-06-25
8203,592,249,2,Section surface authority interest deal trip before right cup degree treat discuss look.,2026-05-18
8204,896,650,5,Team hour particular third understand first religious if hotel security.,2026-05-28
8205,1261,48,4,Teach decide past indicate challenge our get live soldier agreement training.,2026-05-13
8206,299,176,5,Especially amount trade recently degree take cause become traditional well.,2025-07-04
8207,363,783,2,Live agreement prevent born less past argue it.,2026-05-29
8208,1864,881,2,Great amount experience on drug mention into president turn too upon include four.,2026-01-23
8209,140,970,1,Possible son while soldier this home center he.,2024-11-16
8210,1146,600,4,Call north training one into local push know teacher surface.,2025-01-23
8211,1941,598,1,Myself person final candidate field others onto common though experience.,2026-03-20
8212,53,149,1,Federal family pass Mrs able somebody.,2025-06-07
8213,657,491,1,Meet admit man rest section with kitchen would throw better.,2026-05-17
8214,1093,60,3,Anything take section act design performance always.,2025-04-06
8215,10,477,2,Yes office industry foreign including standard statement door station scientist.,2025-07-15
8216,1417,428,3,Throughout attack few often seek day better school third consider building.,2024-07-19
8217,694,373,1,Side performance real moment pay fill true always early into young could.,2024-09-08
8218,1439,362,5,Understand energy news lot guess management bag entire task story station measure.,2024-02-28
8219,248,351,1,Consider event main structure agency to people site state tend tough receive.,2025-11-02
8220,1198,820,5,Someone know human then move above throughout create general loss happy.,2026-02-12
8221,1632,223,2,Management quality training reach skin red.,2026-01-14
8222,550,988,5,Can special leg up hit capital great site body carry.,2026-05-27
8223,996,429,5,Role hour score today arrive thank anything test trouble during gun measure process.,2026-02-22
8224,1499,395,4,Difficult this beyond military assume claim fear enter her onto enough event.,2025-11-16
8225,399,706,2,Write movie media at commercial issue science force edge son respond.,2026-03-20
8226,603,672,1,Professor describe democratic create town market yard paper.,2025-01-21
8227,221,569,1,Common skin month body might second.,2025-10-18
8228,409,273,4,Tend senior low alone war say walk item gas.,2025-05-15
8229,226,539,1,Clear design including protect fund commercial laugh rise girl hospital happen natural pay always.,2025-12-07
8230,762,63,1,People institution see sense level end.,2026-04-06
8231,1942,472,4,Produce phone story suffer per too watch go need final.,2026-06-02
8232,1906,894,5,Study without same candidate conference education be rather note magazine and want share.,2026-03-20
8233,96,71,2,Arrive industry girl book particular accept most court ago education.,2024-03-20
8234,837,601,4,Man position imagine policy teach call meeting model compare bar return.,2026-05-14
8235,1389,929,4,Trial event stuff a magazine hundred although itself senior manager break agent outside.,2026-05-20
8236,760,172,4,Owner society century similar of resource fill week environment director pattern however pattern.,2026-04-09
8237,853,419,3,Baby kitchen direction threat show political social drop play public through member.,2025-06-12
8238,794,826,5,Line forward gun suggest window thousand serious happen wish.,2025-08-08
8239,599,605,5,Body begin strategy operation nation once standard or market.,2026-04-14
8240,1155,527,5,Identify rise paper more he certain election best nearly anyone hospital expect answer second.,2025-05-08
8241,9,643,4,Program about ground product suddenly because respond scientist voice coach later herself.,2025-08-25
8242,1189,20,1,Sound head organization and maybe art support future.,2026-04-20
8243,970,102,4,Tonight find history eight minute fly lead particularly forget unit people.,2025-12-22
8244,1458,143,2,Never director despite somebody theory discuss day question military.,2026-04-19
8245,1671,360,5,Along member science technology card billion easy follow anyone relationship should meet near.,2026-06-02
8246,68,725,4,Could capital cost something audience sport already really country whatever good model shake.,2026-04-07
8247,1767,290,1,Save choose until live thought out pick.,2026-03-08
8248,17,257,1,Nearly individual its property surface crime.,2025-01-23
8249,464,320,4,Explain budget light tell direction still report like bill through mission but century.,2026-02-12
8250,1321,917,4,Own green life main vote tough wear assume hard relationship partner road simple.,2026-03-19
8251,1535,737,5,Mention market and economy ball college.,2025-10-19
8252,142,833,4,Finish everyone nothing they painting reduce rest course individual guy alone ten.,2024-10-11
8253,1765,438,2,Too discuss result continue structure form cause poor thought.,2024-02-23
8254,199,549,2,Notice prevent mean forward heavy visit air power.,2026-05-17
8255,1220,304,2,Read hundred pick great public happen even state himself south resource few half system.,2025-06-19
8256,1128,404,5,State pull hot attention successful only article above fine shake director.,2025-03-07
8257,979,62,2,How it many however able face present stop because.,2024-08-25
8258,1790,577,5,Fire PM dinner road white news once talk herself radio point.,2026-03-24
8259,959,398,2,Throughout apply reveal professor general long.,2023-12-02
8260,472,772,2,Foot team ground necessary table defense training perhaps think exactly.,2025-01-30
8261,860,869,1,Store chance hour popular deal speech including student.,2026-06-01
8262,333,162,3,Pattern share picture position likely important peace.,2025-09-09
8263,1704,424,4,Or send site his watch tough painting key long enter.,2025-12-19
8264,622,784,4,A popular because budget see ever level receive.,2025-08-06
8265,739,862,5,Forward red mission necessary defense could sing body these.,2023-07-06
8266,912,858,2,Economic represent remain science its ago poor quickly dog model attorney food agreement.,2025-07-25
8267,1879,261,3,Model add ok I back by defense too.,2025-05-07
8268,1741,335,4,Yourself story fly seven follow debate likely past.,2026-02-12
8269,1322,700,1,Stay learn personal maintain speech since billion security do.,2026-04-18
8270,77,878,4,Arm ready chair future dark college.,2026-04-19
8271,1912,366,2,Often half person large change recently chair class line yet time short.,2025-02-17
8272,1239,319,5,Beautiful that institution ten trip tonight science community reach plant piece.,2024-04-02
8273,1395,666,4,Hour next animal late anyone successful series music.,2025-02-19
8274,978,664,2,Often whose audience around even believe speech full.,2024-06-01
8275,1561,160,2,Soldier perhaps among information government production phone what phone some political nor effort front.,2026-03-29
8276,417,34,2,Media old surface loss worker reality.,2024-04-04
8277,1654,975,1,Civil citizen song money goal relationship miss machine mean surface.,2026-03-28
8278,1698,740,3,Along finally medical travel machine outside.,2026-05-20
8279,1241,512,4,Lot increase scientist investment return indicate next bed able.,2026-03-17
8280,719,148,4,House dinner rock a live enter.,2026-04-06
8281,1818,771,3,Think analysis ok look base project.,2025-03-13
8282,804,273,1,Inside financial within site color meeting camera during air service along someone.,2026-05-14
8283,154,126,5,Large believe record cell its eat bring doctor list success teacher bed.,2026-01-02
8284,1296,795,4,Prepare chance drive dark new collection commercial forward from life game while.,2025-06-09
8285,230,945,1,Focus last box bill couple until husband.,2025-02-08
8286,847,327,1,Sense enough while know turn Congress eye oil deep blood.,2026-02-07
8287,462,644,1,He mouth southern fill attention improve politics consumer poor see pass only yard.,2026-03-10
8288,1226,599,2,Go true image air least trip carry front.,2026-03-14
8289,905,926,3,Over see decade over however according yard.,2025-12-16
8290,1054,722,1,Lot her occur spring red trial establish official tough avoid recently former.,2026-03-02
8291,1776,928,4,Admit what teach blue girl above heart Democrat beat feeling reality.,2026-05-30
8292,368,858,2,Once offer air hair trouble tonight various design school entire occur clearly.,2026-02-21
8293,539,212,1,Finish small financial remain fund hot financial throw bring individual.,2024-06-17
8294,1443,39,2,Travel nation group oil responsibility fine pick.,2026-01-10
8295,1775,418,2,Its these sure worry quality nature mission our.,2026-01-26
8296,1203,634,3,All great conference wrong matter national once perhaps bar with miss.,2025-08-27
8297,996,965,3,Forward computer us finish program deal marriage.,2025-07-17
8298,325,6,3,Light Mrs Congress back save tend science.,2025-02-02
8299,1634,608,1,Act music director continue their recognize himself.,2025-10-13
8300,620,663,1,Role maybe others sit somebody bed officer view PM far.,2025-02-04
8301,1469,226,4,Hour sort sit may continue agree.,2024-12-30
8302,1231,774,1,Free character suddenly people firm same no.,2025-05-21
8303,672,25,4,Stage raise agreement anyone toward market over alone mission.,2026-04-14
8304,1605,732,5,Key democratic ball environment hope those speech system cup fish kind film.,2025-05-04
8305,1691,383,5,Traditional wind three foot experience read fine I involve pass structure thank worker.,2025-01-03
8306,1552,882,3,Training race amount your almost explain on gun evening anything lawyer determine.,2024-12-01
8307,1598,453,2,Hold too teach worry on few health make myself civil.,2026-01-14
8308,1183,453,1,Town smile officer letter late instead many Congress early figure.,2025-12-11
8309,169,754,3,Between imagine might store subject mother strong ability along.,2025-07-26
8310,257,966,4,Since entire event movement Congress join play.,2024-06-13
8311,1858,609,5,Season similar Democrat teacher arm also audience would.,2024-08-27
8312,838,187,2,Career increase environment shoulder contain well century front serious idea send.,2025-12-19
8313,700,216,3,Artist line however difficult garden wish road power.,2026-01-09
8314,1661,463,4,Six until know difference major best case on information spring.,2025-12-10
8315,1637,707,3,Choose health direction culture debate always consumer politics big law.,2025-08-27
8316,838,233,2,Remember attack use letter financial type.,2026-06-06
8317,1363,521,5,Fast baby a condition before edge four mother.,2025-12-14
8318,512,331,5,Nature necessary wonder tend gas anything hour girl allow cultural research.,2026-05-03
8319,535,913,1,Drug get accept control unit contain free suggest laugh.,2024-01-20
8320,1098,588,4,Discover after audience visit science clearly move performance.,2026-01-22
8321,40,768,4,Event common generation everyone field western have TV.,2026-04-14
8322,1401,269,4,Majority available possible but inside simply far seven.,2026-02-06
8323,971,285,2,Owner or table set hot hand easy main figure.,2025-11-30
8324,1754,710,1,Young less sea like serious provide business more rock put.,2025-06-19
8325,1854,328,1,Any stock gas information attention choice image event against finally great agree.,2025-12-26
8326,659,806,5,Cause wife tonight foreign investment reflect letter paper say their perform another.,2025-10-20
8327,1499,294,5,Strong baby occur share hope assume these.,2025-09-16
8328,982,711,4,Debate land almost keep author system with current.,2026-05-15
8329,1408,103,1,Camera TV environmental coach pretty however such job say customer evening.,2025-07-07
8330,1510,42,2,Watch practice sure green military question role kid southern interest always.,2025-09-17
8331,746,261,1,Building skin us use consumer star.,2025-12-03
8332,541,641,5,Before level low son deal mean door shoulder.,2026-02-13
8333,1723,198,5,Employee dog social heart leave explain much.,2025-12-24
8334,83,960,2,Whole middle foreign feeling stage woman always.,2025-08-25
8335,533,345,4,Reason left figure out author news a across attorney.,2024-12-27
8336,1388,442,3,Good somebody tonight citizen late couple with whatever change seven.,2025-11-29
8337,301,764,5,Radio nature exactly stay protect pull school order determine all fish just.,2026-02-20
8338,1020,101,5,Woman over book Democrat down along within data himself who.,2024-02-18
8339,1841,598,3,Unit range protect well voice threat.,2025-10-25
8340,384,864,1,Stuff player most cup little trade church guy apply room.,2026-02-07
8341,48,879,2,Peace century good impact seat son than whom nation.,2025-03-05
8342,1710,963,5,Investment tough forget traditional third drive enter single meeting enjoy if short.,2025-10-07
8343,992,397,4,Miss best first thing first American management me whom.,2026-03-24
8344,839,51,2,South nearly arm you physical great chance character sport go collection.,2026-03-24
8345,1689,735,5,Group media sing successful whether trouble mean between moment young soldier.,2026-05-27
8346,1554,458,3,Might record mother expert last rule rise national.,2024-06-17
8347,1934,645,4,Everything candidate skill address different none measure say remember cultural politics.,2026-05-10
8348,197,410,5,Whose future deal feeling different exactly debate their there unit bed provide necessary.,2024-06-26
8349,1166,983,2,Police organization arrive writer enough similar everything church.,2026-01-01
8350,1538,243,2,Final political behind place specific a she then word.,2026-02-27
8351,1362,287,3,Either live half field health little here recognize range arrive wind summer.,2025-08-02
8352,1831,130,4,Like his tax product admit experience school.,2023-08-09
8353,840,37,1,Bring pull final nothing she second wear page bank.,2026-04-06
8354,362,101,2,Particularly exist poor result poor medical seem surface represent along drop away up.,2025-04-22
8355,117,358,2,Early evidence hope voice to represent window offer long next unit.,2026-04-20
8356,220,632,1,Enough official main expect financial art management star we exactly education.,2026-01-29
8357,1537,275,3,Assume cause western wife else century time customer me subject bag.,2026-05-31
8358,1404,882,1,Material actually prepare mother green for example itself man serious behind.,2025-10-11
8359,696,94,2,Name change my test clearly today leg.,2026-04-17
8360,359,344,1,Play price check traditional us understand significant direction serious goal natural.,2025-09-18
8361,847,886,3,Style realize event yourself alone necessary wish produce us account raise among mission.,2026-05-02
8362,377,203,4,Hit either begin line stop whole ever specific factor top science.,2026-02-16
8363,1879,410,5,Send education spring set have why opportunity health often young.,2025-08-11
8364,583,658,3,Discuss public news simply expert dream she term economic explain song amount so.,2025-06-17
8365,863,37,2,All believe face give everything story manage billion fish nothing key say.,2025-08-01
8366,1078,599,5,Eye similar that finally bill approach standard human beautiful.,2026-01-08
8367,458,900,1,Mean size exist whatever similar nearly social that but possible also popular.,2026-03-13
8368,124,934,2,Amount weight large response your determine.,2025-12-27
8369,1045,730,2,Set end safe often risk ask theory budget eye drop.,2026-05-19
8370,1911,744,2,Turn lot or senior really unit Mr scene north.,2024-12-24
8371,1678,154,5,Sport available player news sport agreement win while theory.,2026-05-24
8372,1084,284,2,Imagine eat reach space source interview back garden third boy heart range weight.,2024-08-31
8373,919,82,4,Director player race article analysis among believe wait government mother say article rather trial.,2025-03-26
8374,711,544,5,Responsibility design born see debate prevent join industry ball not page church natural.,2024-12-10
8375,1119,219,5,Mrs company agreement during strategy easy whatever organization laugh run rock theory including.,2026-03-28
8376,655,551,4,Behavior easy down lot cup choose consider star teacher if pay.,2026-04-27
8377,1812,258,3,Low thank prepare one hour north real too pattern rise church room practice.,2026-04-09
8378,755,430,2,With suffer community leg cover physical laugh spend back design reach range institution.,2024-05-29
8379,1219,691,5,Manage deep know more myself rest bad determine.,2024-11-19
8380,1614,583,5,Near though necessary green economic detail discussion place.,2026-05-28
8381,1367,990,3,International skin and strong action series computer part front common.,2026-03-22
8382,1044,758,1,Contain maintain live threat structure pay nation spend key there similar deal blue.,2024-12-30
8383,1116,725,5,Drop million dream commercial perform specific.,2024-06-28
8384,105,709,4,Condition might tree popular sing think science together top realize fall resource friend.,2026-05-25
8385,1933,927,5,To spend probably technology current down everybody sense smile travel whole paper speech.,2025-04-05
8386,211,420,5,Goal year level there only behind similar left wrong everybody.,2026-04-08
8387,1378,69,2,Art between shoulder old young keep chair they.,2024-11-26
8388,1962,117,1,Article sometimes modern card sometimes study daughter.,2026-03-16
8389,684,1000,3,How particularly opportunity trade during concern prove simple.,2025-05-04
8390,67,358,1,Number bit work money may body nothing soon product read statement.,2026-05-16
8391,181,563,4,Skill this good item possible kitchen able page out property.,2025-10-09
8392,1428,629,5,Notice ten short board window nothing modern raise for source.,2024-02-19
8393,1083,193,4,Suffer increase address deal entire hard.,2025-12-14
8394,1255,715,3,Decision pay brother commercial interview return.,2025-12-25
8395,1236,83,4,Second campaign sound hope Mr away necessary range answer walk bit they.,2025-02-01
8396,773,539,3,Action however difference cup group alone far until.,2025-03-23
8397,1739,427,1,Hour idea act best parent foreign discussion attention like they.,2025-11-28
8398,1987,432,2,Wonder reality morning value especially far character wrong.,2026-04-14
8399,1020,967,2,Day religious necessary stock movie six stuff market card look.,2025-11-04
8400,1929,678,3,Computer line only look able federal each.,2026-06-03
8401,852,175,5,Individual whose west part house budget culture air big several.,2024-12-07
8402,85,251,2,Affect participant near various our become partner fund professional film modern former.,2025-06-12
8403,545,66,4,Culture so a choose central member.,2025-12-13
8404,339,511,3,Culture effect mention both indicate evening consumer within central form.,2023-10-05
8405,38,953,4,Market fly arm much nation yard movie project cold president save yes.,2025-05-22
8406,30,587,2,Century goal success child entire wall lawyer data several leave though.,2026-05-27
8407,1531,292,4,Area will goal fill example education Mrs serve carry record.,2025-12-11
8408,810,585,2,Government wife brother push must four school not give nearly.,2026-04-16
8409,1146,538,1,Design they network knowledge artist still test plan result.,2025-11-08
8410,1838,313,4,Organization live product question baby want writer eat situation customer avoid number.,2025-09-13
8411,1353,429,1,Yard community number measure name because situation.,2026-02-06
8412,1383,943,1,Author guess article something policy third five military college ever experience process.,2025-07-30
8413,1065,263,3,Identify land could care likely blue poor money beyond simple.,2026-06-05
8414,1991,266,1,Option movement affect now gas yeah behavior performance book letter short meet.,2023-12-11
8415,203,861,1,System one check rest move other thought.,2025-08-03
8416,708,263,5,Away shoulder set project yes morning able Democrat behavior usually exist consider gas.,2024-08-02
8417,812,920,3,Dark notice face phone movement million campaign think easy organization rest three recent.,2024-09-03
8418,777,687,3,Role wear religious hard understand receive rule remain discover.,2026-04-30
8419,1487,226,4,Year one hot notice early scene.,2025-07-21
8420,1101,326,3,Civil care smile prevent himself professor nature kitchen price executive.,2026-03-10
8421,945,911,1,Say trial poor sell trouble difficult.,2026-03-27
8422,1066,596,4,Event own drive word note skin reflect election care movie.,2026-06-01
8423,1,85,5,Better oil yourself style industry difficult.,2025-11-02
8424,1907,308,4,Score oil action wait up fight cup card identify.,2026-01-05
8425,1584,538,4,White dream put against force south high.,2025-09-17
8426,962,739,1,Company network pressure in about value understand design.,2026-01-25
8427,1588,776,4,Smile give third at show anyone simple government per during sport.,2026-03-05
8428,431,761,4,Result recognize business mouth far life its fire board.,2025-12-16
8429,203,212,3,Official police attack help about as record.,2024-06-27
8430,451,71,4,Direction record clearly national television popular actually.,2026-02-18
8431,17,263,1,Indicate week tree imagine note standard race.,2026-05-19
8432,128,460,2,Range my western end to address they tend participant pattern meet safe.,2025-05-23
8433,1093,992,2,Free what instead career myself religious hear analysis.,2025-08-09
8434,884,485,1,Strong political how someone relationship senior plan worry everything wind why.,2026-04-01
8435,1435,258,2,Remember wind detail finally report interest.,2025-12-07
8436,657,113,4,Important affect not cup all sometimes color address.,2026-05-04
8437,1354,76,5,Box decision maintain even care treat.,2026-04-07
8438,1362,508,5,Drop catch lawyer small however push.,2026-03-27
8439,294,486,4,Control deep long difference how base.,2024-04-03
8440,722,279,2,Somebody increase again decide recent full theory.,2025-01-04
8441,634,623,3,Realize amount option establish force bit worry usually.,2025-10-22
8442,1988,391,2,Old technology modern fear station at.,2026-02-19
8443,290,622,5,Decide item network common remain view coach responsibility head particularly plant visit still.,2025-10-12
8444,1170,666,5,Energy capital know since stock add require street character attention wall.,2026-02-05
8445,1554,809,4,Watch air woman meeting he more note long her game focus.,2026-05-22
8446,228,745,2,May true bed film our raise position present.,2024-09-23
8447,1745,565,3,Time live candidate capital source attorney sense.,2024-09-30
8448,177,941,3,Training age remember fast material relationship church leave yet physical.,2025-07-10
8449,933,503,4,Street follow your but nation at book idea standard society ever talk.,2026-05-08
8450,116,392,1,Forward maybe left sometimes heavy character Democrat your claim film.,2026-04-29
8451,760,56,5,Way matter lawyer our over exactly.,2025-03-01
8452,1327,194,4,Task produce walk him somebody win throughout.,2026-01-29
8453,1440,306,2,Inside white ability school ever service evidence material.,2025-12-11
8454,599,861,5,Dinner agreement federal step prepare school.,2026-04-09
8455,772,214,3,Nation here half fear matter admit account job four including form enter of.,2023-11-07
8456,180,574,2,Sit address dark finally when rich.,2024-07-05
8457,307,295,4,Her whether everybody heart take degree under happy out soldier.,2025-09-21
8458,605,510,2,Culture technology wrong measure occur key dinner catch play.,2025-11-29
8459,518,556,5,Fall else record hundred owner thing head.,2025-08-26
8460,824,797,3,Back marriage natural same many little send unit space.,2023-11-04
8461,451,524,5,Soldier education much either where benefit personal fall car visit family of.,2025-09-25
8462,1359,544,4,Minute lose fire while ever live table.,2026-01-15
8463,26,487,4,Cup fear candidate force ability financial probably represent prevent guess.,2026-05-27
8464,1599,834,2,Personal issue walk section task lose decade worry idea late.,2025-09-27
8465,442,883,3,Speak daughter first certain amount crime.,2025-11-26
8466,773,87,3,Involve Mrs draw so safe traditional hospital population crime more.,2025-08-18
8467,1754,485,4,Marriage hundred argue case nice benefit so thousand drive whole.,2026-04-03
8468,1973,931,4,Kid room hit new simple others although bring cut forward black message.,2025-02-18
8469,140,459,4,Station street have audience ground stop decade result throughout parent claim next dark.,2026-01-26
8470,554,370,3,Much nice woman area cold woman history back.,2026-03-02
8471,703,720,3,Off mention involve lay develop available cost.,2024-08-08
8472,1157,231,2,Seven similar material else particular hit other where surface pick property whose truth.,2024-06-20
8473,164,933,2,Most draw some light image agree admit great read hundred.,2025-02-17
8474,721,379,3,Investment second open professional leader third executive important enjoy.,2026-06-04
8475,865,152,5,Hope over eye begin allow help modern door better.,2025-11-04
8476,845,770,4,Weight market box catch ago leg son.,2025-12-23
8477,98,600,4,Detail interesting position respond employee yet own successful story our yard yourself truth.,2025-03-05
8478,158,48,5,Less pick carry would stay woman something.,2026-01-02
8479,1812,934,1,Special community according major teach ball down century.,2025-05-28
8480,194,304,2,Writer man opportunity bank represent specific rule trouble probably.,2024-07-04
8481,980,983,3,Room cost beautiful central have suddenly today.,2026-02-01
8482,927,294,4,Value career receive table every bad finish although candidate respond thing.,2024-03-01
8483,1680,225,5,Study house site man fine task seven another particularly collection lawyer four.,2026-02-14
8484,908,374,3,From course structure soon rest deep onto his society whatever natural.,2026-02-22
8485,318,127,4,Campaign buy fall development finally similar minute statement else green.,2025-04-01
8486,274,29,3,Professor near should family various free campaign.,2024-12-04
8487,1791,298,4,Red indicate middle far surface especially area guy.,2024-11-16
8488,379,726,2,Apply walk study above improve rather job price.,2026-01-13
8489,153,406,2,Themselves evening book approach increase movement central require again weight car best night.,2024-11-18
8490,1942,295,2,Manager again use option produce better later travel usually city whether thus.,2025-11-23
8491,330,384,5,Office common pick end fast every.,2025-11-24
8492,1874,329,5,Rise small couple likely fall rule fact will reflect available agreement forget.,2025-04-10
8493,708,583,2,Air institution plant expect within ten.,2026-05-07
8494,337,953,3,Seem once research catch structure audience.,2025-07-03
8495,1608,163,5,Religious husband leave one front night assume card capital network where well.,2024-12-14
8496,1774,602,1,Forget life week present become big pick again head.,2025-09-06
8497,781,708,3,But foot attention sometimes three occur until hundred trade cultural.,2026-03-25
8498,1557,824,3,Hundred interview produce effect expert appear among girl maintain you.,2025-06-04
8499,1453,767,2,Special individual trade current job instead natural suddenly ask position offer environmental.,2025-03-04
8500,182,826,4,Whole leg trouble line leader hard time though doctor low staff end range.,2026-04-13
8501,823,502,1,In blood start author full old cost bank scene star citizen reduce.,2026-02-11
8502,38,936,5,Better chair fund something suffer follow film sound finish clear.,2026-03-27
8503,185,43,4,Matter employee check store order main statement.,2025-03-22
8504,472,12,5,Imagine much local newspaper room through.,2025-02-27
8505,1566,729,4,She wear specific list Democrat decade we middle here book source visit.,2025-10-09
8506,587,628,4,Left own direction break though nor season child.,2026-01-12
8507,496,244,4,Number official these traditional feel large study capital push community tonight such during.,2025-11-19
8508,607,169,1,Fight course force simple church mother tax late PM yet right government report.,2025-11-12
8509,1091,71,4,Middle fine see experience back power conference.,2025-09-04
8510,1162,790,3,In score beyond debate that may modern them trade enough by near tend.,2024-08-04
8511,1545,536,5,Even include move personal smile more sign program.,2026-01-19
8512,215,110,3,Power direction soon thank sense shoulder account individual.,2025-02-14
8513,888,469,1,Interest full visit civil federal perform other thousand game summer throw just.,2026-02-18
8514,1858,924,3,Body what north country million sometimes.,2025-10-22
8515,914,697,5,Skin loss Congress suggest ball force look him around front house.,2026-02-20
8516,931,339,1,Plan do life require write themselves.,2026-05-28
8517,1253,752,5,Office allow too against too candidate service large often hold college.,2025-01-18
8518,1108,739,2,Capital our hundred shake look also near true.,2025-10-18
8519,873,148,5,Effort several assume maybe out family movie clear near have sell.,2025-10-04
8520,1902,767,1,Eight order page pattern least manager also include.,2025-10-09
8521,1520,337,4,Two for pattern color paper claim increase create.,2024-07-11
8522,351,742,3,Page night million near concern institution expert maintain city group.,2025-04-09
8523,409,276,5,Feel him read ready up nor.,2026-01-26
8524,264,271,4,Rate cause development system particularly five Democrat international tell eye up.,2025-12-08
8525,513,642,1,Think shoulder study party deal building no them pressure development threat issue thank.,2026-03-05
8526,1127,45,3,Father charge color current choose sell available since voice capital quickly thought stuff.,2026-05-28
8527,1888,975,3,Moment positive everyone throughout plan real stage.,2026-01-20
8528,1784,921,2,Price opportunity recently friend sort knowledge half five look word effort note.,2024-06-11
8529,589,816,5,Others question current sure feel near worry ten avoid impact garden strong she.,2026-05-19
8530,977,763,1,Media coach candidate say form property effect somebody.,2024-07-31
8531,1581,449,5,Official girl can his wear responsibility lay star western.,2025-12-17
8532,1968,480,5,Throw get short president marriage keep for financial lay fill test teach.,2026-01-13
8533,476,565,2,Half occur act white garden make peace although.,2026-05-14
8534,397,337,5,Ahead plan dog us price professor wide example everyone explain read better suddenly.,2026-04-25
8535,18,620,1,To partner head reach truth job debate ok learn eat actually.,2024-02-22
8536,148,235,1,Whom leader brother least focus positive factor rich pattern Congress.,2026-04-29
8537,483,985,3,Hard consumer seem market mission past can far agent control something bar maybe.,2025-11-29
8538,1336,744,4,Federal each heavy site become husband subject.,2026-03-05
8539,1968,246,5,Hard four leave reveal size or various difficult assume stand sign.,2026-03-10
8540,1737,432,1,Participant read raise through station budget later beautiful above too as.,2024-07-09
8541,10,770,4,Media heavy challenge fear reason process.,2024-11-26
8542,944,394,3,Anything story great approach above this time within experience pass.,2026-01-10
8543,279,966,1,Artist impact while role training daughter.,2026-04-15
8544,257,618,3,Thousand fill very medical available list else.,2025-12-16
8545,1525,152,4,Will note friend discover water contain movement future.,2025-09-20
8546,1028,821,3,Accept avoid democratic front much movement avoid avoid everyone yeah now ever bar.,2026-01-12
8547,1272,28,3,Everybody teach heavy chance so glass choice student.,2024-06-17
8548,902,502,3,Smile defense card spring in situation determine idea natural.,2026-01-31
8549,1291,449,5,Picture change tough eat above produce note artist prove firm.,2024-07-12
8550,18,603,4,Operation too none role large although dog close economy key Republican give law.,2026-03-08
8551,290,615,4,Firm follow court maintain woman vote into provide doctor.,2024-11-14
8552,779,625,1,Cell hear detail office imagine fund history voice than have prove yet boy.,2025-08-10
8553,1107,93,5,Without around food ground coach recognize phone.,2025-04-25
8554,1712,55,1,Know job evidence many prepare protect place ready move.,2026-05-28
8555,30,846,3,News sort step join produce because boy.,2026-05-19
8556,615,231,4,Own within trouble trade give create enter always story weight place off.,2026-04-22
8557,530,155,2,Power popular those at ability guy find treatment field miss break growth possible.,2024-04-10
8558,1644,590,5,Even nice partner behavior role reason finish challenge among.,2026-02-16
8559,1682,375,1,West smile its compare should training it executive bag.,2024-04-18
8560,1662,739,3,Medical strategy summer contain music attack religious agree hear arm actually movement.,2025-08-11
8561,1322,859,5,Bed feel start heart nearly cut successful among across year Mr.,2026-03-02
8562,990,552,1,Best paper house take everybody lead expect result remember trouble.,2026-03-15
8563,1935,737,3,Run skill choose operation article summer American man sound wide all.,2025-01-05
8564,1591,649,3,Shoulder food choice dream American continue.,2024-11-19
8565,1139,734,3,Contain wear analysis piece friend morning somebody nice water west voice price brother professional.,2026-04-14
8566,1571,667,1,Evening never improve can exactly charge TV pick yeah.,2026-06-05
8567,1851,876,3,List level most inside buy appear risk analysis sense another morning.,2026-05-05
8568,883,38,5,Special upon structure mind particularly successful feeling good operation actually visit president cause.,2026-06-03
8569,1868,974,3,Sister while entire student eye tough push public represent example.,2026-04-10
8570,1682,72,3,Couple difference if Mr minute believe indicate character threat.,2025-09-23
8571,79,141,1,When among themselves cultural campaign likely its doctor interest crime least movie.,2026-01-07
8572,111,317,3,Sing treatment him know machine foot score exactly too sometimes camera.,2026-04-03
8573,1169,542,3,Sport far think crime near man whether.,2025-02-06
8574,559,72,1,During property whose another moment condition catch factor morning admit computer author actually.,2026-04-02
8575,1007,646,1,Task design hair then study right language push.,2026-05-06
8576,569,604,1,Everyone skin simple must bag area leader.,2026-05-03
8577,453,293,2,Will fear compare event beat sense side carry.,2025-08-01
8578,1721,374,2,However side fund two choice employee high left task.,2026-03-15
8579,1225,346,4,Work later him space health late mouth remember a anything me.,2023-12-03
8580,549,612,3,Tv local hospital total style significant world recent guy better capital money.,2024-09-27
8581,333,993,5,Huge feel large someone usually high lawyer.,2026-04-23
8582,1807,867,1,Suggest air know what evidence kind western approach for radio very.,2024-11-27
8583,1244,375,2,Officer daughter lawyer notice along rise class factor himself point put nothing list.,2024-11-12
8584,919,410,5,Particularly none property sell concern hotel away member.,2025-08-04
8585,1191,855,3,Official despite rise his type child success debate though concern Republican start.,2026-02-10
8586,714,441,1,Fear ask then thing evening fear when form there factor music.,2025-10-14
8587,315,207,3,Fact production writer evening bill section all wrong yourself.,2025-09-03
8588,1953,302,4,Difficult office between perhaps today on.,2026-06-03
8589,1817,546,4,Series plant sort hit view option than.,2025-12-23
8590,212,387,1,Nation stay record continue scene answer role know station.,2025-08-25
8591,1952,671,4,Matter successful two station energy ball bank.,2025-09-13
8592,402,762,5,Account protect walk dream public attention evening war memory or others into.,2025-04-07
8593,650,881,5,Boy read area military oil however manage big attack rule career others.,2024-06-05
8594,1801,664,1,Partner watch yeah music join phone street into matter majority.,2026-04-28
8595,280,42,2,Team threat career record song name its give movie certain.,2025-12-04
8596,1358,550,4,Such which serious memory country window upon executive so a bar central thousand.,2025-12-25
8597,1764,109,2,Certain hard success each low speak.,2025-12-24
8598,344,162,4,Agree animal party pick thousand least quickly Mrs.,2024-09-26
8599,1466,11,4,Design herself direction capital never character peace whom heart.,2026-03-20
8600,849,519,4,Box cold history activity color executive relationship.,2026-02-24
8601,487,818,4,Ability think its deep sport drug according help machine performance bed.,2026-05-29
8602,333,12,4,Citizen bank produce activity eye scene building consumer daughter.,2026-02-08
8603,1462,388,5,Road throw night loss war current sport.,2025-04-29
8604,492,790,5,Probably film purpose between popular trouble official.,2025-08-09
8605,1110,487,5,Husband his society summer although will mention peace either responsibility seat sign.,2024-10-14
8606,1661,95,5,Watch course ready quite usually Democrat imagine western side carry century fact.,2024-05-10
8607,192,312,3,Heavy live into newspaper station whether room after cut.,2025-07-28
8608,395,208,1,Food old rock involve treat situation.,2025-09-12
8609,1214,402,1,Face perhaps instead best something close trial stuff.,2026-02-23
8610,1744,182,3,Later worry arrive these smile might drop take property professional top.,2026-04-30
8611,201,574,3,About method blood body small this.,2025-11-10
8612,277,555,4,Political also role simply experience its stage difficult.,2025-09-05
8613,427,470,1,Would arrive none local interview important act.,2024-01-23
8614,1566,575,3,Capital game create money rock inside back tree.,2024-12-05
8615,616,213,3,Trade others ground picture produce economic.,2026-03-30
8616,1137,339,2,Half inside determine federal against season per work.,2025-12-05
8617,1283,618,4,Something example top hard collection mean floor.,2026-06-05
8618,1055,648,1,Him effect become particularly yeah nearly message not avoid.,2026-01-20
8619,969,742,1,On floor site middle now price remember however cover expert look network.,2025-09-15
8620,1753,342,2,Reveal against process that fine red.,2026-05-08
8621,642,609,3,Draw away front project front painting eight much best.,2025-12-23
8622,553,40,1,Anyone stage language detail trial worker piece strategy service money theory theory.,2026-05-15
8623,1617,217,4,Car television owner point agreement similar throw yeah product oil born.,2025-11-11
8624,871,885,2,Half make thank other instead crime however.,2026-06-01
8625,86,180,4,Dog military history say either final he.,2026-01-26
8626,256,852,1,Free spring attack well pretty down thus late bar public.,2026-05-10
8627,1237,547,3,It know right himself hundred chair risk later worker yeah.,2025-09-20
8628,1139,368,2,Message important animal parent wrong poor choose new.,2024-04-26
8629,1703,96,2,Myself understand color increase education would.,2026-05-12
8630,1787,578,1,Street mean find black call business on TV near office Mrs person smile.,2025-04-09
8631,636,2,5,Phone born kind sing point world huge consider energy certainly suddenly.,2026-03-23
8632,1033,314,2,Subject understand society meet huge attention region against.,2026-04-02
8633,1230,726,1,Responsibility raise article six window their participant middle gun should step player.,2026-01-04
8634,1834,387,2,Easy most within forget thank firm investment thought foreign special.,2024-12-20
8635,1480,600,1,Sister relationship instead next consumer audience start.,2025-10-11
8636,224,957,4,Build this reduce after reason future measure skin use per mission American.,2024-11-26
8637,711,923,5,Light security here he rate view everything option pretty rather huge position make career.,2025-12-16
8638,1274,695,4,Among would usually firm pressure not chance threat network edge.,2026-01-19
8639,1246,683,2,Each away effect to with care.,2026-05-13
8640,923,551,1,Like guess employee minute too student pay.,2025-11-09
8641,1717,271,5,Someone blood difficult sense require list.,2026-05-29
8642,1091,705,1,Few type culture late board speech husband media system debate.,2024-11-21
8643,1863,67,4,Space staff door seem must board team hand agree.,2025-02-19
8644,483,293,5,All close boy enough degree strong most.,2024-08-02
8645,565,538,2,Relationship clear upon star space our citizen radio.,2026-02-12
8646,116,302,1,Manage find run look toward expect different toward.,2026-03-28
8647,948,573,4,Main again about security really stand respond and compare.,2025-12-18
8648,1333,438,3,Give skin spend fight line new.,2023-11-14
8649,388,529,5,Nature piece set responsibility bring whole bit piece deal catch edge suddenly describe.,2026-04-18
8650,457,257,3,Member edge think free while continue hundred long message organization four kid.,2025-06-15
8651,1571,448,5,Condition such among natural finish put marriage month police individual.,2025-09-09
8652,1828,735,2,Thank collection left give these sound claim sit listen feel agent interest.,2026-06-01
8653,814,693,5,Lay board star blue effort consider later allow onto security reason family range.,2026-06-06
8654,444,671,3,Fact glass loss show many forget quickly authority defense.,2026-05-07
8655,484,519,4,Traditional guess hundred travel rate entire building exist difference.,2025-05-17
8656,1827,32,5,Grow lawyer unit than many ready.,2024-05-31
8657,672,15,2,Also discover each although thought entire realize others site.,2026-03-01
8658,1022,891,2,Range tonight cover generation police beat.,2026-04-24
8659,62,771,1,President something area consider party must finally network ahead there.,2025-01-07
8660,1436,831,1,Be trial mouth media group include page.,2025-01-04
8661,803,178,4,Quite wall build western speak magazine miss.,2026-05-23
8662,73,823,3,Single himself thing piece health message page add example decision.,2026-01-08
8663,1100,90,4,Not fact thing east prevent season responsibility south model.,2026-03-26
8664,1593,263,4,Account available station measure than visit two event effect base stand fight.,2025-04-26
8665,124,730,2,Report grow sell course western majority wonder knowledge lot nation.,2026-02-20
8666,299,834,5,Western miss activity let wall American.,2026-02-25
8667,228,19,3,Training have president federal would glass bag.,2025-06-22
8668,438,721,1,Way explain out understand nature provide who.,2026-03-07
8669,818,515,4,Over last study blue young relationship social might eye top.,2024-02-27
8670,1251,56,4,Like painting cup relate condition back should let matter price.,2026-05-13
8671,746,849,3,Approach cup generation particularly happen sister for guess determine simple apply will.,2026-01-06
8672,26,213,3,Again but role position everything letter.,2026-05-27
8673,382,3,5,On consumer word likely great answer follow plan prevent sense.,2025-11-27
8674,732,675,1,Computer tell Mrs put enough building.,2026-03-17
8675,1196,451,4,Ground bill force phone someone me public base write discussion travel.,2026-05-30
8676,1165,455,5,Perform peace yourself bed east look food line seem his author more dog.,2026-05-31
8677,1829,138,3,Answer project seek along ten simply push huge season environmental.,2025-12-04
8678,448,725,4,Record remember trip soon allow chair.,2026-04-08
8679,1436,417,2,Community structure rock last war mission responsibility energy white economy capital too.,2025-02-27
8680,1693,502,1,System officer many discuss small thing marriage.,2026-06-05
8681,1851,53,1,According make month single compare fill wide.,2025-10-12
8682,1987,495,4,Maybe offer collection short conference key.,2026-01-27
8683,1615,654,1,Rise science fear democratic resource official bank hair beat economy audience.,2026-05-10
8684,845,355,2,Help voice year play heavy night move.,2024-11-05
8685,1861,815,5,While represent effort interview thing church.,2024-12-05
8686,1995,794,3,Sense factor nation successful lose interview huge analysis whether road.,2025-12-30
8687,130,423,3,Again wear talk tend admit pay wall sit concern movie.,2026-05-28
8688,372,664,2,Less under avoid control run woman investment environmental throughout interest sometimes reflect yard.,2026-05-12
8689,662,538,1,Question present step floor whatever myself.,2026-05-08
8690,1491,232,4,Fly firm possible with military perform owner everyone discussion movement just resource then.,2024-10-29
8691,1209,313,1,Amount peace hair do rise member right tough step.,2025-11-16
8692,713,734,2,Itself quality around third involve establish start sell table.,2026-04-02
8693,295,917,5,Because her including process discover street stock perhaps realize best help seem do.,2026-01-13
8694,636,853,5,Travel management guess likely happy kitchen citizen quite describe stay.,2025-06-21
8695,1827,858,4,Account everything guess state standard candidate thought green difference analysis pay into it.,2026-04-01
8696,884,929,2,Perform various on show prevent form behavior rate air three care reason.,2026-06-03
8697,1775,443,1,Such whatever wide particular voice student.,2025-05-31
8698,1049,661,1,Wide until understand where any today realize case value present TV call author.,2026-02-14
8699,516,128,2,Town approach card small trouble drop bring.,2025-04-12
8700,1263,768,4,More health more recent difficult decision only general.,2026-03-14
8701,156,974,2,Series improve so yourself technology wall much film TV by quite.,2024-11-28
8702,279,739,5,Three matter ten television design source plan exactly.,2025-04-16
8703,25,402,3,Ground push return yes sure character recently performance.,2025-02-15
8704,962,889,5,On care present rich reach order wrong respond.,2024-05-04
8705,1411,504,3,Sister catch toward baby picture its prove including them fight.,2024-03-13
8706,1105,810,3,Happen present just glass action human five leader song field increase fall operation.,2024-07-05
8707,679,812,4,You all occur and trial cost will.,2025-02-22
8708,106,187,4,Likely allow still hand left final effect for.,2025-12-18
8709,807,34,1,Discussion range ball hope wife buy evidence fast first end federal effort.,2026-02-26
8710,465,197,1,Choose husband fact wear and professor region.,2026-05-24
8711,1276,463,3,Amount modern bit mother term lose participant they require.,2025-08-05
8712,1862,680,3,Game five indicate kid charge action candidate why.,2026-05-23
8713,1145,561,3,Store think most return parent machine owner edge save final of set.,2023-12-20
8714,798,679,3,Help reach economy student dinner mission impact rich explain half clearly hear.,2026-05-09
8715,972,337,5,Sure rest travel already economy risk.,2024-09-05
8716,1758,350,1,Hot light any trouble star nation certain far safe only when quality.,2025-07-19
8717,762,842,3,Around laugh see toward floor set pressure risk seven ready simply information write.,2026-02-04
8718,616,677,5,Strategy issue garden design eat movie popular team type sign law easy.,2026-04-20
8719,1575,792,5,Though activity protect pretty describe century board himself knowledge Congress.,2026-01-20
8720,1570,749,2,Most long baby cause lot vote.,2026-05-03
8721,340,212,1,Mrs else box speak cause hot town similar eight seat free.,2025-09-24
8722,182,614,5,Strong or four media station door else.,2026-03-26
8723,349,905,3,Behavior find the air pick significant follow guy believe what stock.,2026-02-09
8724,1272,781,1,Artist lead manager series perform free drop car expect sea evidence respond west.,2025-08-19
8725,907,104,3,Wife power mind ask half whole night significant Democrat.,2025-11-30
8726,551,737,3,This describe high kind voice present then customer enter guess step body radio.,2024-11-18
8727,1228,830,4,Him scene choose city recently idea trouble Congress according show.,2025-12-16
8728,1402,968,3,Cup concern in effort south available sign million else personal.,2025-04-29
8729,1464,740,1,Industry mother yes police player professor cold the until should.,2026-02-26
8730,1675,743,5,Write modern small camera likely drop.,2025-05-09
8731,2,56,4,Bring pattern radio believe page several consider.,2025-02-19
8732,1962,443,2,Interest could we fire ball employee appear couple president true second imagine positive.,2026-05-19
8733,1299,710,4,Bar discover standard imagine score that agree rate style.,2025-03-12
8734,968,782,4,Stage dark behavior he behavior control account increase put already who white.,2026-03-11
8735,474,854,3,Population entire major then since there certainly particularly.,2026-05-06
8736,271,147,5,Sort teacher administration gas better alone project around value direction kid.,2026-04-19
8737,1946,480,2,Water public peace reflect until sometimes too learn your food fund image.,2026-01-12
8738,734,563,4,Feeling life have sea usually open mission necessary.,2026-06-02
8739,658,487,5,From there save education light could trip art citizen tend cold.,2024-10-22
8740,637,858,5,Spring stage speech yourself especially adult wind sense window forward good over arm.,2025-07-24
8741,1310,28,3,Establish million year one course air huge reason station especially.,2025-09-03
8742,98,337,4,Store consumer remember friend surface beyond.,2026-01-17
8743,1533,611,1,Bar down effort art these structure.,2025-05-06
8744,1243,270,3,Wide sea source recently add structure month.,2026-03-19
8745,1138,543,2,Unit economic president production military according walk season character easy door every fine.,2025-12-31
8746,482,722,2,Talk nature major everything account manager name yard figure.,2025-07-01
8747,694,201,5,Would myself career like guess commercial bed single lead strong front night friend.,2026-03-12
8748,1168,846,1,Result really area idea two consumer Mr reflect stock lay sound than.,2025-06-29
8749,1445,150,2,Anything white art third road within instead force experience increase next drive state.,2023-11-14
8750,1520,233,4,Fly still particular note community hope can security.,2026-05-11
8751,1702,988,2,Time single themselves charge ask water drive.,2026-04-16
8752,1815,858,4,Real simply we fall nearly specific tonight despite up white organization fly must.,2025-04-01
8753,713,811,1,Nation need people term industry issue concern discussion door series.,2025-04-12
8754,1841,269,1,These front TV doctor can buy campaign cause.,2025-05-16
8755,296,383,2,Next leader season morning about result city room threat.,2026-04-21
8756,1612,775,3,Apply religious design certainly network international start.,2024-09-25
8757,1052,980,5,Make check address draw laugh work marriage camera cup deal trouble sign film.,2026-03-25
8758,50,594,5,Fear recently huge these day social rest matter.,2026-02-28
8759,588,56,1,Early head church write new street language various effect particular position expect.,2025-11-12
8760,340,435,3,Charge market quickly those catch husband have believe sing value yet view.,2026-05-22
8761,254,149,2,Herself down north both house one step court practice.,2026-04-01
8762,664,379,3,Method consider teach so quite long such.,2025-11-23
8763,1757,853,5,Career maybe every per rather play impact yet protect fall.,2025-06-14
8764,572,74,4,Group gun win the a strong couple suffer few.,2025-12-13
8765,1774,223,3,Be special side skill allow human perform between.,2025-04-07
8766,851,743,2,Great eye message base building fight take.,2025-07-25
8767,852,738,2,As draw here grow trade choose ability.,2026-02-18
8768,1135,908,3,Bit almost single fast send hold ball sound.,2025-05-10
8769,941,623,3,Majority laugh foreign medical worry impact it sound.,2025-10-13
8770,648,479,1,Little somebody measure school happen skill billion not American board thought.,2026-05-21
8771,1978,197,4,Bag production issue them career sit.,2026-04-04
8772,975,424,3,Create reach whole ok source history threat so to stand.,2025-03-21
8773,1320,208,2,Prevent worry more western quickly argue black worry free stuff various.,2024-03-07
8774,1355,117,2,Loss might finish add financial board certainly sea though boy maintain.,2025-11-27
8775,975,472,5,Or watch goal spend truth environmental high edge right marriage money.,2026-02-24
8776,1868,782,5,Yourself operation able race value yourself collection talk short.,2025-05-15
8777,1698,81,4,Drop color discover there partner product culture.,2026-04-21
8778,1995,279,3,Value discuss experience last ok environmental eat inside sea yourself you.,2026-04-04
8779,1400,290,3,Check black pull democratic suggest itself.,2024-04-04
8780,895,5,3,Way simply more ball your late drive some work drug.,2024-06-12
8781,259,903,5,Raise up into create live suffer finish early up per movement Democrat.,2025-08-31
8782,1382,218,4,Easy tax understand past security begin realize us benefit perhaps want.,2026-05-10
8783,545,5,2,Forward bring few result stage tough hundred forget reflect.,2026-05-29
8784,1947,2,5,Society traditional window TV compare positive believe section everything step meet.,2025-10-03
8785,1522,328,1,Form seven measure simply everybody guy still about often subject health.,2026-04-30
8786,1562,2,2,Respond Mr push under give just discussion forward camera stand concern life of.,2026-04-07
8787,512,217,5,Door style cost myself them ready wait idea strong system debate hot.,2025-05-09
8788,1396,663,5,Beautiful act newspaper middle lose guy case break phone task middle capital laugh.,2026-01-31
8789,1877,654,1,Outside relate water himself best strategy bit establish situation.,2025-08-07
8790,1802,23,1,Trip throw another TV able chance catch white my actually.,2025-05-04
8791,1352,824,2,Happy human stage language friend onto station.,2025-11-03
8792,692,234,5,Age woman play instead research above level eight.,2026-06-03
8793,138,65,5,Write safe word book remember if almost.,2025-10-31
8794,941,756,3,Local have real however future how art point.,2025-11-30
8795,282,723,1,Four main against agent region important lot hold note want actually.,2025-12-23
8796,1491,156,4,Ask community nor should daughter door reveal gas.,2025-11-13
8797,1109,488,5,From season add would page save water.,2026-04-21
8798,1034,137,5,Heart particular suggest foot avoid person among determine.,2024-11-04
8799,299,830,4,Decade popular box law discuss way hit meet fill step.,2026-06-04
8800,74,792,5,Create play upon everything religious husband idea detail why pay back toward pull.,2024-04-28
8801,1182,253,3,Drug poor sign black debate answer into.,2026-05-06
8802,884,199,2,Four body appear stage increase listen front build allow reflect beyond coach.,2026-05-06
8803,426,509,2,Partner general compare wait American drive even oil.,2025-09-23
8804,1569,963,1,Operation hear huge night sometimes argue per recently direction dog matter west.,2026-04-02
8805,1899,579,4,Anyone include help pattern quickly employee water against realize author election.,2025-04-08
8806,1255,928,2,Store measure bag how memory show base sea finally.,2026-04-20
8807,1411,970,1,Generation position many technology employee car others.,2025-02-09
8808,1758,195,2,Stock character large family husband card.,2025-12-29
8809,1413,862,4,Forward country practice activity low guess.,2026-01-30
8810,414,458,5,Agency ten process whatever skill rule court girl.,2025-11-12
8811,992,477,3,Face discussion government manager study usually how century author population skill create.,2026-06-04
8812,479,452,3,Surface that case only bar project.,2025-10-01
8813,1487,541,2,Perform model including season cover south work town.,2025-09-13
8814,1018,426,1,Until agency outside be back little maintain traditional value situation audience statement may.,2026-05-17
8815,1964,467,3,Science site figure whole single challenge surface skin situation position others kid.,2025-08-16
8816,1666,92,1,We land hospital appear result public husband nor your write study.,2024-07-01
8817,525,350,2,Sense front over around however audience manage school home usually thought name maintain.,2025-12-20
8818,1424,517,3,Occur eight cause maintain under low.,2025-12-18
8819,1908,883,3,Dinner wide hot great treat mention before.,2025-02-05
8820,1163,87,2,Above help last keep knowledge race turn bad fact.,2024-08-01
8821,1721,363,3,Strategy full game alone chair none along staff describe leader bag go.,2025-10-27
8822,1149,829,5,Since their take citizen amount might adult foot Democrat about.,2025-12-04
8823,595,422,4,Family during artist site total sister still wear walk floor room.,2026-04-24
8824,1430,438,5,Still rest region catch arm show responsibility face will service talk American.,2026-03-08
8825,737,371,2,Vote opportunity everything purpose society magazine coach scientist.,2025-09-04
8826,1283,996,1,Bag person price as wide my lose million strategy source tax large ten.,2026-02-02
8827,1397,829,2,Hope parent would yes deep wish meeting technology.,2026-05-22
8828,1227,92,2,Sign huge director analysis partner network direction traditional possible him interest.,2026-04-29
8829,1444,568,5,Interesting among so group pull enter nice until story choose protect.,2026-04-08
8830,68,346,2,Student wear must understand design represent point board.,2026-06-01
8831,1113,558,1,Air what pay mouth understand police thing.,2026-02-16
8832,613,853,5,Name daughter certain season while not catch low understand discussion seek.,2025-10-06
8833,1403,714,4,Include example rise meeting speak pull strategy most.,2026-01-13
8834,1629,484,1,Air concern hot rule win eat product magazine occur benefit coach I work.,2026-05-28
8835,1233,765,4,Room until even business continue hotel series car meet able group political range.,2026-01-20
8836,72,794,3,Can try responsibility hope establish plant three movement pick animal term manager view.,2024-03-16
8837,625,265,5,Effort family scene treatment treatment travel floor window fire crime evidence.,2024-02-24
8838,1209,385,5,Size author pull toward fish fire maybe before too floor statement painting.,2026-05-16
8839,1577,882,5,Kid less finish though half level power cover loss suffer move threat.,2024-11-30
8840,1598,821,1,Unit leave nation ago drive nice see.,2025-11-09
8841,890,598,4,Sea them air in kind student such sign.,2026-01-25
8842,277,401,3,Much contain last message news interest good choice north season.,2025-06-21
8843,1971,855,2,Catch quite reveal take western against fast current throw worker year short per.,2025-06-20
8844,1142,506,2,Year letter section project herself how home woman evidence popular participant black.,2026-02-23
8845,587,306,5,Case cut away I along record ever decade adult prepare.,2025-12-14
8846,1773,200,3,Different room final may movie south continue pass they source civil into.,2025-02-16
8847,1141,947,3,Strong defense education exactly fast although upon there bank alone dark.,2025-02-18
8848,1448,659,2,Which its both daughter what hard your into audience old ready show amount student.,2025-10-23
8849,195,121,5,Thus against office conference perform father develop work.,2025-07-27
8850,221,204,2,That design agree growth shoulder part.,2026-01-31
8851,722,130,1,Agency sing choice share collection sense history professor bit.,2025-09-14
8852,516,25,4,Walk air similar deep unit deal forget view wait image.,2025-02-06
8853,1690,970,1,Part sense including interview history while decade expect much hit newspaper sign.,2025-10-03
8854,1666,619,2,Director action various national morning poor financial.,2024-08-08
8855,1180,732,2,Hot rate spend break size court popular since fly recently your production point.,2026-01-08
8856,1719,873,1,Teacher let create meeting specific yes factor customer.,2025-08-14
8857,32,203,4,From day cup example through by stay.,2026-01-21
8858,1357,897,3,Agreement evening per letter nor yard push rather certain least oil.,2025-08-14
8859,934,392,5,Strong nature sit least president last summer.,2026-01-06
8860,1274,906,5,Report crime million page police its ability international international.,2026-04-03
8861,1700,201,1,Congress heart summer health just behavior.,2026-04-30
8862,807,785,3,Ever well sound though fill performance certain finish at claim can site.,2025-05-12
8863,994,484,5,Happen book building party find continue cup to carry though believe door factor.,2026-05-13
8864,103,739,4,Visit strong trial late analysis end current despite.,2025-10-17
8865,1647,818,3,New ability name for upon tonight market lawyer traditional.,2025-12-29
8866,1253,539,4,Too professional agent onto specific room.,2026-01-22
8867,568,719,2,Cultural though describe free gun two test around program fast project.,2024-08-02
8868,1388,73,2,Push candidate sing need table goal half site sit.,2026-05-01
8869,803,134,1,Out school why second season me spring base stop.,2025-04-20
8870,1060,45,1,Consider help pretty just board success majority space you need stock friend discuss.,2025-11-24
8871,988,263,3,Write question continue interesting theory program between nation tough these office mean customer.,2025-08-24
8872,1465,727,3,Fill particular everyone edge building difficult pressure country these more food.,2024-06-20
8873,865,944,1,Country season decision return quite surface whatever apply suddenly.,2025-11-23
8874,736,502,1,Center view three skill exactly yet once guess question put movement help.,2025-10-31
8875,733,629,2,Forget human big who rate name.,2026-05-04
8876,1263,477,3,Company although option nor box left wind real.,2024-11-29
8877,240,287,3,Future group send former start contain serious son.,2024-02-02
8878,1281,81,4,Coach white thought for public pattern add money how.,2026-04-10
8879,1497,583,2,Interesting executive wrong perform program increase nothing major purpose gun.,2026-02-10
8880,497,25,1,From shoulder message real although store red level side garden.,2024-07-18
8881,524,370,5,Fine administration treatment cost security record second scene exist somebody town.,2026-02-23
8882,752,155,5,Cause mention rate my nice cup impact result language ball happen raise address.,2025-12-16
8883,610,486,2,Almost suddenly religious walk although rate.,2026-03-09
8884,1213,465,4,Week news green south drive last positive agency seek car keep rock book.,2025-09-12
8885,605,262,1,Trip finish culture between that before process society.,2025-05-01
8886,1185,521,3,Page skin old including keep conference since course seat serve compare.,2024-11-25
8887,848,838,2,However role house strong appear right each result poor management.,2025-10-27
8888,1897,62,5,Sometimes thank energy simple end low already set reason outside they.,2026-03-18
8889,613,383,1,Nation baby leave develop drug president amount teach picture provide.,2026-01-24
8890,690,36,4,Last top call rate bed beautiful social else young try everyone mission PM.,2026-04-13
8891,516,96,1,Among possible mission add nice herself drug staff Republican.,2025-08-07
8892,1782,179,3,House north act good series allow describe young police a note country simple.,2026-03-19
8893,224,627,2,Front fine throw executive performance like animal account.,2025-08-13
8894,1239,379,1,Keep car out TV five try Democrat bed number air something situation.,2026-04-09
8895,473,491,5,News stage ten travel area off explain foot summer add.,2025-09-12
8896,1090,878,2,Resource language girl become want matter discover Mr.,2025-04-25
8897,1769,596,1,Represent bit letter strong plant top radio wide catch.,2025-03-17
8898,38,320,3,Rock chance enter while environmental your these tonight social citizen owner.,2024-06-25
8899,754,104,2,Watch minute worry find small leader.,2025-03-01
8900,417,264,5,Oil home blood operation fall scene cost paper director least.,2025-07-10
8901,482,551,2,Society in model with any husband.,2026-03-28
8902,417,128,4,Long institution claim play marriage cover commercial.,2025-12-22
8903,1740,256,4,Very type back because serious wrong product TV beautiful security professional.,2024-12-07
8904,1523,435,5,Skin probably maintain garden other full push behind charge must heavy cold movement by.,2025-06-22
8905,690,775,3,Throw study watch available wide fact.,2025-08-10
8906,605,461,5,Southern room different police rate executive address central.,2025-10-05
8907,1102,647,2,Wonder ahead year instead former agency test.,2025-06-25
8908,1680,1000,5,Person fly suggest clearly subject issue ball according almost me hope successful.,2026-01-14
8909,1395,413,2,Happy forget child factor three street any baby see network bag seem.,2026-03-17
8910,1493,784,1,Born over authority see best style open month he operation picture.,2025-07-26
8911,163,284,5,Off into leave everyone site only bank police democratic.,2026-03-23
8912,1427,684,5,Staff test relationship almost explain reason member customer fly onto probably.,2025-03-10
8913,720,983,5,Specific including case sign else who view we family family.,2025-08-13
8914,1954,582,4,Ability window director unit kid shake far never technology beyond.,2026-05-25
8915,1535,370,2,Onto whatever institution month physical young protect movement full concern.,2026-05-18
8916,1940,97,3,Last floor customer day cost course able ball sister work poor hotel.,2026-01-17
8917,176,92,5,Fall better anything business push boy.,2026-02-16
8918,1759,912,5,Able person former success field woman effect significant who participant.,2026-01-28
8919,1548,958,1,Rise girl message pay result attorney when training.,2024-06-18
8920,1916,265,4,Discuss read center heavy place heavy model.,2024-12-15
8921,845,347,4,Full anything reveal amount relate every red least one could approach our.,2026-04-07
8922,1241,63,1,Leader food Democrat pay really entire thought cup quickly them second.,2025-02-19
8923,1385,395,1,Care maybe life sometimes young wear tax happy real if kitchen.,2026-01-25
8924,386,757,3,School event moment father claim our.,2026-06-04
8925,416,422,5,None animal answer firm because character all break thought must nature per least.,2025-10-07
8926,1336,538,5,Same rule identify issue what race interesting blue.,2026-05-01
8927,1978,624,2,Establish reach near half call fund more kid.,2025-08-31
8928,821,736,3,Major bar to fund professor travel boy senior catch field poor something point.,2024-11-28
8929,1998,510,4,Build opportunity gun discover treatment middle story grow people same party while reduce.,2026-03-05
8930,510,43,4,Particular movie through break clearly kid others forward the something.,2026-01-24
8931,937,595,4,However how military wrong body majority exactly per down statement much.,2026-04-05
8932,293,334,5,Indeed small indicate officer no world particularly detail term partner.,2026-03-02
8933,732,426,1,Design class discover various parent choice cut.,2024-06-23
8934,220,920,3,Know almost surface everyone whose local family around old trial serious full.,2026-03-23
8935,1082,207,5,Agreement Congress wear require world any plant knowledge hour southern college into camera.,2025-11-25
8936,268,428,1,Research position response serve north message parent change summer tough amount.,2024-11-27
8937,1490,225,4,Although room value current wide matter.,2026-05-14
8938,973,551,3,Particular through score one seat believe special field hit student.,2026-03-03
8939,500,512,4,Serious activity dinner require participant past think shoulder company.,2026-03-03
8940,1191,667,4,Break believe you line concern brother visit.,2025-12-22
8941,1012,259,5,Source certain agreement project several product moment claim suddenly important ask when guess.,2025-12-08
8942,1136,589,1,Past their yard who over then candidate.,2026-05-29
8943,1233,726,2,Appear join degree doctor subject speech.,2025-11-08
8944,1366,426,2,That dog painting their economy mean artist positive huge first pay.,2026-04-13
8945,1781,897,1,Budget sister must time benefit Congress.,2026-04-12
8946,1489,477,3,Lay medical tax owner spend support cold the pick for you explain letter.,2025-12-04
8947,1713,857,5,Against indicate light method suffer night arrive enter.,2025-11-07
8948,117,585,3,Bed explain weight might focus person reveal wall magazine.,2026-01-18
8949,1359,462,1,Consumer little clear task small agency shake spend.,2024-12-08
8950,1505,486,5,Minute mind tend miss around remain method education direction decade leave end.,2024-02-09
8951,554,557,4,How company window play measure magazine trip participant expert table choose discuss magazine.,2025-11-18
8952,996,752,5,Return plant off door size miss computer.,2025-02-01
8953,545,190,3,Culture true there really sport challenge economy small watch ask federal TV perhaps.,2025-09-10
8954,1644,194,4,Trouble near government but task church.,2026-04-26
8955,862,483,4,Call former high personal field away.,2026-03-03
8956,1170,216,4,Wear party sure professional strategy happy opportunity interview great arm.,2024-08-22
8957,122,244,1,Though step he case when sister true hold.,2026-06-04
8958,353,406,1,Mrs go grow church whose south gun social movie develop base.,2026-01-06
8959,812,738,4,Affect property throughout wall sport without store marriage.,2025-07-25
8960,86,300,3,Pressure up how factor necessary hour shoulder exist.,2023-11-25
8961,1165,662,2,Hair option local dream since now fine pull offer teacher full send.,2026-05-03
8962,650,213,5,Continue could less your nearly six.,2025-07-05
8963,1093,16,4,Should note social forward as body each fine price push white.,2024-03-27
8964,851,311,3,Many book word crime along Republican can see right community.,2026-05-14
8965,151,328,1,Office through professional consider teach appear impact start individual learn time week reveal.,2026-05-15
8966,1930,268,5,Land keep listen positive whose knowledge.,2025-12-11
8967,1296,995,4,Wrong spend sell general blood two of computer.,2024-12-17
8968,1845,462,1,Customer chair stay wife situation letter call model collection imagine capital.,2024-11-10
8969,1331,639,3,Foot administration in rest knowledge authority.,2025-12-20
8970,1045,632,1,Research conference Mrs support fear minute artist several cultural part according.,2025-11-24
8971,1640,135,4,Section might item claim begin many expert over wife defense history store.,2023-09-09
8972,364,332,1,Child win thought whole run including.,2025-12-21
8973,198,681,5,Me spring word side learn his fly.,2025-05-13
8974,180,804,5,Recent also art suggest level car.,2025-01-17
8975,553,720,2,Daughter kid water upon teach simple follow perhaps benefit test view let.,2025-08-30
8976,1860,814,3,Fast want wide as student section glass eat model option establish western.,2025-07-24
8977,1904,58,2,Second factor either serve finally strategy business available office general consumer continue.,2025-03-20
8978,649,606,4,While truth amount house PM machine before imagine property.,2024-10-30
8979,1096,262,1,Mission risk myself leader treat example specific unit worker nothing large include every.,2025-08-04
8980,606,384,2,American choose state entire sometimes gas son off might provide yeah heavy certain.,2026-04-12
8981,1116,503,1,Car level discuss control report marriage place.,2026-04-12
8982,449,477,5,Weight fly research hard news continue more radio.,2026-05-11
8983,1228,524,5,Player woman rest end detail set concern.,2026-04-20
8984,130,426,5,Low speak stock management stock consider animal early various take spend.,2026-06-06
8985,1339,509,4,My success fine whole miss to adult fine strong heavy.,2023-12-17
8986,180,817,5,Low civil husband south off purpose happy treatment.,2025-10-28
8987,381,757,2,Our system challenge begin six Mrs soon member far develop.,2026-06-01
8988,1561,974,5,Really drug successful PM ten stage Mrs upon laugh.,2025-03-13
8989,695,635,2,Most window people every Democrat success skin past guy adult.,2024-11-21
8990,736,44,3,Wife season recent without feeling blood watch across with enjoy.,2025-04-09
8991,1709,65,1,Letter when event focus especially friend analysis.,2026-04-11
8992,960,532,2,Just main media morning democratic material yard.,2025-08-16
8993,289,193,1,Director nor foot interesting open simply.,2026-04-03
8994,1846,92,5,Perhaps one source back positive listen star teach expert rate same radio commercial.,2025-09-29
8995,1167,646,3,Development decade choose fish certain feel.,2026-05-30
8996,1451,714,5,Glass off plant dog its recognize authority early to goal toward protect traditional.,2025-01-22
8997,6,42,3,Democratic detail accept cut in often my.,2025-05-20
8998,75,34,4,Lose you truth ability of old like sure our answer happen.,2025-01-21
8999,28,644,5,Character more four fight travel more toward glass rate common indeed catch against.,2026-01-18
9000,1300,665,4,Development simple safe remember court do international leg quickly wife.,2025-08-26
9001,1635,513,4,Nothing whom four draw college eat this series police point recognize detail miss.,2025-11-30
9002,266,808,4,Newspaper American stage up turn fight third.,2024-12-21
9003,1847,756,3,Key design without weight create hair ago where onto.,2025-12-10
9004,1308,932,2,Develop peace around woman attention cultural western tough great cost.,2025-11-25
9005,1428,886,2,Government feeling sometimes right improve guy.,2025-10-29
9006,328,112,3,Final source firm increase type suffer.,2025-12-28
9007,929,603,1,Computer water question possible great letter cost push.,2025-08-04
9008,787,931,5,Hour family fire sing source ago.,2025-02-26
9009,1922,159,5,Heart night give southern ten have win guy foreign recent.,2026-03-28
9010,674,136,2,Idea six condition child film production.,2024-07-16
9011,682,875,2,Defense relationship or success although despite product start daughter door action health beautiful.,2026-06-05
9012,516,176,3,New long ask everything him clear career medical claim language while middle attention.,2026-04-08
9013,1780,504,4,Direction author culture total security red memory.,2026-04-28
9014,1328,870,1,Watch society response PM big past truth type program let response.,2025-08-25
9015,1211,845,2,Ok last heavy address others rich race admit put without management impact.,2025-08-10
9016,1654,108,4,Energy care as very choose amount bill.,2026-05-22
9017,1531,522,3,Age mission strong seek central base performance significant animal.,2026-01-21
9018,1175,676,4,Occur western child energy president such because rather street cause country.,2025-12-15
9019,831,695,2,Fund energy write somebody prepare town father.,2026-06-05
9020,827,255,5,Fish executive help opportunity letter mission think question impact force area.,2026-05-16
9021,127,961,3,Friend ball guy technology join pretty section speak add.,2026-01-22
9022,1101,586,3,Happy cup common throw education other culture there if challenge campaign agree.,2025-03-15
9023,1082,940,5,Network brother nature unit partner produce main.,2025-02-09
9024,579,491,1,Learn chance happy Republican trip she start.,2025-05-04
9025,1615,514,2,Perhaps trial out provide local star them entire city teach.,2024-05-24
9026,886,520,4,Say wall respond front short heart on west market return effect rich.,2025-12-26
9027,143,708,3,Goal cut too listen southern rule loss.,2025-06-23
9028,1733,841,2,Forward free rate particular able security ok bank I cause stay financial hot.,2025-06-21
9029,1376,299,2,Push hot town learn price fact him blood memory coach language own to.,2025-08-24
9030,1732,289,3,Improve next myself enjoy point already act.,2025-10-02
9031,1660,820,4,Window road magazine score during responsibility church fast recently.,2025-08-02
9032,161,556,3,Garden moment sport security method customer full study book bed enjoy.,2025-11-22
9033,1872,236,1,Hit his so administration treat scene but stay mention strategy entire.,2026-05-20
9034,1184,341,3,Wait item glass first much level themselves well election decade return later huge.,2025-05-11
9035,1523,910,3,Cup fine hold people thank appear can move wait officer trouble.,2025-11-28
9036,1959,355,5,Glass get lose again space line institution business six thus after.,2025-10-17
9037,1192,539,5,Feeling rise yourself choice possible area onto as environment material for ahead.,2026-03-07
9038,1540,939,4,Draw ball process best understand themselves law doctor thing although.,2025-10-08
9039,259,558,4,Later expert air loss while west imagine story shake task.,2026-03-01
9040,518,619,3,Recently official radio able political former perform work they design.,2024-08-19
9041,1737,36,1,Body offer perhaps husband truth foreign skill prove hear industry partner.,2026-04-04
9042,1195,301,5,Data word authority hope black foreign.,2026-05-25
9043,192,662,4,Stand official else including series know politics.,2024-09-02
9044,1298,564,4,Course whose painting reflect or one mission sit.,2026-05-05
9045,599,623,4,Well protect same rock reality mouth kind drop.,2025-12-02
9046,495,881,2,Evidence until heart move event customer.,2024-03-13
9047,261,40,2,Sort trouble five candidate full model travel onto speech.,2024-06-05
9048,123,296,3,Beautiful affect share professor our indicate he.,2025-01-02
9049,1311,337,3,Food structure yourself if out may audience player.,2025-07-29
9050,1090,265,3,Congress within government mind ability green do old type present thus shake above same.,2026-01-25
9051,477,232,4,Claim leader travel another buy street since organization out big across.,2024-11-12
9052,1141,760,2,Require ahead discover although sure institution how always audience site officer its.,2025-12-13
9053,9,792,1,May others edge do power election moment audience during crime rich cold car.,2024-07-07
9054,1553,511,3,Act let grow prepare manage call member.,2026-01-30
9055,1318,910,2,Great white with line mind make trial each from choose growth get.,2025-07-11
9056,1597,725,4,Parent within foot actually religious she we let study some bar box prove player.,2026-03-01
9057,584,513,4,Billion Congress capital find compare family major occur the.,2025-01-07
9058,1918,89,3,Particular security guy sense learn table image stay firm keep.,2026-06-01
9059,1893,616,1,Congress recognize then get else early.,2026-02-21
9060,462,410,3,Stage involve at history develop push unit son improve despite year.,2023-09-13
9061,1950,555,4,Nearly military day go believe race country against every simple send growth machine.,2026-06-03
9062,842,217,4,Order most enjoy medical just hard appear suffer.,2026-01-09
9063,1226,673,5,There many save important manager one minute pay.,2024-07-30
9064,1343,788,4,Continue build save father red everything meeting reality guess read fast finally.,2026-03-02
9065,1312,359,2,Cup present teach his their talk goal foreign price lay day personal.,2025-03-30
9066,1574,742,5,Us make interesting her at rise perhaps foreign fill picture arrive.,2026-04-11
9067,992,890,1,Body debate hot suffer security glass seat from.,2025-03-29
9068,353,583,3,Run audience during source after shoulder realize drive usually special.,2026-02-06
9069,966,575,5,Necessary coach size share begin important education staff.,2025-01-16
9070,217,882,3,Husband past why ability maybe run collection.,2024-12-20
9071,1320,583,2,Quite manager each light near course few western will film.,2026-03-07
9072,943,222,2,Wife forget well pattern pressure company gas say ready win.,2025-03-28
9073,514,114,2,Ten fund something push fine player I parent edge.,2025-06-06
9074,646,498,1,Early reality forget per trip early little.,2024-11-18
9075,581,691,4,Across civil record almost develop it himself good old money sort even chair.,2026-05-29
9076,900,677,3,Our add under view responsibility director.,2024-10-18
9077,259,595,3,Turn mention would there yet ago within drug weight into growth.,2026-05-30
9078,1414,812,3,Nothing national pressure process history campaign mind interesting Congress.,2025-05-24
9079,1049,689,1,Mind whom recognize anyone same speech.,2025-10-09
9080,1619,577,2,Same bar effort why past each outside administration nice senior office million.,2025-05-02
9081,798,566,3,Food walk say according raise past strategy fight provide establish federal production.,2026-01-10
9082,143,742,4,Personal save bill wall financial international amount choice water.,2025-12-27
9083,1292,940,1,Event door how have yourself because among clearly player.,2025-11-19
9084,972,754,1,They operation wind cultural market loss outside rich.,2024-09-10
9085,1331,703,4,Maintain address door goal generation happen you significant exactly result pass party production.,2025-11-25
9086,992,753,2,Card individual health real need quite tax answer sign common.,2026-04-25
9087,1637,10,1,Can throughout evidence so development usually nothing.,2024-02-20
9088,1763,851,2,Ask back discuss begin low recognize find nothing do have avoid current positive.,2026-01-16
9089,408,301,5,Morning eye friend go top method structure ability focus.,2025-10-04
9090,1381,419,4,Process nice goal role get what reflect level.,2026-02-21
9091,1181,127,1,Performance many although guy lot learn husband task strategy have behind.,2026-03-28
9092,1527,554,4,Heavy up follow collection tonight Mrs think guess page.,2025-11-12
9093,868,198,4,Enter ask week cold message job guy.,2025-12-16
9094,1673,836,1,With need reason color agreement wife natural military believe religious memory plan.,2025-08-28
9095,1645,555,1,Exactly view single none mean suggest.,2024-12-30
9096,504,389,5,Listen big finish picture choice than hundred animal our who attorney.,2025-11-02
9097,185,220,3,Stand religious attention add own save nation least into vote night series forward.,2024-11-25
9098,1639,884,1,Bank serve hotel degree save physical guess air.,2024-06-30
9099,1178,676,2,Product woman east environmental health full head discussion like toward.,2023-11-20
9100,1870,837,1,As street notice theory likely remember realize music.,2026-02-02
9101,1213,745,1,Decide bill require finally only hundred financial money decade.,2026-03-05
9102,1693,408,1,Common her would less blood age bring others window senior themselves couple music.,2025-06-25
9103,659,224,3,Make could owner success scene argue large outside film relate.,2024-07-12
9104,596,934,4,Tell candidate employee your always plan life chance.,2025-08-20
9105,1238,142,4,Hotel herself wide growth reflect argue.,2024-11-05
9106,1767,555,1,Song could with continue truth choose rise.,2026-05-04
9107,1359,225,3,Become class girl vote their real image past.,2025-10-24
9108,1969,986,4,Trip pass blue tell skin research charge dream beyond never age support medical.,2025-11-12
9109,783,798,2,Trouble relationship center quite feeling travel.,2025-02-06
9110,1445,614,3,Listen write clear down gas benefit product.,2025-05-13
9111,1271,540,5,Participant have cup seven some nation involve represent real including.,2026-03-29
9112,903,246,2,Tax short property red resource low inside success manage.,2025-07-18
9113,400,793,1,Change place teach ago science do.,2025-12-25
9114,156,310,3,Reality age stop learn dinner senior reduce answer.,2026-03-08
9115,660,771,2,Major say require small toward teach drive fill research also hit size coach drive.,2026-03-29
9116,1508,387,5,Despite federal pretty election century conference area pass see even election.,2025-02-21
9117,1305,646,1,Throughout result military animal job various serve interview fine increase take song.,2026-04-21
9118,1642,200,2,From occur mother market year industry serve chance price learn.,2024-12-15
9119,1086,35,1,Effect style these teacher hope now central head read gas vote window.,2026-04-02
9120,951,247,1,Score real Democrat current movement candidate by right on than quickly.,2026-04-10
9121,19,979,3,Feel property south reach range run up even organization available which sometimes.,2026-02-05
9122,10,582,5,Pay simple south take benefit than interesting well will west.,2026-02-20
9123,1043,665,3,Argue agreement activity read pick group enjoy soon east with.,2025-10-14
9124,823,612,5,Focus vote why leave try then.,2026-05-13
9125,1420,891,1,Company near foreign feel party pattern million perform three drop oil send figure.,2026-02-04
9126,1789,830,4,International week care require especially we travel argue ask.,2026-03-31
9127,238,427,5,Condition point economy citizen shake opportunity another tell listen red much wide.,2024-07-08
9128,1313,134,2,Offer worker he other city hit goal or area thank.,2026-04-20
9129,601,45,5,Day traditional concern city debate buy standard.,2026-01-01
9130,574,585,1,Simply force customer just whatever edge old plan enjoy some third.,2025-12-24
9131,1358,979,3,Threat institution concern war line theory up especially car think.,2024-10-05
9132,1710,95,5,Exactly second even home machine alone approach range quite statement voice other well.,2025-05-15
9133,368,375,4,Beautiful hand federal learn wife north role front drive order another.,2024-11-01
9134,1056,800,4,True most list few grow building face good media.,2026-02-27
9135,486,628,1,Call allow collection career good at difficult safe season.,2026-04-05
9136,1716,467,1,You must answer play fly help parent six according personal.,2025-11-11
9137,659,166,1,Able decade sure hand yes or stage event development fall stock nothing where.,2026-01-13
9138,558,578,4,Either building baby shoulder bag drive research control hospital my charge happy bring.,2026-05-23
9139,1031,483,4,Bit few remain beyond garden yard cause.,2026-06-02
9140,611,658,4,Offer find modern teach often sometimes activity hit ready.,2024-10-31
9141,1779,376,3,Region forget number about last big language drive serve contain.,2026-03-08
9142,785,607,5,Over law step board tree law.,2024-12-28
9143,1297,35,1,Become book who candidate us assume government single big condition.,2026-03-01
9144,1275,265,3,Organization attorney fund up reflect professor skin happen.,2026-01-01
9145,1212,494,4,Will wear treatment then every after treat.,2024-10-14
9146,266,235,5,Religious thus international piece particular Mrs price likely study true call history interview.,2026-03-20
9147,1323,42,2,Industry meet government hand be forward factor hundred before keep.,2025-03-09
9148,368,290,4,Campaign but family attorney sort college true challenge.,2025-12-10
9149,417,20,2,Safe main these act red necessary better them capital conference start brother off.,2025-06-09
9150,343,900,5,Friend weight picture teacher face hundred.,2025-02-09
9151,1945,571,1,Resource possible drug trouble customer media wind also too could really.,2025-11-30
9152,1189,554,1,Dark agreement prepare become give statement to.,2026-03-01
9153,1328,684,5,Myself wrong foreign today ago save dream stop become.,2026-03-27
9154,1242,90,1,Remember surface suddenly southern opportunity medical modern question nothing although why.,2026-01-08
9155,1715,733,3,Prove education seem surface reflect size cold produce meet.,2025-07-01
9156,588,480,1,Paper hit shoulder prevent already rule mouth exactly.,2024-07-11
9157,1452,720,3,It partner both part response very technology keep street heart tend those.,2025-10-20
9158,369,85,5,Customer must every true skin different yard treat like.,2026-02-05
9159,1804,275,2,Move side car buy job generation poor occur sometimes yard.,2026-03-26
9160,1616,160,2,Finish but plan since college major charge.,2025-11-14
9161,939,976,5,Risk read simply detail if easy American issue reach run who.,2026-02-08
9162,945,287,3,Including Congress particularly leg move movie role if season compare season tonight.,2025-11-04
9163,779,177,5,Huge available kid international very sing nation their million want here student miss.,2026-05-14
9164,1102,77,4,Risk scientist conference involve put happen reason view heavy rather situation offer age.,2025-07-25
9165,461,591,2,Rest finally light investment question how near.,2025-06-20
9166,1439,693,3,Hospital response kid me meet gas find believe cell necessary.,2024-10-07
9167,1809,130,3,Husband several spring above who customer opportunity group apply.,2025-11-05
9168,1610,706,2,Rule company physical station admit whom half best.,2026-01-13
9169,600,404,5,Green pressure ok camera something party personal reduce over because individual involve land catch.,2026-05-05
9170,1893,778,5,Behavior hear former school herself community bad doctor.,2025-07-14
9171,1494,718,1,Behind force have blood teach spend.,2026-03-24
9172,1833,821,5,Country style article strategy public follow staff figure charge sort.,2026-03-16
9173,1597,423,4,State economic bad general weight long action away value.,2024-06-15
9174,1734,30,3,Student raise ahead whether wait yeah live foreign avoid argue feeling.,2026-05-01
9175,1626,22,1,Class expect attention wish rule leg available development present.,2025-10-07
9176,1592,795,2,Pay then age shoulder game citizen sometimes.,2025-10-22
9177,534,204,4,Fire believe floor raise moment set up ago appear.,2026-04-21
9178,1329,382,3,Interview affect leg four seek if trip may several personal.,2025-11-14
9179,1255,356,1,Ever the always time human decision some.,2026-03-24
9180,762,658,2,Produce good many door level course notice.,2025-02-21
9181,1471,65,3,Yeah prove including close what give mother.,2025-10-31
9182,755,613,4,She culture piece pull key organization again.,2026-01-23
9183,1042,554,5,Whatever lead business relationship chance attack action father wall.,2025-12-14
9184,996,790,5,Some suggest second everything blue range.,2026-04-12
9185,723,991,5,Center why sea heart open thus seek happy.,2026-04-20
9186,790,377,2,Wonder ground allow stop but ready military also.,2025-03-17
9187,700,259,5,Team choose official drug by third voice protect another north machine.,2026-01-24
9188,1497,349,4,Whole majority sit special decision significant page left term.,2025-01-04
9189,898,983,4,Picture region store people brother situation politics decade community.,2026-05-05
9190,1852,363,4,Where wear meet you receive fly while thank machine.,2024-07-01
9191,489,187,1,Common operation trouble work degree nothing piece might learn admit enough contain figure.,2026-03-19
9192,264,92,2,New exactly third decision including despite inside exist Congress board good.,2026-03-23
9193,122,604,5,Some laugh rock suggest sense shake certainly.,2025-09-24
9194,74,617,3,Energy board foreign for one professional give indeed this back tough popular.,2025-12-15
9195,626,952,5,Property will simply present blood physical he today tell fact care stock.,2026-05-28
9196,949,810,1,Foot since something seek choice certainly civil her generation case me big the.,2026-04-05
9197,487,931,2,Successful authority million so create admit traditional magazine hot next experience look.,2025-05-20
9198,1095,225,3,Employee past two where without gas until institution true.,2024-12-09
9199,178,679,5,Do herself although note discuss nice seem challenge community collection him worker.,2025-06-10
9200,1939,426,1,Factor memory next result owner able pressure dream.,2025-10-27
9201,590,648,3,Push stage record offer in exist something.,2025-12-08
9202,628,121,3,Miss reality image lot himself rock under to thought camera paper project.,2025-03-20
9203,1112,760,4,Mr water partner involve plan structure.,2025-07-16
9204,723,885,4,Quite coach campaign will market forget simple under.,2024-04-07
9205,1294,946,4,New his half those everyone pull today actually increase event all.,2025-05-17
9206,1444,167,4,Toward way soldier affect recent treatment child system arrive church customer decide.,2025-12-30
9207,1644,931,2,Store exist spring increase anyone eye question as whatever of always letter term.,2026-06-01
9208,649,238,1,Long increase five term course foot look cause hundred career use north ground.,2025-05-01
9209,564,23,2,Once candidate nothing sport better long mind future.,2026-01-16
9210,1112,387,4,Probably author final apply knowledge subject though front page require.,2026-04-22
9211,718,321,5,Sea alone any nature though ahead trial line girl international.,2026-01-15
9212,1418,727,1,Scene if success see involve party job conference decide house wish term.,2026-05-15
9213,1523,354,3,Never suffer shake family truth entire.,2026-01-07
9214,1942,625,1,Itself possible sea at form war.,2025-12-12
9215,1981,931,2,Officer friend view manager market high current product skill consider down study.,2025-11-19
9216,1169,942,5,Recognize mouth write fast structure card election lead.,2024-03-31
9217,1074,773,5,Song seat along drop plant appear cup campaign.,2024-12-31
9218,1364,538,2,Peace live result have southern the scene dinner travel order every.,2024-12-20
9219,506,873,3,Leave moment type include lawyer try option return push down better adult true.,2026-02-02
9220,1486,743,3,Continue have eye direction piece cover.,2026-04-24
9221,1750,936,5,Her success management democratic why almost commercial different huge industry language stop near tough.,2025-10-05
9222,1683,24,2,Never economy sing push part another measure likely.,2025-07-28
9223,1519,258,5,Industry lose leave clearly much mother main consider.,2025-07-11
9224,1453,570,4,Tough stuff tax accept high hair lead scientist resource contain have degree price.,2025-07-25
9225,1018,16,1,Decide continue soldier impact movement dinner eight road.,2026-03-05
9226,1034,583,4,Sport push drive fact story view apply test add senior.,2026-02-07
9227,1373,824,3,Run bed now my available vote thing author wish report build.,2026-06-05
9228,1961,63,3,Inside relate nor ability sound own successful.,2025-06-25
9229,927,587,1,Remain poor bit of friend law run fire table technology I yes always.,2025-04-28
9230,1742,768,3,Draw someone answer take nature whom.,2025-09-23
9231,1254,883,3,Clear figure under sell ever realize Mrs save father special green.,2026-05-29
9232,1328,265,2,Those reach forget lawyer interesting difference analysis.,2026-03-23
9233,495,698,5,Report public federal table else management participant guess.,2025-03-20
9234,1255,568,3,Offer foot some amount lot degree Mr toward realize hear tree simple.,2024-05-01
9235,856,85,5,Friend his hand see serve lay return look bit attack drive.,2026-02-26
9236,614,690,2,Commercial him it across rather almost.,2025-10-24
9237,1833,393,5,Break guy nice approach management try over adult floor everyone support ball light.,2025-07-01
9238,1944,261,2,Fight institution oil bag TV science everything doctor.,2026-03-23
9239,1952,654,1,Institution senior reach seek professor at out agency.,2024-12-13
9240,1699,286,4,Reduce happy option drug visit letter cause.,2025-08-19
9241,1348,178,3,Daughter production least travel parent girl pressure.,2026-05-19
9242,1503,3,4,Industry short public beat grow word into certain field collection learn for.,2024-12-30
9243,1981,26,3,Relationship least respond PM many trade box ability civil blue plan particular.,2026-02-25
9244,858,244,4,Evidence detail sound bar sometimes enough without blood so everybody alone should force.,2024-12-13
9245,1287,49,2,Cause less would public standard member stand adult prevent third around young cause.,2025-10-27
9246,149,842,2,Type training foreign experience him image case stop performance sign.,2026-06-05
9247,1681,97,2,Suffer fine citizen with idea thousand save gas gas behavior see.,2025-01-31
9248,346,917,3,Training leader tend election stay room officer idea particular.,2026-02-02
9249,1617,481,5,Color think Democrat behavior surface star painting finish subject everybody within similar price.,2025-02-01
9250,120,936,4,Beautiful leave girl magazine management news them spend style beautiful.,2025-11-22
9251,395,981,1,Election live office rock term yard recently full.,2026-05-29
9252,71,916,2,After world history record strategy work against teach so term clearly.,2026-06-04
9253,1503,335,2,Great customer scene project customer forward speak position see story purpose the arrive.,2025-09-17
9254,620,147,1,Direction thousand simply senior high newspaper value entire office for.,2025-06-20
9255,449,5,3,Industry sell environmental east officer once cell we occur.,2026-03-01
9256,181,408,5,Next feeling beat effect current need environmental without thus without fast point.,2026-05-26
9257,1253,344,2,Voice name state white approach want effect the far mention where watch economy.,2025-09-23
9258,1728,755,1,Fund because source animal across have enjoy like in.,2026-03-13
9259,1257,703,2,While call perhaps themselves soon able.,2026-06-05
9260,9,582,4,According key major spend such option.,2025-10-06
9261,1122,129,5,Stop treat fast car part may draw read hospital also religious thank Republican.,2026-04-09
9262,164,604,4,If move within create degree every assume make close eat enough just herself.,2026-01-29
9263,315,957,2,Defense purpose fast system lay feeling claim type.,2025-12-16
9264,1239,830,2,Pretty wish score everything kind usually television fund suffer thousand.,2025-09-04
9265,213,537,1,Administration life fund science always camera according to.,2026-03-06
9266,1431,465,2,Hour pull natural crime trip also.,2026-03-09
9267,287,938,1,Face affect affect interview fall low color special writer certain medical.,2025-03-22
9268,1049,296,3,Impact news always others collection surface.,2025-08-12
9269,577,392,5,Item woman process traditional ahead to raise exist.,2024-08-17
9270,1342,954,4,Growth especially guy tonight nice imagine make law room enough nearly.,2026-04-27
9271,486,723,2,Decade force significant decade politics religious spring sister low seat little.,2026-01-22
9272,42,374,5,North land help wind executive series window well list interview.,2026-05-27
9273,909,667,5,Standard letter democratic despite face social it.,2025-12-22
9274,934,885,2,Who eight coach ago campaign close.,2026-02-24
9275,78,794,1,Yourself without friend local a soldier fill and standard standard message example.,2026-05-10
9276,145,352,3,This ahead ahead son fill form can change major itself.,2026-03-14
9277,516,537,5,Type need gun anything purpose ground mission we blue.,2026-02-19
9278,271,119,3,Level her your follow away explain standard on hundred blood factor production.,2025-05-07
9279,342,543,2,Thought great end pass player assume within church end mention serious cultural.,2023-11-25
9280,1964,699,5,Meeting total and sport little film themselves anything send fly ready much thing.,2024-05-18
9281,483,122,1,Expect poor account teach house public choice.,2026-03-24
9282,871,94,3,Position day stage rule rule young.,2025-06-07
9283,1177,780,5,Hundred its on why trial ask quite player.,2025-09-23
9284,611,992,3,Quality read whose return lot crime hear civil discuss two research.,2025-01-24
9285,673,639,2,Often send officer collection many act station stay again him.,2025-11-13
9286,1190,873,4,Its court case yet identify bed in truth share perform.,2025-04-29
9287,1214,165,2,Most value already already there off direction.,2025-10-02
9288,1509,73,3,Business recognize have leave two there per else any response foot.,2026-03-04
9289,1858,732,3,Affect for country rule history treat statement animal yet authority.,2026-02-07
9290,212,799,4,Only hit establish quickly training seek beyond front.,2026-01-28
9291,1347,149,2,Environmental pull west firm fine among.,2025-09-14
9292,501,871,4,Citizen sea will evening recently daughter certainly picture hair fly.,2026-06-01
9293,1615,510,4,Time should guess Congress performance across green fly yeah.,2025-10-03
9294,411,166,4,Yeah western instead investment skill big at what move hour head bar.,2023-11-12
9295,1171,41,4,Century chair pretty commercial region down meeting office why challenge.,2026-02-22
9296,908,266,5,Heavy professional dog environment kid total long entire.,2024-08-13
9297,207,569,3,Work crime agent once popular coach might nothing relate have take plant.,2024-11-02
9298,1520,951,3,Both always late nation green production throughout wrong message.,2024-05-09
9299,730,148,5,Magazine low tough Mrs beat American beyond baby old successful good step.,2025-01-19
9300,502,566,1,Occur might administration close notice nation eye although water far.,2026-06-01
9301,817,185,1,Rise quite agency mean very structure us star.,2025-09-01
9302,1754,210,3,Travel still city same fall start second year run eye.,2025-10-16
9303,1519,705,1,Economy especially off per floor animal society story.,2026-05-04
9304,436,227,1,Full fine subject especially western without rich generation many both ask.,2026-05-01
9305,1917,752,1,Case view avoid power hand his president staff executive.,2026-03-29
9306,159,53,5,Lead her weight consumer message almost body reveal win across pattern account.,2024-06-15
9307,1297,560,4,Use ability black you we everything something indicate discuss these single.,2026-02-17
9308,509,953,1,Strategy these our research catch example attention season agreement.,2025-08-05
9309,260,593,5,Sense southern ability police walk leader thus same air specific hand along.,2024-06-19
9310,1850,729,2,Wonder special resource be seek similar plan these shoulder simple alone paper author.,2025-01-22
9311,1885,263,4,Skin blood market any may I star analysis would economy.,2025-07-16
9312,1071,923,1,Leave then discuss young everything affect.,2026-03-16
9313,1886,919,1,Strategy office control throw model many environmental teach want.,2025-12-04
9314,209,181,2,Run special watch service property her adult try type either wife ability.,2024-12-15
9315,1735,852,3,Case the bed as college hard feeling.,2025-06-16
9316,1270,860,1,Shake church once whom modern instead close.,2025-12-26
9317,343,39,5,Station main might scene national leave here because.,2026-05-28
9318,450,826,1,Again agree cup form him truth will remain team good.,2026-05-20
9319,1246,975,1,This politics language reality would operation cut become air always contain development environment until.,2024-05-20
9320,1093,820,5,Detail lose will prepare guess care.,2026-06-02
9321,444,400,3,Major attention record year remain price degree reality sort anyone now.,2026-05-23
9322,1854,986,4,Him character specific bank tree discuss job traditional company writer strong push hit.,2025-11-18
9323,1310,157,3,Upon ground although car first account hair stock amount.,2025-01-24
9324,743,425,3,Glass chair piece bed visit security.,2026-02-24
9325,1177,978,5,Control key miss and down door edge can marriage reach despite now.,2024-03-11
9326,1340,983,3,Collection change cell tough heavy back positive.,2025-09-19
9327,551,314,1,Produce say send wear yeah with.,2026-03-19
9328,124,550,2,Bed newspaper race create in activity.,2025-11-06
9329,1235,973,2,Continue last thus relate little federal wide democratic.,2024-10-15
9330,1339,649,5,Process arrive glass save across mother argue others third investment.,2025-09-16
9331,512,229,1,Lead development director well nature event break if line everyone suddenly ten may.,2024-10-14
9332,1686,455,5,Small protect article picture role record without how north sister exactly left test.,2026-03-26
9333,402,766,3,Everyone tough later create require walk crime great.,2026-05-25
9334,804,423,3,Employee forget before dark somebody born.,2024-04-21
9335,1104,344,4,Camera state meet officer well sort.,2024-02-09
9336,1704,554,5,Compare soldier number station pass experience.,2026-02-07
9337,1904,161,2,Until human up herself daughter door.,2026-05-06
9338,113,270,5,Answer cell story long main both order born discover certainly opportunity.,2025-02-08
9339,1233,581,5,Deal turn them really anyone hospital necessary table out.,2026-04-08
9340,1804,748,2,Production want spend anyone north structure fear by star moment image.,2025-10-31
9341,1174,826,3,Edge size issue seem after building offer.,2025-08-17
9342,934,911,4,Likely month easy likely since example.,2025-02-07
9343,1605,818,4,Raise bill customer soldier reason rich improve century let baby effect operation which.,2025-10-04
9344,658,825,5,Face true politics born benefit finish time claim marriage.,2026-03-24
9345,1907,597,2,Bank hot development huge identify class position final whom way.,2026-05-21
9346,168,431,2,Fear they possible dream card large head million outside bring security theory toward.,2025-12-27
9347,1181,604,1,Tonight this green movie measure play play resource natural surface better management.,2026-04-14
9348,1811,88,1,Success surface tree east drive task how value probably information challenge focus cost.,2024-09-27
9349,902,42,5,Tax when can teacher most civil usually have soldier former second decision responsibility.,2026-03-26
9350,1638,748,4,Six hard field effort treat son never.,2025-10-11
9351,581,13,5,Night second debate poor herself summer try assume different six foreign democratic rest.,2025-12-21
9352,4,473,4,Language space base value clearly year.,2024-05-22
9353,1467,13,3,Gas speak whether onto despite own person leader.,2025-08-11
9354,510,75,3,Light performance strategy national laugh work send event us although address government.,2024-12-19
9355,1815,14,3,Program property available direction public of return.,2025-11-01
9356,766,399,5,College staff pressure even mention across many human environmental view state statement resource.,2026-02-01
9357,1712,13,2,Some you dark finally machine free development eight out like detail.,2026-04-22
9358,1635,488,5,Painting debate bed police wear positive reduce practice together I cultural field trip.,2025-10-26
9359,1792,400,3,Spring as audience sometimes door paper wish place create.,2025-05-24
9360,1400,526,3,Chance she claim century worry government use sometimes force bar view situation organization.,2024-06-10
9361,660,860,5,Their much successful investment walk once.,2026-05-03
9362,1204,449,2,Design way soldier military sea top throughout hope.,2023-09-09
9363,646,151,4,Industry stop affect too care behind herself near parent mother third new.,2025-06-24
9364,1806,365,5,Term former occur can evening serious back.,2026-05-26
9365,1222,38,1,Work history tree list eat near may issue together guess opportunity seat.,2025-06-19
9366,1297,220,1,Describe toward give drug sit them front room wife big.,2026-03-25
9367,887,208,1,Leave want public unit page toward staff could current sister which.,2026-04-29
9368,1656,922,1,Mean security chance how first memory doctor country a newspaper.,2025-12-12
9369,1291,921,2,List require home somebody phone up feeling.,2025-11-09
9370,1677,25,5,Car past late stop bad assume war than set bring.,2024-05-09
9371,1051,94,4,Evidence different owner customer plant green late woman.,2025-05-10
9372,1545,982,5,Well six true chance left some you determine network yet get scene.,2026-03-26
9373,1901,364,3,End way recognize public method total enter second population.,2024-12-26
9374,985,128,3,Pretty live fall about enough treat pay energy huge weight.,2026-05-05
9375,282,194,3,Fine memory real trial response every go.,2024-01-25
9376,1554,507,3,Machine idea give health country natural body well.,2025-08-30
9377,712,525,1,Base school sell entire town meeting research herself growth yeah decade claim.,2025-03-25
9378,1924,684,2,Term main nation wrong necessary effort per network save stay style seem.,2025-12-11
9379,162,105,3,Nice traditional organization hear actually country structure item drop.,2026-06-02
9380,559,664,3,Sit best among my coach couple military year else game heart chance.,2026-04-29
9381,653,129,1,Price leave range operation apply feeling tell put now help sit behavior.,2025-11-06
9382,1613,466,1,Activity turn reveal conference race their.,2026-03-04
9383,877,830,3,Short herself simply when street campaign statement middle usually.,2026-04-22
9384,1964,455,4,Role admit even eye great street water hold.,2025-07-02
9385,1589,158,3,Deal crime rock quality arm individual none let for culture set.,2025-12-26
9386,898,739,1,Least account list return similar process really enjoy director mention system move social.,2026-02-22
9387,1572,512,3,Southern themselves worry street charge side.,2026-05-13
9388,27,140,5,Send test from threat before community provide budget whose north staff official home.,2026-01-01
9389,1314,365,5,Tv rich matter challenge project foreign window loss.,2026-06-06
9390,1612,293,2,Top arrive great election yard where state could writer policy to what.,2026-03-05
9391,226,690,2,Establish left remember father evidence suggest ability.,2025-06-24
9392,475,80,4,Science war choice investment practice rest away generation maintain imagine.,2026-04-25
9393,639,94,3,Discuss describe position several eight could.,2025-12-25
9394,1327,584,2,People realize where benefit others become suffer option spend sell hope present election.,2026-05-25
9395,834,548,1,Act consumer use parent apply federal success almost address necessary.,2026-05-15
9396,498,183,4,Practice myself economic control necessary probably should agreement car indicate.,2024-07-21
9397,619,167,1,Option service scene feeling have glass deep station seven force cell take.,2026-05-16
9398,1419,513,2,Range their though social young pick second pick itself sign it by foreign.,2025-12-21
9399,849,793,4,No term bag likely result would vote treatment body can first method civil blood.,2026-04-13
9400,135,129,4,Her simple place coach general Mrs.,2026-05-02
9401,764,987,5,Management follow leg statement appear financial by might institution maybe share.,2024-04-03
9402,458,423,5,Watch particularly matter take race various eye trouble relate.,2026-04-21
9403,468,370,3,Health check age send culture today never first who become civil.,2026-05-19
9404,829,444,5,Analysis yourself for ask professional road.,2026-03-29
9405,770,604,2,Offer who remain dog cup room radio draw cold war.,2025-09-03
9406,544,419,3,Run benefit fund camera stop easy tonight child after under hospital drop life.,2026-02-03
9407,630,148,3,Successful itself couple he business few board nation clear right at.,2026-03-21
9408,553,155,3,Quite structure skin wrong drop sea serve I enjoy with surface.,2026-02-08
9409,239,124,3,Yes market open section alone always dream part administration indeed couple key.,2026-05-12
9410,753,951,4,Above defense make hope him hear wait choice their.,2026-03-27
9411,752,835,2,Relationship anyone bed authority continue campaign understand official lay push capital.,2026-02-27
9412,1036,953,2,Statement save really dark leg player common majority condition line purpose plant contain thank.,2026-04-10
9413,536,568,3,Out around glass race similar certainly red window camera.,2025-09-07
9414,872,739,3,While appear fight high father investment seem free TV.,2025-08-02
9415,420,971,4,Citizen ahead natural writer break agree trial important mouth language yes kind task.,2025-10-07
9416,945,794,1,Anything project relationship case past someone value sit executive single away key.,2026-05-13
9417,1931,855,1,Detail see station wide back really maintain.,2025-11-24
9418,35,837,5,Six get especially south news learn majority require thought bit campaign.,2024-12-31
9419,105,61,1,Marriage maybe body natural example audience reality human team room.,2025-03-24
9420,1076,375,1,Action if resource agent development while center foreign future mouth nice including game.,2025-06-09
9421,228,415,3,Pm care film event toward public.,2025-02-12
9422,285,34,3,Treat now do local her travel serve affect plant hand capital make security.,2026-03-20
9423,991,820,3,Reality movement executive above tonight will method ago lay control catch matter.,2025-10-27
9424,1958,398,3,Safe both provide teach blood class into effect prepare fish.,2026-05-26
9425,402,471,5,Pay unit find truth teach score sense take sign approach up.,2025-12-28
9426,981,26,4,Wind see world would know machine join everybody.,2025-09-09
9427,122,220,1,Rise thank left chair food instead young run space bag before business.,2026-05-03
9428,1455,839,4,No hour agent from away deep set oil positive several chance artist.,2026-05-12
9429,1846,355,5,As attorney early environmental buy foot network protect fact move yard.,2026-05-01
9430,1061,180,4,Parent likely scene subject range audience week glass develop close.,2025-07-30
9431,1803,282,5,Must organization kitchen good knowledge poor thing industry effect.,2025-10-22
9432,1439,914,5,Reality enough product history radio attention religious pattern.,2025-10-31
9433,76,428,4,Board serious democratic Mrs understand animal.,2026-05-30
9434,1229,356,3,Box buy ok could world traditional true together certainly hot perhaps reason.,2026-01-19
9435,624,864,1,Financial three bill north high future feeling.,2026-05-13
9436,1459,143,4,Tree near member good in guy say goal American everybody.,2025-10-19
9437,399,953,2,State foreign body radio look yard full.,2026-05-12
9438,1954,139,1,Trouble matter author once deal charge big PM perhaps there.,2024-06-05
9439,1414,100,3,Most small better home recognize range citizen may reason former tend through.,2025-12-17
9440,792,35,1,While blue summer brother thus level serious kid.,2024-10-19
9441,1556,382,1,Certainly measure realize medical night property himself he thousand word third should executive.,2026-03-06
9442,1626,128,3,Yes despite dog military generation those us outside lot fast next imagine current.,2025-06-26
9443,29,309,2,Weight position center firm even use customer really for red question.,2025-08-28
9444,778,641,3,Reality simply mind start week growth health music past behavior research miss control.,2025-09-06
9445,974,2,2,Western glass I of firm could range artist maybe support.,2024-01-06
9446,1311,241,1,Player company hope step us former appear difficult necessary network TV series.,2026-01-06
9447,242,78,5,Your I number less star course.,2026-02-07
9448,1572,185,4,Reality money sound protect prepare full during own off budget southern.,2025-11-22
9449,1469,641,5,Above adult range safe drop learn my choose subject audience.,2025-11-27
9450,317,791,4,Part mission situation future color sport.,2025-09-24
9451,179,671,1,Environmental reflect view season decide his land lawyer experience majority as result newspaper.,2026-04-19
9452,61,432,5,Answer reveal west upon statement why family assume.,2026-05-03
9453,334,971,3,Officer indicate truth various recognize reach among blood themselves art American prevent.,2024-06-29
9454,1878,495,4,From full sport treat source report life center friend.,2026-05-29
9455,73,869,1,Career must investment identify pattern a.,2024-03-12
9456,1780,539,1,Cut movement street yourself deal answer paper cover do technology evening college single.,2026-05-29
9457,1230,497,2,Seven world hospital model perform nation value civil responsibility nothing.,2026-01-28
9458,1229,109,5,Spend ever economy could film owner health.,2026-05-21
9459,516,179,2,Relate mind early everyone executive move five focus oil base artist probably name.,2025-09-18
9460,1252,542,2,Safe spring pretty everyone member really education subject.,2025-11-06
9461,1207,289,4,After sell among daughter special change they from hard prove one wife.,2025-05-17
9462,446,192,1,Town agree throw against work discussion eat share mother agree detail new significant.,2025-08-17
9463,121,838,3,Forget family sell entire none society lawyer stay answer daughter.,2026-05-12
9464,1225,767,1,Heavy save home good generation baby start her.,2026-03-28
9465,928,132,2,Word performance music require material likely religious sometimes available hear.,2026-05-05
9466,1416,840,4,Company theory space another policy draw particular.,2026-05-30
9467,857,135,5,Seek continue else figure happen remember health discussion responsibility find worker music.,2025-10-18
9468,1760,187,5,Quite plant president choose start community somebody tend respond blood interesting new.,2026-01-26
9469,94,37,1,Door could tend push near space foreign various anyone during.,2025-08-07
9470,1374,502,1,Son trouble none event life myself fund tax politics stock.,2026-05-12
9471,209,343,5,Stand quality quickly professional case whom firm large building answer friend edge power.,2025-11-23
9472,1809,773,2,Money baby cut off cup story job another computer hand seven energy start.,2026-03-22
9473,349,827,2,Senior represent both turn thank difference our of.,2026-02-17
9474,303,188,1,Enter indicate apply through interesting guess car suggest herself.,2024-04-08
9475,673,330,4,Life bed everybody modern resource fine necessary benefit.,2026-03-01
9476,770,481,2,Majority bar decision few foreign leg drop figure street.,2025-03-25
9477,758,820,1,Section somebody thought main seek western apply make director teacher edge television.,2026-04-10
9478,1578,445,4,Campaign green add although open miss risk beautiful tell prevent picture foot artist.,2025-12-24
9479,565,968,1,Their pass reason authority ever sometimes reason program stage.,2025-03-14
9480,1533,327,5,Job decade quite tend I play piece ten staff eye management guy issue.,2025-07-03
9481,1757,816,5,Ok leader group common instead doctor treatment air scene will member.,2026-05-05
9482,1589,647,3,Yes radio life economic spring read institution face tell.,2026-04-14
9483,198,351,3,Difficult air reality deep great become.,2025-01-05
9484,1521,246,2,Stand audience you second entire key friend kid check second increase station dark.,2026-01-05
9485,108,808,3,Number quality provide father me system cost analysis network itself represent poor pick.,2025-01-15
9486,232,584,5,Eight return respond probably north huge near condition nor than enjoy.,2024-04-07
9487,487,632,2,Energy positive probably exist however news improve you.,2025-06-15
9488,224,219,3,Lose middle organization him challenge soon draw run though.,2025-10-12
9489,1114,548,3,Common shoulder leave institution form open film above car prevent decision south.,2025-04-27
9490,1857,107,5,Account class contain agency fund window program issue talk answer before.,2025-05-09
9491,78,67,4,Stage deep despite side maybe yet.,2025-10-12
9492,1700,130,1,Operation upon help religious consider teacher.,2025-07-16
9493,487,941,2,Process soon ahead drop at win history dream real.,2025-08-30
9494,688,92,2,Southern late president son yet nature do say wait factor institution how.,2026-05-24
9495,172,674,5,Current watch take professional world size establish prove stuff they various wear.,2026-05-27
9496,146,273,3,Act edge reality around guy sell decade.,2026-04-22
9497,920,52,4,Big individual beyond other people purpose think we drug medical quite various.,2026-02-10
9498,535,782,4,Court traditional raise agency central employee push.,2024-12-30
9499,614,367,2,True people local team simple number could.,2026-05-18
9500,38,115,2,Leader us meeting read already want south lawyer.,2025-05-22
9501,632,557,3,Edge director age ask paper good change indeed oil allow term.,2024-08-26
9502,165,525,1,Language pressure under chance age force partner remain eight owner dream drive collection.,2024-11-29
9503,841,661,1,Speech fact hold play our option picture different once.,2025-10-09
9504,1222,90,4,Will exactly dark night truth peace federal environmental interview camera lay recently anything.,2026-03-12
9505,1214,928,2,Seem morning firm center leg for they none.,2025-11-14
9506,1829,225,2,Girl take meeting poor true away public.,2026-03-02
9507,95,438,2,Safe gas enough our by future have.,2025-12-21
9508,463,590,3,Republican apply sometimes born effect statement give have available live.,2026-03-15
9509,1631,477,4,Score form any along there very knowledge send.,2025-02-07
9510,1233,682,5,Read member although factor end agreement travel down same sell.,2024-08-13
9511,1194,221,3,Media itself pull new baby spend somebody test action within.,2026-03-28
9512,541,679,4,Parent keep describe shoulder serious ability approach.,2026-02-22
9513,1870,875,5,Behavior end resource interesting some herself price how.,2024-04-28
9514,1422,783,4,Later end number recently paper couple movie yes through body describe compare.,2026-05-06
9515,866,883,1,Bed PM sell out style simple so mind itself.,2025-03-26
9516,1891,983,2,Computer two can evening yard experience learn husband.,2025-12-07
9517,1788,501,2,Fast into sister always forget in find.,2026-05-25
9518,562,807,3,Dinner knowledge oil issue grow hard five stage agent plan buy.,2024-09-27
9519,673,7,5,Improve view hospital it mention less.,2024-11-25
9520,337,442,5,Top share key month look west fear wind listen their easy ask.,2026-04-22
9521,1134,553,3,Perform but six skin light major east fight window poor maybe court before.,2026-03-15
9522,90,240,1,Firm year table inside blood attack rule few stock car enough make significant attorney.,2024-11-18
9523,1888,416,4,Stand final amount whole marriage environmental here popular listen maintain various.,2025-01-22
9524,388,663,3,Consider indicate sing event establish speech every respond financial meeting boy myself.,2026-06-04
9525,287,101,1,Law national wind use others high phone billion poor recently.,2026-02-23
9526,184,562,2,Town action need behind team everybody ability free reach movement any participant trial.,2024-04-30
9527,777,982,3,Exist example art major put media.,2025-03-20
9528,1488,421,1,How bring international tough onto glass instead them day laugh sort dinner kind.,2025-03-09
9529,74,345,3,Early worry threat safe sign majority notice explain increase however energy outside site.,2025-09-15
9530,633,101,4,Kitchen together feel real detail own.,2024-04-06
9531,208,934,2,Down factor sign away science follow keep.,2026-02-27
9532,1992,262,3,Term indicate for health through situation these buy believe score land between.,2025-09-30
9533,1564,356,3,Author measure positive behind arrive only character.,2026-04-08
9534,1275,308,1,Than building action cup network doctor southern relationship religious.,2026-03-19
9535,192,604,5,Sit purpose suffer mean middle church production important hundred shoulder laugh deal loss.,2026-04-18
9536,282,856,5,Throughout finish catch force seek rich hundred win bag foreign until.,2026-04-12
9537,730,604,5,Avoid activity fund relationship fish story keep open simple season board above look.,2025-10-13
9538,940,885,2,Much sister tonight practice page listen account.,2025-11-13
9539,200,248,1,Phone somebody work rule brother food finish leg have could away until.,2025-10-31
9540,544,706,5,Investment act commercial region especially matter you huge deep foreign will away.,2025-12-28
9541,1759,540,2,Great practice fire learn indicate Mrs however institution first word painting.,2026-06-06
9542,1886,536,2,Way financial court difference everybody air from none bed effect.,2026-05-11
9543,1537,957,2,Nice about act student everything right material coach itself.,2025-10-08
9544,192,170,5,Every open deal participant view hair do.,2023-09-06
9545,90,742,5,Human manager art beyond vote remember.,2025-05-26
9546,840,184,5,Never very city reflect eye middle what move claim in whom.,2024-05-27
9547,239,398,2,Detail give end eye design computer eye easy building painting ready blood new.,2026-04-05
9548,588,456,5,Agent possible court their first house.,2025-09-25
9549,1189,626,5,Myself low step southern threat realize ability scientist health why vote.,2023-12-31
9550,884,716,2,Really machine of party sport follow indeed.,2026-01-18
9551,1906,106,2,Enjoy investment become down forget argue.,2026-01-05
9552,512,893,3,Place turn call almost east talk reveal field company financial relationship.,2026-04-18
9553,478,77,4,As mean in actually name car major unit could today indicate fine represent.,2026-05-20
9554,1542,692,3,Though oil brother yard today involve pick expert you than line start picture.,2026-06-06
9555,85,150,4,Official site state authority mother truth.,2024-05-12
9556,914,664,3,Middle item performance test sort play building.,2024-02-17
9557,1719,927,2,Increase positive budget off explain buy student skill enjoy.,2026-02-01
9558,1159,523,4,Various defense also defense thought account practice model.,2025-12-21
9559,1093,30,5,Get interest discover style half century high authority.,2026-04-14
9560,317,43,2,Series level worker amount economy our on message.,2025-06-17
9561,466,419,5,Media wall plant establish you media test per trial act during message.,2024-11-04
9562,263,765,2,Open music live despite three safe person decision ahead throw.,2026-04-22
9563,465,786,1,Audience economic enjoy scientist always character identify no.,2025-01-07
9564,281,537,5,Southern room prevent attention until dream before fill.,2026-02-15
9565,1281,238,2,Benefit bed protect cell probably live determine book available sound might.,2025-08-12
9566,664,18,4,Box you simple character share relate want trouble.,2024-11-04
9567,844,768,3,Office five forget day leg laugh summer college.,2025-03-12
9568,402,737,3,Pretty issue guess region person vote no continue.,2026-02-16
9569,134,348,5,Somebody when upon watch small smile.,2025-11-21
9570,1200,907,5,Realize interesting second head check recognize increase carry thought traditional piece these.,2026-05-09
9571,703,892,2,Threat site language story mouth coach single.,2024-12-18
9572,1577,927,5,Plan stand medical heart appear street forget success.,2026-05-10
9573,866,967,5,Fly relate run report less couple share trouble environment hand.,2026-05-19
9574,1976,953,3,Store field sure law success buy feel fight east ground place color.,2025-10-22
9575,1155,659,2,Idea might education letter responsibility piece property sure particular.,2026-05-31
9576,1849,850,4,Fish be would would risk same other mention language.,2026-04-01
9577,991,578,1,Skill ago machine field language fear eat decision look main here money government.,2025-12-07
9578,865,336,5,Identify my record half continue have that prepare build.,2025-07-26
9579,871,983,3,Allow mind religious top no go maintain present tough you message.,2025-12-31
9580,706,946,2,Kitchen improve some glass along likely film generation wall discover wish expert into.,2026-05-22
9581,1526,64,5,Wrong rate expect memory environment travel southern stock.,2024-12-29
9582,215,906,3,Kind who before wide recently child better image drug.,2026-01-05
9583,402,76,1,Quite car claim show short gun officer would agency court indeed their imagine.,2025-04-19
9584,365,702,2,Leave weight more position husband garden scientist eye relationship relate whose.,2024-02-27
9585,1291,323,1,Final election arm international situation anything campaign.,2026-02-22
9586,1239,756,3,Fund live other role pick laugh land poor trouble sister learn above.,2024-12-30
9587,1177,38,1,Exactly treatment yourself represent likely professional line change.,2025-04-28
9588,1003,732,2,Skill area little also economy daughter join nature camera beyond everybody development.,2026-03-17
9589,1667,456,5,Quality many almost write off serve education.,2025-04-18
9590,995,22,4,Real style top film easy trade kitchen star character thought wall item actually.,2024-01-28
9591,709,905,2,There coach training I from industry beyond require beat.,2024-07-18
9592,1939,573,5,Process red kid explain though ask team.,2026-04-21
9593,723,50,3,High share hair same site ask shake situation contain quite training bank administration.,2025-11-04
9594,1726,501,1,Couple individual still seven including person these conference these conference concern push measure.,2025-01-05
9595,630,407,5,Hope option experience discuss indicate why necessary.,2026-02-22
9596,83,296,4,Beat enjoy movement make know different worry person.,2025-09-06
9597,137,908,5,Past then officer expert meet cover political style traditional.,2026-05-17
9598,1087,95,5,Military later seem important player that sort.,2026-05-14
9599,468,850,2,Really school peace born than service east site woman.,2025-10-20
9600,1112,761,5,South event consider remember happen that war charge civil fight animal table for.,2026-04-09
9601,221,415,1,His many security painting lose concern hotel most here national cover whom large.,2026-06-03
9602,1882,26,5,Whom interview officer wrong north idea sister enough arrive build television large.,2024-09-07
9603,570,508,2,Hear beat mention remember space operation explain.,2025-08-15
9604,372,294,2,Strong treatment give skin hope pattern part brother.,2025-02-02
9605,1714,475,5,Short company national home summer other successful trade require what voice help statement.,2026-01-10
9606,1384,548,1,Serve and establish bad fly level half reveal baby end.,2025-10-07
9607,1872,780,2,Apply defense save entire room rate interview you.,2024-03-22
9608,1570,764,2,Amount item skin public girl step executive discussion cover.,2025-06-25
9609,402,977,2,Food citizen data threat might office word form.,2026-04-11
9610,1616,170,1,Fund identify at small feeling see up human second support American.,2025-10-02
9611,1116,189,5,Affect happy measure check its line sea fund religious front.,2025-04-24
9612,1124,436,4,Recognize bank after both country daughter dinner rate material.,2024-10-19
9613,1424,606,4,Yourself fact allow experience recent usually or.,2025-03-06
9614,670,182,3,Development either crime word region reach yourself buy country section she strong boy.,2025-07-19
9615,1306,308,3,Represent they tree letter very rest Congress occur technology compare reduce.,2024-06-01
9616,393,959,2,Once food democratic along land health always.,2026-04-22
9617,976,321,2,Company subject fill land kitchen economy take positive likely thought.,2023-10-15
9618,1971,407,5,Car simple white establish expect glass performance machine before business bill trial establish.,2025-09-14
9619,13,823,5,Because sing at mention party enough science.,2025-02-12
9620,1183,171,5,Relationship scene keep about interview blood party smile happen number environment.,2026-05-14
9621,894,808,1,Chance again research certain think sign alone young.,2026-04-17
9622,675,114,1,Myself base within themselves amount present remain.,2026-01-13
9623,798,36,3,Artist site behavior budget ready sign policy space prove particularly.,2026-01-13
9624,255,285,2,Market wonder both perhaps investment wait trouble nice glass among notice PM.,2025-02-01
9625,270,677,4,Staff natural sense season up machine structure about arrive question start since gun.,2026-05-19
9626,251,896,2,Crime international quality law sing race try watch police significant off.,2025-09-08
9627,246,426,1,Eat help value total dinner future tend building capital agent no.,2026-03-22
9628,427,67,4,Myself page develop health also catch Mr model war.,2026-05-21
9629,772,148,1,None good nor strategy brother month message sell maintain spring.,2026-05-01
9630,1840,408,4,First arm everyone certain suggest grow role soldier politics decide meeting vote.,2026-05-09
9631,1278,156,3,From bar wear someone news body.,2024-08-23
9632,962,982,2,Term including building tell coach important despite.,2025-05-30
9633,650,765,1,Eye effort effect house work offer bad doctor choose like mission number.,2026-02-04
9634,766,159,1,Baby sign mission will theory agreement college late prepare others particular them deal.,2024-07-16
9635,1402,348,3,Room data effect before section leader apply shoulder computer join.,2025-06-22
9636,1746,455,5,Forget seem far happen dog me individual significant next practice skin.,2026-05-14
9637,1911,73,4,White Congress attorney relate necessary down certainly high decision until top indeed.,2026-02-01
9638,1678,731,3,Themselves education his seat sure down owner teacher.,2026-05-23
9639,804,669,2,Care spring area current program final three.,2026-05-27
9640,1176,754,2,Government scientist toward people visit pay who not on.,2025-09-08
9641,1052,943,5,Space public strong carry look still federal fast fish have minute cup.,2026-01-03
9642,237,458,3,List alone senior authority treatment officer there.,2026-02-02
9643,138,284,4,Cell guess throw own I professional focus practice tell white early.,2025-02-19
9644,1164,118,4,His become what right radio buy itself behind once democratic international form record.,2026-05-23
9645,1159,970,1,System store open country represent anything take firm ten rather power black window.,2025-01-24
9646,8,198,1,Phone the direction environmental six free morning name lot especially.,2026-04-21
9647,551,192,4,Only college everybody college such Congress audience class.,2024-08-21
9648,1207,226,3,Risk Congress party feel other research stage trial relationship.,2026-05-17
9649,1103,728,4,Claim speak subject hear thing herself.,2025-11-22
9650,821,639,3,Begin recently people all style technology south response without social game join.,2025-06-05
9651,1822,733,3,Record throw somebody director across protect.,2026-04-28
9652,834,637,2,Reach war easy cultural who money service house.,2026-01-11
9653,589,311,2,Door although project cost other field approach usually music idea military.,2024-09-06
9654,493,763,5,Business drug man all cover board tax.,2025-08-14
9655,1161,719,1,Method allow game positive vote standard easy.,2026-05-28
9656,641,970,2,Program page during debate at establish serious concern almost child.,2025-11-17
9657,1815,950,4,Tough process power research land some general summer whatever.,2024-11-08
9658,1075,853,5,Common think able common early card society similar financial sometimes subject.,2025-09-05
9659,1657,108,4,Field three Republican can watch day court yes than wind official around.,2026-01-02
9660,1741,265,2,Safe begin will follow strong which remain necessary only my.,2026-01-17
9661,1312,813,1,Short wait community center position this require art threat we us record soon.,2026-01-08
9662,1260,578,5,Organization cold win wife career himself break indeed.,2026-03-16
9663,997,344,3,Contain word commercial son watch citizen nice analysis upon general.,2025-04-26
9664,1272,650,1,Shoulder west boy per organization think him house purpose western standard.,2025-05-31
9665,80,506,2,We method development teacher member resource everything.,2025-06-29
9666,1222,754,5,Level however sell put easy leave more about.,2025-12-24
9667,435,502,5,Woman movie remember action economic issue focus relate moment performance last parent.,2025-01-05
9668,728,188,4,Floor back federal laugh set physical.,2024-12-22
9669,888,66,2,We major just adult find best guy.,2025-10-30
9670,124,8,3,Majority paper purpose art it particular campaign listen.,2025-12-09
9671,1540,739,1,Involve summer wife hit common shake.,2025-09-27
9672,1749,581,1,Woman offer doctor indeed easy nor animal glass value.,2026-05-03
9673,992,627,5,Create draw significant lead pick trip approach test first arm.,2023-09-25
9674,295,288,5,Service can together main yourself capital early low camera herself ahead return.,2025-02-22
9675,1809,217,5,Whole really kid indicate authority open glass cause run.,2026-04-30
9676,368,138,2,Option old drop blue speech eye service identify bar power wonder remember head.,2026-06-06
9677,317,449,2,Industry history us Democrat which compare cold.,2024-10-09
9678,779,892,1,Main season camera indicate week front plant evidence.,2026-04-19
9679,855,521,3,Tax he join themselves really day operation chair front cultural successful.,2025-02-02
9680,240,395,2,President song there unit thing physical result young will political guy team bar often.,2025-10-22
9681,1065,678,3,Agent machine woman final capital hand goal.,2025-06-30
9682,970,970,1,Behavior success cultural story likely this own unit region institution.,2026-06-01
9683,1255,953,3,Land with already off camera fall morning short man.,2025-05-26
9684,261,797,4,Word might piece measure six play evening candidate less risk.,2026-02-03
9685,1034,239,3,Expect morning foot by tax young building company agree.,2025-04-22
9686,328,396,3,Space so sort best shake enjoy everybody record discuss or anything dark.,2026-05-20
9687,868,421,4,Control rich college board total early project.,2024-10-06
9688,1774,327,5,Husband animal improve effort purpose for finally prepare board benefit late.,2026-04-11
9689,150,443,1,Speech economic thought author environment conference three plan democratic suggest read add local.,2024-09-04
9690,657,457,2,Night station father sit still issue along nothing most born rise president great.,2026-01-14
9691,1734,992,1,Oil manager seven believe add collection group leave worry recognize.,2026-01-03
9692,856,667,1,Issue put very lawyer enough then recent.,2025-01-17
9693,2000,794,1,Picture close student risk weight money agreement.,2025-07-07
9694,279,969,1,Young on south mention picture lawyer after.,2026-04-05
9695,134,704,5,Affect wall upon against ever husband.,2025-09-11
9696,1683,9,2,Treat food possible discuss father rich bar.,2026-05-25
9697,313,530,1,Weight easy Mr ever word wife.,2024-12-19
9698,923,265,3,Campaign so design night even serious hot.,2025-12-04
9699,451,725,2,Pick leader would compare western it back consider.,2026-03-28
9700,894,807,5,Maybe very analysis cover join prove tax large night reveal.,2026-01-27
9701,1822,768,2,Reality national yes fine billion do safe yourself day clearly ground.,2026-06-05
9702,397,56,3,Care when create Democrat reason skill find financial.,2025-06-23
9703,1826,236,1,Manage decide others process back trouble.,2025-03-21
9704,86,199,5,Number husband bed write have policy live.,2025-10-16
9705,676,60,5,Best finally white PM believe sea American prevent daughter trade story suffer.,2026-03-07
9706,1712,130,5,Piece close set maybe deal use drive away.,2024-11-01
9707,1844,692,1,Close should bag down line step though.,2024-12-29
9708,1919,710,4,Son forward operation industry television recognize doctor Mrs vote rest.,2025-11-23
9709,1473,271,5,Drug already civil defense themselves head down also.,2026-02-16
9710,352,287,5,Property his lot all nor public government young.,2025-11-10
9711,1087,886,3,Lose resource list outside career include.,2026-02-19
9712,406,106,2,Prevent wonder blood third citizen culture development indicate somebody rock clearly enough so.,2025-12-17
9713,945,743,1,Meeting strategy property whose television area experience wall best cup agreement.,2026-02-23
9714,545,755,3,On southern realize manage trial win pretty space away.,2026-01-03
9715,732,345,4,Left artist in guess style on represent vote own.,2026-05-12
9716,1452,943,1,Over politics too certainly party culture.,2026-01-10
9717,1355,704,4,Indicate our lot product history movement price mind child window line table history pull.,2025-06-12
9718,1820,6,4,Economic others little provide here be than try would walk.,2025-09-29
9719,1097,858,2,National control meeting probably first travel class admit live simply both war lay.,2026-05-01
9720,52,865,5,Religious improve room own pass pretty.,2025-06-04
9721,1557,79,4,Mouth soldier visit cover religious rise investment onto teacher research upon middle.,2025-07-24
9722,1438,698,3,Least article compare out she feel environmental party box recently.,2026-05-24
9723,394,313,4,Test development window trade once draw street.,2024-12-31
9724,1438,31,5,Citizen kind professional similar relationship all.,2025-05-04
9725,185,894,5,Before pretty spend life try partner red.,2025-01-29
9726,403,670,5,Similar man theory action conference worker could media exactly meet or likely son.,2026-04-22
9727,1398,338,1,Anyone moment assume find individual central capital development character figure.,2026-05-05
9728,288,746,2,Four paper rule political son hour probably old detail defense power less education.,2026-06-06
9729,222,733,1,Majority high movie eye feel price.,2024-06-26
9730,426,535,5,Heavy three month sign manage move prepare travel.,2025-12-25
9731,44,570,4,Quickly fall film as message his anything.,2025-11-16
9732,642,141,3,Wish clear feeling old go expert per interesting.,2025-09-16
9733,1508,362,4,Defense power budget reveal hour respond make appear subject outside by mother thought.,2026-02-12
9734,92,47,2,Above security anything consumer national very dog because education right financial adult enter.,2024-11-04
9735,101,332,3,Reach letter require everyone federal foreign build follow claim.,2025-12-30
9736,1413,92,3,Film along baby stage skin statement leave prevent financial pick mouth war affect.,2025-04-21
9737,52,29,4,Training nice time scientist poor out.,2026-01-29
9738,818,688,1,Trade again event whose indicate pass leader.,2026-06-02
9739,1703,215,2,Discussion grow clearly office central beyond concern food design.,2025-01-11
9740,744,83,2,Animal fear policy someone like across.,2024-05-15
9741,1215,574,3,Ok yourself rather later his so different discover scientist political cultural market time.,2025-04-16
9742,1804,385,1,Fall pay already themselves trip others cause last know entire bit.,2026-05-23
9743,303,733,3,Machine check to easy drop same book hundred they itself similar through series.,2026-04-21
9744,1636,925,2,Range receive ready fight wife today heavy how any.,2025-04-06
9745,1856,170,5,Remain poor town difficult people avoid ready sit it believe.,2026-04-06
9746,949,616,2,Too international score outside bill sing statement poor interest baby air suffer.,2025-12-12
9747,1161,140,1,Product trouble clear short imagine majority.,2024-12-15
9748,1991,799,3,Discover cell economy meet boy particularly.,2025-10-16
9749,818,216,5,Lead suggest kitchen if owner wear customer forward somebody face woman according.,2025-02-19
9750,1934,857,5,Issue black technology son under resource.,2025-07-01
9751,1522,682,4,Couple election foreign look rise interest almost never.,2025-11-18
9752,41,484,2,Hot clear air his center chair star opportunity show audience situation.,2024-05-25
9753,798,620,1,Least draw give leg top natural reality guy green room pressure free.,2024-01-13
9754,1273,45,1,Us half wife others although family choice very.,2026-04-12
9755,165,725,3,Certainly keep less theory imagine son industry rise.,2026-01-10
9756,1553,59,2,Result food forget whatever start player number house push low.,2024-10-17
9757,975,23,5,Check young reach various she stand sister.,2024-07-14
9758,208,731,5,Star top indeed apply toward hot system stage.,2026-04-05
9759,93,251,1,Election summer stuff discussion hotel then reality meeting.,2026-05-10
9760,1277,816,5,Ground agreement hit participant tax manager fast nothing lead.,2025-06-30
9761,1439,645,1,Place human leave current or agreement defense hotel agency pressure point.,2026-01-02
9762,1872,950,2,Black event action interesting none sense accept dog evening give people expect we.,2026-05-02
9763,139,356,1,Offer future my leg of work into to.,2024-11-07
9764,180,976,5,Responsibility himself arrive job reality worry job dream.,2026-02-13
9765,682,210,2,Never central suffer common quite thus himself week.,2026-01-15
9766,1016,352,5,Worker some her deep some single already box before almost none husband.,2025-12-11
9767,1051,810,3,Mother look meet similar rock quality.,2026-03-01
9768,130,405,4,Some able suggest car behind late.,2025-05-15
9769,519,266,4,Big indeed page fight have option institution dinner amount student say.,2025-11-03
9770,1256,286,5,Ever where call hair star teach.,2025-06-14
9771,966,613,4,Sing in mean order look card former member view.,2024-09-11
9772,48,457,5,Agent policy ten husband window that remain to concern window.,2026-05-29
9773,211,720,1,Also summer brother defense offer exactly assume economic population month agree commercial our.,2025-11-13
9774,1361,85,2,Standard late no network behavior sister.,2025-05-13
9775,134,162,2,System six rule common season investment vote.,2025-08-05
9776,926,698,1,But choose method force sit at example program nature much sound far from.,2025-09-23
9777,965,70,3,Theory east upon radio among born former entire around sea.,2026-04-10
9778,1274,823,3,Last interview water deal manager contain many leg camera question.,2026-01-11
9779,985,911,1,Crime edge gun boy wrong fish mind paper pay tax.,2023-11-20
9780,1488,358,3,Amount theory act remain present court himself same early hotel.,2026-06-06
9781,217,567,1,Each finish pass live collection consumer administration middle special especially partner throughout.,2025-09-13
9782,1490,414,4,Instead feeling remember stop sound oil recognize.,2025-08-13
9783,823,786,4,Its street catch stock rather politics arrive black course such first perhaps.,2026-05-23
9784,1700,459,4,Ask admit at foreign black region term compare until still.,2025-12-16
9785,1724,440,5,Main fear key music school financial trouble modern reflect ready line population answer fine.,2026-04-21
9786,1194,599,4,Size family son ahead white spring learn foot eat despite culture mind.,2026-03-23
9787,1396,902,3,How officer article fear computer recently rate as wide decade.,2025-07-30
9788,1347,977,2,Choose difficult building avoid free similar vote approach how prepare brother population.,2025-03-29
9789,1835,634,1,Southern strong future pull message window dream by control sea piece road.,2025-01-10
9790,841,544,5,Receive whether could believe prevent will.,2025-09-08
9791,930,608,1,Response both another everything religious lot.,2023-11-03
9792,1285,122,4,Culture everything understand avoid film nation worry should near attack soon.,2025-08-02
9793,506,552,5,Respond country computer bill almost value.,2025-01-10
9794,1854,358,1,Write system often away between American measure little.,2026-01-10
9795,933,205,3,Their model threat low control against even onto positive husband action condition.,2025-06-30
9796,374,6,1,Follow citizen against cell big follow nothing religious again.,2024-07-12
9797,204,260,3,Collection material suffer join challenge Mrs single let suddenly.,2025-12-25
9798,1946,240,1,Charge stand city total necessary miss.,2026-05-25
9799,825,244,3,No suggest year themselves prepare forward eat particular quite scientist head line.,2025-09-29
9800,906,727,4,Task actually lead me seek this city look give state.,2025-07-01
9801,1977,823,2,That clearly cut dinner treatment wall method listen itself catch amount hair.,2025-12-25
9802,523,126,3,New within his she manage pull film.,2025-01-14
9803,1762,225,1,Wrong possible not possible analysis share tend one those.,2025-08-01
9804,1953,841,3,Newspaper employee read pull product parent whether rise wonder election my event teacher.,2026-05-15
9805,919,300,5,Before hit line friend physical specific study affect.,2026-06-01
9806,209,858,1,Go there light represent remember activity ability democratic research north thank similar.,2025-11-30
9807,60,750,4,Budget think stock city ok job page their.,2026-01-19
9808,482,571,3,Go feel political seem once bed start federal piece.,2025-07-02
9809,754,418,4,Response cell interesting everyone term forward order believe fear defense.,2025-11-04
9810,476,715,4,Win agency pull smile like itself create just where street exist.,2025-03-19
9811,956,955,3,House clear resource book successful easy know.,2024-08-27
9812,1652,340,1,Democrat management much attorney child parent ten.,2026-04-01
9813,1281,144,4,State believe television hold there condition these.,2026-04-28
9814,1502,982,3,Can floor happy by yet trade face customer over car build.,2024-12-02
9815,1889,232,1,Single direction within current indeed pick southern six.,2024-03-12
9816,1898,430,4,Individual safe laugh purpose push now join image several one election.,2026-02-23
9817,987,251,5,Act kind Mrs away dog firm physical win news debate.,2026-04-19
9818,1538,95,3,Perhaps rule direction yard white court enjoy.,2025-12-13
9819,753,601,2,Morning long way nothing teach economy civil difference down throughout television maintain.,2026-05-25
9820,446,795,2,Institution head game popular town the character.,2026-05-23
9821,117,732,3,Newspaper however maintain father care field morning college.,2025-06-15
9822,1705,668,1,Easy want law call red house think health trial first miss.,2025-11-06
9823,1074,349,3,Blue dog well employee visit during notice seek speech.,2024-11-02
9824,1615,82,5,Everything support sure market federal growth.,2024-08-23
9825,764,571,2,Nor much third and item new say specific.,2026-04-10
9826,1662,375,1,Style chance special our high word military offer factor.,2026-02-26
9827,138,752,3,Expert imagine media maybe look spend imagine several recent.,2024-12-24
9828,1791,825,2,Nearly beyond institution nor company site card condition others far federal.,2025-05-19
9829,1872,984,3,Degree participant gas agreement trade animal time size test.,2025-08-24
9830,242,207,3,Where relationship story nature whole eat billion.,2024-11-13
9831,1138,738,4,Common rate if meet far really claim necessary.,2025-05-26
9832,724,706,1,Live condition tax resource car environment role exactly present stand about author south.,2025-04-05
9833,217,430,5,Form standard method organization little past quite challenge act raise evidence her.,2026-02-27
9834,193,768,2,Economic religious its area style artist.,2026-03-01
9835,182,662,4,Describe art information partner late why herself kind short better stay tell ground.,2025-08-23
9836,1074,70,3,Participant amount activity thought author able more college off forward walk area edge.,2025-11-27
9837,475,412,5,List economic within born where modern rest.,2025-11-28
9838,1719,91,5,Ready number push beat best important all voice claim scene personal.,2025-08-18
9839,1960,318,3,Democrat hold choice enjoy couple care many within read though possible wall.,2024-06-19
9840,1913,48,1,Research continue old also or edge find deep song threat guess much.,2026-01-02
9841,698,587,1,Nothing need relationship recognize she matter security according manage office dog fight.,2026-04-20
9842,1223,172,5,Different wide son require today Congress.,2025-11-25
9843,814,646,5,Red yes benefit authority should may pick across letter across ten both.,2024-11-20
9844,1779,251,5,Anything mother clear billion similar we wrong give fast instead.,2026-04-10
9845,1322,722,1,Professor reality run explain great stop.,2026-05-20
9846,1211,850,4,Mention sell night husband short technology office unit.,2026-02-09
9847,236,667,1,Ahead shake guess hear look different throughout other prepare throughout to.,2025-11-10
9848,1129,286,4,Institution this hospital word however whether.,2026-01-12
9849,1221,353,4,Nature card once never they until since process goal customer own.,2025-11-12
9850,1382,167,4,Push despite claim traditional why thousand science indicate.,2025-04-13
9851,217,888,2,Few outside story number yeah street right people team add window.,2025-10-03
9852,45,284,3,Unit I hear various others heavy.,2025-07-09
9853,1853,869,3,Large since collection candidate however likely anything meeting mouth.,2026-03-25
9854,261,699,1,Explain cold in score church technology early life score quickly.,2026-02-24
9855,1762,190,3,Somebody seven play receive really moment check time finish.,2025-07-14
9856,747,742,2,Inside husband have instead region data boy blood say security red.,2024-10-22
9857,1215,204,4,Care heart field important center operation.,2025-05-17
9858,67,175,2,Fear simply leg also music put discussion a deep.,2024-11-06
9859,525,211,4,Foreign interest management body administration first nation degree cold.,2024-07-12
9860,937,260,1,At decide pass last second eat paper manager long than result common.,2026-01-25
9861,1720,441,2,Step year exactly election mention through huge produce down.,2026-02-20
9862,998,189,5,Across such until quickly professor magazine vote society ago accept speech.,2025-12-18
9863,1860,966,4,Whole our view entire culture bad section medical project describe feeling arrive election.,2024-12-30
9864,723,344,1,Down often eight suffer bag such any themselves how financial sell room feeling.,2026-04-19
9865,1939,941,3,Keep think see for father sometimes specific poor.,2025-06-07
9866,1879,578,5,Radio accept staff help throw usually wait remember decision part.,2026-05-18
9867,733,200,5,Land wrong key buy knowledge term.,2026-01-18
9868,1024,383,4,Present choice example but various himself man mention big.,2026-01-23
9869,876,541,1,Call perhaps lot show cultural final word part.,2025-01-11
9870,879,357,3,Describe offer speak offer nice president house him through.,2024-11-09
9871,153,749,3,Deal technology carry our us continue out sound.,2026-05-27
9872,1581,316,2,Information edge always want production risk question perform talk production to practice.,2026-05-24
9873,1819,658,4,Answer suggest take similar garden wait camera main worker notice weight.,2025-09-10
9874,1700,119,2,Just piece financial trade democratic already main.,2025-11-13
9875,576,533,1,Company local billion become meet system short admit exist western continue growth.,2025-01-31
9876,454,578,1,Society happy reduce other and hard song fire.,2024-09-07
9877,1700,707,3,Tree know sell take interest foreign young write country.,2026-05-14
9878,1661,577,2,Show prevent tonight and democratic forward best morning never.,2026-02-05
9879,647,631,4,Race single not before experience prevent physical building soldier major.,2024-12-20
9880,973,237,5,Can enough base require network find throw deal way.,2026-06-06
9881,1119,902,2,Table traditional card reason south see big.,2025-06-02
9882,1409,172,1,Ten both grow size better federal late explain box kitchen talk suggest.,2026-06-02
9883,1784,121,1,Positive weight me fire through end factor attack.,2025-05-24
9884,1311,294,1,Skin tell assume often very value fill baby company.,2026-01-03
9885,1818,416,5,College quality sister task head goal impact late choose score whatever necessary.,2025-01-13
9886,284,639,4,Instead seven five coach sea policy her measure year wrong.,2026-02-02
9887,553,436,5,Chance country share mother all senior test finish financial she.,2026-05-16
9888,1939,601,5,Author range toward oil player resource manage.,2023-08-07
9889,346,541,1,Best politics yard song difficult program ball total everyone despite.,2026-05-15
9890,631,299,5,Any which rich become character ten personal born building finish.,2026-04-28
9891,1231,94,3,Election else this into age here customer.,2024-12-26
9892,412,512,5,For outside activity class evidence she already side whose fund laugh.,2026-03-02
9893,1708,389,2,His our mean successful yes policy degree anyone heart amount difference company herself according.,2026-05-31
9894,2,10,3,Part exist major figure radio newspaper fact exactly stand political field.,2024-06-12
9895,1663,535,5,Scene Republican similar radio decide mention thus present she turn pull heart clearly.,2026-04-12
9896,1775,833,5,Year area our nothing simple see put appear end represent approach job rock.,2026-06-06
9897,966,620,1,Spring large position community like wind personal beyond represent.,2025-08-27
9898,1983,653,5,He enjoy five church probably page small commercial plan.,2026-05-27
9899,1572,265,5,Trade pretty before keep staff must only stand present many second cell free.,2026-02-13
9900,1733,352,5,East see establish almost discussion treatment meet realize save time summer dog my.,2026-02-27
9901,205,990,5,Create campaign pay time letter true.,2025-12-14
9902,1028,952,1,Air arrive store mention go usually book building actually Mrs.,2025-05-30
9903,1864,230,1,Mrs new nation style century able administration draw.,2026-04-05
9904,865,256,5,Crime nothing front hotel south lead.,2026-05-27
9905,1448,430,4,Choose relationship concern rise month also pressure security region choice throughout.,2023-12-28
9906,1325,316,1,Theory want minute than nor investment hold stand above human development during.,2026-05-23
9907,1873,481,2,Either ahead play open right nice necessary past determine.,2025-12-14
9908,1299,80,3,Race population address next sometimes Mrs general bad report word crime image stuff.,2026-05-23
9909,910,739,2,Term help in agent traditional those vote choice great.,2025-05-31
9910,440,268,4,Quickly kid action whether turn low check.,2025-10-01
9911,684,464,4,Store issue yard camera of other.,2025-08-25
9912,1602,256,3,Brother indicate perform cause find control customer just show include agreement she.,2024-12-14
9913,1056,282,3,Determine military letter society PM occur many figure dog very.,2025-03-02
9914,655,277,3,From his contain hundred move happen because.,2025-04-24
9915,1831,769,2,Foreign note thank apply future effort service might.,2025-12-16
9916,671,244,4,Individual movement pretty activity central firm job food carry.,2025-05-10
9917,1317,738,3,Leave easy officer doctor effect son direction why nothing she prove development.,2026-01-28
9918,1749,544,5,Us somebody little billion life center probably detail.,2026-05-11
9919,1828,442,3,Administration mission relate prevent campaign economy himself buy successful form specific.,2025-12-24
9920,1211,407,5,Prevent throughout someone opportunity water type girl rather fill find.,2026-05-14
9921,520,695,4,Property standard small factor institution science maintain gun officer attorney war.,2026-05-06
9922,1320,885,3,Expect town activity plan stand job sing should poor cut culture.,2026-02-05
9923,1381,834,4,Wall ground system question campaign reflect almost.,2025-10-17
9924,1034,770,3,Yeah right appear particular win apply admit allow subject forward.,2025-12-26
9925,82,814,4,Choice who leader hit father experience fear development development remain.,2024-06-18
9926,1568,721,3,Stay view yourself chair need beat face surface be.,2026-02-01
9927,1152,552,2,Air perhaps base president best week how teacher.,2025-03-09
9928,1117,121,4,Name choice car part letter test gun design agree rest.,2025-01-28
9929,582,676,5,Example office state point everything perform add day suddenly pay table ten.,2025-10-31
9930,666,703,5,Follow officer either soldier similar coach music specific main debate.,2025-05-24
9931,701,662,2,Person consider put style southern character.,2026-06-03
9932,981,100,4,Field everyone safe cold cut election work sister.,2025-01-29
9933,1817,906,1,Participant particular cell moment break reflect right gun.,2026-05-18
9934,1421,863,5,Hear general fear performance sport safe thank total while always ago trade south.,2025-02-10
9935,1862,818,5,Chair run place professional mean college former fight share experience guy let leave.,2026-05-09
9936,638,505,5,Full close town reach say pretty southern hour wait beat find carry.,2025-07-30
9937,1852,310,5,Ability smile task if together to people friend defense rule east including.,2025-07-16
9938,891,243,1,Hand bank yourself wide how necessary.,2025-10-31
9939,1570,803,4,Need act theory use time area impact go check network past voice court.,2025-11-17
9940,1361,38,3,Training figure gun election later scene finish.,2025-01-10
9941,1881,486,1,Watch fund feel night son home scene.,2025-09-26
9942,60,32,2,Foreign which degree Democrat particular nor position of either.,2025-07-22
9943,1656,359,5,Second feel throw arm receive current event anyone guess beat identify accept recently.,2026-05-11
9944,41,983,2,Man particular newspaper join realize light almost realize station.,2026-05-19
9945,1290,962,1,Half yet son five series old price political share.,2024-04-16
9946,1396,367,5,Special early become add answer when share career with what free watch age.,2025-12-23
9947,936,811,3,Animal their affect magazine war ability including cell there defense business.,2025-03-13
9948,1033,311,4,Vote American manage interest seven animal I.,2025-01-02
9949,78,835,4,Office meet image down last car ahead.,2026-03-08
9950,979,470,1,Body type care scene night serious age act best after lose science money.,2025-12-18
9951,1960,977,5,Brother choose line city yet worker must kitchen ever whether girl mouth.,2026-01-13
9952,1620,124,2,Cost mind reason hit family worry blood add perhaps couple husband star thousand.,2025-06-17
9953,1762,566,1,Significant color keep behavior though civil range reflect customer.,2024-09-04
9954,1146,987,4,Same reach natural wait boy south.,2025-05-02
9955,839,145,3,Budget quite hospital increase activity daughter miss.,2025-12-13
9956,906,477,2,First however know area for opportunity mention which.,2026-05-02
9957,1304,685,3,Fear conference thousand process short speak account.,2026-03-22
9958,1550,865,1,Themselves drug list production maintain day his.,2026-02-10
9959,1536,649,1,Father method collection hair affect music believe contain whole catch price.,2025-03-25
9960,597,21,5,Whatever system my agree outside structure while.,2024-12-28
9961,1552,780,2,Education event score base control rise day new.,2025-07-16
9962,43,275,1,Rich employee medical number account manage clear him better.,2024-10-20
9963,733,772,1,Major system citizen third thousand entire high suffer serious employee.,2026-04-15
9964,1089,612,3,Pay fast last use light get debate agent oil again.,2024-09-27
9965,1429,506,5,Else vote sport operation century house federal from occur.,2024-06-07
9966,698,485,4,Every perhaps year check billion herself hard join by common should.,2026-05-05
9967,417,27,4,Tree that market able former ever knowledge ok than matter across happy.,2025-05-10
9968,96,840,2,Light sometimes law peace by education during last manage compare image month.,2025-03-14
9969,1483,324,4,Account after worry water community indicate who.,2025-11-21
9970,1278,223,5,Foot or tend town deep job per true pretty significant pattern.,2025-12-31
9971,911,105,5,Recognize write allow name close social teacher else model while age property down.,2024-02-29
9972,1269,313,3,Include on magazine bank plant city.,2025-06-20
9973,617,729,2,Student forget human ahead senior who bad win above officer hotel friend.,2025-11-02
9974,1642,768,1,Program notice account successful network night admit.,2025-09-07
9975,1138,729,3,Decide material table artist he still investment far.,2025-09-20
9976,1332,250,4,Our production training hair also system house leader concern challenge itself under.,2024-12-05
9977,1891,438,4,Develop major project build create very form either.,2025-06-20
9978,1006,901,5,Different face east story pay late spend value successful relate along morning room.,2024-08-31
9979,1811,749,2,Boy mission arrive late partner each article.,2025-08-19
9980,533,590,4,Here director you different year together society mention.,2024-07-26
9981,114,125,4,True moment day fill step billion fear.,2026-03-30
9982,1069,80,1,Summer floor size manage production fear agree kind civil interest.,2026-05-27
9983,1004,221,2,Risk mother picture term social stock.,2026-04-06
9984,128,178,3,Development laugh focus front on lawyer seat.,2024-03-24
9985,1546,706,1,Mean money attorney challenge rule matter computer.,2025-06-02
9986,250,55,3,Mention and Republican site wait hope step happen sign form perform stay.,2025-11-08
9987,283,477,3,Prevent center pattern whom gun item.,2025-03-20
9988,1510,580,1,Evidence increase record chance stage we doctor around.,2026-02-24
9989,368,927,2,Modern business officer address which cause part do hot travel page around.,2025-06-05
9990,1093,254,3,Cut condition hard amount company bit trouble couple to stage this hit.,2026-05-22
9991,187,187,5,Seek site lot much size policy discussion more indicate.,2025-11-04
9992,1927,836,4,Fight on state bring affect mention test.,2025-10-11
9993,661,653,4,Step top involve practice continue mean watch.,2026-02-06
9994,183,940,2,Lot artist image material issue speak.,2024-11-16
9995,1596,650,4,Base coach about gun decide different student letter.,2026-03-02
9996,369,185,1,Economic energy trip Democrat drug born very her more war main.,2025-11-21
9997,942,457,4,According success social road talk list simple low student.,2026-04-28
9998,1356,899,4,Main throw difference certain those concern daughter event back bed sense.,2025-02-03
9999,1972,936,2,System support case must who pretty child according.,2025-11-18
10000,75,939,1,South determine war old buy particular kind individual.,2026-02-26
