UserID,FullName,Email,DateOfRegistration,UserType
1,Brandon Taylor DDS,marissahughes@example.net,2026-05-05,Regular
2,Jennifer Chapman,elizabethkeith@example.com,2022-12-23,Regular
3,Sharon Welch,kevinsmith@example.net,2023-10-07,Regular
4,Cynthia Mcguire,michael83@example.com,2024-10-12,Regular
5,Terry Costa,timothyrussell@example.org,2022-05-12,Regular
6,John Jones,rgordon@example.net,2024-08-29,Regular
7,William Cunningham,bryan40@example.org,2026-03-28,Regular
8,Ronald Carroll,christinayoung@example.org,2024-03-25,Regular
9,Brett Garcia,jessicanelson@example.org,2022-05-31,Regular
10,Richard Lewis,lambertjerry@example.com,2025-02-22,Regular
11,Andrew Black,ryan91@example.net,2022-12-07,Regular
12,Zachary Garner,thoward@example.com,2023-03-09,Regular
13,Chad Murphy,williebryan@example.com,2022-07-07,Regular
14,Christopher Mccoy,justinkrause@example.com,2023-07-31,Regular
15,Brooke Benson,summerskelly@example.org,2025-03-30,Regular
16,Kimberly Oneill,umacdonald@example.org,2026-03-18,Regular
17,Robin Rosales PhD,nicole40@example.org,2025-02-07,Regular
18,Christopher Johnson,sarah10@example.net,2022-05-12,Regular
19,Miguel Mitchell,kylebaker@example.org,2026-06-05,Regular
20,Jacqueline Frank,charles66@example.net,2025-05-31,Premium
21,Tina Harrington,mchavez@example.com,2025-03-19,Regular
22,Mary Young,andrew03@example.org,2024-03-25,Premium
23,Benjamin Snyder,alicechang@example.net,2024-11-01,Regular
24,Mathew Burton,saundersbilly@example.com,2022-02-23,Regular
25,Linda Thomas,sarnold@example.net,2022-08-06,Regular
26,Paul Gonzalez,qcarpenter@example.net,2023-11-01,Premium
27,Timothy Smith,davidpatterson@example.net,2023-03-26,Regular
28,Anthony Morrison,williamsjose@example.com,2022-09-01,Premium
29,Meredith Smith,johnortiz@example.net,2021-10-02,Regular
30,Christopher Campbell,ealvarez@example.org,2025-12-15,Regular
31,Tiffany Martinez,lindabridges@example.net,2021-10-24,Premium
32,Stephen Escobar,joannepatterson@example.org,2024-01-21,Regular
33,Logan Hawkins,littlestephanie@example.com,2022-04-26,Premium
34,Maureen Ryan,mccannrichard@example.com,2022-12-04,Regular
35,Steven King,rivastara@example.org,2022-05-22,Regular
36,Terry Johnson,lambertstephen@example.org,2025-03-31,Regular
37,Alyssa Buck,loriflores@example.org,2024-11-10,Regular
38,James Harvey,pamela18@example.org,2022-10-09,Regular
39,Heather Taylor,masonsamantha@example.net,2025-01-06,Regular
40,Julie Abbott,brandonclark@example.com,2025-06-11,Regular
41,Tamara Lyons,contreraskelsey@example.com,2023-11-13,Premium
42,Nicolas Watson,brendagarcia@example.net,2025-09-14,Regular
43,Adam Wallace,anthonyjackson@example.net,2025-11-03,Regular
44,Lori Hanson,manningrobert@example.com,2024-07-28,Regular
45,Kayla Joseph,barbara04@example.org,2023-03-11,Regular
46,Gary Cooper,andrew68@example.org,2025-12-27,Regular
47,Matthew Collins,daniel34@example.com,2022-05-22,Regular
48,Heather Jones,daviddixon@example.net,2023-05-25,Regular
49,Elizabeth Parker,mistysummers@example.com,2025-08-28,Regular
50,Hannah Campos,martinezangela@example.org,2023-03-29,Premium
51,Jennifer Hogan,rkramer@example.com,2024-04-02,Regular
52,Robert Schmitt,emily11@example.com,2024-05-05,Regular
53,Mr. Jerry Drake MD,elainemyers@example.org,2022-07-25,Regular
54,Richard Bowman,mckinneyeric@example.org,2026-03-23,Regular
55,Judy Jones,amanda78@example.net,2022-07-18,Regular
56,Caleb Miller,roachamber@example.org,2023-04-07,Regular
57,Richard Roberts,ericmoon@example.net,2025-03-07,Regular
58,Diane Strong,kennethmccormick@example.org,2026-01-27,Regular
59,Monica Taylor,phelpsjoseph@example.net,2025-08-19,Regular
60,Katherine Moore,stricklandmark@example.org,2026-01-18,Premium
61,Amy Higgins DDS,robinsonstephanie@example.org,2025-12-19,Premium
62,Elizabeth Brown,wmurphy@example.net,2023-03-11,Regular
63,Holly Bradley,williamsmadeline@example.com,2025-12-05,Regular
64,Ashley Spears,joyceemily@example.com,2025-09-24,Regular
65,Kara Howe,bakermichael@example.com,2022-10-25,Regular
66,Mrs. Mary Gardner DDS,dpalmer@example.org,2023-05-25,Regular
67,Jennifer Mccoy,nguyensandra@example.com,2024-11-07,Regular
68,Charlotte Murray,kellyknight@example.org,2023-01-11,Regular
69,William Dixon Jr.,vharris@example.org,2024-12-09,Regular
70,Brenda Baker,lfleming@example.net,2025-06-09,Regular
71,Tyrone Holden,kbrown@example.net,2024-03-22,Premium
72,Rachel Carter,lthomas@example.org,2025-06-15,Regular
73,Katie Harris,ahickman@example.org,2022-07-22,Regular
74,Joanna Mcmahon,wmorgan@example.com,2025-09-30,Regular
75,Kelli Vaughn,omendez@example.net,2025-05-03,Regular
76,Nichole Sims,thill@example.net,2026-04-12,Regular
77,Monica Fox,kelleyroy@example.net,2025-07-03,Regular
78,Heather Vazquez,ejenkins@example.com,2024-09-18,Premium
79,Richard Kennedy,tammymartinez@example.org,2021-06-12,Premium
80,Sean Banks,zpierce@example.org,2021-11-03,Regular
81,James Farrell,khicks@example.com,2023-12-17,Regular
82,Rebecca Williams,bdunn@example.com,2026-04-06,Regular
83,Laura Roberts,jacksonshannon@example.net,2022-06-02,Regular
84,Toni Hughes,aalvarez@example.net,2025-08-15,Regular
85,Cynthia Parks,copelandholly@example.com,2025-12-27,Regular
86,Heather Bartlett,vsharp@example.com,2024-04-30,Regular
87,Jonathon Clark,shannonjennifer@example.org,2022-12-14,Regular
88,Amanda Miller,teresajames@example.com,2025-05-04,Premium
89,Annette Griffin,joelevine@example.net,2022-08-25,Regular
90,James Bridges,charles08@example.org,2025-09-28,Regular
91,Courtney Flores,ariana40@example.net,2023-02-16,Regular
92,Emily Freeman,greenalexandria@example.net,2024-09-20,Regular
93,Isaac Hughes,chapmanwilliam@example.org,2025-07-09,Regular
94,Robyn Long,creyes@example.org,2024-07-10,Regular
95,Adam Meza,jamie78@example.net,2025-04-28,Regular
96,Jessica Davis,jhiggins@example.com,2025-01-16,Premium
97,Kristin Fowler,tony59@example.com,2022-06-06,Premium
98,Frances King,sarah27@example.org,2026-04-30,Regular
99,Caitlin Baldwin,qlopez@example.net,2024-01-23,Regular
100,Amber Miller,lkelly@example.net,2023-06-28,Regular
101,Paul King,gwilliams@example.com,2022-07-25,Regular
102,Christina Jackson,rubenmartin@example.com,2021-10-05,Premium
103,Reginald Snyder,frank25@example.com,2021-12-28,Regular
104,Colton Davis,smithelizabeth@example.com,2023-12-01,Regular
105,Julie Barnett,philip43@example.net,2026-06-05,Regular
106,Alexander Chavez,susan89@example.com,2022-05-24,Regular
107,Cameron Brooks,lindsey83@example.net,2023-06-22,Regular
108,Thomas Snyder,kevinmorgan@example.org,2024-10-24,Regular
109,Jessica Richard,mccallrebecca@example.net,2022-02-12,Regular
110,Matthew Fuentes,trevor75@example.net,2021-07-17,Regular
111,Michelle Woodard,sarah62@example.net,2025-06-22,Regular
112,Miss Theresa Riley DDS,brandysmith@example.org,2023-02-03,Regular
113,Mr. Matthew Carr DDS,joshua81@example.org,2025-05-26,Regular
114,Taylor Phillips,gene11@example.net,2022-02-20,Premium
115,Michael Yang,andrew56@example.net,2023-08-13,Regular
116,Karen Schneider,jameswyatt@example.com,2024-09-07,Regular
117,Kevin Burke,patrickchapman@example.com,2021-10-20,Regular
118,Catherine Odonnell,jennifer03@example.org,2023-08-09,Regular
119,James White,kevin10@example.com,2024-06-03,Premium
120,Pamela Delgado,millerdonna@example.com,2025-01-13,Regular
121,Thomas Morgan,montessara@example.org,2025-01-12,Premium
122,Lauren Calderon,pclayton@example.org,2025-12-29,Regular
123,Mary Bell,amanda19@example.com,2026-02-19,Regular
124,Steven Anderson,guerrerodenise@example.net,2022-05-19,Regular
125,Lori Dominguez,robinsonalexis@example.net,2023-03-30,Regular
126,Brittany Garcia,natalie27@example.org,2025-02-05,Regular
127,Heather Anderson,anthony97@example.com,2025-05-01,Regular
128,Jimmy Allen,welchsean@example.net,2021-08-08,Regular
129,Daniel Mitchell,rickwade@example.org,2023-04-27,Regular
130,Alicia Hughes,ncarter@example.org,2022-11-08,Regular
131,Gwendolyn Brady,jacob81@example.com,2021-10-04,Regular
132,Kylie Martinez,john74@example.org,2022-12-09,Regular
133,Katherine Cortez,reyesbradley@example.org,2026-04-06,Regular
134,Rebecca Roberts,joelhuffman@example.net,2025-04-04,Regular
135,Valerie Wilson,howardbrandon@example.net,2024-07-19,Premium
136,Mrs. Donna Gates,srobinson@example.net,2022-05-05,Premium
137,Hannah Wilson,westjoseph@example.org,2023-05-23,Regular
138,Anthony White,esaunders@example.com,2026-06-04,Regular
139,Matthew Smith,zsmith@example.com,2023-04-23,Regular
140,Tristan Walker,grosstimothy@example.org,2024-03-07,Regular
141,Lauren Rios DVM,pwilliams@example.net,2026-03-28,Premium
142,Kathy Daniels,christophersmith@example.com,2021-10-19,Regular
143,Jeffrey Jordan,tamara43@example.com,2024-01-03,Regular
144,Jeffrey Hendricks,gonzalesjon@example.net,2025-08-25,Regular
145,Patrick Andrews,rebeccapayne@example.com,2021-11-15,Regular
146,Mr. Joshua Arnold,bwatkins@example.org,2026-01-16,Regular
147,Laura Smith,nharrison@example.net,2024-11-18,Regular
148,Patricia Chung,millssteven@example.net,2022-09-02,Regular
149,Sherry Morris,quinnveronica@example.net,2024-04-14,Regular
150,Christopher Dougherty,mlopez@example.net,2024-07-24,Regular
151,Jessica Carter,kellydeborah@example.com,2025-08-26,Regular
152,Jessica Boyd,pclark@example.com,2024-03-22,Regular
153,Kelly Lambert,xdiaz@example.net,2025-06-08,Regular
154,Adam Sanchez,vlynch@example.com,2022-04-03,Regular
155,Kristen Turner,derekdiaz@example.org,2022-03-11,Regular
156,Daniel Martin,patelpatricia@example.net,2022-10-25,Regular
157,Ruth Harris,carpenterstacy@example.org,2021-12-04,Regular
158,Nicole Nelson,rdouglas@example.com,2025-11-07,Regular
159,Paul Ferguson,amyholland@example.com,2025-02-23,Regular
160,Elizabeth Gilbert,elizabeth62@example.org,2022-08-10,Regular
161,Shannon Turner,daryl06@example.net,2022-01-24,Premium
162,Kenneth Jones,pauldurham@example.org,2024-11-23,Regular
163,Dustin Vance,smithmary@example.org,2023-02-22,Premium
164,David Porter,youngdouglas@example.org,2022-02-01,Premium
165,Gabriel Livingston,heather78@example.net,2022-01-27,Regular
166,Dawn Cochran,andrea78@example.com,2024-11-28,Regular
167,George Berg,vesparza@example.net,2025-09-27,Regular
168,Alexander Friedman,ericroberts@example.net,2026-04-19,Regular
169,Sarah Johns,qrosales@example.com,2024-04-21,Regular
170,Brittany Chavez,ryoung@example.org,2023-08-05,Regular
171,Jesse Watts,craigkim@example.com,2021-10-16,Admin
172,Lisa Smith,charles26@example.org,2025-09-09,Regular
173,Michael Nelson,fjohnson@example.org,2023-09-15,Regular
174,William Smith,gallegoskaren@example.org,2021-10-31,Regular
175,Jessica Donaldson,fmassey@example.com,2023-06-03,Regular
176,Debra Hooper,timothy29@example.net,2021-06-13,Premium
177,Joseph Guzman,oshah@example.org,2026-04-27,Regular
178,Kaitlyn Reynolds,haley79@example.net,2025-12-18,Regular
179,Lisa Sanchez,smithcourtney@example.com,2024-11-18,Regular
180,Harold Parrish,colemanmargaret@example.org,2022-10-24,Regular
181,Amber Molina,barberjoseph@example.org,2023-08-18,Premium
182,Nathaniel Woods,catherinejohns@example.net,2025-07-23,Regular
183,Gary Huynh,bcole@example.com,2026-01-20,Regular
184,Thomas Coleman,jonescynthia@example.net,2026-05-20,Regular
185,Veronica Navarro,theresa58@example.com,2025-04-21,Premium
186,Christopher Taylor,jford@example.org,2025-08-24,Regular
187,Christopher Patel,johnsonbruce@example.org,2025-01-20,Premium
188,Amy Mayer,hebertjoshua@example.com,2025-03-14,Regular
189,Adam Sweeney,sheilagraham@example.net,2023-11-01,Regular
190,Matthew Williams,amyle@example.com,2021-11-16,Regular
191,Michael Donovan,johnsonnicholas@example.net,2022-02-23,Premium
192,Laurie Horton,cassandra17@example.net,2024-02-01,Regular
193,Michael Wood,katelyn62@example.net,2024-06-03,Regular
194,Nicholas Griffin,jamesharris@example.com,2021-12-21,Regular
195,Jessica Kelley,michelle05@example.net,2024-02-09,Regular
196,Travis Reid,brendabeck@example.net,2023-08-14,Regular
197,Jason Beard,poncenicholas@example.com,2024-10-02,Regular
198,Steven Cole,gadams@example.org,2023-07-15,Regular
199,Robert Rice,agrimes@example.com,2022-11-30,Regular
200,Dana Grant,andersonlisa@example.net,2024-07-21,Regular
201,Virginia Lopez,gary72@example.net,2024-05-20,Regular
202,Lacey Hill,cynthia07@example.net,2022-08-21,Premium
203,Amanda Bradley,wilsonanita@example.net,2022-07-30,Regular
204,Tammy Melton,burnettshawn@example.com,2023-07-19,Admin
205,Marissa Stanton,nlong@example.net,2022-02-27,Regular
206,Peter Jones,nmoore@example.com,2023-09-26,Regular
207,Kristina Freeman,dewing@example.net,2024-04-18,Regular
208,Bridget Miller,lindsayjackson@example.net,2022-06-27,Regular
209,Anna Duncan,hamiltondakota@example.net,2026-05-24,Regular
210,Tiffany Henderson,craigrios@example.com,2021-06-29,Regular
211,Randy Quinn,michael55@example.net,2024-04-29,Regular
212,Luke Bell,chunganthony@example.com,2022-05-21,Regular
213,Elizabeth Williams,sarah38@example.org,2023-04-03,Regular
214,Joshua Rowland,amandacabrera@example.net,2023-01-20,Regular
215,Crystal Adams,alvarezedward@example.org,2024-01-17,Regular
216,Alejandra Freeman,vincentcollins@example.org,2024-04-29,Regular
217,Erin Gregory,perezfrederick@example.org,2021-12-11,Regular
218,Michael Harrison,joel41@example.net,2024-11-29,Regular
219,Mr. Ronald Ponce,sean18@example.net,2022-11-02,Regular
220,Lawrence Gonzalez,thompsoncynthia@example.net,2025-08-02,Regular
221,Megan Richmond,rbaker@example.com,2024-01-14,Premium
222,Bryan Edwards,katherine02@example.net,2024-08-26,Regular
223,Sarah Young,ucantu@example.com,2022-04-30,Regular
224,Shannon Kim,xlevy@example.com,2021-11-16,Regular
225,Jonathan Navarro,sherry15@example.org,2022-03-06,Regular
226,Michael Stevenson,sserrano@example.org,2022-06-06,Regular
227,Melanie Underwood,wmedina@example.net,2021-09-15,Regular
228,Jason Young,davidsanders@example.net,2023-05-12,Regular
229,Tina Brown,vwarren@example.net,2025-02-10,Regular
230,Joshua Washington,etran@example.org,2021-11-10,Regular
231,James Roberson,ewilliams@example.com,2022-12-25,Premium
232,Leah Fernandez,williamstamara@example.net,2024-07-10,Regular
233,Miss Patricia Mathis,enguyen@example.net,2021-10-22,Regular
234,Tammy Ochoa,forbesannette@example.org,2025-01-04,Regular
235,Craig Fleming,hernandezlaura@example.com,2024-04-04,Premium
236,Adam Johnson,lindsayreyes@example.org,2024-10-30,Regular
237,Nicole Jones,grahamrenee@example.net,2023-04-06,Regular
238,Katrina Lopez,crobinson@example.org,2026-03-05,Regular
239,Randy Hernandez,tonyabowen@example.org,2022-02-12,Regular
240,Sara Davies,ethanadams@example.org,2023-01-23,Regular
241,Stacie Smith,brownnicholas@example.net,2023-05-29,Regular
242,Jeffery Meyer,miguelpham@example.com,2026-06-05,Regular
243,Carrie Gonzalez,robinsmith@example.org,2021-09-11,Regular
244,Debra Chambers,michaelwilliams@example.net,2021-07-30,Regular
245,Jennifer Leach,morrisjasmine@example.com,2023-02-08,Regular
246,Kristi Massey,sgoodman@example.net,2026-05-09,Regular
247,Dustin Mullen,mgriffin@example.com,2021-09-05,Regular
248,Kimberly Romero,wilkersonbrian@example.com,2022-12-05,Regular
249,Brandon Wu,thomas54@example.net,2022-02-02,Regular
250,Robert Flores,williamhart@example.net,2022-12-03,Regular
251,Nicholas Tran IV,crystalhawkins@example.com,2024-11-20,Regular
252,Brandon Stone,michelle42@example.com,2025-06-03,Regular
253,Morgan Rose,sarahli@example.net,2025-05-12,Regular
254,Frances Silva,whitejustin@example.com,2023-11-18,Regular
255,Nathaniel Richardson,victor82@example.com,2025-08-28,Regular
256,Anthony Johnson,lewislori@example.org,2022-12-20,Regular
257,Andrea Lopez,jacksonroberto@example.net,2023-05-26,Regular
258,Erica Smith,bondmichelle@example.org,2022-09-29,Regular
259,Mariah Zhang,zfleming@example.com,2026-02-06,Regular
260,Shane Bryant,qbass@example.com,2022-09-30,Regular
261,Heather Vaughan,eevans@example.net,2023-11-30,Premium
262,Sarah Gonzalez,dbernard@example.net,2023-12-13,Regular
263,Gary Johnson,qmitchell@example.com,2024-10-27,Regular
264,Rebecca Moore,denise19@example.org,2021-12-28,Regular
265,Eric White,kimberlylopez@example.net,2024-07-10,Regular
266,Victoria Lynch,daviskathleen@example.org,2023-07-29,Regular
267,David Sims,brookeelliott@example.org,2026-02-02,Premium
268,Patty Austin MD,pnichols@example.com,2024-11-28,Regular
269,Elijah Reeves,priceheather@example.org,2024-09-29,Regular
270,Cynthia Meza,amy68@example.com,2022-08-27,Regular
271,Susan Lee,kathrynclements@example.org,2024-08-22,Premium
272,Elizabeth Mills,lukethompson@example.com,2024-05-19,Regular
273,Christie Espinoza,lawrence95@example.com,2023-09-09,Regular
274,Alyssa Pennington MD,martindebra@example.com,2021-07-30,Admin
275,Jennifer Garcia,stephanie14@example.com,2025-04-27,Premium
276,Thomas Jackson,bjones@example.net,2023-12-30,Regular
277,Zachary Smith,amy12@example.net,2023-11-15,Regular
278,Samuel Gonzalez,laurakhan@example.org,2026-03-08,Premium
279,Nicholas Washington,michael47@example.net,2023-01-30,Regular
280,Michael Martinez,carsonpatricia@example.net,2026-05-30,Regular
281,Janet Padilla,jamesphillips@example.net,2025-03-30,Regular
282,Natasha Cooley,stephanielee@example.net,2025-04-01,Regular
283,Ashley Hernandez,michael46@example.net,2025-05-12,Regular
284,Robin Parker,ywalker@example.com,2021-12-26,Premium
285,Jesse Underwood,carolbradley@example.org,2022-12-29,Regular
286,Katherine Griffin,joel95@example.com,2024-03-03,Regular
287,Lori Cross,martinezdanielle@example.net,2022-05-23,Regular
288,Kimberly Mason,lawsonchristine@example.net,2022-07-20,Regular
289,Jennifer Crawford,hernandezdavid@example.net,2022-10-04,Regular
290,Aaron Cook,jessicajuarez@example.com,2022-02-21,Regular
291,Leah Maxwell,sotochristine@example.net,2021-11-26,Regular
292,Jennifer Wood,fletchermark@example.net,2025-01-02,Regular
293,Scott Reynolds,bduncan@example.com,2021-09-18,Regular
294,Keith Williams,hornemonica@example.org,2025-09-16,Regular
295,Mr. Michael Benjamin,ohudson@example.net,2022-11-24,Regular
296,Charles Stevens,jeremywright@example.com,2025-03-13,Regular
297,Kristine Wilcox,clarkejesse@example.com,2025-09-09,Regular
298,Travis Watts,foxeddie@example.org,2026-01-09,Regular
299,Joseph Henderson,erinhorton@example.net,2025-01-12,Regular
300,Nathan Cooper,hornekathleen@example.com,2023-05-20,Regular
301,Corey Moore,tanner97@example.net,2022-10-07,Regular
302,Michael Powers,racheljacobs@example.net,2021-10-29,Regular
303,Matthew York,christopher90@example.net,2021-12-27,Regular
304,Daniel Morgan,uallen@example.org,2023-11-25,Regular
305,Craig Lee,umckay@example.net,2024-12-15,Regular
306,Diamond Gutierrez DDS,coletaylor@example.net,2024-06-09,Regular
307,Melissa Frank,pinedamichelle@example.com,2022-01-01,Regular
308,Dylan White PhD,salazarryan@example.com,2021-10-24,Regular
309,Collin Hudson,emelendez@example.net,2023-05-27,Regular
310,Michelle Bell,john88@example.net,2022-03-13,Premium
311,William Chase,rparker@example.net,2026-01-28,Regular
312,Katherine Nielsen,brandonthomas@example.com,2021-12-31,Regular
313,Timothy Lewis,richard84@example.com,2022-03-13,Regular
314,Ricardo Williams,lopezcindy@example.com,2022-04-29,Regular
315,Eric Key,richard60@example.org,2025-06-26,Premium
316,Ronald Davis,brownautumn@example.net,2024-12-12,Premium
317,James Marsh MD,ebarnes@example.net,2022-03-02,Regular
318,Alexis Sanchez,kayla39@example.org,2025-07-04,Regular
319,Charles Jones,mariaedwards@example.net,2023-07-01,Regular
320,Douglas Miranda,perezrhonda@example.com,2025-02-19,Admin
321,Sara Sandoval,lhernandez@example.net,2025-08-02,Regular
322,Alyssa Williams,ronaldnorris@example.com,2022-04-26,Regular
323,Ana Barker,norman59@example.net,2022-05-01,Premium
324,Martha Thompson,nicolewilkins@example.org,2024-03-10,Regular
325,Alexandra Soto,orrryan@example.org,2023-03-04,Regular
326,Vincent Bauer,albert53@example.com,2026-01-25,Premium
327,Jason Jones,valerie73@example.com,2025-12-09,Admin
328,Stacy Roberts,scott06@example.net,2021-07-05,Regular
329,Deborah Harris,elizabethowens@example.com,2025-08-04,Regular
330,Mary Ortiz,eshaffer@example.com,2023-12-17,Regular
331,Tamara Wilson,williamhill@example.org,2023-04-13,Regular
332,Robert Kelly,hicksshelby@example.org,2022-08-02,Regular
333,Brandon Williams,roycameron@example.org,2022-06-08,Regular
334,Benjamin Turner III,tmorris@example.com,2024-03-11,Regular
335,Erika Wallace,lauren02@example.net,2024-01-03,Premium
336,Sonya Weber,nicholas17@example.com,2021-12-30,Premium
337,Raven Ray,tswanson@example.com,2024-09-29,Regular
338,Nicole Davis,yesenia59@example.org,2022-12-31,Regular
339,Alicia Diaz,heather00@example.org,2022-08-01,Regular
340,Jessica Evans,christopherdouglas@example.org,2021-08-24,Regular
341,Jennifer Perkins,gwilson@example.com,2025-11-18,Premium
342,Gina Mcknight,ashley62@example.com,2024-07-04,Regular
343,Julie Ballard,mejiabethany@example.com,2026-03-12,Regular
344,Dustin Gomez,ramirezandrea@example.com,2024-12-26,Regular
345,Elizabeth Camacho,gharris@example.com,2025-01-09,Premium
346,Mr. Larry Allen Jr.,alexandria13@example.com,2021-08-26,Regular
347,Jacob Thompson MD,michele82@example.net,2023-02-13,Regular
348,Valerie Cunningham,shawn97@example.com,2023-04-05,Regular
349,Leslie Hall,perezaaron@example.com,2022-12-28,Regular
350,Matthew Robinson,evelyn54@example.com,2024-09-28,Regular
351,Brad Mitchell,linda55@example.org,2021-06-07,Regular
352,Nathaniel Chandler,vincent85@example.com,2022-09-29,Regular
353,Carlos Baird,aguirrenicholas@example.org,2022-05-19,Regular
354,Michelle Graves,moraelizabeth@example.com,2022-04-30,Regular
355,Randy Campbell,umurillo@example.org,2023-11-18,Regular
356,Carrie Ayala,djones@example.org,2021-12-29,Regular
357,Mark Chen,travisturner@example.org,2025-07-03,Regular
358,James Wells,hholt@example.com,2023-01-30,Premium
359,Jaime Yang,fergusonchristine@example.org,2022-12-01,Regular
360,Makayla Robinson,danielvasquez@example.net,2026-03-06,Premium
361,Andrew Mendoza,zjohnson@example.org,2025-03-22,Regular
362,Krystal Yoder,jenkinstodd@example.com,2025-11-13,Regular
363,Randy Roth,anthony16@example.org,2025-01-01,Regular
364,Lisa Davis,ryanlaura@example.com,2026-03-11,Regular
365,Jesus Rubio,kristen24@example.org,2022-08-02,Premium
366,Miss Kelsey Phillips PhD,xpeterson@example.org,2026-03-09,Regular
367,Crystal Reid,jacob76@example.org,2022-01-13,Regular
368,Susan Jennings,jerry72@example.net,2025-07-19,Regular
369,Jeanne Young,novakmorgan@example.com,2024-10-02,Regular
370,Matthew Bennett,xmendez@example.org,2024-10-14,Regular
371,Jonathan Smith,ramirezamanda@example.com,2022-03-21,Regular
372,Mary Butler,erin43@example.org,2024-03-08,Regular
373,Joshua Carter,robertsmatthew@example.org,2025-08-26,Regular
374,Thomas Yu,ehutchinson@example.org,2022-10-25,Regular
375,Randall Perkins,tcarpenter@example.net,2024-04-18,Regular
376,Phillip Burton,alexanderhill@example.org,2026-03-27,Regular
377,Autumn Watts,qfowler@example.net,2025-03-28,Regular
378,Sabrina Jacobson,shahsharon@example.net,2022-12-28,Regular
379,Theresa Cuevas,hernandezchristopher@example.com,2025-10-23,Regular
380,George Bond,doris81@example.net,2022-06-03,Regular
381,Isaiah Mata,lisawilson@example.net,2026-01-01,Regular
382,Jeffrey Graham,jacqueline20@example.net,2024-10-29,Regular
383,Danielle Silva,vchristian@example.com,2026-03-29,Premium
384,Lisa Gaines,ofuller@example.org,2025-07-26,Premium
385,Megan Evans,harrisearl@example.net,2022-02-16,Regular
386,Billy Weiss MD,josephramos@example.net,2021-12-05,Regular
387,Allison Brown,ericayers@example.com,2025-05-24,Regular
388,Angelica Rose,cory75@example.org,2021-08-22,Regular
389,Kim Frye,kelly90@example.com,2022-10-26,Regular
390,Michael Owens,davisjustin@example.com,2021-11-18,Regular
391,Christina Mcdowell,mendezdebra@example.com,2025-10-21,Regular
392,Bianca Mcbride,anthony87@example.com,2026-05-20,Regular
393,Manuel Morales,laurengrant@example.com,2025-06-14,Regular
394,Brian Woods,staceyowens@example.org,2021-11-16,Regular
395,Alexander Vargas,rpope@example.org,2021-07-12,Regular
396,Sarah Peterson,powellalicia@example.net,2022-05-15,Regular
397,Nancy Bryant,logan55@example.com,2023-12-16,Regular
398,Michael Brown,robert15@example.net,2025-03-11,Regular
399,Brandon Morgan,jimenezshane@example.com,2021-07-22,Premium
400,Sabrina Gardner,emily72@example.org,2024-07-19,Premium
401,Gary Robinson,ismith@example.org,2024-06-08,Regular
402,Jeffery Hall,smithdavid@example.org,2025-07-26,Premium
403,Sarah Brooks,jacksontheresa@example.com,2025-02-07,Regular
404,Dustin Taylor,johnsoneric@example.org,2023-10-27,Regular
405,Jacob Lopez DDS,haydenrebecca@example.com,2024-05-16,Premium
406,Ana Lee,jmcdaniel@example.net,2024-04-21,Regular
407,Robert Newton,nwalker@example.org,2026-02-19,Regular
408,Kayla Keith,kennedyjohn@example.net,2026-06-04,Regular
409,Susan Young,danielsbenjamin@example.com,2024-10-22,Regular
410,Michael Davis,wgonzales@example.org,2024-07-04,Regular
411,Grant Lucas,johnunderwood@example.com,2023-06-17,Regular
412,Rebecca Arnold,edwardreyes@example.net,2025-05-09,Regular
413,Sarah Ray,matthewreese@example.org,2021-10-15,Premium
414,Sara Jackson,william65@example.net,2024-12-28,Regular
415,Sarah Cochran,jaredmcpherson@example.com,2025-12-06,Regular
416,Jonathan Castillo,caseyjacob@example.org,2025-05-04,Regular
417,Carol Cardenas,marie35@example.net,2023-01-22,Regular
418,Danielle Johnson,michael53@example.com,2021-07-31,Regular
419,Robert Porter,gillespiebrittany@example.com,2024-04-16,Regular
420,Tyler George,kara56@example.org,2023-08-19,Regular
421,Kim Warren,kristen18@example.org,2026-02-12,Regular
422,Gabriela Olson,parkerjoseph@example.org,2024-09-09,Regular
423,Jeffrey Lewis,jesus17@example.com,2025-02-19,Regular
424,Lynn Roman,blakesean@example.com,2024-01-23,Regular
425,Deborah Herrera,lvincent@example.com,2023-10-03,Regular
426,James Rodriguez,martinezbriana@example.net,2025-08-31,Regular
427,Brenda Delgado,kimolsen@example.org,2024-03-24,Regular
428,David Bennett,hancockalyssa@example.com,2025-02-26,Premium
429,Travis Gonzalez,sydneyharper@example.org,2021-11-01,Regular
430,Mark Glass MD,robinsonjonathan@example.org,2021-07-17,Regular
431,Danielle Reyes,hevans@example.net,2024-08-17,Regular
432,Joseph Pitts,ryanolson@example.net,2026-05-02,Regular
433,Bruce Dougherty,dmathews@example.org,2025-06-16,Regular
434,John Holt,curtis65@example.com,2025-11-02,Regular
435,Brian Diaz,brandygarcia@example.org,2023-05-17,Regular
436,Amber Lopez,brownrebecca@example.net,2022-02-22,Regular
437,Todd Becker,natalie54@example.net,2021-12-15,Regular
438,Philip Wilkins,johnmoore@example.org,2025-06-20,Premium
439,Noah Morgan,lemichael@example.net,2022-05-05,Regular
440,Lisa Whitehead,johnsphillip@example.com,2026-01-14,Regular
441,Margaret Robinson,nmendoza@example.net,2022-06-16,Regular
442,Joshua Gray,kathleenmckee@example.net,2022-07-04,Regular
443,Lori Long,nbender@example.org,2024-06-24,Regular
444,Joshua Fleming,guerrerolucas@example.net,2024-11-29,Regular
445,Tina Hart,mary81@example.org,2023-12-18,Regular
446,Denise Villarreal,justinmalone@example.org,2022-09-26,Regular
447,Jeffery Marquez,boonechristopher@example.net,2025-02-06,Regular
448,Gabriel Griffith,shawchristine@example.com,2021-09-02,Regular
449,Wesley White,davidgriffin@example.net,2024-12-14,Regular
450,Richard Farley,danielstrong@example.org,2024-02-06,Regular
451,Briana Sims,millerjohn@example.org,2025-12-15,Regular
452,Alicia Buchanan,nicholsonemily@example.org,2023-09-24,Regular
453,Paul Murray,andrewhernandez@example.com,2023-06-18,Regular
454,Samantha Jackson,kwaters@example.com,2025-07-27,Regular
455,Mark Berry,anthonyryan@example.net,2023-02-02,Regular
456,Linda Willis,seanrodriguez@example.org,2025-12-25,Regular
457,Barbara Cortez,robert35@example.org,2026-04-18,Regular
458,Ryan Brandt,vperez@example.net,2022-10-24,Regular
459,Michael Hopkins,ashleyparker@example.net,2021-09-24,Regular
460,Brittany Olson,sharonsimmons@example.org,2023-06-23,Regular
461,Timothy Caldwell,amandagarcia@example.net,2026-02-22,Premium
462,Adam Rogers,znelson@example.com,2021-06-28,Regular
463,Michael Roach,sarasilva@example.net,2023-12-26,Regular
464,Larry Garcia,nryan@example.net,2025-07-08,Regular
465,Joshua Adams,christophergibson@example.org,2025-08-27,Regular
466,Brittany Maxwell,watersgina@example.net,2023-04-17,Regular
467,Jerry Gutierrez,owenscharles@example.net,2026-01-18,Premium
468,Carolyn Hardin,julian77@example.net,2025-08-11,Regular
469,Carlos Wood,atkinsonjustin@example.org,2024-08-09,Regular
470,Andrew Bullock,zacharywilliamson@example.net,2024-07-27,Regular
471,Victoria Cox,tiffanyjohnston@example.org,2026-01-04,Regular
472,Hailey Murray,misty10@example.com,2025-02-08,Regular
473,Jeremy Thomas,harringtonnatasha@example.net,2022-07-02,Regular
474,Samuel Turner,zpadilla@example.com,2023-08-12,Regular
475,Angela Watts,michael03@example.net,2024-05-03,Regular
476,Michael Martin Jr.,elizabeth66@example.net,2026-01-27,Regular
477,Kristopher Campbell,mendozajustin@example.com,2024-06-27,Regular
478,Justin Contreras,joshua60@example.com,2022-12-30,Regular
479,Robert Hunter,davidshort@example.net,2026-02-08,Premium
480,Denise Harris,blake44@example.net,2026-01-08,Regular
481,Bradley Smith,chasechapman@example.org,2025-10-16,Regular
482,Angela Mejia,richard66@example.org,2023-05-09,Premium
483,Elizabeth Flores,ronniesantos@example.org,2023-07-31,Regular
484,Theresa Gordon,morgancarlos@example.com,2021-06-05,Regular
485,Sara Wilson,higginsjason@example.org,2022-09-18,Regular
486,Katherine Williams,ycole@example.com,2023-08-26,Regular
487,Rebecca Stein,hamiltonerin@example.net,2025-11-13,Regular
488,Lorraine Jackson,thomas38@example.net,2024-09-20,Regular
489,Mrs. Nicole Morgan,justin14@example.net,2025-01-21,Premium
490,Emily Coleman,youngamber@example.org,2024-08-29,Regular
491,John Davis,gregory77@example.org,2022-02-26,Regular
492,Debra Fuller,jdavis@example.com,2023-02-27,Regular
493,Craig Collins,austin81@example.com,2023-02-25,Regular
494,Benjamin May,zwagner@example.org,2022-05-06,Regular
495,Maria Wilson,meltonchase@example.net,2021-06-08,Regular
496,Laura Garcia,rthompson@example.net,2023-04-02,Regular
497,Taylor Fritz,aaronmiles@example.org,2021-06-14,Regular
498,Larry Foster,suzanne29@example.com,2021-06-18,Regular
499,Eduardo Potter,martinezannette@example.org,2022-09-10,Regular
500,Calvin Anderson,swhite@example.org,2025-06-25,Regular
501,Jeremy Orr,johnjones@example.net,2024-10-10,Regular
502,Brittany Martinez,judith50@example.org,2024-10-19,Regular
503,Michael Ruiz,kevin38@example.com,2021-07-12,Premium
504,Linda Holt,ghart@example.com,2024-07-24,Regular
505,Michael Orozco,zfoster@example.org,2025-08-18,Regular
506,Christian Young MD,timothychen@example.net,2021-08-11,Regular
507,Sean Carter,kathy18@example.com,2023-09-17,Regular
508,Nathan Simon,brittany70@example.com,2026-05-13,Premium
509,Amy Silva,rick87@example.org,2026-05-12,Premium
510,Amanda Lewis,stewartamy@example.com,2021-07-20,Regular
511,Pamela Jackson,uramirez@example.com,2022-03-20,Regular
512,Danielle Quinn,umora@example.com,2023-01-06,Regular
513,Shelly Thomas,livingstonmichelle@example.com,2022-04-18,Regular
514,Christie Sanders,hodgeslaura@example.org,2023-01-15,Regular
515,Jimmy Smith,shawna80@example.com,2022-12-20,Regular
516,Misty Casey,tamarabutler@example.org,2021-10-22,Regular
517,Richard Bailey,vincent92@example.com,2022-08-10,Regular
518,Jodi Krueger,aturner@example.org,2023-07-10,Regular
519,Linda Franklin,ericjohnson@example.net,2025-04-10,Premium
520,Samuel Bradley,kayla89@example.com,2024-09-13,Regular
521,Amanda Bass,carterashley@example.net,2025-01-19,Regular
522,Susan Holmes,jennifermyers@example.com,2024-04-28,Regular
523,Sophia Perkins,ashley40@example.net,2023-10-25,Regular
524,Thomas Sexton,gcompton@example.net,2024-04-20,Regular
525,Laura Page MD,jessetodd@example.org,2025-09-17,Premium
526,Thomas Ramos,fitzgeraldnathan@example.org,2021-08-25,Regular
527,Alexander Chan,oscarpatterson@example.net,2025-07-07,Regular
528,Danny Campbell,christopher61@example.org,2021-11-23,Regular
529,Wayne Campbell,rmartinez@example.net,2022-06-26,Premium
530,Wanda Clark DDS,joseph49@example.net,2023-06-16,Regular
531,Holly Owens,williamschultz@example.net,2025-12-17,Regular
532,Brianna Romero,davidlopez@example.com,2024-09-06,Regular
533,Tiffany Mays,ylewis@example.org,2021-09-05,Regular
534,Shaun Rivera,rflowers@example.org,2024-03-10,Regular
535,Mary Burke,hurstdavid@example.org,2023-03-25,Premium
536,Erika Wheeler,sara17@example.net,2024-10-03,Regular
537,Anita Beltran,johnbishop@example.org,2022-09-22,Premium
538,Crystal Lopez,tgardner@example.net,2026-05-12,Premium
539,Paul Jones,wardgloria@example.com,2021-09-11,Regular
540,Larry Velazquez,patricia84@example.net,2024-02-22,Premium
541,Michael Cruz II,julie10@example.com,2024-02-23,Premium
542,Laurie Marshall,acostapamela@example.com,2024-07-05,Premium
543,Susan Williams,karenreid@example.net,2023-03-22,Regular
544,Scott Murphy,garciabrandon@example.net,2021-10-15,Regular
545,Craig Fleming,medinaheidi@example.net,2022-02-23,Premium
546,Sara Roth,joyceblackburn@example.org,2025-04-18,Regular
547,Danny Nguyen,alexandermarie@example.net,2025-04-27,Regular
548,Shannon Ramirez,staffordmadison@example.net,2022-06-12,Premium
549,Eric Torres,alexanderwilliam@example.org,2025-02-14,Regular
550,Judy Torres,terrencebrown@example.org,2022-03-03,Regular
551,Carrie Robinson,hubbardbrandon@example.net,2023-06-20,Regular
552,Cindy Moore,kconner@example.org,2026-02-26,Regular
553,Daniel Coleman,ycarlson@example.net,2025-07-23,Regular
554,Michael Turner,tammycooper@example.com,2024-03-15,Regular
555,Tiffany Deleon,jenniferaustin@example.com,2024-05-19,Premium
556,Ryan Watkins,lopezjonathan@example.net,2024-08-27,Regular
557,Mathew Humphrey,hdurham@example.com,2022-06-15,Regular
558,Justin Taylor,patriciacarrillo@example.org,2021-11-02,Regular
559,Lisa Hancock,fcalhoun@example.net,2023-10-29,Regular
560,Scott Werner,moorejennifer@example.com,2026-01-11,Regular
561,Amber Mason,smithcourtney@example.org,2025-05-08,Regular
562,Anthony Singh,austin24@example.com,2024-09-28,Regular
563,Kristina Ponce,jacksondonald@example.net,2023-05-07,Regular
564,Abigail Bates,williambrooks@example.net,2022-07-04,Premium
565,James Lopez Jr.,amyrojas@example.net,2021-11-15,Regular
566,Julia Owens,leeraymond@example.com,2022-11-30,Premium
567,Nathan Vasquez,simsalyssa@example.org,2025-03-07,Regular
568,John Williams,rossnatalie@example.org,2022-12-18,Regular
569,Ann Camacho,michael23@example.org,2024-08-31,Regular
570,Adam Grant,shawnrogers@example.org,2025-04-29,Regular
571,Beth Oneal,wbrennan@example.org,2025-03-05,Premium
572,Valerie Allen,ealexander@example.org,2025-10-23,Regular
573,Cynthia Kramer,pamelakeller@example.com,2024-07-27,Regular
574,Erika Mooney,porterrobert@example.com,2022-09-20,Regular
575,Jodi Hampton,edward60@example.com,2022-09-08,Premium
576,Maria Young,charlesturner@example.net,2025-11-16,Regular
577,Marc Mcbride,markrussell@example.com,2025-09-05,Regular
578,Alyssa Williams,laura46@example.net,2024-10-02,Regular
579,Sabrina Hodges,brandicook@example.net,2025-10-09,Regular
580,Adam Barnes,wolfecarrie@example.com,2025-03-03,Regular
581,Denise Santana,isaac72@example.net,2024-01-15,Regular
582,Mrs. Doris Rodriguez,greenjoshua@example.org,2021-11-01,Regular
583,Brooke Stanton,larajason@example.net,2023-07-29,Regular
584,Leslie Roberts,justincook@example.net,2023-12-22,Regular
585,Robert Franco,kim30@example.net,2025-02-19,Regular
586,Christopher Brown,howesheila@example.org,2025-05-27,Regular
587,Melvin Singh,hallkevin@example.com,2023-08-17,Regular
588,Sierra David,julienelson@example.net,2025-06-21,Regular
589,Albert Garcia,camachomichael@example.com,2023-05-29,Regular
590,Sheila Robinson,whartman@example.com,2026-04-01,Regular
591,James Hudson,diana45@example.org,2023-03-12,Regular
592,Jill Hartman,panderson@example.com,2022-02-06,Premium
593,Kathleen Torres,cunninghamlogan@example.org,2025-12-05,Regular
594,Dawn Perry,mpearson@example.net,2024-04-02,Regular
595,Laura Solis,ericrusso@example.org,2025-06-22,Regular
596,Christine Haynes,rebeccaburke@example.net,2025-07-23,Premium
597,Sally Lopez,zmcdonald@example.com,2023-09-20,Regular
598,John Alexander,michaelrose@example.org,2024-11-21,Regular
599,Cody Wood,brittney26@example.com,2023-12-02,Regular
600,Susan Mendoza,stacy69@example.net,2023-09-08,Regular
601,Julie Stevens,heidi89@example.org,2025-11-03,Premium
602,Penny Taylor,heather33@example.net,2023-11-04,Premium
603,James Davis,mlynch@example.net,2021-08-26,Regular
604,Debbie Sandoval,johnphelps@example.com,2025-01-24,Regular
605,Daniel Torres,olsondeborah@example.com,2025-03-12,Regular
606,Peter Lambert,reedjulie@example.org,2026-05-28,Regular
607,Jessica Kelley,robert62@example.net,2023-06-06,Regular
608,Denise Long,kevin94@example.net,2025-02-09,Regular
609,Megan Herrera,james76@example.org,2023-12-13,Regular
610,Shawn Taylor,lewiswilliam@example.com,2021-12-17,Regular
611,Daniel Phillips,michele24@example.org,2021-08-10,Regular
612,Brandi Meyer,relliott@example.org,2022-12-17,Regular
613,Andrew Delgado,daviddunlap@example.com,2026-01-28,Regular
614,Isabel Davis,acevedocorey@example.org,2023-12-15,Regular
615,Jessica Todd,vasquezmeagan@example.org,2022-10-27,Regular
616,Deborah Petty,mackenzie40@example.com,2025-04-06,Regular
617,Deborah Velez,nicholas56@example.net,2021-12-12,Regular
618,Tanya Simmons,longheidi@example.com,2024-02-07,Regular
619,Emily Watson,rogermcdonald@example.org,2023-05-06,Regular
620,Scott Thompson,lopezkevin@example.net,2024-09-03,Regular
621,Madison Collins,michelle23@example.org,2026-01-10,Regular
622,Tanner Green,haguirre@example.org,2022-11-24,Regular
623,Kathleen Hernandez,tburton@example.net,2022-02-20,Regular
624,Derek Tran,jennifer64@example.net,2021-09-28,Regular
625,Anthony Hopkins,nhatfield@example.net,2022-05-23,Regular
626,Michele Howard,shelbylyons@example.com,2023-05-21,Regular
627,Sarah Anderson,wendy88@example.org,2023-11-25,Regular
628,Jonathan Manning,conniebarnes@example.net,2025-01-13,Regular
629,Brandy Smith,johnsonmark@example.com,2024-10-04,Regular
630,Jerome Allen,pallen@example.net,2025-05-27,Regular
631,April Brown,timothybeltran@example.org,2024-12-29,Regular
632,William Boone,kellymooney@example.com,2023-05-30,Regular
633,Tammy Patterson,hartrachel@example.org,2022-01-15,Regular
634,Jack Bruce,colleen98@example.net,2021-08-23,Regular
635,Stephanie Anderson,donovanmitchell@example.com,2024-04-28,Regular
636,Meghan Smith,phoward@example.org,2023-10-06,Regular
637,Alvin Williams,michaelreeves@example.org,2023-10-03,Regular
638,Jessica Pearson,lynchcassandra@example.com,2021-08-15,Regular
639,Brian Macias,tkelly@example.com,2022-08-31,Regular
640,Michael Lopez,caitlynsherman@example.net,2025-10-13,Regular
641,Mitchell Garcia,micheal73@example.net,2026-04-06,Regular
642,Michael Scott,davischristopher@example.com,2025-11-11,Regular
643,Teresa Perkins,jenglish@example.org,2024-12-25,Regular
644,Brooke Whitaker,yward@example.org,2024-02-12,Regular
645,Darryl Watkins,dorothyhubbard@example.com,2024-08-25,Regular
646,Joan Fox,arusso@example.com,2022-12-15,Regular
647,Nicole Hayes,jsanchez@example.org,2021-11-19,Regular
648,Tonya Davis,jamestrevino@example.com,2026-02-24,Regular
649,Kristen Knox,aarnold@example.org,2025-10-10,Regular
650,Ashlee Prince,emilyallen@example.com,2022-01-17,Regular
651,Jessica Wallace,tylerphillips@example.com,2026-03-28,Regular
652,Lisa Parker,amathis@example.org,2024-06-04,Regular
653,Dr. Lisa Cline DDS,bakermichelle@example.org,2024-09-16,Regular
654,Lynn Harper,harrisonjeffrey@example.com,2023-10-26,Regular
655,Brad Bell,kyle93@example.org,2024-10-06,Regular
656,Kristin Powell,smithjessica@example.com,2022-02-27,Premium
657,Caitlin Pierce,laurieroberts@example.org,2021-08-24,Regular
658,Anthony Gonzalez,daniellevaldez@example.org,2024-06-12,Premium
659,Andre Porter,brandongonzales@example.net,2022-01-06,Regular
660,Michael Wilson,josephnewman@example.org,2026-01-22,Regular
661,Matthew Franklin,iwashington@example.com,2023-12-10,Regular
662,Michael Reynolds,carrie70@example.net,2024-03-24,Regular
663,Natasha Carr,richardsdana@example.org,2024-11-30,Regular
664,Melissa Obrien,michelle83@example.net,2024-08-18,Regular
665,John Henderson,phull@example.com,2024-12-01,Premium
666,Justin Leonard,riveramichael@example.org,2025-08-08,Regular
667,Christine Smith,michaelhouston@example.com,2024-12-22,Regular
668,Sarah Zimmerman,fknapp@example.com,2021-07-02,Premium
669,Dylan Diaz,adaniels@example.org,2024-08-03,Regular
670,Beverly Harding,robertparks@example.com,2022-08-30,Premium
671,Michael Berger,zcasey@example.org,2022-11-22,Premium
672,Jason Dickerson,longsteven@example.net,2022-03-13,Regular
673,Ricky Le,joseph88@example.org,2023-10-15,Regular
674,Cesar Rojas,jwhitaker@example.com,2024-11-03,Regular
675,Tiffany Macdonald,ngreen@example.org,2022-12-16,Regular
676,Christina Gibson,davidyates@example.com,2023-09-18,Regular
677,Caitlin Montgomery,mguerrero@example.net,2022-06-12,Regular
678,Matthew Hernandez,jobrien@example.org,2026-01-20,Regular
679,Gloria Smith,lindarichard@example.net,2026-01-04,Regular
680,David Powell,herrerajoseph@example.org,2021-11-16,Regular
681,Andrew Harvey,ramirezmark@example.com,2026-05-30,Regular
682,Karen Brown,frank19@example.net,2022-12-29,Regular
683,Kristen Day,copelandannette@example.com,2023-03-27,Regular
684,Cody Hurst,garyhorton@example.com,2023-09-28,Regular
685,Courtney Miller,breyes@example.net,2025-08-19,Regular
686,Anne Cox,abigail71@example.com,2023-12-25,Premium
687,Austin Brown,donald76@example.org,2021-12-28,Regular
688,John Dunn,james58@example.org,2023-03-20,Premium
689,Aaron Burke,harpertina@example.net,2021-06-27,Regular
690,Richard White,brendahodges@example.net,2023-01-24,Premium
691,Melissa Carrillo,ian52@example.net,2023-07-29,Regular
692,Dr. Tracey Davis,darrelllopez@example.net,2023-05-30,Premium
693,Joshua Bruce,aeverett@example.com,2022-06-08,Premium
694,John Hughes,ocarpenter@example.org,2025-12-25,Regular
695,Adam Lawrence,elizabethmorgan@example.org,2022-02-22,Regular
696,Arthur Anderson,michelestuart@example.net,2023-07-11,Regular
697,David Horn,margaretharris@example.org,2022-05-28,Regular
698,Taylor Scott,tyler78@example.org,2025-04-17,Regular
699,Allen Collier,gjohnson@example.org,2025-10-29,Regular
700,Nicholas Allen,kelleradam@example.com,2023-01-14,Regular
701,Michael Barber,darius61@example.net,2024-12-29,Premium
702,Krista Williams,ballardjennifer@example.org,2025-02-03,Regular
703,Jesse Hill,ukennedy@example.com,2026-03-03,Regular
704,Steven Waller,james02@example.org,2022-03-31,Regular
705,Joel Cantu,davidkerr@example.org,2023-05-23,Regular
706,Angela Thompson,michael92@example.org,2024-02-24,Regular
707,Kristin White,victor56@example.com,2023-07-07,Regular
708,Johnny Arnold PhD,morenokristen@example.org,2022-02-18,Premium
709,Christina Schroeder,pdennis@example.org,2026-01-08,Regular
710,Norma Velasquez,jenniferbrown@example.org,2024-07-01,Regular
711,Christina Fuller,tina69@example.org,2021-11-16,Regular
712,Timothy Anderson,jimmy78@example.org,2026-03-10,Regular
713,Ronald Miller,qbrown@example.net,2025-01-07,Premium
714,Cheyenne Douglas,qschmidt@example.com,2022-05-18,Regular
715,Justin Griffin,ryanrivera@example.com,2022-12-03,Regular
716,Patrick Bowen,matthewrose@example.com,2025-01-29,Regular
717,Dean Valdez,kyle89@example.net,2026-01-04,Regular
718,Amanda Salazar,steven45@example.com,2022-05-12,Regular
719,Elizabeth Waters,dianegibbs@example.net,2023-06-01,Regular
720,Dr. Rodney Green,cynthia81@example.org,2026-01-29,Regular
721,Jacob Wilson,sandra00@example.org,2026-01-04,Regular
722,Travis Montgomery,kimberly90@example.org,2021-07-19,Regular
723,Mr. Mark Zuniga,frichardson@example.net,2024-10-02,Regular
724,Brett Ruiz,ramirezdebra@example.com,2024-03-23,Regular
725,April Harris,zyu@example.org,2025-03-03,Premium
726,Jack Leblanc,arthur13@example.org,2022-11-25,Regular
727,Jonathan Miller,christina34@example.org,2025-09-13,Regular
728,Cynthia Rodriguez,robinsonjoanne@example.com,2024-11-13,Premium
729,Jose Greene,jball@example.com,2023-08-20,Premium
730,Jeffrey Garcia,daniel99@example.net,2021-11-22,Regular
731,Fred Nicholson,mtapia@example.org,2023-02-05,Premium
732,Christopher Matthews,hwhite@example.net,2023-08-06,Premium
733,Pamela Kemp,chase38@example.com,2024-06-26,Regular
734,Samantha Garcia,burnsjoseph@example.net,2023-07-10,Regular
735,Carol Thompson,carlajohnson@example.com,2025-02-20,Regular
736,Jerry Gomez,tiffanyrowland@example.com,2025-08-24,Regular
737,Alejandra Haas,jenniferpayne@example.com,2025-07-12,Regular
738,Matthew Smith,heatherford@example.org,2026-01-26,Regular
739,Ryan Thompson,bobby15@example.net,2025-03-24,Regular
740,Jenna White,thomas62@example.com,2022-04-07,Regular
741,Jasmine Wilson,williamssarah@example.com,2023-05-06,Regular
742,Sue Shaw,teresacook@example.org,2025-05-04,Regular
743,Brianna Wright,davidhowell@example.org,2024-03-24,Regular
744,Jason Benton,cookbeth@example.com,2021-06-20,Regular
745,Timothy Johnson,mcguireelizabeth@example.org,2022-03-05,Regular
746,Kristie Perkins,williamsderek@example.com,2025-10-24,Regular
747,Lauren Davis,donald75@example.net,2024-01-30,Regular
748,Terri Farley,valenzuelaruben@example.org,2021-07-24,Regular
749,Tim Williams,laura30@example.com,2021-12-14,Regular
750,Sarah Wilkins,morganaustin@example.net,2025-09-28,Regular
751,Tiffany Scott,emilygreen@example.org,2021-07-11,Regular
752,David Cox,davistimothy@example.org,2021-12-08,Premium
753,Jennifer Chambers,richard56@example.net,2023-11-11,Premium
754,Tiffany Vargas,gabriel79@example.com,2022-04-10,Regular
755,Jimmy Bryant,stevenyoung@example.com,2024-04-16,Regular
756,Erik Bell,simmonsjennifer@example.net,2021-06-16,Regular
757,Jennifer Mccann,sandraanderson@example.com,2021-07-04,Regular
758,Timothy Simpson,taylordouglas@example.com,2021-06-19,Regular
759,Ralph Wilson,jacob72@example.com,2024-05-30,Regular
760,Ray Stephens,qsharp@example.net,2024-12-23,Regular
761,Jenna Mcguire,zjones@example.net,2022-08-22,Premium
762,Theresa Clark,pmcgee@example.com,2026-01-23,Regular
763,Debra Maldonado,lorrainefrench@example.net,2026-03-09,Premium
764,Dalton Boyd,jgarcia@example.org,2022-12-04,Regular
765,Kimberly Clark,keith75@example.org,2023-01-12,Premium
766,Steven Gonzales,theresahernandez@example.net,2025-11-28,Regular
767,Kaitlyn Lopez,carrkaren@example.org,2023-10-16,Regular
768,Mindy Reyes,smithamy@example.com,2023-05-19,Regular
769,Susan Wright,stephensandoval@example.org,2026-01-18,Regular
770,Samuel Johnson,lwilliams@example.net,2025-05-20,Regular
771,Michelle Myers,newmankirk@example.com,2021-07-28,Regular
772,Crystal Lopez,brittanyperez@example.com,2022-03-03,Regular
773,Gregory Stevenson,mwilkins@example.com,2023-07-03,Regular
774,Jason Garcia,barnesshannon@example.org,2023-05-12,Regular
775,Caleb Floyd,elucas@example.com,2022-09-26,Premium
776,James Clarke,paul82@example.net,2022-10-22,Premium
777,Michael Wright,uharmon@example.com,2023-04-25,Regular
778,Mary Nash,michael15@example.com,2022-04-30,Regular
779,Martin Anderson,nathan03@example.org,2024-07-31,Regular
780,Megan Smith,ashley85@example.com,2022-06-16,Regular
781,Julie Robinson,david22@example.com,2023-09-04,Regular
782,Adam Martin,christina88@example.com,2022-02-03,Regular
783,Melinda Gibbs,uhampton@example.org,2024-02-05,Regular
784,Travis Acevedo,glara@example.org,2022-10-12,Regular
785,Jennifer Sawyer,swells@example.org,2023-10-07,Regular
786,Sandy Hall,goodwinrobin@example.net,2026-02-24,Regular
787,Christina Collins,conniewaters@example.net,2021-09-20,Regular
788,Ryan White,davisryan@example.com,2025-05-06,Regular
789,Sarah Taylor,jessicayoung@example.net,2024-06-05,Regular
790,Pamela Perry,summersscott@example.com,2023-12-15,Regular
791,Brianna Allen,kimberly48@example.org,2025-12-03,Regular
792,Thomas Galvan,daniel99@example.org,2025-03-27,Regular
793,Timothy Oconnor,meyerabigail@example.net,2025-08-27,Regular
794,Jason Ramos,linda28@example.net,2023-12-29,Premium
795,Heidi Walker,reidkrystal@example.net,2022-07-23,Regular
796,Rebecca Daniel,bergerheather@example.net,2024-07-04,Premium
797,Renee Lopez,vaughnethan@example.com,2023-03-17,Regular
798,Garrett Lambert,jacobguerra@example.org,2023-01-22,Regular
799,Anna Scott,yferrell@example.net,2025-02-25,Regular
800,Hector Hunt,renee98@example.net,2025-12-21,Admin
801,Patrick Mcbride,rachelcunningham@example.com,2026-05-30,Regular
802,Seth Chase,jamesbryan@example.com,2023-12-23,Regular
803,Amanda Chambers,austin52@example.net,2025-03-04,Premium
804,Natalie Ball,eric76@example.org,2025-03-27,Regular
805,Anthony Kim,nbennett@example.com,2023-09-04,Regular
806,Connie Taylor,danielhall@example.com,2023-08-31,Regular
807,Antonio Chan,john84@example.net,2025-07-17,Regular
808,Blake Ryan,rbray@example.com,2023-01-06,Regular
809,Todd Arnold,larrycline@example.org,2022-04-07,Regular
810,Samantha Drake,paulabell@example.org,2026-03-23,Regular
811,Donna Vasquez,christopherking@example.org,2022-04-12,Regular
812,Rachel Jackson,thomaspeter@example.net,2025-09-25,Regular
813,Kelly Fields,michael58@example.com,2023-06-27,Regular
814,Helen Frank,jimenezmatthew@example.org,2022-05-14,Regular
815,Lawrence Kennedy,pmoore@example.net,2023-01-26,Regular
816,Lawrence Miller,julialambert@example.net,2024-10-18,Regular
817,Jamie Garcia,ronaldhardy@example.org,2025-12-20,Regular
818,Tracy Norton,amy07@example.com,2024-02-01,Regular
819,James Williams,amber89@example.com,2024-09-06,Regular
820,Bill Webster,weeksmary@example.com,2024-06-28,Regular
821,Dr. Michael Quinn,kristin52@example.net,2023-10-13,Premium
822,Marcus Patel,harrisjoseph@example.org,2024-05-09,Regular
823,Crystal Roman,westeric@example.net,2024-04-29,Regular
824,Danielle Smith,pamela46@example.net,2025-04-05,Regular
825,Bryan Choi,dianesmith@example.org,2023-02-13,Regular
826,Shane Morgan,eileen41@example.com,2022-08-10,Regular
827,Laura Moreno,rowediana@example.org,2022-07-28,Regular
828,Michelle Rodriguez,monicasheppard@example.org,2025-09-23,Regular
829,Bobby Christensen,mcguirejeanne@example.net,2022-11-04,Regular
830,Jason Mccann,donaldharris@example.org,2025-09-15,Regular
831,Deborah Lawrence,englishmatthew@example.com,2024-10-06,Regular
832,Kelli Watson,conniejohnson@example.org,2025-08-18,Premium
833,Briana Williams,ycampbell@example.org,2026-01-10,Regular
834,Dustin Sanders,tayloranthony@example.com,2025-06-13,Premium
835,Michael Williams,yrobles@example.com,2022-07-17,Regular
836,Adriana Harper,harriskathryn@example.com,2023-05-14,Regular
837,Margaret Walker,emily94@example.org,2026-03-11,Regular
838,Brian Solomon,lisamoore@example.org,2024-04-10,Regular
839,Christopher Burke,clarkrobert@example.net,2023-05-12,Regular
840,Derek Dixon,perrydavid@example.com,2024-10-01,Regular
841,Lisa Frye,robert89@example.net,2022-07-06,Regular
842,Katie Scott,grace73@example.org,2021-06-22,Regular
843,Brianna Murray,scottheather@example.net,2023-06-11,Regular
844,Carol Chavez,rodriguezchristy@example.com,2022-10-27,Regular
845,Sierra Campos,dwilliams@example.net,2023-12-09,Regular
846,Alexis Miller,scott90@example.net,2023-12-01,Regular
847,Scott Garza,craig04@example.net,2025-05-11,Regular
848,Michael Thompson,jessica61@example.com,2024-07-22,Regular
849,Theresa Moses,nbrown@example.com,2022-01-01,Regular
850,Steven Lee,vjackson@example.org,2024-09-28,Regular
851,Jerome Gibbs,ashley92@example.com,2022-08-15,Regular
852,Shelly Jackson,kim01@example.com,2025-01-09,Premium
853,Jean Bolton,brittany43@example.org,2021-08-01,Regular
854,Jason Byrd,henryingram@example.org,2025-05-03,Premium
855,Stephanie Melton,nbowers@example.org,2024-08-12,Premium
856,Robert Arellano,richardsherman@example.net,2022-09-08,Regular
857,Christopher Love,pyang@example.com,2023-03-08,Regular
858,Robin Freeman,stefanieperez@example.net,2022-05-24,Regular
859,Jonathan Gonzalez,wrightbrandy@example.com,2025-06-15,Premium
860,Savannah Miller,rpeterson@example.org,2026-01-13,Regular
861,Jeffrey Dawson,ronaldlopez@example.org,2022-04-01,Regular
862,Sara Buckley,mochoa@example.com,2022-07-10,Regular
863,John Morgan,mcmillansarah@example.com,2023-10-30,Regular
864,Amber Nichols,lspencer@example.org,2024-12-03,Regular
865,Catherine Lopez,gabrielgutierrez@example.net,2023-06-17,Premium
866,Joyce Sanchez DVM,sydneydelacruz@example.net,2024-08-15,Regular
867,Nathan Moon,jpeters@example.net,2023-02-20,Regular
868,Samantha Hutchinson,paul05@example.net,2021-12-29,Regular
869,Sylvia Ochoa,matthewstewart@example.org,2022-03-27,Regular
870,Toni Barrera,susanmatthews@example.com,2021-06-08,Regular
871,Richard Brown,matthew70@example.net,2022-10-07,Regular
872,Curtis Howard,ewilliams@example.org,2021-09-26,Regular
873,John Ward,catherinedelgado@example.com,2024-06-22,Regular
874,Larry Delgado,fletchertheresa@example.net,2022-12-24,Regular
875,Hannah Scott,jerry93@example.com,2026-03-07,Premium
876,Michael Bush,colleen63@example.com,2024-07-29,Premium
877,Richard Harris,lisa16@example.com,2024-04-19,Regular
878,Gabriela Smith,browndawn@example.com,2026-06-01,Regular
879,Danielle Vasquez,tracey34@example.net,2024-03-11,Regular
880,Robert Hammond,seanchoi@example.org,2021-06-20,Regular
881,Corey Ingram,estesdarrell@example.org,2022-11-04,Regular
882,Jesus Miller,psmith@example.net,2022-10-25,Regular
883,John Winters,karinashepard@example.com,2021-10-20,Regular
884,Alyssa Smith,crystalrobinson@example.org,2021-07-03,Regular
885,Jeffrey Gates,mrogers@example.org,2024-01-15,Regular
886,James Taylor,evansbrian@example.net,2022-07-22,Regular
887,Zachary Allen,bbarton@example.com,2023-01-30,Premium
888,Debra Burton,schneidergeoffrey@example.net,2023-01-22,Regular
889,Jose Wolf Jr.,phillipskatherine@example.com,2024-09-14,Regular
890,Shirley Copeland,felicia15@example.org,2024-02-18,Regular
891,Amber Rose,shawna39@example.com,2023-12-27,Regular
892,Donald Garza,meganbrennan@example.net,2025-10-30,Regular
893,Nancy Dickerson,tfreeman@example.org,2024-11-06,Regular
894,Natalie Valentine,tommy34@example.net,2023-09-14,Premium
895,Christopher Wagner,chrismontgomery@example.com,2022-06-03,Regular
896,Andrea King,kimberlyjones@example.org,2024-07-08,Regular
897,Brandon Clark,natalie67@example.com,2022-05-02,Premium
898,Helen Johnston DDS,snyderadam@example.com,2022-11-23,Regular
899,Tamara Newton,tharrington@example.com,2023-03-08,Regular
900,James Haney,davidgonzalez@example.net,2025-09-02,Regular
901,David Henderson,jonathanpeters@example.org,2022-04-25,Regular
902,Mary Bowers,raylaurie@example.com,2021-12-16,Regular
903,Elizabeth Little,hartsamantha@example.net,2021-10-27,Regular
904,Michele Nash,carrollian@example.net,2022-04-30,Regular
905,Sarah Wolfe,marissamartin@example.com,2021-12-12,Regular
906,Tina Gomez,carlybell@example.net,2024-11-03,Regular
907,Gregory Johnson Jr.,ellischarles@example.org,2024-04-01,Regular
908,Catherine Murphy,mfisher@example.org,2024-09-04,Regular
909,Scott Bell,washingtonthomas@example.org,2025-09-26,Regular
910,Eugene Webster,stonealexander@example.com,2025-11-15,Regular
911,Brittany Bauer,virginia68@example.com,2024-05-24,Premium
912,Sandra Hawkins,timothygonzalez@example.net,2021-11-17,Regular
913,Sara Turner,craigmonica@example.com,2025-02-28,Regular
914,Scott Mcbride,aaron14@example.com,2025-07-29,Regular
915,Karen Smith,mooredarren@example.org,2022-02-27,Regular
916,Douglas Garcia,katherineruiz@example.net,2024-05-04,Premium
917,Gary Phillips,blackwellryan@example.org,2024-01-31,Regular
918,Jose Johnson,barbara85@example.com,2024-07-14,Regular
919,Brittany Stevens,ayu@example.net,2026-03-12,Regular
920,Steven Smith,joshua79@example.net,2023-06-14,Regular
921,Michael Gonzales,michaellarsen@example.com,2024-09-07,Regular
922,Brian Coleman,zcummings@example.com,2025-04-29,Regular
923,Lance Francis,vlee@example.com,2022-07-27,Regular
924,Timothy Collins,megan72@example.com,2024-05-30,Regular
925,Justin Collins,ryan84@example.com,2023-01-18,Regular
926,Melissa Allen,ryoder@example.org,2024-04-03,Regular
927,Ashley Jones,harrisgabriel@example.org,2021-11-19,Regular
928,Mrs. Martha Vega,jason97@example.org,2024-12-11,Premium
929,Dennis Beck,jamesconner@example.com,2024-03-27,Regular
930,George Griffith,triddle@example.org,2025-08-16,Regular
931,Andrea Barron,monicamay@example.net,2026-06-04,Regular
932,Eric Simpson,alexanderbrian@example.com,2023-01-21,Regular
933,Alice Sellers,david29@example.net,2024-08-11,Regular
934,Adrian Lopez,luis19@example.net,2022-10-13,Premium
935,Andrea Riley,johnnorris@example.org,2022-04-16,Regular
936,Matthew Robinson,stephanie48@example.com,2022-12-29,Premium
937,James Arias MD,jacob90@example.net,2025-07-10,Premium
938,Allison Copeland,tracycarter@example.net,2022-04-15,Regular
939,John Simpson,tarastevens@example.net,2021-10-22,Regular
940,Joshua Williams,ismith@example.net,2022-08-12,Regular
941,Anna Murray,kpalmer@example.com,2023-08-10,Regular
942,Steven Nolan,archercatherine@example.org,2022-06-30,Regular
943,Julia Jones,jeffreytodd@example.net,2025-02-10,Regular
944,Julia Murphy,qoneal@example.com,2024-02-12,Regular
945,Joseph Jones,michael52@example.com,2021-07-15,Premium
946,Jared Garrison,aguilartammy@example.com,2025-12-24,Premium
947,Andrew Phillips,helengalloway@example.net,2023-11-16,Regular
948,Sharon Thomas,kristi35@example.com,2026-04-05,Regular
949,Cindy Woods MD,lvaughan@example.com,2023-02-23,Regular
950,Emily Myers,imartin@example.net,2026-04-07,Regular
951,Nicole Campbell,uhale@example.com,2024-06-20,Regular
952,Christian Chavez,rgriffin@example.com,2024-03-11,Regular
953,Brian Gonzalez,sarahatkinson@example.com,2025-05-11,Regular
954,Timothy White,brandtjohn@example.com,2025-12-29,Regular
955,Matthew Larson,mbrooks@example.net,2025-07-14,Regular
956,Alex Lindsey,monica58@example.org,2023-07-14,Regular
957,Emily Hernandez DVM,oneillpatricia@example.org,2024-08-14,Premium
958,Jesse Gonzales,emilyford@example.org,2025-03-21,Regular
959,Robert Cervantes,traceyroberts@example.net,2025-07-21,Regular
960,Amber Clark,larry54@example.com,2024-03-24,Regular
961,Kathy Gonzalez,mwilliams@example.com,2024-01-03,Regular
962,Jason Hughes,sanchezjacqueline@example.net,2025-01-18,Regular
963,Shannon Bryant,janet26@example.net,2022-05-17,Regular
964,Barbara Smith,smithtammy@example.org,2023-11-13,Regular
965,Sabrina Gallegos,kathleen04@example.net,2025-09-01,Regular
966,Kelsey Harris,thomasjoseph@example.org,2023-01-16,Regular
967,Joshua Yang,cellis@example.com,2026-02-24,Regular
968,Michelle Ross,annettedavis@example.com,2024-11-27,Regular
969,Billy Wood,lancewheeler@example.org,2025-02-16,Regular
970,Diamond Lee,wilkinssean@example.org,2023-07-20,Premium
971,Katie Brandt,alexa26@example.org,2025-03-11,Regular
972,Madison Ward,john89@example.com,2022-06-13,Regular
973,Diane Caldwell,pruittmariah@example.com,2022-04-27,Premium
974,Melissa Flowers,avilla@example.org,2022-10-19,Regular
975,Bryce Randall,petersenkatrina@example.com,2025-05-30,Regular
976,Charles Kelly,brandon83@example.org,2023-08-02,Regular
977,Jeremiah Dunlap,weissthomas@example.org,2025-07-11,Regular
978,Jessica Mcdonald,christophersimpson@example.net,2026-03-03,Regular
979,Justin Stephens,aturner@example.net,2025-01-30,Regular
980,Cynthia Brown,chambersdawn@example.org,2025-12-28,Regular
981,Tina Cruz,andreabradley@example.com,2023-06-06,Premium
982,Jennifer Perez,umorgan@example.net,2021-11-09,Regular
983,Brett Williams,michaelkeller@example.com,2021-09-11,Regular
984,Lisa Alexander,oprice@example.net,2023-05-23,Regular
985,Brian Pacheco,wfoster@example.net,2025-04-30,Regular
986,Bobby Simmons,griffinandrew@example.org,2022-06-21,Regular
987,Michael Miller,cunninghammorgan@example.com,2025-08-28,Regular
988,Joseph Smith,scott72@example.org,2023-01-14,Regular
989,Hannah Berg,ronaldjones@example.com,2022-10-01,Premium
990,Carrie Perez,gina07@example.com,2026-03-29,Premium
991,Stephanie Cochran,natalie95@example.org,2023-02-06,Regular
992,Gina Deleon,mariabailey@example.net,2021-10-27,Admin
993,Melissa Brown,hrussell@example.com,2026-05-26,Regular
994,Larry Reynolds,tranmarcus@example.net,2022-02-07,Regular
995,Nicole Holland,erica29@example.org,2026-05-08,Regular
996,Ashley Hamilton,ljones@example.net,2022-06-19,Regular
997,Antonio Costa,yolanda49@example.com,2025-12-07,Regular
998,Kelly Henry,robertstravis@example.net,2024-07-04,Regular
999,Kristen Nguyen,jose14@example.net,2022-09-27,Regular
1000,Chloe Baker,pdickson@example.com,2023-07-29,Regular
1001,Antonio Pineda,bethrobinson@example.net,2026-05-30,Regular
1002,Tammy Roberts,bethparker@example.org,2024-01-31,Regular
1003,James Jackson,monicajones@example.com,2023-04-26,Regular
1004,Anthony Matthews Jr.,donald13@example.net,2021-11-01,Regular
1005,Gregory Gonzalez,dickersongary@example.net,2023-06-22,Regular
1006,Amber Gutierrez,jenniferchen@example.org,2025-10-19,Regular
1007,James Williams,brittanythomas@example.net,2024-04-13,Regular
1008,Thomas Rodriguez,ymiranda@example.org,2024-09-05,Regular
1009,Shannon Robertson,dawn60@example.com,2021-10-11,Regular
1010,Angela Callahan,fsmith@example.com,2025-07-17,Premium
1011,Kristen Wilson,thomassara@example.com,2024-05-24,Regular
1012,Theresa Schneider MD,christina65@example.org,2024-07-21,Regular
1013,Pamela Daniel,richardssharon@example.net,2023-05-09,Premium
1014,Jacob Benjamin,ortizsharon@example.org,2023-03-03,Regular
1015,Rodney Rodriguez,arodgers@example.org,2024-04-22,Regular
1016,Sara Beard,bmoore@example.com,2025-09-16,Premium
1017,Anne Rodriguez,ronnieaustin@example.com,2023-10-30,Regular
1018,Teresa Aguilar,fsilva@example.net,2025-03-27,Regular
1019,Matthew Weber,smithjennifer@example.net,2024-05-10,Regular
1020,John White,lindamorales@example.net,2025-11-20,Premium
1021,James Schultz,tlarson@example.com,2026-05-02,Regular
1022,Christian Brown,brittneybrooks@example.net,2025-09-16,Regular
1023,Ryan Griffith,ayalabelinda@example.net,2022-01-10,Premium
1024,Kathryn Mckay,jacob93@example.net,2025-11-02,Regular
1025,Sandra Murphy,robert03@example.net,2022-05-11,Regular
1026,Melissa Stafford,hugheselizabeth@example.com,2021-06-23,Regular
1027,Rebekah Sanchez,cynthia49@example.com,2023-08-24,Regular
1028,Emily Cain,michael05@example.org,2024-12-11,Regular
1029,David Rivera,ataylor@example.net,2026-02-28,Regular
1030,Anthony Shelton,hollygraham@example.net,2025-05-24,Regular
1031,Scott Charles,brenda10@example.net,2023-09-11,Regular
1032,Valerie Brown,qevans@example.net,2024-03-21,Regular
1033,Jonathan Gardner,lisamorton@example.net,2025-12-08,Regular
1034,Timothy Lloyd,tarmstrong@example.net,2021-09-03,Regular
1035,Leslie Ramos,dylan83@example.net,2021-08-16,Regular
1036,James Lyons,lisalee@example.org,2022-09-29,Regular
1037,Miguel Glover,mbrown@example.com,2021-12-06,Regular
1038,Matthew Pierce,whitneyvictoria@example.com,2025-08-04,Regular
1039,Scott Wilson,uhicks@example.com,2022-12-21,Regular
1040,Roy Lawrence,ericwoods@example.org,2023-10-09,Premium
1041,Victoria Ibarra,johnsonwilliam@example.org,2022-05-09,Premium
1042,Sheila Rivas,patricia01@example.com,2023-11-18,Regular
1043,Scott Lane,cbrown@example.com,2022-01-28,Regular
1044,Eric Reeves,maciasgerald@example.org,2023-12-27,Premium
1045,David Hendrix,susanfritz@example.com,2024-01-02,Regular
1046,Harold Caldwell,opowell@example.org,2025-03-27,Regular
1047,John Hebert,watsonlauren@example.net,2026-05-04,Regular
1048,Carol Burch,gregory90@example.com,2021-07-18,Regular
1049,Kari Trujillo,nsmith@example.org,2023-08-24,Regular
1050,Steven Guerrero,michelle60@example.org,2025-01-01,Regular
1051,Jesse Jenkins,lauraevans@example.com,2024-12-18,Regular
1052,Amanda Esparza,kblair@example.net,2021-08-18,Regular
1053,Geoffrey Rhodes,mpittman@example.org,2022-06-10,Premium
1054,Karen Gomez,alison26@example.net,2022-07-23,Regular
1055,Alicia Walton,fowlerjordan@example.org,2024-06-07,Regular
1056,Alexandra Smith,brandonbass@example.org,2026-02-07,Regular
1057,Jordan Lin,pmarquez@example.com,2025-06-29,Premium
1058,Angela Yu,john55@example.com,2026-02-01,Regular
1059,Brandon Reyes,jocelyn75@example.com,2022-04-17,Premium
1060,Jessica Rivera,thunt@example.org,2024-11-09,Regular
1061,Travis Murray,stephanie95@example.org,2023-11-24,Premium
1062,Greg Rodriguez,klane@example.net,2025-10-11,Regular
1063,Gary Knight,brandon00@example.net,2026-01-03,Regular
1064,Timothy Skinner,wreed@example.org,2024-07-11,Regular
1065,Jared Ortiz,hansontravis@example.com,2024-04-06,Regular
1066,Travis Obrien,catherinemueller@example.org,2023-10-22,Regular
1067,James Thompson,ytran@example.net,2025-05-21,Premium
1068,Caroline Combs,sweeneyedward@example.org,2024-03-13,Regular
1069,John Sparks,hebertjoel@example.org,2025-01-27,Premium
1070,Lauren Lane,blakesimpson@example.com,2026-04-28,Regular
1071,Pamela Smith,krausedalton@example.net,2025-04-26,Regular
1072,Mrs. Debra Owens DDS,jacquelineortiz@example.com,2025-11-16,Regular
1073,Joseph Evans,natalie49@example.net,2023-02-03,Premium
1074,Martin Rhodes,jimenezbrian@example.org,2024-08-06,Regular
1075,Brandon Conner,christinamills@example.net,2021-11-22,Regular
1076,Elizabeth Dunlap,waltermichael@example.org,2023-10-11,Regular
1077,Elizabeth Benitez,gibbsjeffrey@example.org,2022-10-08,Regular
1078,Melissa Hogan,lindseybrown@example.net,2021-10-03,Regular
1079,Craig Valencia,laura29@example.net,2022-01-30,Regular
1080,Marcus Nguyen,bhamilton@example.com,2026-04-02,Regular
1081,William Graham,mwalters@example.net,2022-11-24,Regular
1082,Katie Clark,dwhite@example.com,2021-06-15,Regular
1083,Roberto Andrews,fescobar@example.net,2025-02-12,Regular
1084,Sarah Young,xwillis@example.com,2021-09-09,Regular
1085,Mr. Andrew Garcia MD,tyang@example.net,2023-08-23,Regular
1086,David Smith,richard14@example.net,2023-10-23,Regular
1087,Stephanie Hanson,brianna86@example.org,2021-10-18,Regular
1088,David Vazquez,brendapeterson@example.org,2022-07-17,Regular
1089,Mark Barber,preed@example.com,2024-09-27,Premium
1090,Shelly Richards,lori35@example.net,2021-11-15,Regular
1091,Dana Garrett,agonzalez@example.com,2025-04-15,Regular
1092,Angela Hill,mary14@example.net,2021-11-22,Regular
1093,Alexandra Serrano,jbaxter@example.com,2025-10-23,Regular
1094,Tammy Fernandez,angela26@example.org,2026-03-21,Regular
1095,Rebecca Clark,rodneyjordan@example.net,2023-09-27,Premium
1096,Marissa Taylor,ryan11@example.net,2023-01-06,Regular
1097,Linda Rose,mistymaldonado@example.org,2023-10-21,Regular
1098,Connie Nelson,cameron86@example.net,2022-09-16,Regular
1099,Caitlin Lopez,nmendoza@example.org,2024-08-11,Regular
1100,Kathryn Christian,estewart@example.com,2023-09-07,Regular
1101,Christopher Escobar,bruce42@example.net,2025-08-29,Regular
1102,Christopher Mclaughlin,charleneedwards@example.com,2025-08-19,Regular
1103,Alex Nelson,wilsonjamie@example.com,2025-12-22,Regular
1104,Sharon Bishop,josewatson@example.com,2023-02-17,Regular
1105,Nicholas Johnson,ashleyscott@example.net,2025-09-28,Regular
1106,Kari Harvey,jamesmorgan@example.org,2025-08-27,Regular
1107,Jose Murphy,hannasharon@example.com,2022-07-23,Regular
1108,Angela Booth,thomasruiz@example.org,2025-12-02,Regular
1109,Darrell Smith,richardsonjacqueline@example.com,2024-03-03,Regular
1110,Dominique Taylor,bryansutton@example.net,2025-05-28,Regular
1111,Elizabeth Guerrero,triggs@example.org,2023-03-29,Regular
1112,Luis Clayton,marisasmith@example.net,2023-10-25,Regular
1113,Calvin Mcdonald,gfowler@example.com,2026-02-19,Premium
1114,Nancy Cox,dawn27@example.org,2021-09-24,Regular
1115,Troy Campbell,awells@example.org,2024-10-21,Regular
1116,Jared Taylor,scottphillips@example.com,2023-02-17,Regular
1117,Kayla Day,cherylarroyo@example.net,2023-02-11,Regular
1118,Scott Gomez,garciarobert@example.net,2023-09-03,Regular
1119,John Morgan,margaretrowe@example.net,2024-12-17,Premium
1120,Kimberly Brown,shanevaughan@example.net,2023-10-02,Regular
1121,Nicholas Hawkins,jonathan55@example.org,2023-04-02,Regular
1122,Jason Aguirre,woodsmelissa@example.org,2026-02-05,Regular
1123,Katherine Young,francisco24@example.net,2025-05-02,Regular
1124,Brittany Mason,patrickmartinez@example.org,2026-01-07,Regular
1125,Sabrina Brooks,cookgregg@example.net,2025-06-12,Regular
1126,Leslie Cobb,calebflores@example.net,2021-11-19,Regular
1127,Ms. Denise Parker,dstewart@example.org,2023-02-11,Regular
1128,Amber Mitchell,martinezmarilyn@example.com,2022-08-24,Regular
1129,Todd Thompson,jason69@example.com,2023-01-09,Regular
1130,Carla Griffith,william21@example.org,2025-11-28,Regular
1131,David Flores,phillipstrickland@example.com,2023-12-22,Regular
1132,Daniel Lowery,zoe38@example.org,2026-03-22,Admin
1133,Kelly Peterson,stepheneverett@example.com,2025-03-31,Regular
1134,Samantha Williams,bdean@example.org,2026-03-18,Regular
1135,Erica Hayden,jennifer53@example.net,2022-03-24,Premium
1136,Stephen Poole,marksjohn@example.com,2021-09-17,Premium
1137,Peter Ward,pattersoncarl@example.org,2024-08-16,Regular
1138,Joseph Madden,terrirobinson@example.net,2022-10-11,Regular
1139,Nicole Chavez,kennethshepherd@example.com,2023-04-15,Regular
1140,Gregory Waller,kfernandez@example.net,2025-04-01,Regular
1141,Steven Hester,brandon70@example.com,2021-08-12,Regular
1142,Brenda Brock,oibarra@example.com,2025-04-22,Regular
1143,Sherri Knapp,sarah86@example.com,2026-01-01,Regular
1144,Barbara Leonard,jbrennan@example.com,2024-09-20,Regular
1145,William Gallagher,darrell69@example.com,2023-06-09,Regular
1146,Jeffrey Levy,evanstracy@example.org,2023-08-16,Regular
1147,Bobby Cox,sdixon@example.net,2024-04-13,Regular
1148,Kelly Martinez,johnsonedward@example.net,2023-07-05,Regular
1149,Felicia Le,cabbott@example.net,2021-11-02,Regular
1150,Allen Brown,uking@example.com,2022-03-15,Regular
1151,Dr. Billy Pace IV,ashleycampbell@example.com,2024-10-29,Regular
1152,Wendy Rodriguez,tylerwashington@example.com,2024-06-25,Regular
1153,Adam Munoz,boyddesiree@example.net,2025-05-08,Regular
1154,Jonathan Rogers,dominic14@example.org,2023-07-28,Regular
1155,Karen Russell,andrea10@example.net,2021-08-27,Regular
1156,Robert Vaughn,hectorhicks@example.org,2024-05-12,Regular
1157,Jeff Davis,rswanson@example.net,2025-07-17,Regular
1158,Mary Mahoney DDS,sharon98@example.com,2024-09-27,Premium
1159,Jennifer Munoz,katiehaynes@example.org,2022-01-01,Regular
1160,Carmen Anderson,abarnes@example.com,2023-05-04,Regular
1161,Kathy Smith,jermaineferguson@example.org,2026-01-10,Regular
1162,Matthew Olsen,uaguirre@example.org,2021-08-06,Regular
1163,Jared Page,aguirresteven@example.org,2022-05-10,Regular
1164,Nancy Hughes,ladams@example.org,2025-05-03,Regular
1165,Alyssa French,tracy10@example.com,2023-02-06,Premium
1166,Patrick Sullivan,bradley46@example.com,2026-02-02,Regular
1167,Dr. Paul Martinez,brittany51@example.net,2024-06-30,Regular
1168,Scott Hunter,kennethbenjamin@example.org,2024-10-20,Premium
1169,John Hutchinson,mariaewing@example.net,2022-10-13,Regular
1170,Kimberly Bell,dcurtis@example.org,2021-10-14,Regular
1171,Kristi Garcia,stephaniewright@example.com,2021-06-06,Regular
1172,Julie Foster,astuart@example.com,2024-08-28,Premium
1173,Julie Murphy,fwilson@example.net,2022-12-20,Premium
1174,Antonio Aguilar,maynardchristina@example.net,2026-04-19,Regular
1175,Alan Dillon,jonesbrandy@example.net,2021-06-28,Regular
1176,Michelle Jackson,chaveznicholas@example.org,2025-11-28,Regular
1177,Laura Burns,florestrevor@example.org,2023-12-05,Regular
1178,Jordan Baker,cmcintyre@example.org,2023-08-23,Regular
1179,Matthew Robinson,alejandro84@example.net,2023-06-02,Regular
1180,Eric Sanders,usnyder@example.net,2024-02-15,Regular
1181,Rebecca Mathews,gliu@example.org,2023-03-22,Regular
1182,Larry Long,webstertracy@example.net,2021-08-22,Regular
1183,Mrs. Felicia Quinn,mercedesdoyle@example.com,2023-10-08,Regular
1184,Mark Perez,daniel38@example.org,2025-01-18,Regular
1185,Edwin Peters,ygonzales@example.org,2023-11-26,Regular
1186,Christy Graves,christinawaters@example.org,2022-12-08,Regular
1187,Amber Sutton,dgreene@example.net,2025-04-10,Regular
1188,John Hall,masonkaren@example.com,2025-08-10,Regular
1189,Kimberly Moreno,imaldonado@example.com,2021-07-12,Regular
1190,Dylan Duran,madams@example.org,2024-12-04,Regular
1191,Donna Foster DDS,connie60@example.net,2022-04-08,Regular
1192,Karen Mclaughlin,angelabryant@example.org,2023-01-05,Regular
1193,Jasmin Miller,lindsaywood@example.com,2026-03-24,Regular
1194,Tyler Martinez,susangarcia@example.com,2024-08-30,Premium
1195,Jeff Tucker,sullivansusan@example.com,2024-12-27,Regular
1196,Kevin Horne,qbrown@example.com,2022-10-03,Premium
1197,Alison Merritt,sjones@example.com,2022-07-17,Regular
1198,John Chang,rsilva@example.net,2021-10-27,Regular
1199,Justin Bowers,martinhernandez@example.com,2025-06-20,Regular
1200,Melissa Waters,collinsrichard@example.net,2025-04-04,Regular
1201,Shannon Decker,dberry@example.org,2023-12-17,Premium
1202,Jessica Wiley,wolfjonathan@example.net,2025-09-24,Regular
1203,Jessica Bray,rpatterson@example.org,2026-03-06,Regular
1204,Connie Roberts,zfrey@example.com,2026-03-13,Regular
1205,Adam Russo,nhorn@example.com,2025-09-13,Premium
1206,Taylor Thomas,amanda94@example.org,2024-08-28,Regular
1207,Christopher Hall,jonathan71@example.com,2025-11-07,Regular
1208,David Brady,smithlaura@example.com,2026-03-18,Regular
1209,Michael King,peterleon@example.net,2024-06-02,Premium
1210,Emily Martin,rodriguezmegan@example.com,2023-03-03,Regular
1211,Alan Murphy,conniemartin@example.net,2023-08-22,Regular
1212,Samantha Tyler,lisaking@example.org,2021-11-05,Regular
1213,Alicia Griffin,timothyrodriguez@example.com,2025-03-10,Regular
1214,Theresa Stanley,hopkinsdan@example.org,2023-10-10,Regular
1215,Ricky Dominguez,udavis@example.org,2022-08-26,Regular
1216,Alexis Avila,floydtimothy@example.net,2023-10-13,Regular
1217,Casey Hanson,daniellecollins@example.com,2023-10-05,Regular
1218,Tabitha Hart,michellehurley@example.net,2023-03-22,Regular
1219,Katherine Fields,harperronald@example.com,2026-02-27,Regular
1220,Rebecca Rivera,timothy54@example.org,2022-12-11,Regular
1221,Albert Bradley,mark77@example.com,2022-03-10,Regular
1222,Robert Fleming,aharris@example.net,2025-04-04,Regular
1223,Christine Holmes,cirwin@example.com,2025-05-25,Regular
1224,Brenda Torres,brendale@example.org,2022-12-08,Regular
1225,Michael Rivas,thomasderek@example.net,2022-07-29,Regular
1226,Elizabeth Davies,nielsenbrenda@example.com,2024-04-21,Regular
1227,Mary Gibson,martinezmichael@example.org,2025-06-16,Regular
1228,John White,lori56@example.net,2025-06-06,Regular
1229,David Peters,melinda17@example.org,2024-04-08,Regular
1230,Michael Waters,kristen91@example.net,2022-10-19,Premium
1231,Christopher Donovan,melissa41@example.com,2024-04-26,Regular
1232,Heather Silva,dianecruz@example.org,2021-08-30,Regular
1233,Edward Levine,christopherkelly@example.com,2025-10-23,Regular
1234,Patricia Berg,alexandragonzalez@example.net,2024-12-02,Regular
1235,Denise Rodriguez,hodgebrittany@example.net,2022-04-15,Regular
1236,David Johnson,alexandertaylor@example.org,2023-02-04,Premium
1237,Donald Thomas,hallshelby@example.org,2023-08-05,Regular
1238,Tara Moore,annettelong@example.org,2022-09-05,Regular
1239,Taylor Davis,strongjennifer@example.org,2022-02-18,Regular
1240,Randy Singh,bradley25@example.org,2021-08-19,Regular
1241,Melissa Carter,andrew44@example.net,2021-10-18,Regular
1242,Danielle Crawford,lbennett@example.net,2023-03-04,Regular
1243,Juan Cabrera,martinmathew@example.org,2025-07-03,Regular
1244,Regina Hopkins,ebryant@example.net,2023-11-02,Premium
1245,Lonnie Cunningham,lisaparker@example.net,2021-07-18,Regular
1246,Veronica Stone,fmartin@example.com,2025-08-18,Regular
1247,Courtney Paul,espinozacarlos@example.org,2025-06-13,Premium
1248,Ryan Ramirez,diane27@example.org,2022-09-24,Premium
1249,Justin Hood,melaniehernandez@example.com,2025-03-20,Regular
1250,Jennifer Jones,elliottamanda@example.org,2025-12-18,Regular
1251,Amber Bowers,lisa33@example.com,2025-07-31,Regular
1252,Cynthia Mcconnell,melaniejones@example.net,2024-08-25,Premium
1253,Nathan Ray,dgarza@example.org,2024-04-24,Regular
1254,Amanda French,david17@example.com,2025-08-09,Premium
1255,Tina Carpenter,thompsonbrian@example.org,2026-03-10,Regular
1256,Haley Lara,jesseyates@example.com,2022-07-23,Regular
1257,Jose Jones,amandachapman@example.org,2023-01-01,Regular
1258,Devon Kidd,kevinlewis@example.org,2022-12-08,Regular
1259,Kara Alexander,tayloranthony@example.org,2021-12-30,Regular
1260,Patrick Martinez,emilychristian@example.org,2022-06-21,Premium
1261,Jessica Kennedy,hayeskyle@example.com,2024-02-12,Regular
1262,Margaret Morrow,bsanders@example.net,2024-07-15,Regular
1263,Tiffany Cooper,stonethomas@example.com,2022-11-15,Regular
1264,Lori Thomas,christinadennis@example.net,2024-02-22,Regular
1265,Adam Wood,hannahvelasquez@example.net,2023-10-07,Regular
1266,James Cabrera,christine80@example.net,2022-02-19,Regular
1267,Jeffrey Clark,hubermichael@example.net,2025-06-12,Premium
1268,Lori Mayo,ronald92@example.org,2022-04-25,Regular
1269,Robert Tate,davidwilliams@example.org,2024-03-10,Regular
1270,Christopher Davis,cneal@example.org,2024-01-28,Regular
1271,Amy Campbell,mooreashley@example.org,2026-03-26,Regular
1272,David Mcbride,ybutler@example.com,2024-01-07,Regular
1273,Scott Jordan,thomasrobert@example.org,2022-02-05,Regular
1274,Kaitlin Kane,xcrawford@example.net,2021-06-11,Regular
1275,Ashley Byrd,egonzalez@example.org,2023-02-10,Regular
1276,Elizabeth Douglas,jillfisher@example.com,2025-07-18,Regular
1277,Diana May,mark64@example.net,2024-09-30,Regular
1278,Angela Reynolds,saraclark@example.com,2024-09-13,Regular
1279,Samantha Taylor,kimberlytucker@example.net,2022-10-21,Regular
1280,Jennifer Graves,lcurtis@example.net,2025-04-20,Regular
1281,Karen Dawson,kmyers@example.org,2023-03-20,Regular
1282,Brian Jacobson,cjones@example.org,2023-06-10,Regular
1283,Anne Arnold,gmeyer@example.net,2023-08-21,Regular
1284,Jessica Shaw,victor33@example.org,2025-12-04,Regular
1285,Austin Velasquez,rodneylewis@example.net,2022-06-07,Regular
1286,Gabriela Knight,williamsalexander@example.com,2022-08-22,Regular
1287,Samuel Fletcher,spencerrachel@example.com,2024-08-22,Regular
1288,Darin Bryan,rgray@example.com,2025-10-12,Regular
1289,Paula Riley,larrybruce@example.net,2025-03-11,Regular
1290,Mary Williams,denisearcher@example.net,2022-03-05,Regular
1291,Mrs. Cynthia Cline,elee@example.net,2024-12-28,Regular
1292,Ashley King,jessicawalters@example.org,2026-02-11,Regular
1293,Michelle Lopez,spencercurtis@example.com,2025-11-18,Premium
1294,Cynthia Brown,dawn76@example.com,2021-08-16,Regular
1295,David Carroll,scotttimothy@example.net,2021-11-26,Regular
1296,Patricia Torres,josephgamble@example.com,2023-09-17,Regular
1297,Sarah Allen,wallsedwin@example.org,2023-05-31,Regular
1298,Nathan Montoya,marthaaguilar@example.net,2025-06-10,Regular
1299,Erin Acevedo,rosejimmy@example.org,2021-06-11,Regular
1300,Russell Roth,vdoyle@example.com,2025-03-28,Regular
1301,Brian Brady,jimmyerickson@example.org,2025-05-21,Regular
1302,Joseph Hale,kimjustin@example.org,2021-12-01,Regular
1303,Hector Torres,ericsmith@example.com,2024-06-04,Regular
1304,Angela Gill,stoutdavid@example.org,2024-06-30,Regular
1305,April Anderson,randynunez@example.com,2025-05-02,Regular
1306,Stephanie Hayes,dixonrobert@example.net,2021-11-07,Regular
1307,Christopher Bell,cbrown@example.net,2024-08-29,Premium
1308,James Pacheco,jennifermichael@example.com,2022-04-04,Regular
1309,Steven Zimmerman,bryanwilliam@example.org,2025-03-04,Regular
1310,Eileen Reyes,marquezdavid@example.org,2023-09-20,Regular
1311,Brandi Stephens,karla66@example.com,2023-10-01,Premium
1312,Miranda Gordon,jeremy05@example.org,2026-03-25,Regular
1313,Michelle Leon,jameslopez@example.org,2021-11-04,Regular
1314,Amy Cherry,frojas@example.com,2025-01-14,Regular
1315,Jennifer James,aperez@example.org,2022-05-28,Regular
1316,Sandra Nichols,ruiztimothy@example.net,2023-01-05,Regular
1317,Tyler Adams,lhart@example.com,2023-06-13,Premium
1318,John Waters,ahester@example.org,2022-05-28,Regular
1319,Felicia Mccarthy,john25@example.net,2022-10-02,Regular
1320,Louis Morris DDS,jeromeparks@example.net,2025-01-14,Regular
1321,Vanessa Phelps MD,robertoduncan@example.net,2025-04-23,Regular
1322,Erin Perry,vgreer@example.net,2026-02-24,Regular
1323,David White,ashleyroberts@example.com,2023-05-06,Regular
1324,Mark Wilson,qpeterson@example.com,2022-10-24,Premium
1325,James Mcdonald,olara@example.org,2025-12-24,Regular
1326,Mrs. Sarah Price DDS,brianmeyer@example.org,2021-12-25,Regular
1327,Joshua Herman,tracey63@example.com,2021-12-01,Regular
1328,Kristen Peck,mooredanielle@example.com,2022-01-05,Regular
1329,Peter Williams,dunndavid@example.org,2025-04-09,Regular
1330,Brenda Flores,stephanie82@example.com,2021-12-30,Regular
1331,Sydney Mendez,umontgomery@example.net,2024-10-30,Regular
1332,Michele Jackson,michaelmeyer@example.net,2023-01-26,Regular
1333,Mark Bailey,lopezjamie@example.com,2022-11-25,Regular
1334,Julia Tanner,gonzalestina@example.net,2023-03-20,Premium
1335,Brandon Perry,tfitzgerald@example.org,2024-07-10,Regular
1336,Ross Page,robertgallegos@example.com,2025-06-01,Regular
1337,Kristie Johnson,patriciawalton@example.com,2025-09-16,Regular
1338,James Dixon,yrodriguez@example.net,2025-07-01,Regular
1339,James House,maddoxdustin@example.com,2022-08-29,Premium
1340,Adam Ruiz,brichardson@example.net,2023-04-22,Regular
1341,Krista Diaz,curtis45@example.com,2025-05-11,Regular
1342,Bryan Ramos,zmorales@example.net,2023-09-22,Premium
1343,Chad Lin,rushchristopher@example.net,2025-10-31,Regular
1344,Kyle Davidson,acollier@example.net,2023-03-21,Regular
1345,Eric Melton,tricia06@example.com,2025-02-01,Regular
1346,Kathy Moore,afischer@example.org,2021-08-19,Regular
1347,Ashley Taylor MD,katie90@example.com,2022-08-25,Regular
1348,Krista Williams,christystein@example.org,2022-06-19,Regular
1349,Christine Fields,caitlinmitchell@example.com,2022-03-08,Regular
1350,Kristen Peterson,amarshall@example.org,2022-08-04,Premium
1351,Emily Thompson,aaronjones@example.org,2023-06-04,Regular
1352,Christopher Flowers,andrew91@example.com,2024-06-01,Premium
1353,Melissa White,pclay@example.net,2025-09-18,Regular
1354,Tyler White,esmith@example.org,2022-02-02,Regular
1355,Rebecca Gomez,xlynch@example.net,2026-02-03,Regular
1356,Sharon Foley,jill56@example.com,2023-11-08,Regular
1357,Kyle Hahn,valeriehoward@example.com,2023-09-19,Regular
1358,Ryan Adkins,hunter96@example.org,2023-12-27,Regular
1359,Donna Duffy,myerscrystal@example.com,2024-06-28,Premium
1360,Joann Briggs,vcollins@example.net,2024-03-26,Regular
1361,Nichole Boyd,gburns@example.com,2025-02-03,Regular
1362,Kim Burgess,turnerjoan@example.org,2023-09-22,Regular
1363,Kimberly Gallagher,christinahernandez@example.org,2025-12-12,Premium
1364,Chris Schroeder,jodyhoffman@example.net,2024-10-22,Regular
1365,Tracy Hall,pagelisa@example.org,2021-10-09,Regular
1366,Candace Brown,hernandezgregory@example.org,2023-08-02,Premium
1367,Christopher Bird,williamspatricia@example.net,2024-07-29,Premium
1368,Sherry Hodge,jenkinstimothy@example.com,2022-07-30,Regular
1369,Jorge Gilbert,hrasmussen@example.com,2023-09-23,Regular
1370,Alison Mason PhD,isullivan@example.net,2024-10-15,Regular
1371,Kevin Underwood,samuel63@example.net,2025-03-12,Premium
1372,Matthew Ramirez,lindsaywarner@example.net,2024-09-04,Regular
1373,Paul Sanchez,david16@example.net,2024-10-12,Regular
1374,Kenneth Collins,aaronbell@example.org,2025-06-06,Regular
1375,April Hernandez,sheilacarney@example.net,2023-10-15,Regular
1376,Ariana Coleman,whitemolly@example.com,2024-01-07,Regular
1377,Lisa Sutton,foxjames@example.net,2021-08-21,Regular
1378,Candice Brown,chapmanrobert@example.com,2025-10-25,Regular
1379,Veronica Knox,klevine@example.net,2026-02-18,Regular
1380,Ricky Bass,michael68@example.org,2021-09-09,Regular
1381,Paul White,brandonryan@example.com,2024-08-15,Premium
1382,Rachael Mcknight,cberger@example.org,2021-10-03,Regular
1383,Michael Allen,jamescollier@example.org,2025-03-15,Regular
1384,Jacqueline Hernandez,michaeldudley@example.net,2025-06-14,Regular
1385,Aaron Richardson,mcdanielbrian@example.net,2025-06-17,Regular
1386,Jacob Nguyen,hilldarren@example.com,2022-06-21,Regular
1387,Angela Golden,anthony01@example.com,2026-06-04,Regular
1388,Mario Mills,fcarroll@example.com,2021-06-10,Regular
1389,Justin Wright,seanspencer@example.com,2024-02-28,Regular
1390,Mrs. Jennifer Cantu MD,ellistiffany@example.com,2021-07-03,Regular
1391,Haley Smith,nolankatherine@example.com,2022-12-11,Regular
1392,Susan Phillips,brittneyobrien@example.net,2025-11-25,Regular
1393,Elizabeth Medina,zrojas@example.org,2023-12-01,Regular
1394,Marcia Jackson,reyesmatthew@example.com,2022-06-17,Regular
1395,Michael Thomas,tonyanelson@example.org,2023-08-14,Regular
1396,Samuel Hall,raymondmccormick@example.org,2023-04-08,Regular
1397,Anthony Hawkins,smithkevin@example.net,2024-06-07,Regular
1398,Victoria Wells,ramseyjerry@example.org,2023-06-15,Regular
1399,Stephanie Alvarado,murphycrystal@example.net,2022-04-01,Regular
1400,Dean Fowler,lori20@example.org,2022-02-13,Regular
1401,Dr. Stephanie Snyder,ruizkim@example.org,2022-08-04,Premium
1402,Tiffany Schroeder,michaelacalhoun@example.net,2026-04-03,Regular
1403,Derek Mcmillan,patellaurie@example.com,2023-01-29,Regular
1404,Andrew Barber,ryan10@example.org,2024-03-04,Premium
1405,Thomas Williams,lisamahoney@example.com,2023-11-01,Regular
1406,Miranda Holland,sarah48@example.com,2024-02-14,Regular
1407,Grace Bryant,lroberts@example.com,2024-11-12,Regular
1408,Mrs. Crystal Kirby DDS,meghanrichard@example.org,2026-02-15,Regular
1409,John Brown,masseyjennifer@example.net,2023-01-02,Regular
1410,Arthur Parker,alexandrasanchez@example.com,2024-05-06,Regular
1411,Matthew Anderson,daniel93@example.com,2025-04-21,Regular
1412,Karen Harris,bflores@example.org,2022-01-08,Regular
1413,Jennifer Johnson,ajohnson@example.net,2026-04-14,Regular
1414,Jason Freeman,jennifermcbride@example.net,2024-06-10,Regular
1415,Pamela Mckinney,dmitchell@example.org,2021-10-21,Regular
1416,Tracey Nichols,esingh@example.org,2025-06-17,Regular
1417,Carlos Decker,ldelgado@example.com,2021-08-14,Regular
1418,Donald White,laurenyu@example.org,2021-06-26,Regular
1419,James Khan,pedrowatkins@example.com,2022-02-28,Regular
1420,David Campbell,chelsea30@example.com,2025-05-06,Regular
1421,Scott Sutton,stephanie49@example.net,2023-02-03,Regular
1422,Jennifer Parker,samantha81@example.org,2023-07-21,Premium
1423,Christopher Dennis,hernandezbrandon@example.org,2022-05-02,Regular
1424,Jamie Floyd,duncanjeremy@example.com,2025-10-31,Regular
1425,Emily Ramos,aliciawhite@example.com,2022-03-13,Premium
1426,Michelle Wang,qgraham@example.org,2023-07-02,Regular
1427,Anne Ponce,johnsontimothy@example.net,2023-10-21,Premium
1428,Elizabeth Wall,guzmanerik@example.org,2022-04-20,Regular
1429,Adam Carter,juliebuckley@example.net,2022-12-07,Regular
1430,Eric Guerra,james83@example.org,2022-05-30,Regular
1431,Chris Johnson,john69@example.org,2022-01-09,Regular
1432,Devon Harrison,nicole07@example.net,2025-06-02,Regular
1433,Bryan Garcia,jessicalawrence@example.net,2024-06-14,Regular
1434,Ian Castro,nwilliams@example.com,2024-12-30,Premium
1435,Dr. Anthony Perez Jr.,robert48@example.com,2021-12-18,Premium
1436,Christopher Wright,alexandrawalker@example.org,2026-01-19,Premium
1437,Nicholas Parsons,michael91@example.org,2022-03-12,Premium
1438,Claudia Glenn,dmartin@example.com,2025-12-05,Premium
1439,Sherry Simpson,ricedaniel@example.com,2022-06-11,Regular
1440,Melanie Williams,gregory96@example.com,2025-07-02,Premium
1441,Billy Klein,uhuffman@example.com,2023-09-23,Regular
1442,Robert Thompson,garymann@example.org,2025-02-18,Regular
1443,Gabriella Frank,howardstefanie@example.net,2023-11-09,Regular
1444,Keith Fisher,hholt@example.net,2022-05-12,Regular
1445,Shawn Hernandez,ballisaiah@example.net,2024-01-31,Regular
1446,Ryan Fields,meyersmolly@example.org,2026-01-01,Regular
1447,Adam Floyd,susangonzalez@example.com,2021-10-30,Regular
1448,Kristen Johnson,longerika@example.org,2023-03-08,Regular
1449,Janice Weber,christopherjohnson@example.org,2025-09-03,Regular
1450,Jennifer Meyers,kellyyoung@example.net,2023-09-15,Regular
1451,Lisa Booker,turnerwilliam@example.net,2024-12-19,Regular
1452,Donna Campbell,guy93@example.net,2022-01-24,Regular
1453,David Burgess,carla62@example.com,2022-04-29,Regular
1454,Jonathan Davis,elizabethdavis@example.org,2024-11-09,Premium
1455,Donald Castaneda,aalvarez@example.org,2022-12-31,Regular
1456,Emily Garza,ltaylor@example.com,2026-02-18,Regular
1457,Ethan Owens,jfernandez@example.net,2024-10-08,Premium
1458,Debra Tran,alvarezlauren@example.org,2023-09-02,Regular
1459,Christopher Berger,thomasmorales@example.net,2022-01-02,Regular
1460,Patrick Stewart,jeffreybarajas@example.com,2024-07-02,Regular
1461,Audrey Bautista,karen52@example.com,2023-09-18,Regular
1462,Steven Marshall,rileyjessica@example.org,2025-05-30,Regular
1463,Andrew Johnson,klambert@example.net,2025-03-01,Regular
1464,Tracey Spencer,ashleycarter@example.org,2023-12-22,Regular
1465,David Barnes,mhenry@example.net,2025-03-02,Regular
1466,Elizabeth Hernandez,solomonmichael@example.org,2023-08-05,Regular
1467,Sarah Hawkins,jacobcurtis@example.com,2023-07-02,Regular
1468,Travis Neal,stevenjones@example.net,2024-10-15,Regular
1469,Jennifer Hernandez,gregory52@example.net,2023-12-15,Regular
1470,Ashlee Hoffman,bishoppenny@example.com,2024-06-04,Regular
1471,Darrell Hernandez,yerickson@example.net,2022-06-23,Regular
1472,Sandra Wells,munozjasmine@example.net,2024-09-13,Regular
1473,Sabrina Nelson,phillipswhitney@example.org,2021-06-06,Regular
1474,Laura Andrews,tonya29@example.org,2022-06-15,Premium
1475,Robert Brown,jonesjason@example.net,2021-06-16,Regular
1476,Robert Martinez,fosterthomas@example.org,2022-12-03,Regular
1477,Linda Gutierrez,ashleylong@example.org,2021-10-04,Regular
1478,James Mathis,velezanthony@example.org,2022-06-24,Regular
1479,Jared Washington,jamieburgess@example.org,2023-08-28,Regular
1480,Kelsey Romero,cdavenport@example.net,2025-01-06,Regular
1481,Marie Barnett,rrobinson@example.net,2022-10-17,Regular
1482,Kim Norman,hmendez@example.org,2023-03-14,Regular
1483,Michelle Allen,luiswilliamson@example.com,2025-06-01,Regular
1484,Jillian Adams,patrickmichael@example.com,2025-08-15,Regular
1485,Chad Anderson,samuel79@example.net,2023-03-18,Regular
1486,Alicia Haynes,haynescarla@example.net,2023-07-17,Regular
1487,Scott Preston,susan11@example.com,2022-11-08,Premium
1488,Andrew Allen,sheila96@example.com,2026-04-11,Regular
1489,Bryan Wright MD,juliewilliams@example.org,2021-07-18,Regular
1490,Laura Martinez,karen82@example.org,2024-08-12,Regular
1491,Amanda Garcia,edwinjones@example.com,2022-06-06,Regular
1492,Matthew Frederick,ethanjackson@example.com,2024-02-14,Regular
1493,Alexander Cook,rebeccasimon@example.net,2025-10-02,Premium
1494,Lee Barnes,lauraparker@example.net,2024-10-05,Regular
1495,Jordan Sanchez,matthewgonzalez@example.com,2026-05-13,Regular
1496,Stephen Nelson,sarah38@example.net,2025-05-22,Regular
1497,Timothy Johnson,yolanda76@example.com,2025-11-20,Regular
1498,Brittany Erickson,moraleswilliam@example.com,2026-02-03,Regular
1499,Andrea Anderson,kwolfe@example.net,2024-09-28,Regular
1500,Jesus Reyes,vwilson@example.com,2025-08-25,Regular
1501,Thomas Parker,catkins@example.com,2021-06-14,Regular
1502,Jessica Hubbard,phughes@example.org,2024-01-23,Premium
1503,Aimee Sweeney,amy21@example.org,2022-04-24,Regular
1504,Andrew Dunn,crystal31@example.org,2022-01-31,Regular
1505,Ethan Lee,kbanks@example.net,2023-09-18,Regular
1506,David Martin,dennisbarbara@example.com,2022-10-26,Regular
1507,Andrew Smith,matthewking@example.org,2025-03-02,Regular
1508,Ellen Williams,robinsonbethany@example.org,2022-12-16,Regular
1509,Wendy Shaw,nlopez@example.org,2023-09-08,Regular
1510,Steven Dyer,justin28@example.net,2021-08-20,Regular
1511,Joseph West,lesliegeorge@example.com,2021-12-13,Regular
1512,Jonathan Jones,parkalison@example.net,2025-03-23,Regular
1513,Steven Lewis,mark33@example.org,2025-09-18,Regular
1514,David Cherry,shale@example.org,2023-07-27,Regular
1515,Tony Davis,timothybryant@example.net,2026-03-12,Regular
1516,Scott Ross,ievans@example.org,2026-02-04,Regular
1517,Kimberly Christensen,timothyknox@example.net,2022-05-03,Regular
1518,Julie Silva,greernatalie@example.org,2022-03-04,Regular
1519,Gregory French,mking@example.org,2025-06-30,Regular
1520,Kelsey Thomas,evansamy@example.org,2023-03-01,Regular
1521,Lori Fowler,jenniferhuerta@example.net,2022-05-01,Regular
1522,Johnny Brooks,ccurtis@example.com,2022-10-31,Regular
1523,Carolyn Medina,hubbardsamantha@example.com,2025-05-15,Regular
1524,Tracy Dillon,ogeorge@example.com,2022-02-18,Regular
1525,Theresa Tran,careybrian@example.org,2023-02-27,Regular
1526,Michelle Barrett,shirley68@example.net,2025-11-29,Regular
1527,Levi Donaldson,brownmichael@example.org,2022-06-21,Regular
1528,Kim Lewis,mirandanelson@example.com,2024-09-14,Regular
1529,Rachael Obrien,sheila90@example.net,2022-03-04,Regular
1530,Edward Jacobs,katelyngonzalez@example.com,2023-03-22,Regular
1531,Janet Hernandez,kingmark@example.org,2024-06-25,Regular
1532,George Griffin,michael00@example.com,2024-04-18,Regular
1533,Matthew Smith,jonathananderson@example.net,2022-11-19,Regular
1534,Jillian Delgado,robinsonkenneth@example.com,2025-10-06,Regular
1535,Kelsey Long,jmiller@example.com,2025-11-01,Regular
1536,Robert Ford,katrinawebb@example.com,2023-11-02,Regular
1537,Jessica Lynch,smithanthony@example.org,2021-08-17,Regular
1538,Antonio Ortega,handerson@example.net,2024-02-19,Regular
1539,Linda Huff,walkerjohn@example.com,2025-10-20,Regular
1540,Kenneth Todd,jonesjulie@example.com,2025-02-10,Premium
1541,Teresa Fitzgerald,james91@example.net,2024-03-31,Regular
1542,Mario Molina,tmiranda@example.org,2022-07-31,Regular
1543,Stephanie Cervantes,martinezjoseph@example.net,2024-08-14,Regular
1544,Michelle Fletcher,trevinopaige@example.net,2025-12-15,Regular
1545,Melissa Williams,lindseyyates@example.com,2025-08-18,Regular
1546,Tracey Lopez,careyscott@example.com,2025-03-22,Regular
1547,Christopher Gibson,rogersrobert@example.org,2024-11-22,Premium
1548,Hannah Horn,nelsonjackie@example.com,2024-10-28,Regular
1549,Katie Cross,pamela04@example.org,2025-03-05,Regular
1550,Lawrence Taylor,bowmanchristopher@example.com,2026-04-02,Regular
1551,Jonathan Kim,isharp@example.org,2025-06-23,Premium
1552,Kelly Gregory,qbecker@example.com,2025-12-10,Regular
1553,Robert Williams,spetersen@example.net,2024-10-11,Regular
1554,David West,whitakershawn@example.org,2025-11-21,Regular
1555,Anthony Roy,jsmith@example.net,2025-09-21,Regular
1556,Leslie Bond,njames@example.net,2022-10-26,Premium
1557,Dawn Carrillo,wrivera@example.com,2025-06-16,Regular
1558,Gabriela Myers,erin28@example.org,2026-04-15,Premium
1559,Joshua Williams MD,rodneyhaynes@example.net,2022-06-03,Regular
1560,Linda Moore,johnsonterri@example.com,2022-04-12,Regular
1561,Danielle Mcguire,qward@example.org,2025-05-14,Regular
1562,Ryan Walsh,crystal13@example.com,2022-03-27,Premium
1563,Jeffrey Willis,sheltonmelissa@example.net,2025-07-27,Regular
1564,Alexis Stephenson,xstevens@example.com,2022-09-11,Premium
1565,Andrea Ramirez,reyesryan@example.net,2022-06-18,Regular
1566,Kari Campos,mullencaitlin@example.com,2024-10-24,Regular
1567,Julia Burton,amyparsons@example.net,2025-04-03,Regular
1568,Justin Nunez,owensyvonne@example.org,2022-09-04,Regular
1569,Troy Villegas,jsmith@example.org,2021-08-24,Premium
1570,Alexis Allen,pcarpenter@example.com,2024-01-15,Regular
1571,Kelly Stevenson,floreskayla@example.net,2025-05-12,Regular
1572,Tamara Smith,blackwellrichard@example.com,2021-08-28,Regular
1573,Claire Kent,lmiller@example.org,2024-10-24,Regular
1574,Dr. Michael Lee,katherine72@example.org,2021-07-21,Premium
1575,Tammy Roberts,victorianorman@example.org,2024-06-20,Regular
1576,Jerome Pratt,alechill@example.com,2025-06-25,Regular
1577,Jacqueline Sanchez,tmaxwell@example.net,2024-08-30,Regular
1578,Anita Castro,amy78@example.org,2024-11-03,Premium
1579,Lisa Gonzales,julie99@example.net,2023-12-24,Regular
1580,Katie Williams,rshepherd@example.com,2024-03-06,Regular
1581,Michael Mcneil,joecline@example.net,2025-09-29,Regular
1582,Madison Perkins,marissa86@example.com,2026-02-13,Premium
1583,Carl Long,hluna@example.org,2023-09-27,Regular
1584,Scott Hayes,cookeashlee@example.net,2022-05-26,Regular
1585,Lonnie Soto,wagnerkimberly@example.net,2022-01-07,Regular
1586,Anthony Schmidt,brittanyalexander@example.org,2025-03-23,Regular
1587,Alexander Parsons,douglas07@example.com,2025-05-21,Regular
1588,Douglas Lyons,khawkins@example.org,2022-01-27,Premium
1589,Kellie Wagner,mmccormick@example.org,2022-08-12,Regular
1590,Justin Chang,andrewhunt@example.com,2024-09-07,Regular
1591,Amanda Hill,edwinraymond@example.org,2024-11-20,Regular
1592,Pamela Hutchinson,donald44@example.com,2023-01-26,Regular
1593,Heather Davis,jashley@example.com,2022-09-30,Regular
1594,Peter Jackson,carol98@example.net,2024-12-05,Regular
1595,Anna Perez,cmitchell@example.net,2025-06-19,Regular
1596,Sheila Stein,brian11@example.org,2025-12-15,Regular
1597,Jason Donaldson,dustinwaters@example.net,2023-09-20,Regular
1598,Brittany Todd,hannah69@example.com,2025-04-25,Regular
1599,Christian Daniels,owhite@example.org,2025-09-29,Regular
1600,Fernando Gutierrez,jessica03@example.net,2025-11-04,Regular
1601,Benjamin Hodge,erusso@example.org,2023-06-21,Regular
1602,Claire Durham,cdixon@example.org,2022-04-10,Regular
1603,Scott Hill,krystal84@example.net,2023-12-25,Regular
1604,Mary Casey,angel63@example.com,2024-04-06,Regular
1605,Amy Blair,benjamin60@example.org,2025-07-02,Premium
1606,Bill Young,kenneth52@example.org,2025-07-30,Regular
1607,John Parrish,melissaanderson@example.net,2023-09-16,Regular
1608,Nicholas Williams,martinezjoel@example.net,2024-06-22,Regular
1609,Lynn Berg,villanuevajohn@example.com,2023-03-11,Regular
1610,Anthony Green,chandlerlisa@example.org,2023-05-07,Premium
1611,Theresa Rose,lindagonzalez@example.net,2023-09-03,Regular
1612,Daniel Stewart,doylekristen@example.com,2026-03-23,Regular
1613,Alyssa Miller,wadebonnie@example.com,2025-02-24,Regular
1614,Jill Barron,zharper@example.com,2021-07-12,Regular
1615,Renee Jones,carlsonmaria@example.org,2025-06-08,Regular
1616,Joshua Hughes,ucruz@example.org,2021-06-14,Premium
1617,Allison Long,johnsonashley@example.net,2026-01-13,Regular
1618,Marc James,johnjordan@example.net,2022-06-01,Regular
1619,Donald Lawrence,laura39@example.com,2026-01-23,Regular
1620,Eduardo Odom,andreparrish@example.net,2023-09-03,Regular
1621,Dennis Rose,uhernandez@example.net,2021-07-24,Premium
1622,Sierra Gonzalez,valdezdaniel@example.net,2023-04-10,Premium
1623,Joseph Gutierrez,sethcarey@example.org,2023-06-21,Premium
1624,Jared Stone,lori45@example.org,2022-06-19,Regular
1625,Amanda Jones,jacksonjeremy@example.net,2025-11-18,Regular
1626,Christopher Morales,sharmon@example.org,2025-05-26,Regular
1627,Jacob Horne,ncoleman@example.org,2023-07-19,Regular
1628,David Chang,andersonfernando@example.com,2023-12-13,Regular
1629,George Martinez,bdaugherty@example.org,2025-08-10,Regular
1630,Charles Jones,collierdavid@example.com,2023-12-11,Regular
1631,Corey Pena,afitzgerald@example.com,2025-04-23,Regular
1632,Amber Figueroa,erik49@example.net,2025-05-23,Regular
1633,Kevin Martinez,scohen@example.net,2024-06-07,Regular
1634,Ryan Edwards,hudsonjennifer@example.net,2023-01-13,Regular
1635,Jennifer Harrison,aramos@example.net,2024-12-19,Premium
1636,Samantha King,john18@example.com,2023-05-24,Premium
1637,Ashley Gonzales,briana66@example.org,2021-11-19,Regular
1638,James Morris,alice75@example.com,2023-05-23,Regular
1639,Dawn Taylor,ygriffin@example.net,2024-03-30,Regular
1640,Jonathan Cobb DVM,tinadominguez@example.net,2023-08-29,Regular
1641,Nicholas Mccarthy,jeffrey44@example.net,2022-10-08,Regular
1642,Brooke White,carolynrichardson@example.net,2026-05-13,Regular
1643,Steven Butler,antoniogarza@example.com,2024-07-06,Regular
1644,Angela Blackburn,robertdillon@example.com,2025-11-21,Regular
1645,Kelly Davis MD,nancy43@example.com,2025-05-03,Regular
1646,Marcus Liu,mariele@example.net,2026-03-28,Regular
1647,David Dickson,katiemorrison@example.org,2024-05-05,Regular
1648,Scott Wilson,cjacobs@example.net,2026-02-17,Regular
1649,Morgan Johnson,michaelcooper@example.net,2021-08-19,Regular
1650,Marissa Daniel,mpayne@example.org,2022-09-13,Premium
1651,Derrick Garcia,jennifer78@example.org,2024-07-06,Regular
1652,Thomas Noble,christina40@example.org,2026-02-07,Premium
1653,Charles Ramos,dalexander@example.net,2021-12-25,Regular
1654,Toni Miranda,pday@example.net,2022-05-19,Regular
1655,Mark Cherry,mikelam@example.net,2023-09-07,Regular
1656,Lori Fields,jstanton@example.net,2023-04-10,Premium
1657,Jeanette Gonzalez,kennethmartin@example.org,2025-12-25,Regular
1658,Rachel Mills,rlopez@example.org,2021-09-07,Regular
1659,William Garcia,johnsullivan@example.com,2025-01-05,Regular
1660,Melissa Mays,nmartinez@example.net,2025-12-05,Regular
1661,Todd Rosario,btaylor@example.net,2025-11-03,Regular
1662,Robert Hancock,lauren78@example.com,2024-01-18,Regular
1663,Jessica Fletcher,paul01@example.net,2025-05-09,Regular
1664,Matthew Ramsey,matthew16@example.org,2022-09-14,Regular
1665,Shannon Wilkins,mark90@example.com,2021-10-04,Regular
1666,Lisa Mcclain,darrenpoole@example.com,2024-04-22,Regular
1667,Jerry Armstrong,hmelton@example.com,2025-07-22,Regular
1668,Robert Williams,qbrewer@example.net,2025-06-24,Regular
1669,Andrew Stevens,denniswarner@example.org,2022-10-04,Premium
1670,Brittany Murray,nicholsonelizabeth@example.net,2024-05-21,Regular
1671,Richard Miller,qfletcher@example.org,2025-09-07,Regular
1672,Robert Brown,reyesjeremy@example.org,2021-06-28,Regular
1673,Richard Morris,amyparker@example.org,2024-07-22,Premium
1674,Alyssa Jones,barkermary@example.com,2025-07-11,Regular
1675,Maria Rice,jamessmith@example.org,2024-06-14,Regular
1676,Benjamin Rodriguez,ericjones@example.org,2024-11-25,Regular
1677,Michelle Cortez,zhangpeter@example.org,2023-09-17,Premium
1678,Corey Carter,dbenton@example.com,2021-10-10,Regular
1679,Shannon Boyer,aguirrerobert@example.org,2022-03-08,Regular
1680,Kimberly Smith,willisdiane@example.net,2024-01-02,Regular
1681,Amanda Webb,tyler29@example.org,2021-10-15,Regular
1682,David Hays,ediaz@example.net,2025-04-13,Regular
1683,Michelle Glover,melissafowler@example.com,2023-06-14,Premium
1684,Lori Lowery PhD,mendozamichael@example.net,2021-08-02,Regular
1685,Heather Smith,anthony36@example.com,2026-03-30,Premium
1686,Catherine Frazier,linchelsea@example.com,2023-10-30,Regular
1687,Paul Lee,lsmith@example.net,2023-03-26,Regular
1688,Candace Orozco,renee22@example.com,2022-01-26,Regular
1689,Michael Butler,lbarnett@example.com,2022-09-23,Regular
1690,Roberto Ramos,sylviabarker@example.org,2024-04-19,Regular
1691,Jennifer Smith,angela94@example.net,2025-10-17,Regular
1692,Michael Gomez,jeremywilson@example.net,2024-03-06,Regular
1693,Tammie Nielsen,ryan18@example.com,2022-05-06,Premium
1694,Ana Nichols,linda84@example.com,2021-11-29,Regular
1695,Dawn Grimes,gillespiewendy@example.net,2022-10-14,Regular
1696,Donna Wilson,sarahjones@example.com,2026-01-28,Regular
1697,Morgan Wiley,jmurillo@example.net,2022-11-02,Regular
1698,Jesse Gonzalez,mmartinez@example.com,2021-12-06,Regular
1699,Christopher Hunter,heather02@example.net,2022-07-05,Regular
1700,Christine Brady,scottadrian@example.net,2022-08-24,Regular
1701,Kyle Thompson,griffithmadison@example.com,2022-03-01,Regular
1702,Ryan Stevenson,petersjulia@example.org,2025-01-21,Regular
1703,Angela Taylor,irodriguez@example.com,2022-07-30,Regular
1704,Christina Fernandez,jessica98@example.com,2026-04-17,Regular
1705,Kathy Houston MD,amy18@example.com,2025-04-05,Regular
1706,Christopher Vargas,salascrystal@example.com,2021-10-04,Regular
1707,Carol Jackson,kelly72@example.com,2022-05-11,Premium
1708,Thomas Mcclure,brandimeyers@example.com,2023-11-13,Regular
1709,Sara Hill,bschwartz@example.com,2024-03-13,Regular
1710,Nicholas Valenzuela,pamelarodgers@example.net,2022-11-19,Regular
1711,April Young,svance@example.com,2025-11-05,Regular
1712,Charles White,davidrangel@example.net,2026-04-07,Regular
1713,Rachel Gomez,danielle30@example.com,2022-09-10,Regular
1714,Christine Romero,hortiz@example.com,2022-03-30,Regular
1715,Alan Kelley,nichole68@example.org,2023-04-19,Regular
1716,Frank Haynes,harristhomas@example.org,2025-02-02,Regular
1717,Mr. Aaron Nelson,michaelwade@example.com,2026-05-05,Regular
1718,Jillian Vargas,shannon52@example.org,2023-09-05,Regular
1719,Benjamin Rosales,karen48@example.com,2021-07-07,Regular
1720,Madison Rhodes,danielle00@example.com,2022-05-14,Regular
1721,Robert Diaz,phorn@example.net,2025-09-22,Regular
1722,William Delacruz,jonathan78@example.org,2024-06-27,Premium
1723,Danielle Scott,flong@example.com,2022-10-15,Regular
1724,Wayne Anderson,mjones@example.org,2021-06-28,Regular
1725,Rachel Campbell,coreyscott@example.org,2021-12-01,Regular
1726,Nicholas Petersen,kristymorales@example.net,2022-03-20,Regular
1727,Becky Ortega,timgraves@example.com,2021-10-17,Regular
1728,Richard Barker,deborah52@example.org,2023-07-22,Regular
1729,Cameron Gregory,julian73@example.org,2025-04-08,Regular
1730,James Richmond,adam44@example.com,2024-09-07,Premium
1731,Ashlee Riddle,juliareid@example.net,2024-06-02,Regular
1732,James Smith,lamerica@example.net,2026-03-16,Regular
1733,Matthew Collins,emills@example.net,2024-11-13,Admin
1734,Kevin Coffey,sean04@example.com,2025-08-19,Regular
1735,Samantha Smith,vduncan@example.com,2024-12-10,Regular
1736,Denise Sanchez,gatkinson@example.com,2021-09-27,Regular
1737,Sarah Rogers,sandovalgavin@example.net,2022-03-22,Regular
1738,Rachel Morris,mbryant@example.net,2022-05-19,Premium
1739,Donna Rodriguez,fernandezsharon@example.net,2022-03-29,Regular
1740,Kenneth Johnson,satkins@example.com,2024-08-06,Admin
1741,William Black,allen61@example.net,2024-12-21,Regular
1742,Janet Roth,jerrythompson@example.com,2025-11-01,Regular
1743,John Johnson,williamslori@example.net,2025-04-15,Regular
1744,Kevin Daniel,danameyer@example.net,2025-11-09,Regular
1745,Brittany Tanner,xhuffman@example.org,2025-02-02,Regular
1746,Tammy Chavez,jessica01@example.com,2022-12-23,Premium
1747,Candace Gregory,tylercobb@example.org,2024-01-08,Regular
1748,Juan Baxter,stevenrivera@example.org,2023-09-09,Regular
1749,Stephanie Mitchell,connie10@example.net,2022-03-26,Regular
1750,Rebecca Stout,patricia15@example.com,2021-12-30,Regular
1751,Kelly Reynolds,jsingh@example.com,2024-11-08,Regular
1752,Nicholas Powell,nicole55@example.com,2023-04-14,Regular
1753,Morgan Barrera,nicole80@example.net,2025-02-25,Regular
1754,Amanda Schneider,kdunlap@example.com,2022-09-02,Regular
1755,Kelly Rowland,joel47@example.net,2023-10-25,Regular
1756,Veronica Campbell,marcgonzales@example.com,2023-06-05,Regular
1757,Susan Bishop,lewisrebecca@example.net,2022-03-30,Premium
1758,Colin Dyer,bobby87@example.com,2024-08-19,Regular
1759,Tracy Ramirez,robinbanks@example.com,2025-05-06,Regular
1760,Amy Pierce,peter34@example.net,2022-11-29,Regular
1761,Michael Dixon,jonathan91@example.org,2022-05-18,Regular
1762,Diane Porter,susan13@example.org,2025-02-15,Premium
1763,John Benton,allenamy@example.org,2025-08-01,Regular
1764,Alisha Morse,pross@example.com,2021-11-12,Regular
1765,Alan Gomez,hsullivan@example.org,2024-12-26,Regular
1766,Daniel Adams,fraziermegan@example.org,2023-10-27,Regular
1767,Margaret Johnson,nelsonandre@example.net,2025-09-24,Premium
1768,Danielle Diaz,frostjustin@example.net,2021-09-03,Regular
1769,Tyler Mendoza,lmontgomery@example.com,2022-08-06,Regular
1770,Robert Anderson,rosemichelle@example.com,2024-06-07,Regular
1771,Deanna Morgan,christine32@example.net,2022-11-12,Regular
1772,Corey King,tinamiddleton@example.net,2025-06-23,Regular
1773,Gabriel Brown,david43@example.com,2025-12-20,Regular
1774,Amber Murray,henrysandra@example.org,2025-01-29,Premium
1775,Angela Jackson,jessica60@example.com,2023-12-09,Regular
1776,Kari Hickman,wilsonbenjamin@example.com,2023-04-26,Regular
1777,Robert Smith,osborneerica@example.net,2025-08-09,Regular
1778,Rachael Martin,tyler55@example.net,2023-02-06,Regular
1779,Paul Vazquez,adamlloyd@example.net,2025-06-16,Regular
1780,Michael West,jasonhernandez@example.net,2021-09-07,Regular
1781,Todd Campbell,shaneweaver@example.net,2025-09-25,Regular
1782,Rodney Clark,scottcowan@example.com,2024-03-11,Regular
1783,Nicole Richards,nramirez@example.net,2025-05-18,Regular
1784,Alexander Woods,harrisbryan@example.org,2024-10-21,Regular
1785,Gabrielle Henderson,jacksonnoah@example.com,2024-02-08,Regular
1786,Geoffrey Daugherty,gsweeney@example.org,2023-11-29,Premium
1787,Joshua Myers,singhtaylor@example.com,2024-06-01,Regular
1788,Joseph Miller,mjimenez@example.net,2021-07-07,Premium
1789,Alicia Richard,john79@example.org,2026-02-25,Regular
1790,Megan James,robbinsaaron@example.net,2021-06-10,Regular
1791,Laura White,kristensanchez@example.com,2022-08-20,Regular
1792,Eric Smith,allenpatty@example.net,2021-08-21,Regular
1793,Jose Fisher,powellrebecca@example.com,2024-01-10,Regular
1794,Katrina Williams,martinezvictoria@example.org,2023-02-06,Regular
1795,Virginia Saunders,fchandler@example.org,2022-09-29,Regular
1796,Debbie Mclaughlin,casejustin@example.com,2022-12-11,Regular
1797,Joel Villarreal,pereznathaniel@example.org,2024-11-27,Regular
1798,John Harris,danielhines@example.org,2023-12-10,Regular
1799,John Howell,garzagregory@example.org,2025-10-20,Regular
1800,Adam Hayes,kristine78@example.org,2025-03-05,Regular
1801,Dawn Wright,michael24@example.net,2024-11-24,Regular
1802,Mallory Henderson,lovestephanie@example.com,2025-12-03,Regular
1803,Mrs. Jacqueline Robinson,destiny27@example.net,2022-12-07,Regular
1804,Anna Jordan,alicia62@example.org,2022-06-02,Regular
1805,Stacey Morris,linda92@example.org,2022-05-04,Premium
1806,Angela Miller,wayne93@example.org,2026-02-06,Premium
1807,Benjamin Stevens,brittneybooker@example.org,2022-03-27,Regular
1808,Edward Randolph,mmorris@example.org,2026-02-05,Regular
1809,Joseph Rodriguez,hollygates@example.com,2025-04-23,Regular
1810,Alex Bishop,charlesnunez@example.org,2022-12-06,Regular
1811,Maria Davis,henry72@example.net,2022-10-27,Regular
1812,Thomas Foster,davidharrison@example.net,2026-02-01,Regular
1813,Steven Brown,ahayden@example.com,2021-10-25,Regular
1814,Antonio Huynh,brianmartin@example.org,2026-04-03,Regular
1815,Kristin Nolan,morrownancy@example.org,2025-06-08,Regular
1816,Tonya Hoover,lorifarrell@example.com,2024-11-01,Regular
1817,Ms. Samantha Schwartz,brownjared@example.com,2025-03-11,Regular
1818,Jodi Mcdaniel,zavalafrank@example.net,2023-03-06,Regular
1819,Richard Hill,erin13@example.net,2026-05-23,Regular
1820,Robert Nelson,lianna@example.com,2024-05-13,Regular
1821,Samuel Fletcher,masonweaver@example.com,2025-01-21,Regular
1822,Christopher Johnson,hooverjeremy@example.net,2026-02-15,Regular
1823,Janice Boyd,osbornedonna@example.com,2024-09-01,Regular
1824,Derek Forbes,manninggregory@example.com,2025-05-11,Regular
1825,Samantha Perez,imyers@example.net,2021-10-12,Regular
1826,Johnny Carpenter,martinezdonald@example.com,2023-11-08,Regular
1827,Tina Shea,anthony70@example.net,2025-05-09,Regular
1828,John Garrett,dmendoza@example.net,2026-04-29,Regular
1829,Wanda Salazar,fjones@example.org,2021-07-03,Regular
1830,Joseph Gonzalez,ashleykramer@example.org,2024-08-22,Regular
1831,David Acevedo,bruceharris@example.org,2024-06-28,Regular
1832,Lori Nguyen,andrewrichards@example.org,2026-04-22,Regular
1833,Christopher Reynolds,frank65@example.org,2025-10-08,Premium
1834,Sabrina Miller,scott12@example.com,2021-07-06,Regular
1835,Kimberly Owens,mark47@example.net,2023-10-07,Regular
1836,Natalie Wilson,qsmith@example.com,2024-01-30,Regular
1837,Robert Walker,nicoleanderson@example.org,2023-03-16,Regular
1838,Jeffery Walker,juliejohnson@example.com,2021-11-28,Regular
1839,Kevin Williams,kennedyaaron@example.net,2025-12-27,Regular
1840,Alexander Fitzgerald,mcneilchristopher@example.net,2026-01-05,Regular
1841,Matthew Salazar,vlewis@example.org,2024-05-25,Regular
1842,James Mccoy,fosterricardo@example.com,2022-12-11,Premium
1843,Tammy Wilcox,cranelinda@example.org,2026-05-28,Regular
1844,Nicole Mcgee,anthonymiller@example.net,2024-11-17,Regular
1845,Sandra Richardson,fanderson@example.com,2026-04-24,Regular
1846,Michelle Brewer,alowe@example.com,2025-05-26,Regular
1847,Michael Weiss,harristyler@example.net,2025-08-10,Regular
1848,Ryan Smith,angelastewart@example.net,2022-10-24,Regular
1849,Donald Powell,sweeneyjeremiah@example.org,2022-01-17,Regular
1850,Travis Flynn,wpowell@example.org,2022-06-23,Regular
1851,Christopher Daniel,aedwards@example.org,2021-09-30,Premium
1852,Dr. Catherine Lang,kelsey53@example.org,2025-07-29,Regular
1853,Sean Klein,wjensen@example.net,2023-04-09,Premium
1854,Gregory Johnson,pjackson@example.org,2025-10-15,Regular
1855,Cody Jones,rmercado@example.net,2022-07-15,Regular
1856,Selena Collins,coltonsalazar@example.net,2025-01-10,Regular
1857,Mrs. Jessica Reed,jane81@example.net,2022-04-08,Regular
1858,April Mitchell,kellyperry@example.net,2023-09-29,Regular
1859,Christina Willis,cmolina@example.com,2021-10-01,Regular
1860,James Adams,johnathan16@example.com,2023-12-13,Regular
1861,Brianna Norris,archermark@example.net,2023-06-01,Regular
1862,Colin Johnson,ellissharon@example.net,2022-04-09,Regular
1863,Erika Henderson,ubrown@example.org,2022-06-26,Regular
1864,Kevin Cox,wallacewesley@example.com,2021-09-24,Regular
1865,Lisa Watson,lesliecortez@example.com,2021-10-14,Regular
1866,Justin Mcguire,odavid@example.net,2022-02-19,Regular
1867,Diana Lee,sandra81@example.net,2022-05-30,Regular
1868,Sarah Gaines,kimberly59@example.org,2026-02-07,Premium
1869,Brianna Thompson,davisjason@example.org,2024-08-24,Regular
1870,Larry Lawrence,ntaylor@example.org,2026-02-06,Regular
1871,Sabrina Munoz,michelle44@example.org,2026-03-18,Regular
1872,John Harris,barbaracollier@example.net,2025-10-21,Premium
1873,Kendra Solis,christopher41@example.net,2024-04-17,Regular
1874,Andrew Pham,tasha79@example.net,2024-07-07,Regular
1875,Ryan Sanchez,kyle57@example.com,2024-07-31,Regular
1876,Stephanie Bennett,barbarawilliams@example.org,2023-05-17,Regular
1877,Terry Gray,srussell@example.com,2021-08-11,Regular
1878,Tonya Smith,agarza@example.org,2021-11-05,Regular
1879,Melissa Wallace,brandon88@example.org,2025-01-02,Regular
1880,Matthew Dixon,george34@example.net,2021-12-05,Regular
1881,Robert Avila,tosborne@example.net,2025-01-15,Regular
1882,Robert Ochoa,dsloan@example.com,2021-11-28,Admin
1883,Hayden Sparks,yolanda56@example.org,2024-07-08,Regular
1884,Chelsea Coffey,paynekathy@example.com,2024-05-28,Regular
1885,Eric Anderson,mooremitchell@example.com,2021-11-03,Regular
1886,Nicholas Ryan,scottwalker@example.net,2021-08-27,Regular
1887,Cheryl Martin,seancox@example.com,2026-03-10,Regular
1888,Jacob Green,welchrandall@example.net,2022-11-11,Regular
1889,Cynthia Santos,jessicaclark@example.net,2025-04-02,Regular
1890,Tammy Watson,qdalton@example.com,2022-04-17,Premium
1891,Wesley Knapp,alexandra48@example.com,2026-02-02,Regular
1892,Amber Coleman,sneal@example.org,2025-03-07,Regular
1893,Linda Shepherd,hannah06@example.net,2024-12-13,Regular
1894,Jason Rodriguez,chelseatravis@example.org,2023-07-11,Regular
1895,Melissa Wilcox,rachael75@example.net,2022-07-07,Regular
1896,Donald Beltran,qtodd@example.org,2022-05-30,Regular
1897,Veronica Porter,sarah69@example.net,2022-11-27,Regular
1898,Thomas Rojas,carlos51@example.net,2022-03-23,Regular
1899,Rebecca Dougherty,michaelhood@example.org,2025-10-06,Regular
1900,Michael Thompson,pknight@example.org,2023-06-28,Regular
1901,William Martinez,sandraholmes@example.com,2022-01-18,Regular
1902,Paul Sharp,imiller@example.org,2025-01-19,Regular
1903,Elizabeth Harrell,dale54@example.com,2025-11-24,Regular
1904,Jacqueline Rodgers,rmiller@example.net,2023-01-25,Regular
1905,Heather Hancock,brianwatts@example.net,2024-04-25,Premium
1906,Steven Meyer,eric67@example.org,2023-12-04,Regular
1907,Nathaniel Medina,ramirezjames@example.net,2024-03-02,Regular
1908,Scott Howe,nstein@example.net,2021-08-01,Regular
1909,Sarah Butler,ericwalters@example.org,2024-03-13,Regular
1910,Bruce Mendoza,josephwalsh@example.org,2022-02-20,Regular
1911,Dennis Evans,martinmaynard@example.net,2021-10-20,Premium
1912,Andre Nelson,roberthenry@example.com,2025-02-27,Regular
1913,Nancy Bell,qreyes@example.org,2023-08-12,Regular
1914,Lori Nichols,ronald39@example.net,2023-09-25,Regular
1915,Matthew Wilkins,brian76@example.com,2022-07-05,Regular
1916,Samuel Price,cmendez@example.org,2023-12-28,Regular
1917,Lisa Cline,jamesblack@example.net,2026-03-14,Regular
1918,Katie Hendricks,mtaylor@example.org,2024-07-04,Regular
1919,Mariah Johnson,jgreen@example.org,2022-04-01,Regular
1920,Jason Mason,mark32@example.net,2022-10-27,Regular
1921,Steven Anderson,victorpierce@example.org,2025-02-23,Regular
1922,David Rogers,annehernandez@example.org,2024-03-05,Regular
1923,Christina Huffman,danielle26@example.net,2026-05-19,Regular
1924,Lauren Mills,dkidd@example.net,2025-04-12,Regular
1925,Erik Dixon,kelleytimothy@example.net,2022-11-15,Regular
1926,Sarah Blackburn DDS,vasquezsophia@example.net,2022-05-20,Regular
1927,Aaron Hensley,susan56@example.org,2021-06-06,Regular
1928,Sean Garcia,bwong@example.org,2024-04-15,Regular
1929,Matthew Bradford,tracykirk@example.net,2025-08-11,Regular
1930,Wesley Coleman,contrerasjoseph@example.net,2025-11-14,Regular
1931,Jose Williams,dburgess@example.com,2021-08-18,Premium
1932,Daniel Murray,michaelcox@example.com,2025-05-13,Regular
1933,Jessica Curtis,beckgary@example.org,2022-02-03,Regular
1934,Ronald Sparks,chelseypeterson@example.com,2024-09-13,Regular
1935,Michael Bell,gloria60@example.net,2025-01-27,Regular
1936,Devin Wilson,bryan82@example.com,2021-06-20,Regular
1937,John Mcdonald,tylermyers@example.org,2026-04-01,Regular
1938,Ryan Young,ryanallen@example.org,2022-03-09,Premium
1939,Christine Escobar,masonkevin@example.net,2023-10-17,Premium
1940,Don Petersen,epatrick@example.com,2025-08-08,Regular
1941,Cynthia Fischer,hfoster@example.net,2025-02-17,Regular
1942,Craig Quinn,anne96@example.net,2023-03-27,Regular
1943,Deborah Gonzalez,kelsey83@example.net,2026-03-22,Regular
1944,Scott Roberts,kellyturner@example.net,2022-06-15,Regular
1945,Kelly Frye MD,asmith@example.com,2025-05-13,Regular
1946,Gary Conner,david98@example.com,2024-08-28,Premium
1947,Samuel Rodriguez,cynthiamartinez@example.org,2025-07-29,Regular
1948,Raymond Rodriguez,clarkdawn@example.org,2021-12-09,Regular
1949,Jordan Davis,austinjensen@example.org,2023-10-25,Regular
1950,Laura Harrington,michaelhernandez@example.org,2021-08-21,Regular
1951,Virginia Taylor,cunninghammargaret@example.net,2025-02-22,Regular
1952,Judy Walsh,ronaldpineda@example.net,2021-10-14,Regular
1953,David Norton,traci30@example.com,2025-12-15,Regular
1954,Alexandra Walker,tyler09@example.org,2022-07-05,Regular
1955,Justin Rowe,ypowell@example.org,2022-04-24,Regular
1956,James Hall,angie94@example.org,2023-02-19,Regular
1957,Mitchell Warren,sonya52@example.net,2024-05-01,Regular
1958,Keith Yoder,aguirredavid@example.net,2024-01-08,Regular
1959,Jessica Fleming,lauren47@example.org,2025-10-16,Regular
1960,Taylor Morgan,lisawatson@example.org,2023-03-01,Premium
1961,Walter Brown,whammond@example.org,2024-11-23,Regular
1962,Jasmine Thompson,ochoakyle@example.com,2023-04-12,Regular
1963,Mary Chandler,tina78@example.net,2023-04-21,Regular
1964,Thomas Sanchez,ohouston@example.com,2025-10-24,Regular
1965,Peter Henry,perezchristopher@example.com,2022-02-14,Regular
1966,Kristin Williams,caitlinfuller@example.com,2023-09-05,Regular
1967,Ashley Fox,jennifer48@example.org,2025-03-04,Regular
1968,Donna Hunt,noah64@example.com,2025-03-13,Premium
1969,Taylor Walker,jonesjoseph@example.net,2023-04-05,Regular
1970,Clinton Bennett,thomaschristine@example.com,2023-03-21,Regular
1971,Joanne Vaughn,katiemiller@example.net,2025-11-18,Regular
1972,Lisa Marshall,jodiaz@example.com,2024-08-28,Premium
1973,Tyler Henderson,kathryn60@example.org,2026-05-04,Admin
1974,Theresa Kidd,zbenson@example.com,2025-08-08,Regular
1975,Heidi Mccarty,lbarrett@example.net,2023-06-29,Regular
1976,Shawn Johnson,curryalbert@example.com,2025-05-15,Regular
1977,Douglas Mahoney,raymondriley@example.net,2024-02-26,Regular
1978,Bridget Scott,ndonaldson@example.com,2022-04-18,Regular
1979,Wendy Browning,lisagonzales@example.net,2022-08-22,Regular
1980,Mary Lopez,moralescourtney@example.net,2023-04-25,Regular
1981,Gary Delgado,rileychase@example.org,2026-03-03,Regular
1982,Harry Walker,mark47@example.com,2023-03-31,Regular
1983,Nathaniel Burke,ritabrown@example.com,2024-03-23,Regular
1984,Jennifer Mcdowell,schroederheather@example.net,2023-08-10,Premium
1985,Chelsea Robertson,lynn39@example.net,2023-03-01,Regular
1986,John Jackson DDS,walkersarah@example.org,2024-08-08,Regular
1987,Matthew Terry,johnsonmatthew@example.org,2024-09-03,Premium
1988,Patrick Black,longjulia@example.com,2022-12-15,Regular
1989,Ryan Santos,annette69@example.net,2023-06-26,Regular
1990,Bradley Walker,halljohnny@example.org,2022-02-14,Regular
1991,Christopher Jones,gjordan@example.com,2024-11-04,Regular
1992,Natalie Krueger,barnesjacob@example.org,2022-10-26,Regular
1993,Krystal Peters,kennethford@example.net,2023-02-16,Regular
1994,Nicholas Stewart,virginia85@example.com,2022-09-16,Premium
1995,Robert Bradley,emilywallace@example.com,2025-09-14,Regular
1996,David Koch,courtney22@example.org,2025-02-22,Regular
1997,Richard Moore,yblackwell@example.org,2023-12-05,Regular
1998,Jillian Williams,pamela49@example.com,2025-06-28,Regular
1999,Jessica Jones,jay83@example.com,2026-02-19,Premium
2000,Patricia Sexton,joshuavillanueva@example.com,2023-03-24,Regular
